applicant_id,age,annual_income,employment_years,credit_history_years,num_credit_accounts,debt_to_income_ratio,credit_utilization,late_payments_12m,max_delinquency_days,recent_inquiries,bankruptcy_history,credit_score,risk_category
1,37,27559.97,5.3,3.3,12,0.328,0.239,1,0,0,0,521,Risky
2,23,44294.62,8.6,13.6,2,0.195,0.219,0,0,1,0,654,Fair
3,22,117035.42,5.4,15.4,7,0.204,0.564,0,0,4,0,652,Fair
4,53,43668.99,9.2,19.3,10,0.208,0.45,3,0,1,0,599,Very Poor
5,25,44852.8,1.1,6.4,4,0.084,0.41,2,0,1,0,502,Risky
6,30,14697.32,3.8,0.5,5,0.284,0.268,1,30,0,0,465,Risky
7,36,92521.24,0.6,3.8,7,0.064,0.376,1,0,1,0,613,Poor
8,27,57615.06,12.6,0.1,9,0.129,0.191,1,90,0,1,458,Risky
9,47,101975.99,0.7,4.4,8,0.341,0.379,2,0,3,0,550,Risky
10,33,94714.16,6.8,1.4,11,0.473,0.159,1,0,5,0,575,Very Poor
11,40,116899.83,5.8,5.1,8,0.254,0.227,0,30,4,0,632,Poor
12,32,91931.39,11.5,3.2,6,0.581,0.19,0,60,0,0,620,Poor
13,42,16400.43,3.1,2.1,9,0.502,0.226,0,0,1,0,476,Risky
14,38,27534.93,1.2,24.6,10,0.621,0.234,1,30,3,0,626,Poor
15,43,32495.52,1.4,10.6,9,0.307,0.316,0,30,1,0,573,Very Poor
16,41,12967.72,1.8,2.2,6,0.598,0.27,1,60,0,0,479,Risky
17,39,58284.41,4.7,0.8,6,0.243,0.174,0,90,0,0,527,Risky
18,28,19284.76,0.7,6.0,14,0.275,0.446,0,90,1,0,496,Risky
19,52,33480.79,9.5,7.5,9,0.46,0.186,2,0,0,0,554,Very Poor
20,21,188829.21,3.3,12.6,7,0.363,0.477,2,0,1,0,615,Poor
21,40,20527.58,13.7,0.9,8,0.153,0.399,0,0,0,0,556,Very Poor
22,38,51581.73,3.6,6.0,10,0.517,0.242,1,0,0,0,622,Poor
23,45,14683.86,4.3,6.0,7,0.237,0.542,0,0,0,0,511,Risky
24,38,69088.99,1.6,12.3,8,0.085,0.135,0,30,2,0,644,Poor
25,50,42165.5,4.6,1.6,13,0.133,0.378,0,0,1,0,587,Very Poor
26,31,177414.59,2.3,5.2,10,0.489,0.134,0,0,1,0,627,Poor
27,30,24772.55,1.8,3.9,6,0.18,0.216,1,0,1,0,567,Very Poor
28,45,39687.18,2.0,1.4,7,0.473,0.274,0,0,0,0,580,Very Poor
29,66,76339.85,2.3,0.9,7,0.167,0.435,1,0,2,0,577,Very Poor
30,34,8176.56,9.7,0.3,8,0.672,0.385,2,0,0,0,390,Risky
31,21,31169.03,7.4,6.8,9,0.573,0.275,1,90,3,0,471,Risky
32,65,68610.65,2.3,1.4,13,0.098,0.418,1,0,0,1,508,Risky
33,36,29505.11,8.1,25.9,5,0.157,0.224,1,0,1,0,663,Fair
34,50,54201.84,1.7,19.5,12,0.203,0.112,0,0,2,0,661,Fair
35,38,126670.46,12.0,0.3,8,0.608,0.217,0,30,1,0,582,Very Poor
36,56,20895.7,3.4,6.4,5,0.406,0.355,1,0,1,0,554,Very Poor
37,24,26813.37,0.7,2.3,8,0.194,0.245,0,0,1,0,502,Risky
38,32,114604.89,0.6,4.5,9,0.158,0.35,1,0,4,1,511,Risky
39,49,114963.46,1.0,8.4,6,0.399,0.279,0,0,0,0,675,Fair
40,40,143887.21,5.3,3.8,6,0.315,0.201,1,0,0,0,606,Poor
41,43,27089.81,0.2,5.2,5,0.322,0.449,0,0,0,0,531,Risky
42,30,23847.54,3.8,8.3,9,0.555,0.362,0,0,3,0,547,Risky
43,46,112516.26,2.2,15.6,8,0.509,0.217,1,0,2,0,706,Good
44,40,178960.66,1.8,6.8,3,0.119,0.108,0,90,2,0,630,Poor
45,56,195918.03,3.0,7.9,11,0.073,0.298,3,120,2,0,535,Risky
46,37,142023.51,4.5,8.8,7,0.524,0.328,0,0,2,0,570,Very Poor
47,45,70412.14,2.5,4.3,5,0.116,0.567,1,0,1,0,575,Very Poor
48,35,41911.1,6.9,0.3,15,0.126,0.115,0,30,1,0,570,Very Poor
49,35,66906.57,5.8,2.5,10,0.221,0.169,0,0,0,0,618,Poor
50,48,39182.68,4.5,12.8,4,0.18,0.223,2,0,1,0,614,Poor
51,46,13421.63,0.9,8.5,10,0.049,0.489,0,30,3,0,545,Risky
52,47,28207.69,1.6,2.0,7,0.32,0.288,1,0,4,0,483,Risky
53,29,30895.33,1.9,5.5,4,0.217,0.241,0,0,1,0,592,Very Poor
54,39,43328.77,10.1,5.0,11,0.18,0.288,0,0,0,0,659,Fair
55,43,33679.16,1.1,17.8,6,0.227,0.031,0,30,1,0,619,Poor
56,41,38568.73,4.2,9.9,11,0.605,0.16,0,0,1,0,651,Fair
57,37,74587.97,4.5,2.9,8,0.551,0.101,0,0,1,0,543,Risky
58,25,53563.58,4.3,4.3,9,0.159,0.05,0,30,1,1,439,Risky
59,36,25248.62,2.0,18.1,5,0.066,0.35,3,0,2,0,572,Very Poor
60,50,8683.49,7.7,1.1,4,0.344,0.256,1,0,0,0,424,Risky
61,39,88439.12,7.3,9.2,9,0.369,0.282,0,0,1,0,629,Poor
62,26,11114.83,2.8,8.8,9,0.265,0.098,0,0,0,0,557,Very Poor
63,26,12657.09,1.0,7.8,8,0.059,0.169,3,0,0,0,446,Risky
64,48,42003.9,2.9,0.5,9,0.306,0.414,0,60,0,0,556,Very Poor
65,32,62173.64,2.5,1.8,6,0.267,0.177,2,60,2,0,526,Risky
66,44,62248.43,21.2,24.9,6,0.226,0.185,1,90,0,0,652,Fair
67,34,38183.51,15.2,4.6,9,0.49,0.248,0,0,2,0,548,Risky
68,38,12665.68,0.9,2.9,8,0.613,0.474,0,90,1,0,471,Risky
69,43,45683.28,0.5,3.4,9,0.083,0.095,0,0,1,0,653,Fair
70,44,214931.57,2.3,3.2,6,0.652,0.406,0,0,1,0,652,Fair
71,44,91344.89,2.8,1.3,4,0.553,0.244,0,0,0,0,618,Poor
72,36,82403.13,5.1,3.1,9,0.264,0.504,0,0,1,0,684,Fair
73,39,19209.44,6.1,0.0,12,0.099,0.297,1,0,0,0,501,Risky
74,45,57883.2,12.2,5.2,7,0.2,0.197,1,0,3,0,558,Very Poor
75,21,75442.57,5.9,10.2,3,0.613,0.449,0,0,3,0,556,Very Poor
76,42,153697.81,7.9,2.0,8,0.576,0.523,2,0,0,0,538,Risky
77,50,72505.62,0.8,4.5,6,0.593,0.2,0,0,0,0,593,Very Poor
78,33,50514.52,11.2,0.4,9,0.508,0.261,0,0,0,0,603,Poor
79,21,45364.32,0.5,3.4,12,0.676,0.336,2,0,0,0,563,Very Poor
80,48,29370.35,1.9,3.9,4,0.396,0.317,1,0,2,0,535,Risky
81,61,42013.17,11.7,7.2,10,0.265,0.376,0,90,2,0,504,Risky
82,44,22127.39,6.1,2.9,7,0.445,0.278,2,0,1,0,471,Risky
83,21,45879.56,2.6,8.3,9,0.247,0.294,0,0,0,0,578,Very Poor
84,44,40916.08,20.5,8.9,3,0.216,0.395,0,0,0,0,621,Poor
85,45,49261.66,7.6,11.7,3,0.305,0.365,2,60,1,0,571,Very Poor
86,48,60557.54,4.8,6.2,6,0.549,0.232,0,0,0,0,614,Poor
87,38,150280.39,5.3,3.4,7,0.133,0.637,1,90,2,0,551,Very Poor
88,35,29503.0,0.6,15.5,6,0.05,0.592,3,60,0,0,528,Risky
89,47,35037.6,3.2,10.0,8,0.253,0.096,1,60,1,0,540,Risky
90,57,81969.1,5.3,1.4,9,0.383,0.3,1,0,0,0,587,Very Poor
91,51,48160.32,0.1,6.7,13,0.236,0.294,2,0,1,0,567,Very Poor
92,34,35381.6,11.9,8.8,9,0.116,0.166,0,0,0,0,627,Poor
93,45,68554.0,1.4,6.2,7,0.525,0.254,3,0,1,0,520,Risky
94,38,55784.84,6.2,11.6,9,0.226,0.07,1,0,1,0,650,Poor
95,32,35266.9,3.8,6.5,11,0.456,0.259,0,0,1,0,555,Very Poor
96,47,121609.02,5.9,28.1,9,0.323,0.058,1,0,0,0,784,Excellent
97,41,44719.35,2.2,10.7,11,0.404,0.184,4,60,1,0,488,Risky
98,33,92677.91,3.3,1.9,6,0.212,0.51,1,120,0,0,571,Very Poor
99,22,59481.26,13.1,7.1,8,0.276,0.336,0,0,2,0,608,Poor
100,28,97265.63,11.3,5.3,9,0.145,0.33,2,0,0,0,610,Poor
101,44,123309.51,1.9,0.3,9,0.145,0.225,0,120,3,0,527,Risky
102,52,237636.86,0.2,2.2,6,0.117,0.623,1,0,1,1,514,Risky
103,21,25779.34,15.0,3.3,5,0.237,0.111,1,30,0,0,534,Risky
104,21,13764.68,6.0,19.8,4,0.257,0.178,1,0,1,0,569,Very Poor
105,47,64947.13,29.0,31.7,12,0.513,0.475,0,0,0,1,664,Fair
106,65,67526.48,1.4,0.3,9,0.074,0.143,1,30,1,0,552,Very Poor
107,49,227264.64,2.4,13.1,7,0.358,0.445,0,0,0,0,703,Good
108,50,48086.81,2.4,2.2,9,0.3,0.395,0,0,2,0,600,Very Poor
109,36,95353.27,4.8,14.0,7,0.278,0.295,2,0,1,0,657,Fair
110,28,71456.0,8.9,2.6,7,0.365,0.381,0,30,3,0,502,Risky
111,40,25491.4,0.4,8.8,8,0.205,0.125,1,0,1,0,544,Risky
112,34,39761.21,0.0,11.1,6,0.297,0.311,0,0,2,0,554,Very Poor
113,55,34630.93,8.1,7.9,5,0.246,0.196,1,0,0,0,557,Very Poor
114,31,48228.99,1.1,34.9,8,0.248,0.299,1,0,0,0,676,Fair
115,39,136936.68,0.8,7.9,5,0.701,0.266,0,0,2,1,492,Risky
116,42,44082.35,1.9,15.6,13,0.469,0.105,0,0,0,0,638,Poor
117,52,159695.74,2.7,3.4,5,0.412,0.589,1,0,1,0,644,Poor
118,32,33084.8,0.9,10.7,6,0.144,0.297,0,0,4,1,474,Risky
119,40,48835.37,9.4,7.2,10,0.116,0.204,0,0,2,0,632,Poor
120,58,19568.01,3.3,2.0,12,0.063,0.143,1,0,2,0,488,Risky
121,37,19987.12,6.1,19.0,9,0.1,0.149,1,0,0,0,607,Poor
122,38,12354.6,4.5,3.9,8,0.313,0.058,1,0,1,0,489,Risky
123,29,13849.03,1.2,1.7,7,0.164,0.114,0,30,1,0,546,Risky
124,30,117029.57,14.2,9.1,4,0.265,0.126,1,0,0,0,643,Poor
125,36,184500.89,1.8,4.3,9,0.202,0.366,1,0,1,0,624,Poor
126,25,40870.15,6.0,1.9,6,0.093,0.34,0,30,2,0,575,Very Poor
127,37,38705.93,3.0,4.9,7,0.278,0.159,0,0,2,0,569,Very Poor
128,38,118010.27,3.8,0.6,5,0.194,0.46,1,0,1,0,586,Very Poor
129,33,178350.1,1.5,4.0,9,0.219,0.629,0,0,1,0,696,Fair
130,39,19480.55,3.9,1.3,8,0.369,0.392,2,0,0,0,535,Risky
131,39,28674.28,8.8,16.1,7,0.273,0.301,0,0,3,0,550,Risky
132,28,36621.87,13.2,5.0,8,0.456,0.167,2,0,4,0,520,Risky
133,41,130285.37,0.3,1.9,11,0.272,0.082,0,0,0,1,530,Risky
134,45,65930.3,6.6,11.9,13,0.295,0.171,0,30,0,0,603,Poor
135,44,71265.29,5.3,15.2,12,0.694,0.464,1,0,1,1,509,Risky
136,53,56171.15,6.3,1.2,7,0.147,0.478,2,0,1,0,537,Risky
137,32,43238.82,2.8,2.4,7,0.094,0.083,1,120,1,0,511,Risky
138,36,29133.78,3.5,3.1,10,0.436,0.236,0,30,2,0,538,Risky
139,42,17824.59,2.3,1.3,11,0.127,0.278,1,0,1,0,508,Risky
140,42,42527.14,6.1,11.3,2,0.273,0.583,1,0,1,0,555,Very Poor
141,37,14594.83,4.6,1.9,10,0.195,0.288,2,60,0,0,448,Risky
142,46,41908.66,2.1,13.8,11,0.168,0.374,0,0,0,1,521,Risky
143,70,245517.16,0.9,8.5,10,0.514,0.473,0,60,2,0,648,Poor
144,54,84029.5,4.7,4.7,12,0.029,0.05,3,0,0,0,531,Risky
145,40,29981.13,2.3,18.0,6,0.051,0.11,0,0,1,0,662,Fair
146,52,14389.63,2.4,3.3,9,0.414,0.442,0,0,1,0,500,Risky
147,55,11119.69,4.2,2.9,8,0.458,0.407,1,0,2,0,438,Risky
148,47,39025.47,2.8,16.4,11,0.166,0.421,1,0,1,0,574,Very Poor
149,40,233911.15,1.1,6.2,16,0.161,0.284,2,0,2,0,665,Fair
150,41,30455.42,16.0,0.7,10,0.5,0.122,2,0,0,0,545,Risky
151,43,57107.94,0.5,7.8,6,0.327,0.469,0,120,2,0,586,Very Poor
152,35,17318.22,2.5,0.2,4,0.123,0.151,1,0,0,0,510,Risky
153,62,56817.14,6.4,4.2,5,0.04,0.425,1,0,2,0,596,Very Poor
154,47,24221.15,7.1,2.7,10,0.263,0.543,0,0,3,0,495,Risky
155,40,18834.56,6.5,13.6,8,0.341,0.305,1,60,2,0,524,Risky
156,58,16652.8,5.7,21.0,6,0.227,0.331,0,30,2,0,660,Fair
157,40,55210.55,7.8,10.1,10,0.412,0.361,0,0,0,0,676,Fair
158,36,44652.87,9.2,9.4,5,0.331,0.135,0,0,2,0,575,Very Poor
159,42,31524.8,4.6,10.0,6,0.068,0.136,0,90,2,0,572,Very Poor
160,21,131247.61,0.2,20.7,10,0.421,0.332,2,0,0,0,670,Fair
161,34,25832.43,1.3,4.7,5,0.094,0.142,0,30,1,0,578,Very Poor
162,45,8727.84,4.9,21.4,3,0.178,0.266,1,0,0,0,530,Risky
163,44,19679.57,4.1,27.1,11,0.323,0.098,2,0,1,0,612,Poor
164,35,28459.13,1.3,4.4,8,0.293,0.092,1,0,1,0,522,Risky
165,21,122270.35,0.4,12.9,6,0.192,0.223,1,0,3,0,674,Fair
166,54,120067.89,0.3,1.7,3,0.199,0.257,1,0,0,0,610,Poor
167,24,75553.85,1.9,3.1,7,0.19,0.109,1,0,4,0,524,Risky
168,43,15645.92,5.6,12.3,6,0.447,0.154,2,0,4,0,455,Risky
169,51,75328.47,0.5,19.6,4,0.514,0.237,2,0,2,0,619,Poor
170,50,29116.25,0.9,15.8,3,0.224,0.192,0,60,0,0,601,Poor
171,37,31807.71,2.1,6.4,7,0.445,0.5,1,0,2,0,559,Very Poor
172,54,76700.12,5.1,12.5,6,0.188,0.25,1,30,2,0,549,Risky
173,45,52878.58,0.0,4.9,13,0.258,0.225,0,0,0,0,591,Very Poor
174,42,39028.53,3.0,4.1,9,0.028,0.452,0,0,0,0,613,Poor
175,61,55409.06,1.4,15.3,11,0.426,0.508,3,0,0,0,570,Very Poor
176,23,25785.84,7.3,2.6,6,0.044,0.547,2,0,2,0,537,Risky
177,42,32199.29,0.2,12.6,6,0.601,0.401,0,90,0,0,588,Very Poor
178,39,85221.71,6.2,7.2,6,0.391,0.127,0,30,0,1,586,Very Poor
179,25,28190.35,2.4,17.2,11,0.387,0.144,0,0,0,0,612,Poor
180,44,23898.13,0.2,0.9,12,0.215,0.324,2,30,0,0,495,Risky
181,49,42713.36,1.4,1.3,10,0.505,0.223,0,60,1,0,472,Risky
182,56,13099.85,0.6,0.2,8,0.142,0.11,4,0,1,0,463,Risky
183,63,60081.93,10.7,14.8,8,0.433,0.297,0,0,1,0,623,Poor
184,36,135438.14,12.3,14.3,12,0.231,0.071,1,0,1,0,719,Good
185,21,105779.29,11.8,1.3,10,0.706,0.194,1,60,0,0,574,Very Poor
186,42,81646.03,5.4,24.9,13,0.793,0.18,0,0,2,1,604,Poor
187,52,41775.04,1.5,3.5,11,0.288,0.141,0,0,1,0,531,Risky
188,33,17925.68,8.1,0.7,4,0.181,0.293,2,30,0,0,464,Risky
189,43,123075.24,1.6,22.6,8,0.241,0.462,2,0,1,0,701,Good
190,23,18529.02,2.6,1.6,6,0.347,0.334,0,0,2,0,522,Risky
191,33,213253.52,2.1,30.3,6,0.239,0.169,1,0,1,0,801,Excellent
192,38,42777.41,14.3,15.3,8,0.346,0.57,2,0,1,0,578,Very Poor
193,45,53421.77,1.2,2.8,11,0.103,0.445,0,0,1,0,606,Poor
194,29,111867.33,4.4,4.9,9,0.13,0.205,0,0,1,0,645,Poor
195,53,17393.03,1.3,0.9,5,0.164,0.341,4,30,1,0,415,Risky
196,64,206288.46,7.8,15.5,10,0.249,0.282,1,0,0,0,757,Excellent
197,22,31205.56,2.4,5.9,9,0.153,0.308,2,60,1,0,540,Risky
198,38,50198.61,10.2,8.1,9,0.145,0.138,0,120,3,0,589,Very Poor
199,21,209501.44,4.1,11.3,10,0.153,0.164,0,0,0,1,580,Very Poor
200,40,52702.32,0.1,1.0,6,0.194,0.153,2,30,1,0,570,Very Poor
201,27,16482.51,0.3,2.9,9,0.261,0.478,1,0,1,0,506,Risky
202,29,349090.86,6.3,5.8,11,0.212,0.199,0,0,2,0,690,Fair
203,44,136399.17,1.4,8.9,6,0.506,0.493,2,0,2,0,622,Poor
204,32,96161.07,29.0,17.5,13,0.322,0.459,3,0,0,0,660,Fair
205,49,39764.06,3.1,0.5,10,0.263,0.17,2,30,0,0,572,Very Poor
206,25,84745.89,2.0,3.6,4,0.396,0.217,0,0,0,0,570,Very Poor
207,27,20565.73,5.9,2.3,6,0.754,0.266,4,0,2,1,353,Risky
208,42,128846.07,3.0,3.3,3,0.54,0.047,0,0,0,0,618,Poor
209,66,68118.09,9.9,7.0,5,0.478,0.262,1,0,1,0,597,Very Poor
210,31,27122.34,3.2,35.6,12,0.215,0.317,1,0,0,0,739,Good
211,62,29620.18,0.6,0.6,4,0.207,0.016,0,0,0,0,594,Very Poor
212,24,29414.6,1.0,7.9,9,0.133,0.427,3,0,2,0,475,Risky
213,50,53283.31,0.3,2.0,11,0.442,0.179,1,0,1,0,548,Risky
214,48,43097.56,2.2,3.7,8,0.433,0.109,1,0,1,0,506,Risky
215,57,26771.77,1.4,19.2,15,0.283,0.442,1,30,1,0,566,Very Poor
216,41,70132.89,7.6,7.0,11,0.101,0.175,3,0,2,0,590,Very Poor
217,21,48940.6,1.1,21.7,7,0.551,0.225,1,0,2,0,668,Fair
218,39,34750.54,3.2,23.9,3,0.491,0.259,0,0,3,0,608,Poor
219,26,60153.42,5.3,6.5,10,0.373,0.494,1,0,2,0,553,Very Poor
220,54,21970.95,11.4,14.8,7,0.181,0.358,0,0,0,0,600,Very Poor
221,25,45714.94,9.3,7.3,4,0.173,0.268,1,0,0,0,611,Poor
222,22,29235.39,1.9,1.8,11,0.328,0.176,4,30,1,0,440,Risky
223,29,111471.3,5.3,2.9,12,0.246,0.283,4,0,1,0,559,Very Poor
224,39,51098.4,4.4,3.0,6,0.379,0.506,3,30,2,0,435,Risky
225,31,40958.81,3.8,1.4,8,0.214,0.781,0,0,1,0,511,Risky
226,21,125308.0,11.0,6.0,9,0.159,0.138,0,0,1,0,651,Fair
227,21,69739.14,0.0,1.0,10,0.12,0.308,2,0,0,0,597,Very Poor
228,23,18628.1,2.4,0.3,6,0.112,0.339,0,120,0,0,458,Risky
229,42,21029.92,17.5,1.1,9,0.338,0.14,2,30,2,0,435,Risky
230,27,13508.31,8.9,1.2,7,0.154,0.138,1,90,1,0,451,Risky
231,57,135932.66,4.6,1.7,13,0.329,0.497,0,60,0,0,593,Very Poor
232,44,50914.59,7.7,1.8,8,0.291,0.163,0,0,3,0,601,Poor
233,26,69364.28,10.9,3.3,7,0.309,0.707,1,0,1,0,551,Very Poor
234,29,43350.94,6.3,3.8,10,0.29,0.252,1,0,1,0,622,Poor
235,44,131881.19,1.2,10.3,8,0.293,0.376,1,0,1,0,704,Good
236,32,134172.15,0.0,16.4,9,0.36,0.239,2,0,1,0,652,Fair
237,35,137559.99,0.7,23.6,8,0.599,0.183,0,0,2,0,738,Good
238,42,59921.44,7.3,2.1,8,0.287,0.335,2,30,2,0,503,Risky
239,34,201410.21,5.0,14.7,5,0.434,0.202,2,0,0,0,690,Fair
240,49,20373.63,0.9,4.1,6,0.256,0.565,0,120,0,0,500,Risky
241,50,35077.42,0.7,13.7,11,0.278,0.315,0,0,0,1,543,Risky
242,41,75448.56,3.7,0.6,9,0.304,0.445,0,0,1,0,591,Very Poor
243,27,68743.32,7.1,25.2,7,0.489,0.201,3,30,1,0,688,Fair
244,23,19440.64,10.7,19.4,8,0.214,0.362,0,0,1,0,565,Very Poor
245,35,76040.35,1.1,0.2,16,0.521,0.206,1,0,2,0,506,Risky
246,44,42942.95,0.4,14.7,6,0.196,0.207,0,0,0,0,648,Poor
247,33,46557.25,10.2,15.8,7,0.39,0.137,1,0,1,0,617,Poor
248,50,29560.31,0.2,16.9,14,0.314,0.323,0,0,0,1,539,Risky
249,48,23699.84,1.4,4.1,7,0.184,0.319,1,0,1,0,503,Risky
250,46,44809.88,1.7,2.3,9,0.242,0.209,2,30,1,0,500,Risky
251,27,22376.13,16.7,2.0,7,0.278,0.294,1,0,1,1,437,Risky
252,47,141336.63,9.9,8.7,12,0.203,0.436,2,30,1,0,645,Poor
253,21,32646.73,8.0,7.1,6,0.195,0.14,1,30,1,0,517,Risky
254,38,57824.43,8.9,9.0,7,0.078,0.11,1,0,3,0,625,Poor
255,64,46672.49,2.3,8.4,11,0.58,0.341,1,90,1,0,518,Risky
256,44,28998.83,1.8,2.4,11,0.416,0.286,0,0,0,0,535,Risky
257,21,51623.19,9.8,9.2,6,0.451,0.287,0,0,0,0,650,Poor
258,34,15913.22,12.3,13.8,5,0.337,0.095,1,0,1,0,536,Risky
259,39,244783.53,2.6,27.2,8,0.144,0.194,1,0,3,0,732,Good
260,21,48239.37,0.2,2.9,15,0.007,0.273,2,90,2,0,479,Risky
261,21,50844.03,4.4,2.8,13,0.321,0.186,2,0,0,0,579,Very Poor
262,50,22895.92,3.4,4.6,9,0.15,0.309,2,0,2,0,516,Risky
263,41,32551.88,6.0,10.2,9,0.144,0.297,0,30,0,0,616,Poor
264,24,106270.84,0.5,0.5,9,0.375,0.231,0,0,1,0,648,Poor
265,65,125096.13,1.5,13.2,6,0.054,0.269,1,0,1,0,673,Fair
266,37,35269.59,4.1,16.8,9,0.216,0.121,2,0,2,0,640,Poor
267,38,36699.2,9.5,19.1,10,0.595,0.266,2,0,2,0,557,Very Poor
268,21,15464.11,14.7,3.5,7,0.384,0.346,1,0,0,0,523,Risky
269,43,88855.8,5.6,11.1,4,0.124,0.332,2,0,0,0,695,Fair
270,55,139952.24,0.7,11.6,7,0.044,0.081,0,30,1,0,618,Poor
271,30,60785.66,20.0,25.7,9,0.126,0.197,0,90,2,0,632,Poor
272,53,93202.29,17.8,1.6,4,0.116,0.275,4,0,1,0,479,Risky
273,35,86425.42,0.6,11.3,2,0.155,0.304,0,120,3,0,587,Very Poor
274,27,34128.47,5.9,8.2,7,0.224,0.237,1,60,0,0,596,Very Poor
275,48,168808.21,3.1,6.3,7,0.403,0.195,2,0,2,0,596,Very Poor
276,55,43545.29,10.8,1.0,10,0.266,0.127,0,0,0,0,558,Very Poor
277,29,31569.43,3.3,0.6,12,0.34,0.05,0,0,1,1,466,Risky
278,37,26964.89,1.1,8.0,9,0.123,0.073,3,0,1,0,525,Risky
279,33,31792.12,2.6,0.4,6,0.264,0.309,0,0,1,0,570,Very Poor
280,37,161446.73,1.1,1.8,4,0.108,0.268,0,0,0,0,640,Poor
281,43,70061.96,8.6,0.3,11,0.145,0.087,1,60,1,0,526,Risky
282,26,22742.8,7.1,15.9,7,0.232,0.297,1,0,3,0,552,Very Poor
283,28,211541.87,0.9,3.5,6,0.235,0.208,2,0,2,0,552,Very Poor
284,47,132608.76,1.5,7.8,13,0.177,0.381,2,0,1,1,479,Risky
285,55,91303.95,1.2,3.2,8,0.436,0.056,0,0,1,0,657,Fair
286,58,21824.49,1.1,4.3,12,0.204,0.125,0,30,1,0,547,Risky
287,47,27373.99,7.3,16.9,6,0.315,0.28,2,30,3,0,559,Very Poor
288,32,63305.29,1.5,29.4,13,0.264,0.266,1,0,1,0,706,Good
289,50,222460.26,1.8,7.4,6,0.234,0.534,2,0,0,0,637,Poor
290,36,14234.4,7.0,6.5,6,0.437,0.195,2,0,0,0,510,Risky
291,24,284953.7,1.3,15.4,8,0.072,0.242,0,60,1,0,785,Excellent
292,21,22612.19,5.0,25.4,6,0.34,0.455,0,30,0,0,654,Fair
293,45,24594.47,2.3,0.2,6,0.324,0.26,0,30,2,0,550,Risky
294,43,22499.68,21.0,11.1,3,0.314,0.128,3,0,1,0,522,Risky
295,35,441973.24,7.1,6.8,7,0.251,0.257,0,0,2,0,666,Fair
296,36,85624.74,3.1,3.8,11,0.531,0.319,0,0,2,0,625,Poor
297,31,78814.81,3.8,18.8,13,0.582,0.228,1,30,1,0,679,Fair
298,29,24278.85,19.8,1.9,11,0.226,0.295,1,30,0,0,498,Risky
299,52,26545.66,5.3,2.9,4,0.135,0.303,0,0,2,0,605,Poor
300,38,215171.49,3.5,7.9,10,0.217,0.5,1,0,0,0,696,Fair
301,34,72228.47,0.7,26.2,5,0.208,0.33,0,30,0,0,683,Fair
302,44,34360.6,2.2,10.7,9,0.294,0.689,0,0,2,0,564,Very Poor
303,49,43573.48,0.7,0.7,9,0.053,0.302,1,0,0,0,592,Very Poor
304,60,23787.16,0.6,5.4,7,0.384,0.134,0,120,2,0,467,Risky
305,49,20528.03,11.0,17.9,10,0.112,0.254,0,0,3,0,609,Poor
306,47,113772.8,1.8,11.7,7,0.49,0.283,1,60,1,0,554,Very Poor
307,46,18318.77,5.4,20.4,11,0.201,0.269,0,0,1,0,649,Poor
308,22,121242.59,17.3,0.2,6,0.307,0.218,3,90,0,0,462,Risky
309,52,28251.14,8.7,3.3,4,0.524,0.224,1,30,2,0,584,Very Poor
310,68,23902.55,3.2,9.2,4,0.075,0.137,0,0,3,1,492,Risky
311,24,81784.51,10.2,3.4,6,0.26,0.072,2,0,0,0,533,Risky
312,21,46051.48,3.4,4.6,9,0.261,0.229,0,0,0,0,627,Poor
313,24,50183.78,9.2,2.7,7,0.312,0.366,3,0,0,0,539,Risky
314,52,55047.94,9.0,1.0,9,0.281,0.112,2,60,1,0,448,Risky
315,44,39224.13,14.9,13.9,9,0.337,0.505,1,0,1,0,576,Very Poor
316,39,99487.47,6.0,15.4,6,0.389,0.23,2,0,0,0,610,Poor
317,45,33937.85,0.5,6.0,7,0.193,0.251,1,0,1,0,580,Very Poor
318,43,45365.84,1.1,7.2,5,0.05,0.153,2,60,1,1,456,Risky
319,29,136058.67,7.1,7.7,9,0.189,0.38,1,0,3,0,582,Very Poor
320,59,20861.13,0.6,40.0,8,0.094,0.202,1,0,1,0,751,Excellent
321,54,15739.59,5.7,3.2,9,0.084,0.182,0,60,1,0,541,Risky
322,64,59431.36,15.3,5.7,8,0.245,0.085,0,0,3,0,590,Very Poor
323,49,13663.54,5.4,6.2,5,0.013,0.52,1,0,1,0,473,Risky
324,58,21215.47,1.5,7.8,4,0.382,0.275,2,0,2,0,520,Risky
325,52,68517.56,3.5,4.3,11,0.319,0.386,1,30,1,0,557,Very Poor
326,50,27349.87,8.5,1.5,8,0.216,0.256,0,0,1,0,546,Risky
327,64,24802.08,8.8,11.1,8,0.562,0.253,1,0,1,0,557,Very Poor
328,33,49489.25,1.4,2.0,12,0.088,0.276,0,0,1,1,446,Risky
329,52,46703.87,8.3,14.2,12,0.256,0.091,1,0,2,0,601,Poor
330,64,102994.77,3.0,2.0,8,0.307,0.385,2,0,0,0,543,Risky
331,38,42521.13,0.3,22.1,5,0.437,0.432,0,0,1,0,657,Fair
332,57,58254.2,0.5,1.7,6,0.076,0.525,1,0,1,0,568,Very Poor
333,44,31742.9,12.5,6.9,9,0.132,0.602,1,0,0,0,563,Very Poor
334,51,40575.99,1.0,37.5,7,0.123,0.347,3,30,0,0,732,Good
335,37,74661.49,4.2,33.6,8,0.452,0.325,2,0,0,0,710,Good
336,36,52177.87,3.8,0.1,5,0.172,0.172,1,0,2,0,519,Risky
337,38,16628.45,6.4,2.8,10,0.303,0.422,1,0,4,1,326,Risky
338,30,74027.48,4.9,2.6,4,0.087,0.162,2,0,1,0,591,Very Poor
339,24,60415.68,0.5,14.4,11,0.262,0.236,0,30,1,0,640,Poor
340,45,52158.7,11.2,29.4,10,0.023,0.551,0,0,1,0,691,Fair
341,31,249665.12,9.9,6.9,8,0.254,0.175,0,0,0,0,679,Fair
342,39,13361.99,0.6,33.1,9,0.407,0.568,1,0,2,0,640,Poor
343,37,316708.95,8.6,3.6,9,0.226,0.396,2,0,1,0,677,Fair
344,45,35857.49,8.1,12.6,14,0.176,0.275,1,0,3,0,588,Very Poor
345,53,280945.54,0.2,12.1,7,0.219,0.367,0,30,1,0,653,Fair
346,29,12895.18,11.4,23.5,7,0.528,0.153,1,30,0,0,547,Risky
347,36,19432.75,2.6,0.1,6,0.436,0.136,2,0,3,0,497,Risky
348,42,39542.18,16.5,2.0,15,0.343,0.26,0,30,0,0,576,Very Poor
349,55,38781.94,0.1,2.3,10,0.549,0.544,1,0,1,0,535,Risky
350,43,58787.57,4.2,1.2,10,0.102,0.224,2,0,2,0,553,Very Poor
351,49,90463.71,1.6,0.6,12,0.084,0.381,0,0,2,0,589,Very Poor
352,45,12476.61,2.3,0.1,13,0.039,0.403,2,60,0,0,439,Risky
353,40,39871.54,3.9,0.9,8,0.21,0.265,2,0,1,0,474,Risky
354,21,42684.91,1.0,9.8,7,0.299,0.468,2,30,1,0,495,Risky
355,52,69774.34,2.6,6.9,8,0.432,0.257,2,0,2,0,520,Risky
356,49,62845.05,6.6,2.5,7,0.148,0.18,0,120,1,0,562,Very Poor
357,41,33272.17,14.5,4.7,4,0.141,0.504,0,0,1,0,562,Very Poor
358,31,32001.04,6.5,5.3,10,0.234,0.155,1,60,1,0,533,Risky
359,52,166837.35,0.7,4.2,10,0.304,0.39,0,0,1,0,599,Very Poor
360,21,105883.1,0.7,0.9,12,0.256,0.362,0,0,1,1,549,Risky
361,45,226927.15,0.9,6.2,8,0.423,0.242,1,30,1,0,690,Fair
362,63,79988.75,16.7,4.9,5,0.439,0.205,3,30,0,0,542,Risky
363,53,348527.39,3.2,1.4,6,0.39,0.114,1,0,1,0,622,Poor
364,37,27584.61,6.8,7.6,12,0.529,0.188,2,0,1,0,515,Risky
365,31,199026.12,2.2,21.6,13,0.099,0.196,2,30,1,0,649,Poor
366,54,100677.83,0.8,3.6,9,0.082,0.28,1,0,2,0,621,Poor
367,37,25071.08,7.4,11.1,14,0.548,0.124,1,0,2,1,508,Risky
368,43,49865.97,4.1,8.1,9,0.498,0.276,0,0,1,0,619,Poor
369,21,37886.43,11.6,0.6,6,0.361,0.432,1,0,1,1,389,Risky
370,50,48126.02,5.4,8.4,15,0.741,0.518,1,0,0,0,609,Poor
371,56,45724.7,0.5,6.8,4,0.145,0.364,2,30,1,0,600,Very Poor
372,39,53385.54,8.2,2.8,4,0.235,0.313,1,30,1,0,504,Risky
373,53,40503.7,3.3,9.2,2,0.505,0.331,0,0,1,0,637,Poor
374,28,160472.66,2.6,5.6,8,0.227,0.377,2,30,1,0,559,Very Poor
375,63,130760.57,12.2,3.1,5,0.19,0.384,1,0,3,0,629,Poor
376,41,23014.53,2.2,1.4,12,0.157,0.404,0,90,0,0,503,Risky
377,47,94305.93,3.8,9.8,8,0.621,0.237,0,0,2,0,647,Poor
378,59,118752.1,6.1,2.0,11,0.34,0.154,0,0,0,0,612,Poor
379,50,18859.73,14.1,4.7,6,0.353,0.582,0,30,2,0,511,Risky
380,27,71718.66,1.8,0.2,6,0.537,0.174,3,0,0,0,531,Risky
381,36,72393.24,3.8,0.0,10,0.24,0.21,0,0,2,0,573,Very Poor
382,59,141900.88,0.4,5.2,7,0.149,0.193,2,0,0,0,644,Poor
383,43,18270.91,3.1,1.0,9,0.287,0.338,2,30,1,1,330,Risky
384,29,64113.39,0.3,4.4,10,0.171,0.345,0,30,3,0,601,Poor
385,49,57721.95,16.0,2.5,7,0.215,0.088,2,0,0,0,549,Risky
386,41,60076.42,3.5,21.3,4,0.135,0.473,1,0,1,0,666,Fair
387,67,65693.24,2.1,10.9,5,0.314,0.201,0,0,2,0,672,Fair
388,38,37579.0,0.7,3.7,7,0.284,0.465,1,0,1,0,482,Risky
389,25,26053.64,1.8,2.9,8,0.229,0.262,2,60,1,0,465,Risky
390,30,142332.31,13.1,18.8,5,0.353,0.41,0,0,0,0,757,Excellent
391,39,40063.86,2.1,3.5,8,0.28,0.234,2,0,0,0,526,Risky
392,41,29904.39,1.2,4.4,5,0.271,0.419,1,0,0,0,568,Very Poor
393,43,17268.76,1.0,9.2,11,0.282,0.216,1,0,1,0,575,Very Poor
394,24,55686.43,9.3,7.0,12,0.047,0.118,1,0,0,0,620,Poor
395,36,88770.69,2.9,11.0,4,0.208,0.306,0,0,1,1,533,Risky
396,41,16557.39,0.8,8.3,5,0.212,0.323,0,0,1,0,536,Risky
397,48,43569.11,5.4,11.9,8,0.142,0.35,0,0,2,0,584,Very Poor
398,36,110522.93,0.6,6.6,11,0.107,0.16,1,0,1,0,687,Fair
399,43,146104.76,2.9,1.6,7,0.281,0.141,1,0,0,0,637,Poor
400,24,57488.97,3.5,10.6,9,0.035,0.164,2,0,0,0,581,Very Poor
401,41,66436.95,13.0,1.4,7,0.094,0.283,1,0,0,0,639,Poor
402,34,11953.89,0.3,0.8,8,0.287,0.142,0,0,2,0,551,Very Poor
403,43,38621.07,3.8,4.2,3,0.176,0.238,0,0,2,0,605,Poor
404,42,54566.72,2.2,33.6,10,0.255,0.276,0,30,0,0,697,Fair
405,43,18156.57,16.3,0.1,7,0.148,0.398,2,30,0,0,449,Risky
406,34,129042.86,11.2,3.8,5,0.434,0.19,1,0,0,0,621,Poor
407,40,21612.33,4.6,8.0,7,0.57,0.372,0,0,2,0,590,Very Poor
408,48,102012.4,9.5,11.4,5,0.349,0.433,0,0,1,0,628,Poor
409,24,46167.5,0.8,3.6,10,0.029,0.202,1,0,2,0,576,Very Poor
410,62,103312.18,7.4,0.1,8,0.271,0.373,0,90,1,0,603,Poor
411,41,73761.34,13.7,1.7,8,0.434,0.177,2,0,0,0,589,Very Poor
412,55,42674.88,8.6,8.2,10,0.414,0.434,1,0,0,0,553,Very Poor
413,43,148897.4,11.3,10.9,8,0.366,0.288,1,0,1,0,701,Good
414,46,234903.12,4.2,19.4,11,0.252,0.409,0,30,1,0,706,Good
415,48,240753.46,2.1,15.7,13,0.185,0.299,3,0,1,0,745,Good
416,33,34378.9,3.2,0.2,9,0.518,0.193,0,0,2,0,598,Very Poor
417,38,95634.09,3.5,17.2,8,0.257,0.098,1,0,0,0,674,Fair
418,24,44924.51,7.5,5.6,7,0.076,0.256,0,30,2,0,538,Risky
419,41,45418.56,2.7,3.4,12,0.256,0.308,1,0,1,0,596,Very Poor
420,36,66328.78,0.5,3.3,9,0.144,0.21,0,0,1,0,580,Very Poor
421,45,54254.76,3.1,7.1,6,0.347,0.211,0,0,0,0,597,Very Poor
422,35,63842.82,6.1,3.4,6,0.12,0.275,3,90,1,0,502,Risky
423,40,50799.24,11.1,5.3,13,0.183,0.311,0,0,0,0,596,Very Poor
424,31,122890.27,4.8,8.2,5,0.181,0.127,0,0,1,0,670,Fair
425,32,44844.15,3.3,3.1,9,0.201,0.263,1,30,1,0,523,Risky
426,39,32718.83,3.7,14.3,8,0.412,0.305,1,90,0,0,542,Risky
427,41,35380.07,9.9,3.0,13,0.16,0.276,0,30,0,0,615,Poor
428,22,42909.39,3.3,5.8,10,0.404,0.586,0,0,1,0,589,Very Poor
429,53,72876.86,4.8,1.7,3,0.313,0.259,0,0,1,0,582,Very Poor
430,58,27184.8,10.2,15.7,5,0.304,0.169,1,0,1,0,644,Poor
431,41,15012.96,1.2,35.6,11,0.248,0.11,2,0,1,0,622,Poor
432,28,40150.44,10.5,20.8,13,0.304,0.162,1,0,1,0,628,Poor
433,48,64862.79,4.2,3.9,6,0.517,0.181,1,0,2,0,551,Very Poor
434,26,40696.26,4.3,8.5,15,0.1,0.261,0,0,3,0,540,Risky
435,41,55272.71,4.2,4.7,5,0.632,0.301,2,60,2,0,495,Risky
436,35,25992.82,5.7,15.0,5,0.439,0.442,1,0,1,0,544,Risky
437,42,32786.57,11.0,13.6,6,0.065,0.401,0,0,0,0,674,Fair
438,41,81955.29,8.8,1.5,13,0.032,0.13,1,60,1,0,571,Very Poor
439,39,116644.34,8.9,5.3,8,0.394,0.391,0,0,1,0,621,Poor
440,23,54165.0,15.2,18.7,16,0.035,0.139,0,0,2,0,661,Fair
441,46,80883.09,2.3,7.6,11,0.375,0.185,3,60,0,0,550,Risky
442,45,91029.3,3.5,1.2,10,0.231,0.294,2,0,2,0,545,Risky
443,26,43353.11,1.1,29.8,9,0.12,0.564,1,30,1,0,688,Fair
444,24,129176.5,1.2,2.9,5,0.294,0.236,0,60,1,0,579,Very Poor
445,67,154354.97,0.1,4.9,6,0.148,0.186,1,0,0,0,629,Poor
446,45,43901.95,2.7,4.4,9,0.099,0.225,5,60,1,0,442,Risky
447,39,8835.48,7.7,11.3,5,0.11,0.297,0,0,1,0,534,Risky
448,48,48485.27,5.1,22.8,8,0.283,0.248,0,60,3,0,617,Poor
449,51,19258.19,2.7,1.5,7,0.216,0.218,0,0,1,0,575,Very Poor
450,28,71628.69,1.0,3.6,8,0.23,0.113,2,0,1,0,556,Very Poor
451,44,57564.57,0.2,8.5,9,0.402,0.196,0,0,2,0,653,Fair
452,21,20608.05,2.0,5.7,9,0.13,0.373,0,0,0,0,579,Very Poor
453,47,291167.63,1.8,0.8,8,0.212,0.247,1,60,0,0,610,Poor
454,43,208849.46,4.6,8.0,5,0.412,0.433,0,30,1,0,662,Fair
455,47,37502.69,7.0,33.4,8,0.394,0.238,1,0,3,0,671,Fair
456,37,47715.39,7.5,0.0,8,0.294,0.173,2,0,2,0,522,Risky
457,52,82666.48,1.3,12.3,6,0.267,0.195,0,0,3,0,645,Poor
458,58,87423.24,4.4,0.8,11,0.258,0.052,1,0,0,0,584,Very Poor
459,47,19801.41,3.5,2.8,7,0.238,0.191,2,0,2,0,492,Risky
460,48,85701.57,0.5,6.0,8,0.262,0.388,0,0,1,0,610,Poor
461,45,150634.61,5.0,15.9,6,0.441,0.233,0,0,3,1,558,Very Poor
462,21,75212.96,1.0,28.1,8,0.153,0.375,1,0,0,0,765,Excellent
463,48,145372.57,1.6,4.4,13,0.045,0.301,1,30,4,0,609,Poor
464,36,34591.61,9.4,1.6,9,0.211,0.164,1,0,0,0,519,Risky
465,37,354587.62,1.2,1.7,7,0.094,0.296,0,30,1,0,681,Fair
466,70,41258.25,3.5,0.6,10,0.414,0.049,2,60,1,0,557,Very Poor
467,21,26811.29,6.8,1.1,4,0.332,0.318,1,0,0,0,525,Risky
468,27,59842.62,14.8,14.3,5,0.082,0.073,1,60,2,0,555,Very Poor
469,61,143220.96,12.5,8.9,9,0.462,0.512,0,0,1,0,657,Fair
470,48,30816.75,9.0,5.5,8,0.193,0.687,2,0,0,0,539,Risky
471,31,26873.6,2.8,9.4,8,0.263,0.647,3,0,1,0,561,Very Poor
472,34,36143.59,9.4,1.3,2,0.3,0.342,0,30,0,0,486,Risky
473,47,38012.4,1.4,16.1,6,0.36,0.1,2,0,0,0,636,Poor
474,28,64103.0,3.7,1.1,7,0.345,0.161,0,30,2,0,580,Very Poor
475,28,94111.22,15.3,5.2,10,0.266,0.324,0,30,1,0,629,Poor
476,53,47049.06,12.1,4.9,12,0.066,0.398,1,0,1,0,575,Very Poor
477,49,26461.6,7.0,0.2,8,0.303,0.387,1,90,1,0,508,Risky
478,41,34272.52,1.1,4.0,7,0.325,0.368,0,0,1,0,559,Very Poor
479,45,64119.33,4.4,3.2,7,0.173,0.326,3,0,2,0,486,Risky
480,60,9806.85,3.0,3.1,12,0.105,0.398,1,0,1,0,516,Risky
481,49,55605.81,1.4,6.8,13,0.027,0.406,3,0,0,0,592,Very Poor
482,29,95530.7,6.9,16.0,6,0.416,0.429,1,0,1,0,641,Poor
483,37,13315.3,2.7,2.1,10,0.145,0.406,0,0,1,0,517,Risky
484,40,156158.42,1.7,0.3,7,0.423,0.492,1,0,2,0,549,Risky
485,21,11751.22,1.1,1.2,9,0.338,0.404,2,0,0,0,505,Risky
486,59,106420.52,2.4,11.1,8,0.237,0.318,0,0,0,0,700,Fair
487,43,104892.37,2.4,1.5,13,0.356,0.391,2,30,0,0,536,Risky
488,50,112083.64,0.4,1.6,7,0.387,0.029,2,0,1,0,600,Very Poor
489,21,48835.74,4.5,2.1,6,0.369,0.266,0,30,0,1,460,Risky
490,62,20490.02,10.2,6.2,8,0.654,0.068,2,60,0,0,485,Risky
491,42,13037.06,0.8,15.4,9,0.562,0.245,3,0,0,0,497,Risky
492,36,46349.04,6.7,8.3,13,0.112,0.189,0,90,2,0,557,Very Poor
493,46,63103.44,1.4,0.2,6,0.189,0.209,1,0,0,1,454,Risky
494,39,22256.87,0.2,0.0,6,0.299,0.202,0,0,2,0,511,Risky
495,39,59801.73,2.2,3.8,7,0.324,0.364,1,30,0,0,599,Very Poor
496,56,86426.01,8.7,16.5,5,0.184,0.391,0,0,1,0,696,Fair
497,21,24561.73,1.1,8.3,8,0.338,0.085,1,0,0,0,585,Very Poor
498,24,101442.74,4.1,3.7,8,0.08,0.383,1,60,0,0,578,Very Poor
499,36,150147.15,1.6,21.3,9,0.162,0.115,3,30,1,0,678,Fair
500,37,70176.19,0.0,1.8,8,0.145,0.19,0,30,1,0,594,Very Poor
501,50,18577.2,0.6,4.6,17,0.314,0.469,2,30,0,0,473,Risky
502,34,65546.87,3.1,15.0,9,0.155,0.288,1,0,2,0,600,Very Poor
503,59,61733.23,6.9,5.6,8,0.275,0.502,1,30,0,0,546,Risky
504,48,35746.25,3.9,7.0,9,0.396,0.158,1,0,0,0,548,Risky
505,46,58998.82,0.6,2.1,5,0.304,0.171,1,30,1,0,569,Very Poor
506,49,24852.72,0.3,5.5,11,0.364,0.565,1,0,0,0,577,Very Poor
507,34,45109.83,0.3,11.4,9,0.222,0.474,0,30,2,0,600,Very Poor
508,35,27259.84,0.5,1.7,7,0.21,0.251,1,0,1,0,526,Risky
509,41,85419.14,0.3,2.3,8,0.645,0.142,0,0,0,0,576,Very Poor
510,49,39338.79,1.4,21.5,16,0.284,0.202,0,30,1,0,626,Poor
511,47,26356.22,1.9,2.1,10,0.227,0.226,0,90,2,0,479,Risky
512,33,50139.9,5.7,4.9,7,0.027,0.226,2,0,2,0,528,Risky
513,41,119530.6,9.0,5.7,11,0.314,0.205,1,0,1,0,644,Poor
514,53,86853.88,4.8,11.7,6,0.104,0.511,1,0,1,0,586,Very Poor
515,30,26231.69,1.5,1.4,6,0.4,0.172,4,0,2,0,469,Risky
516,49,42791.03,1.9,2.1,7,0.336,0.386,1,0,0,0,533,Risky
517,62,19707.31,5.7,0.0,4,0.332,0.296,0,0,0,0,538,Risky
518,38,37096.39,5.0,0.8,14,0.217,0.352,0,0,3,0,563,Very Poor
519,29,81484.79,0.9,14.6,13,0.484,0.18,0,0,1,0,647,Poor
520,36,151970.74,37.0,3.0,7,0.567,0.306,0,0,2,0,640,Poor
521,46,15166.89,6.3,2.5,6,0.578,0.254,1,90,1,0,486,Risky
522,31,49971.84,1.2,25.7,9,0.355,0.438,0,0,2,0,657,Fair
523,40,104514.19,6.4,9.4,6,0.266,0.267,0,60,1,0,630,Poor
524,43,397843.84,2.2,10.3,11,0.521,0.052,1,0,0,0,714,Good
525,30,165613.47,0.7,7.4,5,0.222,0.215,1,0,0,0,665,Fair
526,42,40565.66,4.1,10.5,8,0.062,0.115,3,90,1,0,522,Risky
527,39,26987.99,10.4,4.4,3,0.444,0.469,0,0,4,0,554,Very Poor
528,21,87341.1,0.7,5.4,9,0.564,0.379,1,60,1,0,559,Very Poor
529,46,26825.1,0.2,2.9,10,0.259,0.127,0,0,1,0,551,Very Poor
530,40,252980.15,0.0,22.4,12,0.521,0.326,2,0,1,0,768,Excellent
531,41,38535.81,8.6,15.5,14,0.152,0.546,0,0,0,0,618,Poor
532,46,66073.55,16.0,15.0,11,0.387,0.411,1,0,2,1,515,Risky
533,26,28506.08,0.8,12.8,11,0.61,0.53,2,0,1,0,461,Risky
534,29,37603.8,13.7,5.6,6,0.221,0.136,1,30,0,0,520,Risky
535,55,72640.22,1.4,2.6,10,0.229,0.189,1,30,0,0,607,Poor
536,56,31476.25,1.9,19.4,7,0.277,0.312,1,0,3,1,462,Risky
537,46,36419.54,9.2,18.1,7,0.094,0.328,0,0,1,0,651,Fair
538,47,65951.25,0.8,5.6,5,0.156,0.55,2,60,1,0,561,Very Poor
539,33,78476.61,3.6,5.0,13,0.259,0.083,0,0,2,0,628,Poor
540,40,26064.81,4.6,0.5,5,0.401,0.454,1,30,3,0,468,Risky
541,21,147549.9,10.0,4.1,9,0.416,0.353,0,0,2,0,578,Very Poor
542,27,80814.1,4.8,5.0,9,0.718,0.256,2,0,0,0,575,Very Poor
543,40,20966.46,3.8,7.9,11,0.222,0.253,1,0,1,0,455,Risky
544,28,113627.35,1.5,7.0,10,0.205,0.09,1,0,2,1,543,Risky
545,41,36916.76,9.8,5.9,9,0.12,0.322,1,0,3,0,508,Risky
546,61,79571.57,2.6,2.4,7,0.25,0.312,1,0,0,0,616,Poor
547,43,154726.69,21.3,13.3,7,0.297,0.118,1,0,1,0,650,Poor
548,46,58033.73,0.3,3.1,10,0.242,0.125,1,0,1,0,635,Poor
549,42,131314.37,0.1,40.0,5,0.287,0.368,0,60,0,0,793,Excellent
550,36,61605.21,13.8,0.2,12,0.188,0.106,0,0,2,0,590,Very Poor
551,42,82114.96,1.2,1.2,8,0.43,0.396,2,0,1,0,546,Risky
552,51,92183.57,2.5,2.5,9,0.177,0.265,0,0,0,0,618,Poor
553,46,81192.08,0.4,3.1,12,0.505,0.478,0,30,1,0,612,Poor
554,70,35111.79,4.7,19.5,7,0.332,0.275,1,0,1,0,596,Very Poor
555,48,89507.51,10.3,7.0,13,0.427,0.135,2,30,1,0,575,Very Poor
556,63,13578.02,6.2,0.8,6,0.086,0.282,0,0,1,0,523,Risky
557,23,16203.03,0.2,17.2,7,0.345,0.431,0,0,0,0,569,Very Poor
558,36,27135.76,1.6,8.9,12,0.326,0.202,1,0,2,0,569,Very Poor
559,30,27696.78,7.0,29.1,12,0.211,0.261,2,0,3,0,663,Fair
560,43,74061.26,1.7,11.4,5,0.524,0.178,0,0,1,0,615,Poor
561,22,62706.19,0.6,10.6,8,0.227,0.385,1,120,1,0,557,Very Poor
562,47,62287.54,6.9,27.4,9,0.339,0.464,3,0,2,0,644,Poor
563,51,75497.53,4.4,6.2,9,0.088,0.337,0,30,1,0,590,Very Poor
564,46,82720.63,1.7,13.6,6,0.317,0.378,1,0,1,0,618,Poor
565,34,84652.03,2.5,10.8,5,0.461,0.449,2,0,0,0,629,Poor
566,65,26691.02,13.4,6.6,9,0.31,0.244,0,0,1,0,548,Risky
567,21,276742.73,2.3,7.5,9,0.189,0.215,0,60,1,1,590,Very Poor
568,36,13537.88,0.1,11.1,6,0.656,0.158,2,0,1,0,484,Risky
569,59,10262.28,0.1,3.9,13,0.193,0.279,2,0,0,0,470,Risky
570,38,103271.05,11.2,11.8,12,0.235,0.275,2,0,0,0,607,Poor
571,37,168369.95,7.3,1.0,5,0.352,0.124,1,0,2,0,600,Very Poor
572,22,137543.55,2.0,7.2,6,0.327,0.21,0,0,1,0,682,Fair
573,48,35618.19,13.2,1.1,5,0.36,0.276,2,60,1,0,474,Risky
574,34,80951.27,2.8,2.9,11,0.471,0.16,0,60,2,1,447,Risky
575,44,56360.56,4.7,2.0,9,0.391,0.361,0,0,0,0,588,Very Poor
576,32,36117.43,3.2,2.6,5,0.142,0.288,1,0,1,0,499,Risky
577,30,26605.27,1.4,0.9,5,0.127,0.44,2,0,0,1,444,Risky
578,35,47256.02,2.3,1.1,9,0.498,0.509,2,0,0,0,540,Risky
579,50,67056.14,3.2,2.3,11,0.533,0.202,0,0,1,0,546,Risky
580,24,50189.67,9.4,1.3,12,0.349,0.523,0,0,3,0,536,Risky
581,32,29071.55,5.5,0.1,8,0.156,0.174,3,0,1,0,518,Risky
582,42,14342.26,2.8,3.3,15,0.565,0.368,0,0,1,0,551,Very Poor
583,37,142985.08,4.5,13.4,10,0.071,0.222,5,0,0,0,672,Fair
584,47,98920.3,4.9,2.9,7,0.533,0.21,0,0,1,0,602,Poor
585,36,35112.01,6.8,9.3,4,0.217,0.294,0,0,0,0,584,Very Poor
586,47,41737.27,1.9,6.7,3,0.111,0.243,1,0,1,0,543,Risky
587,47,27652.31,1.0,0.7,7,0.489,0.167,5,0,0,0,464,Risky
588,39,105890.28,4.1,22.7,7,0.274,0.193,2,0,0,0,689,Fair
589,38,100500.73,7.0,12.6,3,0.452,0.204,1,90,0,0,574,Very Poor
590,43,44990.86,14.3,1.4,13,0.446,0.282,0,0,1,0,611,Poor
591,22,21433.0,5.8,0.2,9,0.366,0.131,1,0,0,0,561,Very Poor
592,33,105830.13,1.0,13.9,7,0.181,0.261,1,0,0,0,659,Fair
593,43,22395.08,6.1,15.6,2,0.189,0.211,0,0,2,0,602,Poor
594,21,11114.25,6.7,18.4,10,0.268,0.227,1,0,1,0,590,Very Poor
595,57,25182.28,2.2,8.1,8,0.277,0.364,0,60,0,0,560,Very Poor
596,48,20274.26,4.0,19.5,7,0.245,0.113,0,0,2,0,594,Very Poor
597,35,5554.55,0.2,0.6,4,0.529,0.522,0,0,1,0,445,Risky
598,64,29911.46,3.8,7.3,7,0.143,0.096,0,0,2,0,611,Poor
599,43,47732.79,2.7,12.5,7,0.433,0.369,6,0,2,0,516,Risky
600,37,71469.91,3.0,5.8,9,0.673,0.254,0,0,2,0,616,Poor
601,40,44329.36,1.8,1.3,8,0.567,0.354,1,0,2,0,466,Risky
602,46,13727.24,0.1,7.5,11,0.098,0.428,0,0,1,0,532,Risky
603,29,62615.05,5.6,11.1,6,0.115,0.25,1,0,1,0,630,Poor
604,51,71734.1,2.8,1.1,9,0.456,0.25,0,0,1,0,605,Poor
605,48,62723.37,3.9,24.6,6,0.079,0.149,2,0,1,0,653,Fair
606,38,36804.19,13.3,21.1,9,0.252,0.265,0,0,1,0,714,Good
607,38,38966.02,10.2,3.2,8,0.224,0.209,2,0,0,0,576,Very Poor
608,22,79833.64,2.2,3.2,11,0.293,0.354,0,0,0,0,643,Poor
609,30,15249.1,5.5,6.2,11,0.087,0.421,2,0,1,0,512,Risky
610,24,65966.34,2.0,33.8,4,0.183,0.183,2,0,1,0,726,Good
611,53,69462.11,2.8,9.3,7,0.204,0.17,0,0,0,1,551,Very Poor
612,36,14807.58,4.6,15.0,16,0.242,0.162,1,0,2,0,555,Very Poor
613,52,35801.93,13.8,11.7,11,0.307,0.263,0,0,0,0,616,Poor
614,31,33717.66,0.3,1.7,13,0.666,0.288,0,0,1,0,519,Risky
615,21,32523.53,6.8,0.3,11,0.032,0.201,0,0,4,0,489,Risky
616,49,28853.34,14.8,1.4,12,0.307,0.3,1,30,1,0,522,Risky
617,32,106134.53,4.5,11.9,11,0.195,0.224,4,30,0,0,618,Poor
618,30,74157.67,0.7,6.0,5,0.269,0.198,0,30,1,0,618,Poor
619,42,35170.11,2.7,40.0,9,0.296,0.458,2,0,1,0,680,Fair
620,35,61484.54,1.3,0.6,12,0.445,0.281,0,0,0,0,632,Poor
621,55,75396.12,1.3,25.9,9,0.401,0.32,0,0,1,0,683,Fair
622,24,120588.04,2.7,0.1,6,0.268,0.213,4,0,1,0,579,Very Poor
623,55,60279.43,1.8,2.5,7,0.324,0.13,2,0,0,0,550,Risky
624,24,450488.71,9.4,7.1,13,0.241,0.169,2,0,4,0,673,Fair
625,30,37164.82,8.4,2.1,4,0.207,0.132,0,120,0,0,528,Risky
626,35,302374.32,7.7,10.7,4,0.329,0.238,1,0,0,0,668,Fair
627,33,10701.62,7.8,0.8,10,0.344,0.366,0,60,1,0,448,Risky
628,21,58452.32,2.0,9.7,8,0.039,0.331,1,0,0,0,573,Very Poor
629,29,31416.25,0.0,9.6,9,0.064,0.165,0,0,0,0,613,Poor
630,49,29262.66,1.5,14.9,15,0.286,0.4,0,0,2,0,595,Very Poor
631,31,25929.59,1.1,5.6,11,0.162,0.213,3,0,0,0,571,Very Poor
632,33,125894.7,10.2,5.6,9,0.671,0.348,0,60,0,0,606,Poor
633,38,90720.24,9.3,0.7,10,0.64,0.242,1,0,1,0,544,Risky
634,40,176522.26,2.3,0.0,9,0.188,0.123,1,0,1,0,629,Poor
635,54,35569.75,8.5,9.2,11,0.061,0.252,2,30,0,0,628,Poor
636,32,161625.87,3.7,12.1,11,0.349,0.322,1,30,1,0,648,Poor
637,34,36743.78,0.6,1.7,5,0.248,0.297,1,0,2,0,524,Risky
638,56,36781.48,3.8,12.0,11,0.068,0.494,4,60,0,0,545,Risky
639,38,23456.88,2.4,7.3,11,0.236,0.429,3,90,0,0,411,Risky
640,37,41613.93,0.8,10.6,9,0.151,0.142,1,0,0,0,594,Very Poor
641,27,30251.1,4.7,0.2,10,0.175,0.11,2,0,0,0,569,Very Poor
642,46,26935.18,2.6,21.2,11,0.319,0.183,0,0,3,0,604,Poor
643,34,73291.49,1.1,0.2,6,0.29,0.451,0,0,1,0,594,Very Poor
644,58,147875.64,5.4,5.6,4,0.433,0.241,1,0,2,0,631,Poor
645,44,14844.57,3.7,7.8,13,0.122,0.118,1,0,2,0,511,Risky
646,45,31881.5,17.1,1.3,3,0.12,0.224,0,0,4,0,567,Very Poor
647,45,42282.33,0.5,17.7,9,0.139,0.321,0,0,1,1,566,Very Poor
648,48,74479.49,3.2,8.4,7,0.08,0.278,1,0,0,0,654,Fair
649,21,125694.2,2.7,7.4,6,0.387,0.49,0,0,3,0,641,Poor
650,51,23524.96,0.4,29.8,8,0.225,0.078,3,0,0,0,660,Fair
651,30,54958.46,7.5,8.0,7,0.278,0.612,0,0,2,0,589,Very Poor
652,26,44692.52,4.0,28.7,8,0.606,0.438,5,0,0,0,586,Very Poor
653,56,64909.54,5.6,6.8,12,0.28,0.349,0,0,0,0,661,Fair
654,55,115044.42,7.5,0.8,7,0.138,0.258,0,0,2,0,595,Very Poor
655,36,19192.38,6.4,9.4,11,0.246,0.379,0,0,1,0,559,Very Poor
656,21,26979.31,1.3,6.1,4,0.207,0.357,0,0,1,0,516,Risky
657,55,121148.27,10.3,3.4,6,0.246,0.252,1,0,0,0,627,Poor
658,34,28658.84,1.5,1.6,7,0.092,0.503,1,0,2,0,509,Risky
659,23,85506.1,5.1,0.7,6,0.395,0.251,1,30,0,0,530,Risky
660,44,20106.83,5.6,0.4,10,0.53,0.324,0,0,0,0,559,Very Poor
661,23,19668.22,0.6,7.2,10,0.132,0.252,2,0,2,0,527,Risky
662,30,16856.85,9.5,16.9,9,0.198,0.208,2,30,1,0,554,Very Poor
663,28,6723.49,4.4,0.7,14,0.628,0.395,2,90,1,0,382,Risky
664,48,41019.33,2.0,8.9,9,0.289,0.216,3,30,2,1,432,Risky
665,40,70100.77,6.8,2.6,10,0.388,0.208,2,90,1,0,563,Very Poor
666,55,84166.46,14.6,6.7,5,0.041,0.334,0,0,3,0,620,Poor
667,36,240799.81,2.5,0.9,8,0.339,0.538,0,0,1,0,616,Poor
668,29,36097.16,18.2,9.1,5,0.376,0.23,1,0,0,0,612,Poor
669,44,37802.72,1.8,0.3,9,0.097,0.265,1,0,1,0,551,Very Poor
670,58,29560.5,3.0,4.4,7,0.58,0.185,0,0,1,0,658,Fair
671,60,68400.14,15.9,12.6,9,0.399,0.337,4,30,0,0,501,Risky
672,39,249855.71,0.9,0.9,7,0.104,0.361,1,0,0,0,676,Fair
673,29,24376.34,7.1,22.5,12,0.232,0.444,0,0,1,1,581,Very Poor
674,46,30478.59,0.3,18.5,9,0.198,0.183,2,0,1,0,567,Very Poor
675,35,68421.0,1.7,0.2,8,0.133,0.114,1,0,1,0,608,Poor
676,35,122973.71,26.2,12.5,3,0.282,0.477,0,60,0,1,581,Very Poor
677,48,16870.5,3.1,8.6,7,0.344,0.251,1,90,2,0,463,Risky
678,27,32342.68,2.4,1.7,8,0.143,0.114,1,0,0,0,560,Very Poor
679,51,207205.3,0.2,3.0,7,0.238,0.489,2,0,0,0,597,Very Poor
680,47,119419.25,3.0,0.2,12,0.594,0.147,2,0,1,0,637,Poor
681,48,7989.19,6.4,10.6,6,0.346,0.23,0,0,0,0,576,Very Poor
682,43,20576.48,13.9,0.8,7,0.139,0.182,1,0,2,0,496,Risky
683,21,24995.02,6.8,0.6,6,0.258,0.21,2,0,0,0,503,Risky
684,31,17399.93,0.9,7.1,8,0.139,0.221,1,0,2,0,512,Risky
685,45,312311.22,7.9,3.0,11,0.244,0.147,3,60,0,0,585,Very Poor
686,59,287622.57,7.0,12.3,8,0.115,0.593,2,0,0,0,696,Fair
687,39,67990.37,3.8,3.4,6,0.139,0.304,0,30,0,0,589,Very Poor
688,29,65415.77,6.3,0.5,6,0.089,0.47,1,0,1,1,460,Risky
689,28,65099.0,4.9,0.3,10,0.12,0.221,1,0,0,0,605,Poor
690,57,59384.99,2.5,3.3,5,0.1,0.316,0,30,4,0,544,Risky
691,32,73201.6,0.2,0.3,7,0.438,0.316,1,30,0,0,493,Risky
692,30,32131.27,0.3,33.3,6,0.058,0.259,1,0,1,0,685,Fair
693,43,71659.56,0.2,0.9,9,0.202,0.331,2,0,2,0,499,Risky
694,25,145704.82,13.4,8.9,6,0.291,0.474,0,0,0,0,671,Fair
695,37,29880.06,3.8,1.8,10,0.45,0.214,1,0,0,0,536,Risky
696,51,43448.77,2.9,2.6,8,0.087,0.311,0,0,2,0,590,Very Poor
697,38,14683.67,3.7,3.7,6,0.506,0.175,0,0,1,0,497,Risky
698,48,123412.72,2.6,0.9,10,0.539,0.387,1,0,1,0,537,Risky
699,48,32136.26,0.5,15.4,6,0.152,0.436,1,0,1,0,663,Fair
700,21,111759.99,2.1,3.5,9,0.683,0.449,0,0,2,0,550,Risky
701,29,33286.86,3.8,2.7,6,0.499,0.248,2,0,2,1,339,Risky
702,48,30933.19,2.1,3.2,5,0.171,0.417,1,0,0,0,584,Very Poor
703,41,59997.7,5.1,10.5,7,0.05,0.236,0,0,1,0,619,Poor
704,26,27605.04,14.6,9.7,7,0.281,0.168,2,90,1,0,521,Risky
705,28,9444.83,3.8,0.4,11,0.606,0.387,1,0,1,0,481,Risky
706,36,121461.95,4.6,2.8,14,0.263,0.268,1,0,1,0,604,Poor
707,36,17835.79,1.0,7.0,5,0.006,0.268,0,0,0,0,612,Poor
708,21,27993.07,14.5,5.7,9,0.208,0.288,1,0,2,0,521,Risky
709,67,32350.11,3.5,6.6,9,0.112,0.108,2,90,2,0,481,Risky
710,57,39682.36,5.5,1.7,7,0.319,0.5,2,0,0,0,571,Very Poor
711,29,25645.81,2.4,4.5,11,0.091,0.362,1,0,1,0,546,Risky
712,38,112165.94,2.4,5.5,7,0.336,0.186,0,0,1,0,604,Poor
713,48,29915.27,6.8,8.0,10,0.065,0.16,1,60,1,0,538,Risky
714,38,39681.15,7.4,1.2,6,0.706,0.316,1,60,0,0,585,Very Poor
715,28,120601.67,11.1,0.6,6,0.162,0.203,1,0,2,0,595,Very Poor
716,43,18432.94,9.1,4.0,6,0.147,0.166,0,90,2,0,492,Risky
717,44,128556.41,1.3,27.4,18,0.517,0.338,1,0,2,1,638,Poor
718,48,117620.27,0.6,10.3,5,0.301,0.196,0,0,2,0,634,Poor
719,36,69248.52,6.6,0.5,11,0.289,0.465,0,0,0,0,584,Very Poor
720,32,30157.53,4.9,14.0,7,0.274,0.393,3,0,5,0,571,Very Poor
721,57,74528.56,5.5,6.3,6,0.236,0.435,3,0,1,0,540,Risky
722,22,34711.42,1.1,25.5,8,0.573,0.247,2,0,0,0,608,Poor
723,29,60837.68,4.4,15.7,10,0.361,0.663,1,60,1,0,652,Fair
724,35,20650.69,10.3,5.8,11,0.511,0.311,0,0,0,0,554,Very Poor
725,32,19881.23,2.5,16.9,8,0.177,0.422,0,0,1,0,517,Risky
726,35,135167.2,0.6,2.3,5,0.073,0.644,0,60,2,0,571,Very Poor
727,40,12746.59,0.9,2.9,7,0.61,0.357,4,0,0,0,428,Risky
728,21,25023.59,9.6,1.6,10,0.454,0.193,0,0,0,0,513,Risky
729,50,194935.8,3.9,1.9,11,0.472,0.336,2,0,2,0,599,Very Poor
730,54,8757.83,6.1,2.4,4,0.251,0.44,1,90,1,0,348,Risky
731,47,23168.01,5.1,4.5,10,0.246,0.178,1,0,0,0,549,Risky
732,47,11704.24,8.2,4.5,3,0.422,0.205,3,0,1,0,463,Risky
733,49,41330.96,6.9,19.5,11,0.488,0.151,0,0,1,0,668,Fair
734,30,57891.89,4.0,4.0,11,0.393,0.255,0,30,4,0,558,Very Poor
735,49,152646.25,4.0,5.3,9,0.291,0.512,1,0,4,0,615,Poor
736,50,48955.12,1.8,2.9,8,0.396,0.389,4,0,0,0,493,Risky
737,28,57036.93,1.5,8.6,8,0.392,0.041,1,0,2,0,629,Poor
738,47,24129.75,6.9,7.9,8,0.309,0.077,0,0,0,0,582,Very Poor
739,32,55251.45,9.8,3.6,8,0.338,0.405,2,0,0,0,566,Very Poor
740,46,14468.76,8.6,0.1,12,0.296,0.151,1,0,0,0,519,Risky
741,36,55432.93,9.3,1.1,11,0.089,0.204,1,0,1,0,597,Very Poor
742,39,74908.71,6.4,12.5,8,0.755,0.242,0,0,0,0,639,Poor
743,21,96049.86,1.8,2.8,3,0.083,0.461,1,60,5,0,553,Very Poor
744,52,16997.01,2.6,7.8,6,0.277,0.283,1,0,1,0,523,Risky
745,46,14649.38,0.7,1.6,11,0.234,0.172,1,30,3,0,441,Risky
746,34,160099.81,0.7,11.2,5,0.192,0.561,2,30,1,0,667,Fair
747,22,38160.61,7.4,6.2,10,0.254,0.387,1,0,1,1,524,Risky
748,38,28283.11,0.6,7.0,10,0.296,0.424,0,0,0,0,559,Very Poor
749,41,44574.41,6.3,4.3,8,0.236,0.473,1,0,1,0,528,Risky
750,27,20269.4,7.4,2.0,10,0.42,0.251,0,30,1,0,488,Risky
751,47,29055.93,9.4,11.4,9,0.157,0.252,3,0,1,0,533,Risky
752,38,15200.73,2.6,4.1,5,0.283,0.601,1,30,0,0,501,Risky
753,27,35531.34,2.0,11.8,9,0.178,0.068,1,120,0,0,602,Poor
754,47,110828.55,10.5,0.6,5,0.168,0.417,2,0,2,0,545,Risky
755,35,23860.21,0.4,2.6,7,0.081,0.241,3,0,1,0,532,Risky
756,55,86780.26,1.8,13.7,7,0.212,0.53,2,60,2,0,580,Very Poor
757,33,57172.21,10.6,2.1,3,0.403,0.257,2,0,2,0,571,Very Poor
758,35,32265.02,4.9,2.2,3,0.288,0.204,0,0,1,0,544,Risky
759,44,61559.93,5.3,10.5,8,0.608,0.433,1,30,2,0,591,Very Poor
760,50,7953.85,4.9,8.3,6,0.132,0.438,2,0,0,0,467,Risky
761,37,66980.17,2.6,11.6,9,0.069,0.31,0,0,1,0,651,Fair
762,39,69461.2,3.8,4.2,10,0.153,0.394,1,0,3,0,575,Very Poor
763,24,111858.05,6.2,0.3,5,0.23,0.301,1,0,2,0,611,Poor
764,36,19138.96,0.4,8.1,6,0.544,0.351,3,0,1,0,507,Risky
765,46,121535.34,3.8,8.6,10,0.289,0.396,0,0,1,0,651,Fair
766,38,32409.09,1.6,6.4,8,0.14,0.365,0,30,2,0,529,Risky
767,53,73686.28,21.4,11.7,13,0.295,0.101,0,0,3,0,639,Poor
768,39,47528.22,2.8,6.3,9,0.261,0.529,0,0,1,0,603,Poor
769,29,21299.58,10.3,1.9,6,0.228,0.557,0,0,2,0,479,Risky
770,26,58302.56,18.3,13.0,4,0.123,0.238,0,0,1,0,686,Fair
771,44,122745.81,3.9,4.4,10,0.15,0.196,2,0,1,0,586,Very Poor
772,53,25837.76,6.3,3.3,18,0.572,0.222,2,90,2,0,454,Risky
773,47,27549.45,1.8,14.1,5,0.444,0.349,1,0,1,0,562,Very Poor
774,21,49008.27,0.8,2.1,8,0.169,0.345,2,0,0,0,540,Risky
775,56,56359.33,0.3,20.2,10,0.371,0.23,1,120,1,0,566,Very Poor
776,35,111520.96,8.0,7.3,9,0.425,0.239,3,0,2,0,574,Very Poor
777,25,99987.33,2.2,5.3,5,0.503,0.099,0,0,1,0,646,Poor
778,28,94718.53,0.7,1.5,10,0.075,0.165,0,0,1,0,626,Poor
779,38,64408.49,4.0,2.5,7,0.236,0.174,0,0,0,1,493,Risky
780,41,29879.15,14.6,7.8,11,0.267,0.646,1,0,0,0,529,Risky
781,31,25149.7,0.7,0.8,8,0.602,0.164,0,0,1,0,516,Risky
782,26,70618.9,10.8,4.2,9,0.324,0.488,2,60,1,0,531,Risky
783,34,30689.81,0.9,7.2,10,0.344,0.187,0,0,0,0,579,Very Poor
784,43,46403.41,1.2,17.0,10,0.184,0.165,0,0,0,0,646,Poor
785,25,73754.64,0.0,37.8,12,0.279,0.141,1,0,2,0,771,Excellent
786,44,35580.44,4.0,0.4,9,0.336,0.249,1,0,1,0,527,Risky
787,45,51823.78,23.2,7.6,4,0.114,0.423,1,0,0,0,589,Very Poor
788,54,48451.34,0.8,2.3,6,0.329,0.339,0,30,1,0,531,Risky
789,27,51903.05,7.4,7.4,9,0.268,0.257,0,30,0,0,607,Poor
790,42,30887.85,5.6,0.1,11,0.418,0.439,2,0,0,0,529,Risky
791,21,7143.78,0.4,5.6,10,0.073,0.306,1,60,0,0,435,Risky
792,40,61943.25,5.3,0.3,5,0.211,0.567,2,0,1,0,582,Very Poor
793,44,64042.56,1.3,4.1,6,0.071,0.246,0,0,2,0,596,Very Poor
794,44,62551.13,11.5,4.3,6,0.029,0.338,1,60,1,0,535,Risky
795,55,41231.97,0.4,15.9,5,0.125,0.337,2,0,1,0,662,Fair
796,46,19193.34,0.2,6.9,5,0.2,0.243,0,0,1,0,536,Risky
797,38,41376.37,1.3,5.1,7,0.216,0.188,1,0,1,0,552,Very Poor
798,21,31066.78,1.4,4.8,7,0.497,0.33,1,0,0,0,502,Risky
799,21,24136.39,5.3,17.2,10,0.423,0.679,1,0,1,0,621,Poor
800,45,94653.82,3.1,2.3,8,0.526,0.33,3,30,1,0,550,Risky
801,50,11442.17,3.1,13.0,6,0.135,0.336,3,90,1,0,426,Risky
802,49,97850.26,2.7,4.7,2,0.41,0.415,1,90,2,1,475,Risky
803,44,99361.38,7.9,0.1,3,0.565,0.159,1,0,3,0,594,Very Poor
804,39,21796.39,0.3,18.3,9,0.433,0.197,2,90,1,0,538,Risky
805,28,17435.59,2.4,16.2,7,0.099,0.182,1,0,0,0,605,Poor
806,32,51632.76,1.7,12.1,7,0.636,0.245,0,90,2,0,571,Very Poor
807,51,64991.64,3.8,2.6,7,0.103,0.231,1,0,4,0,601,Poor
808,43,43496.13,8.9,3.5,11,0.029,0.496,0,0,1,0,591,Very Poor
809,35,34184.94,9.1,5.7,3,0.283,0.148,1,0,1,0,495,Risky
810,44,50336.04,2.9,4.7,8,0.619,0.102,2,0,2,0,571,Very Poor
811,51,90953.57,3.5,6.0,8,0.105,0.413,2,0,0,0,623,Poor
812,30,14301.53,1.4,3.5,10,0.105,0.18,0,0,1,0,487,Risky
813,21,22850.01,9.0,7.3,7,0.076,0.145,5,0,1,0,505,Risky
814,51,93725.3,1.8,6.6,7,0.292,0.509,0,0,1,0,671,Fair
815,41,69059.63,0.9,7.5,14,0.178,0.281,2,0,3,0,555,Very Poor
816,48,30203.93,1.7,2.5,9,0.569,0.245,2,0,0,0,555,Very Poor
817,24,52236.77,4.0,2.7,9,0.45,0.301,2,0,1,0,521,Risky
818,62,38203.12,0.1,8.0,7,0.05,0.574,2,30,2,0,603,Poor
819,55,122096.64,0.7,4.7,7,0.364,0.208,1,0,1,0,600,Very Poor
820,29,18253.12,0.2,1.5,11,0.184,0.213,0,90,0,0,489,Risky
821,47,30466.59,1.9,11.5,4,0.136,0.18,1,0,1,0,589,Very Poor
822,54,23281.41,0.6,7.7,4,0.183,0.295,2,0,0,0,553,Very Poor
823,45,276486.46,0.2,2.6,13,0.218,0.236,0,60,0,0,656,Fair
824,42,31061.75,0.6,11.4,8,0.388,0.515,0,60,0,0,548,Risky
825,44,22805.21,7.1,2.1,6,0.232,0.105,1,0,3,0,485,Risky
826,52,42669.79,3.3,13.4,10,0.307,0.04,0,0,2,0,667,Fair
827,35,41342.58,6.3,8.7,4,0.194,0.238,2,0,1,0,562,Very Poor
828,27,15682.35,1.6,3.1,13,0.135,0.317,0,0,2,0,506,Risky
829,42,65970.8,0.9,9.3,8,0.169,0.257,1,0,2,0,630,Poor
830,30,45729.09,5.0,9.1,10,0.523,0.303,1,0,0,0,603,Poor
831,42,24979.54,2.1,0.4,2,0.414,0.218,3,0,0,0,461,Risky
832,21,107286.08,2.3,10.7,8,0.386,0.434,2,0,1,0,612,Poor
833,21,22014.86,0.3,7.4,6,0.22,0.103,1,0,1,0,555,Very Poor
834,50,24628.89,4.3,15.0,8,0.402,0.441,1,30,3,0,599,Very Poor
835,56,54288.03,0.0,2.8,7,0.257,0.325,0,60,0,0,598,Very Poor
836,56,76268.23,8.6,15.3,9,0.389,0.332,0,30,0,0,647,Poor
837,44,48969.4,6.9,4.7,9,0.265,0.377,0,0,3,0,573,Very Poor
838,43,36338.04,1.0,14.7,8,0.093,0.516,2,0,0,0,595,Very Poor
839,40,12341.92,0.7,16.5,4,0.371,0.57,3,30,2,0,397,Risky
840,35,11856.8,1.0,0.9,6,0.382,0.45,0,0,2,0,548,Risky
841,34,11329.63,3.5,8.0,10,0.059,0.03,0,0,0,0,554,Very Poor
842,52,15253.1,0.5,2.1,8,0.06,0.365,2,0,1,0,495,Risky
843,31,103390.13,1.7,10.2,6,0.187,0.407,1,30,1,0,620,Poor
844,26,15754.43,2.0,3.0,10,0.317,0.184,1,0,3,0,481,Risky
845,27,39285.57,28.7,5.1,6,0.144,0.46,0,60,1,0,554,Very Poor
846,26,81631.29,1.7,5.0,9,0.138,0.373,1,30,0,0,602,Poor
847,30,50571.3,12.9,2.6,6,0.778,0.287,1,90,1,1,395,Risky
848,22,26932.57,1.5,2.6,5,0.396,0.228,0,60,3,0,509,Risky
849,49,87068.89,1.7,11.2,8,0.25,0.08,0,0,0,0,681,Fair
850,35,17514.69,14.0,16.2,7,0.114,0.626,1,0,1,1,435,Risky
851,44,63704.24,0.2,4.7,7,0.29,0.352,1,30,2,0,549,Risky
852,37,59204.2,4.4,6.9,3,0.571,0.268,2,60,0,0,498,Risky
853,64,95618.24,1.2,0.1,5,0.297,0.395,1,0,3,0,541,Risky
854,36,115649.58,7.5,5.5,9,0.066,0.358,2,0,2,0,600,Very Poor
855,35,115397.05,0.5,0.5,8,0.246,0.2,1,0,0,0,640,Poor
856,22,29900.63,8.6,8.9,8,0.376,0.169,2,0,1,0,487,Risky
857,39,41351.14,4.2,19.2,6,0.341,0.131,0,0,0,0,671,Fair
858,41,33618.72,2.2,0.9,16,0.054,0.217,1,0,1,0,537,Risky
859,49,47532.72,10.6,3.8,14,0.184,0.213,0,60,2,0,525,Risky
860,47,181488.74,0.7,12.0,9,0.423,0.223,0,60,2,0,672,Fair
861,30,12769.7,1.9,4.6,9,0.335,0.592,1,0,1,0,527,Risky
862,52,43639.87,3.6,3.1,7,0.22,0.157,0,0,2,1,511,Risky
863,48,28213.67,6.8,5.1,13,0.06,0.449,0,0,0,0,545,Risky
864,45,147973.01,2.3,6.4,10,0.223,0.149,2,0,2,0,603,Poor
865,35,24250.73,8.2,1.9,7,0.105,0.479,0,0,1,0,537,Risky
866,30,129116.3,4.8,0.2,5,0.239,0.131,1,0,1,0,566,Very Poor
867,33,88443.79,1.2,10.9,10,0.378,0.181,1,0,0,0,703,Good
868,52,110005.92,3.5,1.2,4,0.376,0.263,1,90,0,0,551,Very Poor
869,39,13406.83,3.6,6.3,7,0.359,0.091,2,60,1,0,465,Risky
870,21,65806.39,2.1,9.8,9,0.491,0.505,2,0,1,0,624,Poor
871,33,75652.74,0.9,6.0,11,0.177,0.308,1,0,2,0,597,Very Poor
872,32,31708.63,3.2,4.7,4,0.441,0.145,2,90,2,0,522,Risky
873,54,61663.5,11.2,10.5,5,0.418,0.242,2,0,1,0,565,Very Poor
874,21,134012.54,17.2,6.8,7,0.396,0.535,1,0,2,0,576,Very Poor
875,40,31790.97,1.1,4.4,5,0.272,0.327,1,30,1,0,592,Very Poor
876,41,19590.16,2.7,1.2,5,0.188,0.319,1,0,1,0,522,Risky
877,45,15889.53,8.1,5.1,5,0.202,0.258,2,0,1,0,594,Very Poor
878,68,19590.47,4.3,25.4,10,0.72,0.317,0,0,0,0,653,Fair
879,56,32881.32,8.9,4.8,10,0.33,0.274,1,30,1,0,557,Very Poor
880,29,44661.36,4.1,2.1,8,0.34,0.201,1,0,1,0,497,Risky
881,40,38141.8,4.6,2.1,10,0.281,0.297,1,0,2,0,602,Poor
882,57,20111.69,7.4,3.4,6,0.178,0.296,1,0,0,0,574,Very Poor
883,61,195919.84,8.0,40.0,6,0.086,0.234,1,0,1,0,850,Excellent
884,53,45364.26,2.0,2.0,8,0.406,0.559,2,120,0,0,438,Risky
885,57,47862.22,3.3,9.6,5,0.34,0.263,1,60,2,0,521,Risky
886,41,20583.25,17.8,0.4,10,0.097,0.375,0,0,0,0,565,Very Poor
887,40,15896.42,3.1,3.8,9,0.219,0.313,1,30,2,0,507,Risky
888,31,144230.03,0.3,4.2,7,0.28,0.122,0,0,1,0,668,Fair
889,42,66917.73,3.4,9.8,4,0.531,0.194,2,90,1,0,535,Risky
890,34,38668.16,1.7,8.2,7,0.491,0.461,1,0,0,0,564,Very Poor
891,46,45545.11,4.4,1.0,8,0.427,0.31,0,0,0,0,585,Very Poor
892,44,76692.13,0.5,13.8,11,0.162,0.332,1,0,2,0,653,Fair
893,49,42891.34,2.8,29.8,6,0.155,0.349,0,0,0,0,773,Excellent
894,45,185148.6,3.8,8.0,10,0.401,0.162,0,90,0,0,604,Poor
895,29,33106.5,0.9,22.9,5,0.38,0.411,1,30,0,0,600,Very Poor
896,37,30985.59,0.7,8.1,8,0.235,0.253,0,0,1,0,595,Very Poor
897,57,56310.16,14.4,0.0,5,0.177,0.15,0,30,0,0,551,Very Poor
898,34,51249.54,4.4,5.7,10,0.475,0.286,2,0,2,0,540,Risky
899,42,64847.41,1.3,2.7,11,0.236,0.225,0,30,3,0,571,Very Poor
900,34,102032.6,8.0,13.7,11,0.346,0.253,1,0,1,0,636,Poor
901,45,15995.19,1.6,20.1,1,0.572,0.329,1,0,0,0,581,Very Poor
902,46,15989.12,5.0,0.6,6,0.187,0.093,3,90,1,0,461,Risky
903,43,119072.12,1.7,1.9,8,0.199,0.162,2,60,0,1,431,Risky
904,36,33088.85,1.0,0.1,11,0.14,0.43,1,0,0,0,579,Very Poor
905,55,26180.81,11.5,2.7,8,0.103,0.193,0,0,0,0,532,Risky
906,22,19902.07,1.4,3.0,4,0.629,0.229,1,0,0,0,524,Risky
907,48,80625.17,3.3,4.2,4,0.17,0.177,4,30,3,0,484,Risky
908,26,37384.03,21.9,6.7,7,0.106,0.302,0,120,0,0,567,Very Poor
909,32,21464.7,11.8,4.3,7,0.342,0.155,0,0,0,0,595,Very Poor
910,47,86255.95,2.4,10.6,9,0.153,0.484,1,30,1,0,603,Poor
911,42,18895.27,2.0,1.7,9,0.196,0.417,0,0,1,0,511,Risky
912,47,76367.59,6.6,6.8,7,0.174,0.212,2,0,2,0,582,Very Poor
913,45,126521.95,0.5,4.4,5,0.233,0.083,5,0,2,0,511,Risky
914,51,69627.65,1.7,0.5,12,0.311,0.174,2,0,2,0,582,Very Poor
915,33,174326.57,14.0,2.3,11,0.066,0.21,2,30,3,0,582,Very Poor
916,33,11615.02,3.2,15.5,13,0.225,0.358,0,0,2,0,531,Risky
917,34,61408.25,4.2,14.8,6,0.18,0.345,0,0,2,0,605,Poor
918,41,168280.92,2.6,1.3,9,0.497,0.167,0,60,1,0,673,Fair
919,44,35738.73,1.0,1.6,14,0.132,0.066,0,0,0,0,593,Very Poor
920,38,24199.17,4.8,2.4,9,0.421,0.124,0,0,0,0,552,Very Poor
921,36,57721.0,7.0,0.9,5,0.151,0.34,2,0,0,0,611,Poor
922,31,41232.05,2.4,3.7,9,0.266,0.266,2,30,0,1,458,Risky
923,21,127774.26,1.7,7.5,7,0.065,0.149,1,0,0,0,625,Poor
924,57,35160.64,5.2,6.5,13,0.528,0.338,0,0,3,0,534,Risky
925,43,20001.42,0.2,9.4,8,0.518,0.462,1,30,1,0,572,Very Poor
926,42,44453.71,8.5,10.4,9,0.417,0.213,0,0,1,0,578,Very Poor
927,65,18491.18,13.0,11.4,8,0.323,0.152,1,0,2,0,535,Risky
928,40,150297.65,6.3,11.8,9,0.283,0.084,1,30,2,0,576,Very Poor
929,38,51012.14,10.1,18.9,3,0.475,0.278,1,0,1,0,636,Poor
930,46,4861.6,9.9,0.7,10,0.402,0.449,0,0,0,0,426,Risky
931,48,16843.72,3.1,11.3,6,0.328,0.069,2,0,0,0,501,Risky
932,43,21045.6,3.7,2.8,4,0.268,0.314,0,0,0,0,524,Risky
933,39,68798.78,0.9,6.6,6,0.307,0.465,2,0,1,0,566,Very Poor
934,49,39068.72,6.2,10.9,5,0.409,0.401,1,0,2,0,509,Risky
935,41,20968.51,3.3,0.9,11,0.368,0.47,1,0,0,0,507,Risky
936,32,47750.84,0.2,7.3,5,0.47,0.289,2,0,2,0,573,Very Poor
937,55,72237.8,1.5,8.5,13,0.37,0.385,2,0,0,0,603,Poor
938,51,15895.58,8.3,2.3,11,0.47,0.274,1,120,2,0,451,Risky
939,44,39373.02,10.1,10.4,6,0.298,0.197,2,0,0,0,478,Risky
940,30,193019.54,16.3,1.7,9,0.356,0.273,1,0,1,0,679,Fair
941,34,106172.93,3.5,18.7,5,0.234,0.276,2,0,1,0,676,Fair
942,52,141184.17,12.8,3.5,10,0.283,0.278,1,0,1,0,634,Poor
943,25,19796.35,8.5,1.3,12,0.395,0.555,0,0,2,0,477,Risky
944,28,110807.9,0.1,12.4,15,0.634,0.5,1,0,2,0,658,Fair
945,32,75076.94,7.5,4.2,8,0.085,0.079,2,0,1,0,572,Very Poor
946,47,13679.86,3.5,3.7,7,0.503,0.394,2,0,1,0,421,Risky
947,48,169373.1,1.4,1.5,4,0.133,0.197,0,30,0,0,664,Fair
948,34,76153.88,2.1,4.4,10,0.11,0.045,3,0,0,0,558,Very Poor
949,49,28187.35,1.5,18.2,10,0.24,0.455,1,120,1,0,547,Risky
950,45,24293.02,2.1,6.7,8,0.261,0.337,2,0,0,0,533,Risky
951,28,19448.42,6.0,4.1,10,0.171,0.458,2,30,0,0,458,Risky
952,23,112072.43,4.8,14.5,11,0.547,0.184,1,0,0,0,626,Poor
953,50,79934.47,0.0,0.3,8,0.322,0.169,1,0,1,0,569,Very Poor
954,30,67874.89,0.0,16.8,11,0.175,0.371,2,0,1,0,571,Very Poor
955,58,27793.69,9.9,4.9,7,0.294,0.369,3,0,1,0,501,Risky
956,24,76634.03,4.1,20.8,6,0.315,0.255,2,30,0,0,688,Fair
957,35,40896.98,2.3,5.0,13,0.341,0.47,1,30,1,0,484,Risky
958,23,11100.97,3.7,0.1,3,0.723,0.329,2,0,1,0,469,Risky
959,37,16648.18,0.9,5.4,8,0.117,0.285,0,0,0,0,557,Very Poor
960,36,22240.25,0.0,13.0,5,0.246,0.325,0,0,2,0,531,Risky
961,36,198072.3,5.5,10.1,10,0.552,0.373,1,0,1,0,602,Poor
962,42,26842.19,1.5,9.9,10,0.315,0.402,0,0,1,0,629,Poor
963,21,12740.62,17.8,6.4,6,0.09,0.189,1,0,0,0,521,Risky
964,34,161620.84,6.9,0.8,7,0.709,0.082,1,0,1,0,640,Poor
965,27,89610.52,2.2,10.1,7,0.155,0.166,2,0,1,0,611,Poor
966,59,70709.47,17.8,0.2,4,0.082,0.468,1,90,2,0,487,Risky
967,50,71127.17,3.4,8.0,12,0.304,0.419,0,0,0,0,657,Fair
968,48,393880.84,0.7,4.3,4,0.314,0.259,0,0,1,0,697,Fair
969,40,19931.38,8.2,1.1,1,0.291,0.324,2,0,0,0,482,Risky
970,59,72162.78,6.8,16.0,5,0.37,0.249,0,0,0,0,675,Fair
971,31,31678.16,1.0,1.6,6,0.287,0.709,0,0,2,0,519,Risky
972,36,65669.02,2.8,7.2,16,0.142,0.257,1,60,0,0,577,Very Poor
973,62,100477.11,8.4,9.0,4,0.259,0.165,2,0,1,0,648,Poor
974,39,65000.86,3.1,0.1,8,0.15,0.372,1,0,1,0,551,Very Poor
975,51,19279.61,0.8,8.4,4,0.365,0.267,0,0,0,0,521,Risky
976,65,8693.18,6.4,7.5,6,0.531,0.155,2,60,1,0,435,Risky
977,38,116604.4,0.1,8.0,11,0.532,0.329,0,0,1,0,659,Fair
978,27,120641.67,2.6,2.7,4,0.373,0.455,0,0,1,0,584,Very Poor
979,34,28983.12,1.7,14.2,10,0.463,0.376,2,60,2,0,504,Risky
980,65,140428.89,0.4,2.4,9,0.189,0.278,2,60,0,0,541,Risky
981,52,17268.46,0.0,5.0,8,0.315,0.24,0,60,1,0,515,Risky
982,21,14705.75,1.4,0.3,6,0.243,0.189,1,0,0,0,538,Risky
983,61,104288.27,3.0,1.5,9,0.125,0.413,0,0,1,0,562,Very Poor
984,49,56276.81,1.9,2.0,7,0.222,0.555,0,0,1,0,610,Poor
985,45,289292.41,1.0,10.2,8,0.595,0.161,0,90,0,0,697,Fair
986,32,179980.01,7.0,5.1,8,0.227,0.201,0,0,0,0,634,Poor
987,21,44176.99,1.4,7.6,9,0.186,0.194,0,60,1,0,550,Risky
988,45,20561.05,6.3,0.5,11,0.511,0.526,1,0,2,0,459,Risky
989,48,472805.99,2.4,11.8,7,0.464,0.262,0,0,3,0,705,Good
990,53,13045.08,4.2,8.3,5,0.28,0.109,1,0,0,0,592,Very Poor
991,46,43609.19,1.2,2.3,12,0.251,0.454,0,60,0,0,509,Risky
992,38,105043.88,4.7,4.8,6,0.203,0.266,1,60,2,0,575,Very Poor
993,43,74117.73,8.2,0.4,5,0.31,0.186,1,90,2,0,506,Risky
994,30,61324.86,2.4,9.8,9,0.099,0.435,0,0,0,0,704,Good
995,28,75963.89,1.0,4.0,10,0.1,0.309,3,0,0,0,521,Risky
996,35,72826.43,6.6,0.4,8,0.396,0.22,1,0,0,0,572,Very Poor
997,28,198155.84,6.3,24.6,7,0.525,0.346,3,90,3,0,633,Poor
998,39,56395.81,12.1,0.7,7,0.198,0.713,1,0,1,0,547,Risky
999,44,67376.08,0.1,9.0,3,0.343,0.286,0,0,2,0,599,Very Poor
1000,28,219909.05,6.2,12.3,8,0.312,0.387,0,30,1,0,699,Fair
1001,44,20324.42,1.2,15.6,10,0.33,0.478,0,0,1,0,574,Very Poor
1002,42,11768.98,1.5,2.3,9,0.671,0.472,3,0,2,0,460,Risky
1003,48,25518.77,2.8,0.9,12,0.269,0.27,1,30,0,0,511,Risky
1004,21,70752.82,0.8,2.5,11,0.084,0.143,1,0,0,0,602,Poor
1005,46,30577.82,7.1,1.3,13,0.295,0.339,2,0,2,0,517,Risky
1006,50,69779.52,1.3,7.5,3,0.309,0.273,1,0,0,0,636,Poor
1007,21,30605.23,5.5,11.5,5,0.173,0.288,1,30,1,0,538,Risky
1008,47,43762.28,1.7,3.1,11,0.338,0.609,0,0,0,0,542,Risky
1009,21,30415.66,4.7,14.2,6,0.16,0.432,0,0,0,0,584,Very Poor
1010,45,47010.01,10.0,0.7,5,0.204,0.093,0,0,3,0,545,Risky
1011,56,149246.91,15.9,5.7,10,0.261,0.378,1,30,1,0,611,Poor
1012,32,537286.34,4.8,3.1,6,0.136,0.17,1,60,1,0,654,Fair
1013,47,15327.73,4.1,23.8,10,0.054,0.167,1,90,2,0,596,Very Poor
1014,37,25784.52,1.1,8.6,6,0.108,0.573,2,30,0,0,537,Risky
1015,22,9239.14,0.8,4.4,3,0.316,0.154,0,0,2,0,540,Risky
1016,36,424974.22,0.1,2.3,12,0.382,0.572,2,0,2,0,593,Very Poor
1017,54,31433.25,2.1,4.9,7,0.282,0.244,0,0,1,0,591,Very Poor
1018,39,335000.38,1.7,14.0,4,0.478,0.144,2,0,1,0,682,Fair
1019,45,38897.19,6.4,34.4,5,0.661,0.188,1,0,0,1,596,Very Poor
1020,32,10380.29,10.4,0.6,9,0.402,0.271,1,0,2,0,440,Risky
1021,53,49001.23,2.0,0.4,8,0.498,0.381,0,0,1,0,524,Risky
1022,42,25425.02,1.7,8.1,6,0.256,0.094,4,0,1,0,456,Risky
1023,41,45174.98,11.7,8.3,12,0.35,0.217,2,0,0,0,559,Very Poor
1024,21,35943.78,2.7,7.7,13,0.065,0.21,1,30,2,0,524,Risky
1025,42,74662.63,2.6,5.3,7,0.154,0.283,1,60,0,0,605,Poor
1026,35,21888.28,0.3,1.3,5,0.219,0.308,1,60,1,0,510,Risky
1027,53,25499.82,2.4,15.4,7,0.191,0.229,0,0,2,0,606,Poor
1028,42,135866.33,0.5,5.3,10,0.352,0.398,0,0,2,0,642,Poor
1029,21,12440.39,0.6,2.1,9,0.187,0.252,2,30,2,1,346,Risky
1030,43,30356.73,3.6,7.0,7,0.338,0.641,1,0,0,0,573,Very Poor
1031,44,63240.3,7.9,6.0,11,0.382,0.141,1,0,3,0,561,Very Poor
1032,46,133903.95,18.6,7.4,6,0.217,0.394,0,0,0,0,664,Fair
1033,36,69917.95,6.4,3.3,9,0.42,0.363,2,0,0,0,523,Risky
1034,33,35652.17,0.9,8.0,15,0.023,0.063,2,0,0,0,572,Very Poor
1035,27,22602.35,12.9,10.0,5,0.211,0.521,1,0,2,0,548,Risky
1036,29,65306.66,0.1,6.7,8,0.119,0.393,1,0,0,0,618,Poor
1037,41,365693.93,11.3,10.3,11,0.101,0.444,1,0,0,0,765,Excellent
1038,34,47576.23,5.2,1.6,11,0.306,0.1,2,30,1,0,521,Risky
1039,45,94087.96,5.3,2.2,5,0.405,0.119,2,0,1,1,466,Risky
1040,41,303891.39,3.7,10.7,8,0.167,0.378,1,0,1,1,593,Very Poor
1041,34,80118.82,2.7,0.3,7,0.305,0.366,1,120,0,0,470,Risky
1042,23,19628.4,0.9,5.7,8,0.32,0.205,2,30,1,0,469,Risky
1043,40,53171.35,0.9,3.6,11,0.303,0.327,1,30,1,0,533,Risky
1044,26,46646.28,7.4,8.4,4,0.381,0.197,0,0,0,0,574,Very Poor
1045,33,60696.7,2.4,0.0,7,0.098,0.283,0,60,0,0,582,Very Poor
1046,27,113929.9,5.8,3.4,2,0.124,0.351,1,0,0,0,614,Poor
1047,35,10587.09,8.8,5.5,11,0.647,0.341,0,0,1,0,491,Risky
1048,28,31219.77,7.0,5.4,5,0.242,0.125,1,0,3,0,524,Risky
1049,21,120180.64,0.9,1.2,4,0.261,0.297,1,0,1,0,608,Poor
1050,44,212244.61,8.9,4.9,12,0.421,0.294,0,0,3,0,669,Fair
1051,33,45450.74,2.1,8.6,12,0.321,0.191,0,0,1,0,649,Poor
1052,50,31821.7,2.7,6.9,5,0.206,0.454,2,0,0,0,527,Risky
1053,52,129419.13,2.0,7.4,4,0.357,0.406,0,0,0,0,626,Poor
1054,47,14326.36,3.2,2.1,14,0.388,0.409,2,0,1,0,501,Risky
1055,43,42899.22,23.3,12.0,6,0.064,0.4,1,0,0,0,666,Fair
1056,31,167507.45,6.2,4.7,6,0.141,0.322,0,0,0,0,631,Poor
1057,35,79404.88,1.1,14.2,7,0.155,0.259,1,60,2,0,606,Poor
1058,30,98679.56,1.6,25.7,8,0.43,0.16,0,0,0,0,670,Fair
1059,53,28459.76,8.9,0.8,7,0.256,0.471,1,60,0,0,512,Risky
1060,35,7766.25,12.9,5.5,3,0.209,0.169,1,0,3,0,491,Risky
1061,32,28628.11,4.5,6.2,10,0.148,0.323,2,0,2,0,523,Risky
1062,49,58021.56,0.7,4.7,6,0.406,0.396,2,0,2,0,550,Risky
1063,55,56470.05,0.6,20.5,9,0.228,0.14,0,0,0,0,653,Fair
1064,33,25238.28,1.0,11.7,12,0.222,0.204,1,0,1,0,591,Very Poor
1065,32,33677.77,7.4,5.6,3,0.352,0.493,3,0,1,0,509,Risky
1066,40,31911.36,33.1,8.5,9,0.484,0.534,1,0,2,0,498,Risky
1067,42,61930.03,4.3,0.4,9,0.527,0.278,0,0,0,0,554,Very Poor
1068,34,133443.41,6.6,25.8,11,0.08,0.414,4,0,0,1,536,Risky
1069,56,88671.99,3.0,4.6,13,0.274,0.444,0,30,1,0,654,Fair
1070,51,205165.02,0.6,0.2,6,0.398,0.304,1,30,2,0,593,Very Poor
1071,46,36753.81,4.0,7.5,10,0.354,0.317,1,0,1,0,515,Risky
1072,38,7016.23,7.9,3.5,10,0.194,0.428,0,0,2,0,531,Risky
1073,39,81969.64,6.1,1.4,14,0.605,0.166,0,90,2,0,613,Poor
1074,66,50651.85,5.0,3.8,7,0.199,0.467,1,0,0,0,544,Risky
1075,30,43193.09,7.1,16.8,8,0.282,0.107,1,30,0,0,647,Poor
1076,38,31009.51,13.1,8.9,11,0.263,0.245,0,0,0,0,604,Poor
1077,48,72387.88,0.6,8.1,10,0.377,0.343,1,0,6,0,582,Very Poor
1078,27,66242.76,6.1,5.8,13,0.174,0.575,2,0,1,0,537,Risky
1079,61,54150.45,4.2,16.9,6,0.281,0.333,0,0,0,0,668,Fair
1080,58,16938.75,3.5,3.5,10,0.411,0.388,0,0,3,0,515,Risky
1081,44,146383.81,2.0,3.2,7,0.151,0.114,2,0,2,0,608,Poor
1082,48,9876.89,15.6,7.0,10,0.369,0.463,0,0,1,0,527,Risky
1083,21,4458.24,10.6,8.4,11,0.11,0.307,0,0,1,0,506,Risky
1084,34,51034.67,2.2,5.2,10,0.444,0.241,3,30,0,0,568,Very Poor
1085,38,42756.39,0.4,2.8,6,0.528,0.033,2,0,0,0,545,Risky
1086,30,40362.03,8.0,8.4,9,0.206,0.208,2,0,1,0,589,Very Poor
1087,21,66016.1,4.9,0.6,9,0.074,0.305,0,60,1,0,513,Risky
1088,36,23282.91,1.2,1.9,10,0.146,0.186,0,60,0,0,509,Risky
1089,47,37787.45,0.0,40.0,11,0.11,0.252,0,0,0,0,799,Excellent
1090,41,147067.86,9.1,6.6,4,0.243,0.167,2,0,2,1,512,Risky
1091,40,34317.73,1.5,29.0,7,0.071,0.109,0,60,0,0,716,Good
1092,53,93028.27,3.2,9.9,8,0.072,0.144,1,0,2,1,521,Risky
1093,23,115378.05,5.6,0.9,12,0.417,0.38,1,0,3,0,584,Very Poor
1094,41,77410.91,6.2,0.8,6,0.447,0.553,1,90,0,0,529,Risky
1095,27,41295.46,0.3,0.8,3,0.067,0.216,0,60,1,0,515,Risky
1096,22,59763.8,5.3,11.6,13,0.362,0.279,1,0,1,0,661,Fair
1097,43,20538.66,15.9,11.1,9,0.318,0.293,0,0,0,0,593,Very Poor
1098,32,37169.6,0.7,1.6,14,0.488,0.253,1,0,1,0,543,Risky
1099,51,50404.55,10.1,0.1,14,0.286,0.171,1,0,1,0,562,Very Poor
1100,50,72083.09,12.2,8.0,12,0.045,0.113,1,0,0,0,590,Very Poor
1101,25,44372.98,7.1,3.9,5,0.088,0.325,0,0,2,1,474,Risky
1102,28,50811.73,6.1,0.6,11,0.194,0.496,0,0,1,0,605,Poor
1103,23,107649.34,10.4,3.5,4,0.291,0.451,1,0,1,0,641,Poor
1104,45,193914.68,3.3,10.1,3,0.208,0.518,0,0,1,0,708,Good
1105,39,48006.61,1.6,10.3,8,0.169,0.394,1,0,0,0,575,Very Poor
1106,33,41739.96,0.1,2.3,11,0.483,0.352,0,0,2,0,562,Very Poor
1107,47,70097.59,3.7,1.0,7,0.082,0.561,1,0,0,0,597,Very Poor
1108,35,463942.76,3.0,3.3,4,0.485,0.482,0,0,0,0,679,Fair
1109,21,18705.79,5.1,10.2,11,0.037,0.477,1,0,1,0,553,Very Poor
1110,39,24904.65,4.9,3.3,8,0.284,0.133,2,0,1,0,531,Risky
1111,48,171185.61,7.8,22.5,4,0.034,0.317,0,0,1,0,763,Excellent
1112,49,67534.13,0.3,0.8,9,0.585,0.24,1,30,0,1,509,Risky
1113,39,68488.06,11.4,1.0,7,0.433,0.388,1,0,3,0,553,Very Poor
1114,21,159030.57,3.6,2.8,6,0.153,0.555,1,0,2,0,565,Very Poor
1115,32,72639.11,15.4,5.8,11,0.176,0.227,0,90,1,0,552,Very Poor
1116,24,35278.39,8.3,2.9,10,0.249,0.13,1,60,1,0,503,Risky
1117,48,34526.89,3.2,1.4,9,0.325,0.527,2,0,2,0,458,Risky
1118,48,39579.08,5.6,0.5,9,0.072,0.173,1,0,1,0,523,Risky
1119,27,68582.1,1.4,7.3,9,0.308,0.318,0,0,1,0,609,Poor
1120,53,41364.89,2.2,19.1,7,0.146,0.32,1,120,0,0,604,Poor
1121,33,31267.56,2.0,1.8,10,0.44,0.196,0,0,2,0,544,Risky
1122,64,62351.47,1.1,0.9,9,0.364,0.27,0,60,0,0,531,Risky
1123,29,21355.17,0.3,0.4,9,0.208,0.423,3,0,0,0,483,Risky
1124,33,48360.0,1.2,1.3,11,0.557,0.244,1,0,1,0,555,Very Poor
1125,52,44773.1,8.1,2.1,8,0.372,0.053,1,0,0,0,553,Very Poor
1126,33,20834.4,8.8,14.0,7,0.279,0.254,1,0,1,0,569,Very Poor
1127,30,78924.72,4.0,0.5,13,0.442,0.257,0,0,4,0,479,Risky
1128,29,29689.65,10.0,9.6,14,0.255,0.225,0,30,0,0,607,Poor
1129,22,16052.09,20.4,0.6,6,0.461,0.153,1,0,1,0,461,Risky
1130,31,21497.05,9.4,9.0,7,0.09,0.24,2,0,1,0,559,Very Poor
1131,22,27686.93,2.8,3.3,12,0.334,0.194,1,0,0,0,498,Risky
1132,49,19559.87,2.0,1.4,8,0.216,0.497,1,0,1,0,511,Risky
1133,46,579498.48,1.9,40.0,5,0.423,0.326,0,30,1,0,850,Excellent
1134,37,38080.91,9.6,0.5,12,0.1,0.265,1,0,3,0,479,Risky
1135,39,107168.71,10.5,11.9,11,0.328,0.216,1,0,1,0,686,Fair
1136,40,35718.29,17.1,6.0,16,0.257,0.505,3,30,0,0,501,Risky
1137,22,60398.35,0.2,3.4,9,0.222,0.136,1,0,0,0,637,Poor
1138,50,105227.52,1.5,35.1,10,0.125,0.192,1,120,1,1,605,Poor
1139,37,303404.33,13.0,10.5,9,0.227,0.419,0,0,1,0,697,Fair
1140,21,29150.91,4.4,1.3,2,0.396,0.349,1,60,0,0,492,Risky
1141,36,32056.56,19.8,1.0,6,0.234,0.335,0,0,1,0,535,Risky
1142,30,140112.71,7.8,9.0,6,0.282,0.374,0,0,5,1,557,Very Poor
1143,21,49065.16,4.0,8.0,5,0.029,0.12,0,0,2,0,589,Very Poor
1144,35,43539.99,1.3,3.0,10,0.685,0.198,1,120,1,0,556,Very Poor
1145,66,13696.21,3.5,3.3,11,0.602,0.217,1,0,0,0,513,Risky
1146,25,13812.77,6.4,1.9,8,0.102,0.617,1,0,3,0,457,Risky
1147,32,101105.89,11.7,11.6,5,0.215,0.243,2,0,1,0,575,Very Poor
1148,51,26972.83,6.0,11.2,6,0.175,0.103,0,60,0,0,587,Very Poor
1149,39,112737.67,4.1,3.9,5,0.382,0.409,1,0,2,0,585,Very Poor
1150,50,52456.5,12.4,4.4,8,0.29,0.545,0,0,0,0,575,Very Poor
1151,43,49605.02,3.7,2.9,7,0.091,0.284,2,30,0,0,521,Risky
1152,43,9581.2,0.0,8.4,5,0.461,0.257,3,0,0,0,479,Risky
1153,53,12874.81,11.8,2.6,7,0.256,0.371,0,0,1,0,583,Very Poor
1154,34,69886.38,9.2,7.2,13,0.289,0.191,0,0,1,0,589,Very Poor
1155,55,50660.24,4.1,10.4,7,0.371,0.22,2,0,1,0,572,Very Poor
1156,47,63286.39,3.4,0.2,8,0.39,0.403,3,0,0,0,510,Risky
1157,32,80506.4,0.9,2.2,11,0.152,0.227,4,30,0,0,524,Risky
1158,38,19479.05,5.9,17.3,5,0.521,0.125,0,60,1,0,584,Very Poor
1159,64,24943.24,6.6,5.0,6,0.128,0.202,1,0,0,0,642,Poor
1160,31,29433.91,8.2,2.8,10,0.52,0.316,2,30,2,0,494,Risky
1161,37,35453.38,9.8,0.1,6,0.24,0.335,1,90,1,0,493,Risky
1162,37,23654.78,4.9,1.3,13,0.345,0.26,0,0,1,0,517,Risky
1163,46,81883.0,1.7,9.1,4,0.357,0.19,1,0,0,0,608,Poor
1164,59,24122.23,17.4,5.8,7,0.429,0.409,1,30,1,0,519,Risky
1165,22,50642.5,0.7,1.1,8,0.192,0.277,0,0,0,0,567,Very Poor
1166,35,126643.12,0.1,0.7,4,0.425,0.179,1,0,1,0,602,Poor
1167,50,33206.4,2.1,4.6,9,0.169,0.225,1,0,1,0,519,Risky
1168,58,87137.81,7.8,31.2,9,0.374,0.153,2,0,0,0,743,Good
1169,21,194868.98,2.7,10.2,8,0.633,0.162,1,0,2,0,655,Fair
1170,36,31068.9,11.1,9.3,6,0.301,0.302,2,30,0,0,513,Risky
1171,33,79126.47,3.4,10.3,7,0.314,0.298,0,0,1,0,631,Poor
1172,36,156681.76,8.9,1.3,11,0.228,0.103,1,0,2,0,627,Poor
1173,26,18182.61,0.8,1.2,4,0.024,0.352,2,0,0,0,451,Risky
1174,60,43450.15,21.0,13.2,9,0.091,0.328,2,30,1,0,617,Poor
1175,21,114279.45,1.2,7.4,11,0.458,0.168,0,30,1,0,596,Very Poor
1176,56,16204.39,27.8,11.9,6,0.209,0.166,1,60,1,0,492,Risky
1177,43,15412.39,0.8,3.3,11,0.12,0.202,0,30,2,0,474,Risky
1178,27,104556.86,8.9,4.2,6,0.413,0.187,1,0,0,0,610,Poor
1179,21,35006.95,3.2,7.0,9,0.4,0.288,0,60,0,0,555,Very Poor
1180,21,83019.82,1.0,6.9,9,0.282,0.274,1,0,1,0,628,Poor
1181,41,33620.84,7.4,2.8,7,0.527,0.474,1,0,1,0,592,Very Poor
1182,48,41732.46,11.8,11.4,8,0.469,0.306,3,60,1,0,541,Risky
1183,21,58676.07,5.2,10.1,9,0.251,0.223,3,0,4,0,543,Risky
1184,39,11183.27,11.0,0.8,6,0.103,0.236,0,0,0,0,460,Risky
1185,21,80176.98,14.4,5.7,7,0.149,0.296,1,0,1,0,579,Very Poor
1186,48,269524.25,14.1,1.3,5,0.263,0.137,3,0,4,0,557,Very Poor
1187,28,48430.95,1.2,3.8,11,0.273,0.494,2,0,0,0,525,Risky
1188,38,22394.4,5.2,3.2,5,0.296,0.096,0,60,0,0,537,Risky
1189,45,91825.63,6.0,7.0,7,0.19,0.309,0,90,0,0,590,Very Poor
1190,39,15833.25,18.0,1.7,10,0.187,0.55,0,0,1,0,482,Risky
1191,57,37004.62,0.9,1.6,6,0.097,0.158,0,0,0,0,579,Very Poor
1192,39,79895.29,4.0,4.5,11,0.46,0.079,0,0,1,0,677,Fair
1193,52,24221.89,5.5,1.8,9,0.508,0.148,1,30,1,0,531,Risky
1194,62,167169.79,4.2,4.0,5,0.197,0.404,1,0,0,0,663,Fair
1195,21,16902.15,0.4,1.0,9,0.188,0.148,0,0,2,0,526,Risky
1196,46,113526.2,15.5,1.8,10,0.246,0.757,2,0,1,0,572,Very Poor
1197,34,132827.74,9.8,2.6,6,0.271,0.257,1,60,1,0,584,Very Poor
1198,35,251662.35,17.4,8.0,7,0.318,0.28,0,0,1,0,681,Fair
1199,50,43408.89,1.7,7.2,9,0.138,0.204,1,90,0,0,524,Risky
1200,44,73036.49,2.2,5.4,9,0.257,0.494,3,30,1,0,554,Very Poor
1201,45,43798.62,5.7,3.0,10,0.026,0.078,0,0,3,0,574,Very Poor
1202,55,58243.25,9.2,11.0,6,0.232,0.154,1,0,1,0,588,Very Poor
1203,25,120557.5,1.5,4.6,7,0.492,0.349,1,30,1,0,571,Very Poor
1204,23,52370.15,5.9,13.7,11,0.201,0.13,0,0,2,0,674,Fair
1205,44,28960.18,18.9,10.4,5,0.339,0.414,1,0,1,0,524,Risky
1206,47,15837.46,10.3,14.2,9,0.457,0.258,2,60,0,0,514,Risky
1207,29,266334.47,1.4,2.0,13,0.427,0.245,1,30,0,0,656,Fair
1208,29,71719.06,4.9,6.4,14,0.181,0.252,4,0,1,0,535,Risky
1209,45,75656.45,5.6,17.2,10,0.126,0.384,0,0,1,0,680,Fair
1210,32,68057.01,4.7,5.9,6,0.236,0.229,1,0,1,1,511,Risky
1211,41,8524.54,6.1,0.1,5,0.347,0.674,3,0,2,0,408,Risky
1212,25,32606.83,1.3,1.1,9,0.371,0.241,0,0,3,0,471,Risky
1213,47,22468.23,4.1,13.8,10,0.124,0.128,0,60,1,0,584,Very Poor
1214,41,84488.44,7.0,1.2,6,0.229,0.316,1,0,1,0,546,Risky
1215,21,9401.75,0.4,16.1,10,0.409,0.218,1,0,0,0,556,Very Poor
1216,48,14896.65,0.7,5.0,4,0.14,0.266,0,30,0,0,498,Risky
1217,59,19308.28,4.7,8.2,15,0.153,0.209,2,0,0,0,566,Very Poor
1218,52,20938.46,0.2,1.3,4,0.176,0.533,0,0,0,0,548,Risky
1219,36,88884.57,1.1,21.6,9,0.447,0.216,0,0,0,0,725,Good
1220,30,9267.26,3.3,6.8,14,0.156,0.2,1,30,1,0,485,Risky
1221,38,26981.21,1.3,2.7,8,0.09,0.4,0,0,1,0,539,Risky
1222,43,53746.24,0.5,4.1,13,0.632,0.303,0,0,1,0,570,Very Poor
1223,52,132812.1,10.9,7.3,9,0.306,0.237,1,30,0,0,649,Poor
1224,53,122884.94,2.8,40.0,7,0.628,0.136,2,0,1,0,755,Excellent
1225,35,35186.78,5.1,14.0,6,0.228,0.549,2,0,0,0,618,Poor
1226,41,17076.78,1.0,0.6,7,0.335,0.296,1,0,2,0,486,Risky
1227,28,95981.06,1.0,1.2,5,0.01,0.615,0,0,1,0,623,Poor
1228,22,54980.3,0.7,4.2,3,0.594,0.217,1,0,2,0,536,Risky
1229,65,23227.52,3.9,19.8,9,0.112,0.434,3,0,0,0,553,Very Poor
1230,58,10566.62,3.7,28.4,5,0.437,0.467,1,0,3,0,588,Very Poor
1231,41,24059.25,1.3,6.2,15,0.549,0.519,4,0,1,0,486,Risky
1232,36,33412.99,12.0,2.6,6,0.565,0.224,0,60,2,0,505,Risky
1233,36,38971.76,2.4,8.2,4,0.468,0.47,2,0,2,0,552,Very Poor
1234,40,19914.0,5.0,3.8,8,0.371,0.37,1,0,2,0,534,Risky
1235,34,56889.9,24.6,18.2,9,0.193,0.454,2,0,1,0,611,Poor
1236,40,132606.65,0.6,15.2,8,0.564,0.336,1,0,0,0,656,Fair
1237,27,19944.3,4.1,15.1,5,0.192,0.164,4,0,0,0,503,Risky
1238,24,126479.28,0.6,0.6,12,0.546,0.037,0,0,0,0,620,Poor
1239,34,52645.55,6.0,14.4,9,0.113,0.219,0,0,1,0,651,Fair
1240,35,83729.76,2.0,9.8,5,0.399,0.175,0,0,0,0,643,Poor
1241,27,200366.55,2.4,12.1,14,0.448,0.257,0,0,1,0,608,Poor
1242,40,25804.47,0.8,10.6,5,0.349,0.321,1,0,1,0,498,Risky
1243,37,58437.84,0.7,0.7,11,0.393,0.506,1,0,2,0,497,Risky
1244,40,14547.95,7.7,0.3,9,0.178,0.361,2,0,1,0,449,Risky
1245,43,33238.2,0.5,5.2,14,0.162,0.477,0,0,1,0,593,Very Poor
1246,47,39998.04,18.8,5.5,15,0.288,0.235,1,60,0,0,596,Very Poor
1247,28,39293.78,1.7,1.1,10,0.295,0.078,0,60,2,0,494,Risky
1248,54,129505.53,7.3,3.6,6,0.146,0.18,2,0,0,0,633,Poor
1249,45,94611.75,11.8,11.2,4,0.33,0.287,1,30,2,0,628,Poor
1250,29,39898.61,3.9,3.8,6,0.378,0.164,0,0,2,0,558,Very Poor
1251,21,161972.49,1.5,0.2,9,0.448,0.47,2,30,1,0,570,Very Poor
1252,54,58513.25,0.7,2.0,5,0.259,0.089,0,0,0,0,582,Very Poor
1253,25,38226.95,0.8,13.1,11,0.065,0.434,1,30,1,0,625,Poor
1254,43,58796.7,15.0,2.8,5,0.185,0.21,5,0,1,1,349,Risky
1255,30,31276.05,5.2,4.2,8,0.575,0.229,2,0,0,0,532,Risky
1256,50,26234.01,3.7,3.3,6,0.629,0.016,0,0,0,0,556,Very Poor
1257,43,73312.14,2.8,4.0,8,0.106,0.137,0,60,1,0,531,Risky
1258,44,70163.89,1.4,1.1,8,0.308,0.313,1,0,1,0,580,Very Poor
1259,21,46986.71,0.9,4.8,6,0.373,0.178,0,60,2,0,525,Risky
1260,53,20050.7,2.6,10.8,8,0.594,0.133,1,30,1,0,549,Risky
1261,48,16515.62,4.4,2.8,3,0.303,0.46,0,60,2,0,512,Risky
1262,24,25322.9,10.6,9.0,7,0.383,0.374,0,60,0,0,514,Risky
1263,33,161041.39,14.6,2.6,15,0.303,0.365,0,0,2,1,489,Risky
1264,38,32980.57,13.6,2.0,6,0.496,0.072,2,30,0,1,422,Risky
1265,51,13738.55,13.7,40.0,6,0.464,0.348,1,30,0,0,650,Poor
1266,42,20161.11,4.6,0.4,2,0.035,0.171,1,30,0,0,479,Risky
1267,32,71841.88,1.9,11.9,10,0.459,0.477,0,0,0,0,686,Fair
1268,29,9242.73,2.1,2.2,7,0.112,0.298,0,0,1,0,508,Risky
1269,31,53834.66,0.4,1.3,9,0.104,0.33,0,0,0,0,582,Very Poor
1270,42,108265.43,5.9,1.0,7,0.504,0.361,0,60,1,0,545,Risky
1271,31,9171.75,6.2,2.0,7,0.136,0.298,0,30,2,0,478,Risky
1272,62,17456.36,3.3,3.6,11,0.086,0.509,1,0,0,0,574,Very Poor
1273,50,13373.93,2.7,7.9,11,0.203,0.526,1,0,1,0,523,Risky
1274,46,154690.1,6.1,15.0,9,0.078,0.391,3,0,2,0,605,Poor
1275,38,39994.47,1.4,5.0,9,0.291,0.32,1,0,2,0,587,Very Poor
1276,66,64957.77,9.0,2.6,9,0.207,0.415,1,0,2,1,483,Risky
1277,28,27005.37,6.4,1.2,12,0.355,0.184,0,0,0,0,561,Very Poor
1278,27,130126.28,11.0,8.4,9,0.378,0.415,2,0,1,0,592,Very Poor
1279,29,94533.47,1.0,2.4,7,0.207,0.231,0,60,3,0,607,Poor
1280,59,53404.98,16.3,5.0,9,0.286,0.29,1,0,0,0,656,Fair
1281,21,64022.29,5.0,22.8,7,0.374,0.148,2,0,1,0,677,Fair
1282,34,62600.33,3.4,1.4,8,0.098,0.353,1,0,1,0,525,Risky
1283,21,16867.32,4.4,10.1,8,0.183,0.182,0,0,1,0,563,Very Poor
1284,21,34647.78,13.6,11.0,4,0.197,0.388,1,0,0,0,530,Risky
1285,39,51630.1,1.0,13.1,9,0.061,0.153,0,0,1,0,664,Fair
1286,29,22314.72,3.3,9.8,9,0.198,0.632,2,60,0,1,398,Risky
1287,37,51867.89,10.7,4.5,9,0.578,0.197,1,0,1,0,532,Risky
1288,43,39636.17,1.5,1.0,8,0.194,0.396,1,0,1,1,407,Risky
1289,51,163099.05,3.1,4.9,9,0.115,0.362,0,0,0,0,694,Fair
1290,36,142702.25,3.0,24.2,7,0.303,0.447,2,120,1,0,676,Fair
1291,37,24564.36,0.0,6.7,11,0.644,0.425,2,60,0,0,490,Risky
1292,42,38860.71,1.2,3.5,4,0.27,0.162,1,0,1,0,583,Very Poor
1293,31,17746.21,0.6,5.8,5,0.296,0.163,1,30,2,0,511,Risky
1294,41,19425.66,6.4,1.3,11,0.1,0.547,0,0,1,0,541,Risky
1295,28,22499.37,1.6,4.2,8,0.216,0.18,0,0,0,0,549,Risky
1296,32,17968.73,0.2,5.0,9,0.221,0.62,2,60,1,0,477,Risky
1297,31,23553.22,4.3,1.4,8,0.499,0.207,0,60,1,0,499,Risky
1298,41,124844.01,1.8,5.6,9,0.428,0.558,1,0,0,0,597,Very Poor
1299,58,37634.2,1.2,12.3,5,0.271,0.241,0,0,0,0,576,Very Poor
1300,40,157111.2,13.8,2.5,15,0.352,0.28,0,0,3,0,657,Fair
1301,26,33006.61,8.5,1.2,9,0.375,0.121,1,120,0,0,462,Risky
1302,52,45031.88,0.9,25.0,6,0.388,0.396,0,0,1,0,712,Good
1303,28,16181.0,1.4,2.3,12,0.219,0.304,0,0,1,0,567,Very Poor
1304,47,136386.53,2.0,12.7,7,0.053,0.362,0,90,3,0,594,Very Poor
1305,31,13718.91,4.5,2.0,10,0.509,0.273,0,90,3,0,463,Risky
1306,56,25312.06,1.3,4.8,11,0.128,0.22,0,0,1,0,632,Poor
1307,21,81979.85,13.2,30.6,9,0.768,0.496,3,0,2,0,676,Fair
1308,37,19975.08,2.7,3.2,6,0.129,0.199,2,0,0,0,519,Risky
1309,32,253156.72,10.3,0.6,6,0.168,0.072,2,0,1,0,638,Poor
1310,33,124917.47,15.0,1.1,10,0.228,0.459,0,0,1,0,611,Poor
1311,21,37247.44,1.7,1.7,7,0.385,0.503,1,0,0,0,540,Risky
1312,44,42955.46,1.0,17.9,9,0.44,0.598,2,0,1,0,628,Poor
1313,45,28716.62,2.3,9.7,6,0.161,0.204,1,60,0,0,589,Very Poor
1314,30,39297.1,9.4,1.3,5,0.329,0.64,2,60,2,0,447,Risky
1315,21,47344.05,5.2,0.4,2,0.188,0.313,1,30,0,0,529,Risky
1316,21,66013.17,0.4,4.8,13,0.325,0.196,0,30,2,0,588,Very Poor
1317,51,102863.34,3.2,6.5,8,0.137,0.288,1,0,1,0,581,Very Poor
1318,22,10966.21,21.7,6.8,9,0.487,0.368,0,0,1,0,530,Risky
1319,36,123424.77,2.3,7.7,3,0.426,0.469,0,0,2,0,648,Poor
1320,29,34790.34,1.9,9.6,9,0.387,0.43,2,0,1,0,476,Risky
1321,23,149476.46,15.2,1.1,10,0.726,0.324,0,0,4,0,577,Very Poor
1322,46,45623.44,3.2,17.4,6,0.389,0.27,3,0,0,0,636,Poor
1323,43,56572.47,2.6,22.7,4,0.016,0.313,1,0,2,0,682,Fair
1324,60,130260.77,7.1,15.0,6,0.046,0.265,0,0,2,0,703,Good
1325,25,34718.37,18.7,5.6,10,0.276,0.39,0,0,1,0,543,Risky
1326,44,42473.44,0.9,4.4,7,0.169,0.14,0,0,0,0,622,Poor
1327,46,20829.23,8.6,13.0,5,0.509,0.421,2,0,0,0,557,Very Poor
1328,28,141248.38,0.8,9.2,4,0.25,0.389,1,0,0,0,612,Poor
1329,42,41682.98,21.6,33.1,5,0.15,0.197,0,0,2,0,699,Fair
1330,34,87852.37,4.2,27.4,4,0.423,0.346,1,0,1,0,671,Fair
1331,41,47145.3,1.6,2.2,6,0.357,0.533,1,0,4,0,564,Very Poor
1332,40,135634.09,0.7,0.3,12,0.196,0.404,0,60,0,0,559,Very Poor
1333,42,72294.04,3.5,6.3,10,0.326,0.35,2,0,1,0,577,Very Poor
1334,22,63641.55,2.0,25.4,7,0.426,0.311,1,90,0,0,657,Fair
1335,43,9948.71,1.2,2.9,7,0.618,0.239,1,30,1,0,495,Risky
1336,46,44744.12,0.1,3.9,2,0.139,0.271,2,0,1,0,577,Very Poor
1337,35,23599.86,2.9,17.1,7,0.18,0.083,2,0,0,0,615,Poor
1338,46,79951.49,1.7,10.6,8,0.232,0.487,0,0,3,0,612,Poor
1339,51,117870.55,5.0,11.9,2,0.263,0.288,0,30,2,0,748,Good
1340,45,43619.44,0.4,22.1,11,0.108,0.428,1,60,0,0,620,Poor
1341,44,42143.86,1.8,4.2,9,0.287,0.207,0,0,0,0,551,Very Poor
1342,33,8559.89,12.8,9.0,9,0.3,0.166,2,30,0,0,476,Risky
1343,21,141806.1,4.5,5.0,7,0.03,0.156,1,0,3,0,600,Very Poor
1344,28,22268.3,2.1,9.4,15,0.549,0.355,1,0,2,0,494,Risky
1345,21,128969.84,1.0,2.3,9,0.245,0.186,1,0,1,0,587,Very Poor
1346,47,90310.5,0.6,10.3,8,0.347,0.27,1,0,0,1,562,Very Poor
1347,63,60600.61,4.4,2.0,9,0.448,0.184,0,30,0,0,627,Poor
1348,38,43748.09,10.0,1.7,12,0.309,0.385,2,0,0,0,489,Risky
1349,21,24998.02,5.2,15.0,6,0.512,0.435,4,30,2,0,430,Risky
1350,40,82180.81,5.6,8.3,11,0.395,0.736,4,30,1,0,489,Risky
1351,52,57878.96,1.7,32.3,10,0.2,0.29,1,60,1,0,677,Fair
1352,47,146776.75,1.4,2.0,6,0.052,0.059,0,30,0,1,555,Very Poor
1353,39,18914.47,17.5,12.0,10,0.226,0.319,0,0,1,0,602,Poor
1354,46,93347.91,1.6,1.8,10,0.252,0.327,1,30,2,0,621,Poor
1355,49,65936.45,5.3,4.3,2,0.303,0.304,1,0,0,0,543,Risky
1356,30,27853.57,2.3,4.2,4,0.297,0.381,1,0,0,0,541,Risky
1357,27,36771.5,9.8,0.8,6,0.619,0.164,1,0,1,0,589,Very Poor
1358,38,87867.91,2.8,12.4,6,0.192,0.373,0,0,2,0,628,Poor
1359,40,69729.92,7.7,9.4,7,0.165,0.281,1,0,1,0,602,Poor
1360,21,52559.18,9.0,7.4,10,0.255,0.592,0,30,1,0,563,Very Poor
1361,27,456236.23,0.4,7.1,11,0.44,0.643,1,0,1,0,628,Poor
1362,36,361209.75,1.1,1.0,11,0.203,0.299,1,0,1,0,636,Poor
1363,41,129995.17,4.5,4.4,10,0.486,0.379,1,0,1,0,552,Very Poor
1364,48,85167.64,1.8,11.8,6,0.483,0.422,0,90,1,0,561,Very Poor
1365,39,39471.77,5.0,10.7,4,0.349,0.379,1,0,0,0,602,Poor
1366,41,59490.68,0.3,4.4,10,0.506,0.261,1,0,0,0,535,Risky
1367,45,28914.06,13.0,5.8,10,0.073,0.272,0,0,2,0,644,Poor
1368,27,10301.6,6.0,2.2,7,0.452,0.271,1,30,1,0,447,Risky
1369,24,64171.74,4.3,5.5,4,0.516,0.671,0,0,0,0,614,Poor
1370,33,61861.51,18.3,2.5,10,0.215,0.5,2,0,0,0,499,Risky
1371,48,61780.99,6.5,6.5,9,0.19,0.319,3,0,0,0,507,Risky
1372,63,175772.95,4.1,23.8,7,0.35,0.516,0,0,0,0,762,Excellent
1373,38,58707.12,5.0,7.5,9,0.372,0.168,1,0,0,0,623,Poor
1374,34,13684.32,10.5,7.3,1,0.064,0.307,0,0,1,0,555,Very Poor
1375,28,60222.97,5.7,3.2,6,0.098,0.366,1,0,1,0,592,Very Poor
1376,24,24590.89,4.0,12.9,15,0.084,0.305,0,0,0,0,584,Very Poor
1377,33,34541.34,1.0,9.6,11,0.406,0.503,0,0,0,1,462,Risky
1378,45,37617.07,0.8,8.5,8,0.364,0.24,1,0,0,0,580,Very Poor
1379,46,10372.64,8.7,0.0,9,0.658,0.259,1,0,0,0,462,Risky
1380,45,16683.42,13.9,4.6,10,0.272,0.187,1,30,0,0,502,Risky
1381,26,107939.37,6.9,7.2,9,0.27,0.186,2,0,0,0,626,Poor
1382,33,14573.6,12.3,4.5,6,0.08,0.46,0,0,0,0,607,Poor
1383,49,97924.58,1.1,4.4,8,0.407,0.244,2,0,1,0,568,Very Poor
1384,46,85466.82,11.7,4.6,8,0.347,0.365,1,30,4,0,496,Risky
1385,36,233872.51,3.6,38.9,10,0.091,0.171,1,0,1,0,846,Excellent
1386,49,22622.37,7.9,40.0,7,0.019,0.245,1,0,1,0,772,Excellent
1387,48,59965.73,2.1,5.5,9,0.33,0.183,0,60,0,0,626,Poor
1388,35,35767.26,1.1,5.6,10,0.746,0.2,1,30,2,0,575,Very Poor
1389,44,31489.62,6.9,15.8,10,0.504,0.353,3,0,2,0,553,Very Poor
1390,41,30111.46,1.1,0.0,9,0.25,0.351,5,0,2,0,400,Risky
1391,29,356382.1,0.5,1.9,8,0.179,0.308,0,0,1,0,667,Fair
1392,39,89542.85,7.2,1.1,8,0.159,0.219,2,0,1,0,595,Very Poor
1393,36,16844.41,1.3,17.2,7,0.17,0.143,2,0,2,0,517,Risky
1394,28,29177.28,3.9,11.2,10,0.442,0.375,3,0,1,0,506,Risky
1395,46,144490.55,21.9,13.8,9,0.099,0.345,1,90,1,0,605,Poor
1396,44,88667.11,5.3,22.9,5,0.048,0.26,1,90,1,0,636,Poor
1397,21,135395.54,1.5,2.5,10,0.673,0.268,0,0,1,0,621,Poor
1398,36,54736.27,1.0,11.5,6,0.507,0.162,0,0,0,0,626,Poor
1399,47,12952.09,0.9,5.5,8,0.225,0.31,1,0,1,0,532,Risky
1400,38,19805.65,1.9,6.3,9,0.465,0.277,0,0,2,0,559,Very Poor
1401,44,92724.02,12.4,3.3,12,0.285,0.462,0,0,1,0,657,Fair
1402,33,163944.93,9.9,12.0,4,0.076,0.26,0,0,1,0,652,Fair
1403,25,115163.56,5.4,10.4,6,0.267,0.225,1,60,2,0,646,Poor
1404,44,38446.31,3.7,5.0,7,0.041,0.302,2,60,0,0,580,Very Poor
1405,41,47092.68,4.3,6.4,9,0.247,0.331,0,60,2,0,553,Very Poor
1406,37,27796.84,13.7,0.6,15,0.168,0.313,0,0,1,0,544,Risky
1407,26,130041.72,0.1,3.8,4,0.313,0.417,0,0,2,0,605,Poor
1408,21,112661.59,3.2,12.3,11,0.609,0.392,0,0,4,0,650,Poor
1409,59,7115.66,0.5,7.9,7,0.175,0.313,1,0,0,0,515,Risky
1410,55,41007.8,2.1,0.7,9,0.26,0.304,0,30,2,0,514,Risky
1411,31,61779.76,5.8,4.6,7,0.156,0.39,2,0,2,0,562,Very Poor
1412,42,66275.04,4.4,15.8,8,0.695,0.524,0,30,1,0,580,Very Poor
1413,26,94364.18,8.9,1.7,11,0.315,0.412,0,30,2,0,539,Risky
1414,21,19377.84,3.3,25.4,7,0.143,0.346,0,0,1,0,670,Fair
1415,36,24087.16,8.1,4.6,11,0.172,0.506,1,0,1,0,451,Risky
1416,30,69901.02,1.4,1.1,11,0.459,0.127,0,0,3,0,573,Very Poor
1417,40,82186.77,3.0,2.2,12,0.388,0.152,1,60,1,0,574,Very Poor
1418,47,51945.08,2.2,1.5,10,0.199,0.137,1,0,4,0,488,Risky
1419,34,84091.05,3.9,2.7,9,0.174,0.314,0,0,4,0,575,Very Poor
1420,30,11213.56,0.0,17.0,13,0.102,0.648,0,30,0,0,567,Very Poor
1421,26,64614.74,5.4,10.7,7,0.025,0.432,0,0,2,0,651,Fair
1422,34,68561.69,13.5,14.0,10,0.527,0.248,1,0,2,1,553,Very Poor
1423,64,29127.67,9.7,9.0,9,0.482,0.149,1,30,0,0,490,Risky
1424,46,100406.54,17.9,0.5,9,0.224,0.271,1,60,2,0,519,Risky
1425,37,87624.27,5.2,1.1,9,0.376,0.096,0,0,0,0,643,Poor
1426,54,68605.75,12.7,1.2,10,0.29,0.065,0,0,2,0,590,Very Poor
1427,40,38105.37,8.3,1.3,11,0.06,0.443,1,90,1,0,481,Risky
1428,64,89254.26,0.7,10.7,4,0.562,0.197,1,0,2,0,599,Very Poor
1429,21,10760.94,7.7,26.0,6,0.174,0.481,1,0,2,0,574,Very Poor
1430,61,24845.76,0.9,2.7,14,0.167,0.446,1,0,1,0,511,Risky
1431,32,25901.82,18.7,0.8,12,0.162,0.296,0,0,1,0,536,Risky
1432,48,14690.65,5.7,20.6,6,0.216,0.392,0,0,2,0,640,Poor
1433,26,120305.19,1.4,1.4,10,0.223,0.164,1,0,1,0,583,Very Poor
1434,29,37600.33,1.1,1.0,6,0.324,0.392,3,0,3,0,458,Risky
1435,50,23596.16,0.5,31.7,5,0.274,0.399,1,0,0,0,718,Good
1436,34,27030.7,1.5,1.5,9,0.447,0.035,1,60,0,1,346,Risky
1437,63,51622.16,1.2,6.3,12,0.217,0.212,0,30,1,0,563,Very Poor
1438,33,16262.8,1.5,26.8,8,0.087,0.102,2,30,1,0,586,Very Poor
1439,33,10635.52,12.7,5.1,10,0.13,0.189,1,0,0,0,515,Risky
1440,45,88353.06,5.7,5.8,7,0.212,0.363,3,0,1,0,579,Very Poor
1441,52,44785.92,4.8,1.3,5,0.24,0.087,0,0,1,0,574,Very Poor
1442,39,55948.44,8.6,0.7,10,0.305,0.411,0,30,2,0,480,Risky
1443,26,20811.43,5.8,18.4,5,0.464,0.443,1,0,1,0,508,Risky
1444,56,13972.17,0.5,22.3,7,0.143,0.197,1,0,1,0,622,Poor
1445,40,87569.58,1.4,4.0,4,0.583,0.055,1,30,3,0,596,Very Poor
1446,25,26351.13,1.5,0.0,9,0.014,0.239,3,0,2,0,473,Risky
1447,55,37857.24,16.6,8.5,6,0.252,0.424,1,30,2,0,533,Risky
1448,47,22230.83,7.4,4.6,10,0.299,0.358,1,0,1,0,602,Poor
1449,39,34248.87,7.9,1.3,13,0.54,0.219,2,30,1,0,510,Risky
1450,29,32347.13,2.2,2.9,5,0.161,0.385,2,0,0,0,573,Very Poor
1451,21,55614.43,14.8,0.5,8,0.24,0.297,2,0,0,0,547,Risky
1452,41,48476.08,34.6,23.2,7,0.12,0.561,0,0,0,0,678,Fair
1453,32,58285.59,0.8,7.4,12,0.311,0.167,4,0,0,0,570,Very Poor
1454,46,25133.01,7.0,8.5,8,0.106,0.416,1,60,0,0,543,Risky
1455,52,59550.8,1.3,3.9,11,0.349,0.264,1,0,0,0,599,Very Poor
1456,47,63887.67,2.4,2.6,8,0.248,0.567,1,0,1,0,569,Very Poor
1457,37,44838.84,3.0,4.3,11,0.32,0.352,2,120,2,0,453,Risky
1458,46,110642.21,0.7,0.2,12,0.384,0.376,0,0,2,0,676,Fair
1459,48,43399.37,9.9,4.5,12,0.225,0.163,0,30,0,0,534,Risky
1460,60,58927.59,4.4,20.5,6,0.462,0.589,1,0,0,0,661,Fair
1461,26,17074.45,3.7,1.0,14,0.544,0.379,1,0,1,0,470,Risky
1462,49,17098.81,1.9,6.5,8,0.117,0.437,1,30,0,0,562,Very Poor
1463,32,68892.5,0.5,5.0,7,0.209,0.402,0,60,3,0,581,Very Poor
1464,49,123999.21,8.9,7.3,5,0.318,0.44,1,30,2,0,563,Very Poor
1465,21,65263.68,5.5,20.6,6,0.368,0.393,1,0,0,0,683,Fair
1466,33,47737.63,8.6,13.4,8,0.62,0.317,0,0,2,0,632,Poor
1467,33,41039.77,13.5,6.9,9,0.077,0.334,0,30,0,0,586,Very Poor
1468,30,26697.45,4.3,24.7,6,0.308,0.206,0,30,0,0,607,Poor
1469,55,77596.19,0.3,1.2,3,0.362,0.401,1,0,0,0,603,Poor
1470,37,55423.38,8.2,24.8,8,0.185,0.504,3,0,1,0,633,Poor
1471,39,158172.81,10.7,0.3,11,0.432,0.613,0,0,0,0,575,Very Poor
1472,52,78471.55,0.7,9.2,7,0.057,0.294,2,0,1,0,577,Very Poor
1473,21,64172.69,1.6,5.8,10,0.399,0.18,0,0,0,0,668,Fair
1474,33,51939.3,2.6,9.1,9,0.226,0.334,0,0,1,0,564,Very Poor
1475,21,28956.42,2.1,6.3,12,0.258,0.145,2,60,0,0,502,Risky
1476,21,90298.17,0.2,7.7,7,0.032,0.539,2,0,5,0,545,Risky
1477,33,45546.63,9.2,0.5,9,0.327,0.372,0,30,1,0,574,Very Poor
1478,54,94697.83,0.9,7.4,6,0.171,0.497,1,0,1,0,631,Poor
1479,40,37648.99,3.0,7.0,10,0.532,0.233,0,0,0,0,580,Very Poor
1480,30,28806.12,3.3,23.9,6,0.571,0.423,0,0,1,0,610,Poor
1481,44,67680.0,6.4,3.3,6,0.486,0.244,1,90,1,0,561,Very Poor
1482,38,37561.73,1.3,4.4,7,0.381,0.267,4,90,3,0,388,Risky
1483,56,116615.11,0.8,7.4,12,0.11,0.364,1,90,0,0,613,Poor
1484,46,77612.17,5.1,3.4,9,0.084,0.21,1,0,1,0,613,Poor
1485,32,71159.59,7.8,21.9,8,0.139,0.248,1,30,0,0,700,Fair
1486,66,9924.51,1.9,6.1,7,0.09,0.186,2,0,3,0,515,Risky
1487,44,22631.25,1.7,3.4,6,0.251,0.331,0,60,0,0,478,Risky
1488,46,142893.75,3.0,4.7,9,0.414,0.183,1,0,0,0,668,Fair
1489,42,13883.2,0.3,14.4,6,0.355,0.459,1,0,0,0,599,Very Poor
1490,36,76013.34,2.7,2.6,11,0.323,0.2,0,0,1,0,579,Very Poor
1491,30,41870.84,8.6,1.9,3,0.142,0.18,0,0,0,0,585,Very Poor
1492,29,232425.28,3.1,4.8,3,0.579,0.43,1,60,1,0,600,Very Poor
1493,35,6199.49,4.0,9.4,7,0.27,0.514,1,90,1,0,423,Risky
1494,51,136386.69,1.2,9.7,7,0.664,0.283,1,30,0,0,637,Poor
1495,52,15124.38,2.5,8.2,6,0.162,0.342,4,0,0,0,533,Risky
1496,38,94279.46,8.0,13.2,12,0.33,0.274,0,0,0,0,713,Good
1497,28,66897.18,4.2,1.8,9,0.235,0.36,1,0,2,0,557,Very Poor
1498,46,13673.72,9.3,5.0,15,0.361,0.141,0,30,1,0,514,Risky
1499,39,12888.94,0.2,11.3,12,0.446,0.309,0,0,1,0,583,Very Poor
1500,30,55984.45,0.2,5.2,5,0.273,0.179,1,90,1,0,554,Very Poor
1501,42,13388.1,13.6,1.1,11,0.377,0.264,1,30,0,1,368,Risky
1502,21,135356.34,0.1,2.6,8,0.225,0.509,1,60,2,0,549,Risky
1503,57,59473.57,0.7,1.0,9,0.444,0.373,2,0,3,0,560,Very Poor
1504,28,61530.17,4.4,2.8,7,0.223,0.208,0,30,1,0,554,Very Poor
1505,47,81323.97,4.7,0.2,6,0.1,0.366,1,90,0,0,621,Poor
1506,56,31155.74,11.8,5.4,4,0.125,0.071,0,0,2,0,623,Poor
1507,43,78758.98,6.0,2.1,12,0.318,0.38,0,0,2,0,591,Very Poor
1508,37,20720.96,2.3,4.1,7,0.319,0.363,0,30,2,0,518,Risky
1509,36,36113.09,13.2,2.0,4,0.302,0.277,1,0,1,0,568,Very Poor
1510,28,72412.97,0.1,3.9,13,0.087,0.143,1,0,1,0,578,Very Poor
1511,49,96017.61,2.7,1.8,4,0.404,0.466,1,0,1,0,552,Very Poor
1512,31,88038.32,11.9,20.2,7,0.11,0.537,0,0,2,0,655,Fair
1513,43,21290.43,1.0,17.5,9,0.363,0.254,0,30,1,0,629,Poor
1514,58,282324.51,6.3,3.0,8,0.114,0.374,0,0,0,1,598,Very Poor
1515,50,10931.12,5.9,2.2,6,0.286,0.277,0,0,1,0,500,Risky
1516,41,57901.69,0.7,4.0,14,0.689,0.597,0,0,0,0,546,Risky
1517,27,15147.86,0.6,5.9,6,0.219,0.324,1,30,0,0,471,Risky
1518,58,31953.67,27.5,28.6,8,0.43,0.123,1,0,0,0,671,Fair
1519,26,11914.55,0.5,15.3,8,0.341,0.278,1,0,1,0,520,Risky
1520,21,320838.48,5.9,1.0,11,0.292,0.091,0,60,0,0,662,Fair
1521,45,98452.35,25.6,5.7,4,0.127,0.351,1,0,0,0,627,Poor
1522,36,37469.76,2.4,3.0,7,0.066,0.42,1,0,1,0,561,Very Poor
1523,44,20859.46,9.4,40.0,14,0.286,0.216,0,0,0,0,738,Good
1524,21,17835.38,5.5,3.8,5,0.248,0.128,0,0,2,0,517,Risky
1525,40,189695.24,2.2,9.8,13,0.615,0.321,0,0,0,0,612,Poor
1526,36,34748.65,21.0,2.7,9,0.418,0.358,0,0,0,0,581,Very Poor
1527,68,24841.8,13.3,3.3,9,0.371,0.372,1,0,1,0,506,Risky
1528,49,56114.89,4.0,4.6,6,0.038,0.34,1,0,3,0,596,Very Poor
1529,54,87094.36,14.5,2.8,13,0.323,0.255,1,0,0,0,641,Poor
1530,29,135151.47,20.5,7.1,8,0.14,0.347,0,0,1,0,681,Fair
1531,33,132801.8,1.0,0.5,6,0.307,0.184,1,0,0,0,701,Good
1532,26,16749.96,6.7,3.5,10,0.399,0.307,0,0,1,0,512,Risky
1533,59,28685.78,13.6,1.2,7,0.236,0.303,2,60,1,0,485,Risky
1534,30,49106.87,22.1,0.2,4,0.042,0.202,0,0,2,0,563,Very Poor
1535,36,19409.92,8.0,23.4,6,0.419,0.335,1,120,1,0,572,Very Poor
1536,38,52211.06,4.3,1.7,8,0.233,0.076,3,30,2,0,488,Risky
1537,49,14158.37,1.4,7.1,5,0.394,0.377,0,60,1,0,475,Risky
1538,61,44816.75,0.0,4.4,7,0.068,0.256,0,0,0,0,603,Poor
1539,40,107045.99,10.0,16.0,13,0.542,0.158,0,0,1,0,674,Fair
1540,32,48089.0,1.8,5.1,5,0.261,0.329,0,0,0,0,570,Very Poor
1541,39,40561.24,3.1,26.0,12,0.121,0.395,1,0,1,0,671,Fair
1542,43,50380.59,4.8,1.6,6,0.105,0.387,1,0,0,0,539,Risky
1543,32,38915.26,0.9,9.6,7,0.442,0.487,2,90,1,0,467,Risky
1544,53,94159.39,0.7,1.5,10,0.62,0.263,0,0,0,0,614,Poor
1545,62,21479.21,7.1,0.1,11,0.355,0.435,3,0,1,1,360,Risky
1546,37,29470.56,1.2,2.2,6,0.472,0.396,2,60,1,0,477,Risky
1547,28,39610.85,7.9,2.6,3,0.418,0.162,1,60,2,0,431,Risky
1548,36,53944.82,2.8,20.3,7,0.31,0.241,0,90,0,0,633,Poor
1549,49,5288.31,3.1,9.6,6,0.155,0.423,1,0,0,0,524,Risky
1550,21,60404.57,6.2,1.4,7,0.248,0.227,0,30,2,0,537,Risky
1551,27,36597.12,19.7,7.7,9,0.112,0.156,2,30,2,0,544,Risky
1552,49,40205.62,1.6,3.7,9,0.081,0.098,0,30,0,0,599,Very Poor
1553,46,72091.63,0.6,12.5,8,0.21,0.412,2,0,2,0,588,Very Poor
1554,47,44722.16,3.8,6.6,7,0.319,0.511,2,0,2,0,570,Very Poor
1555,30,44196.07,23.1,1.2,7,0.194,0.529,3,0,1,0,519,Risky
1556,29,33611.73,0.6,35.3,10,0.154,0.187,1,60,0,0,682,Fair
1557,22,105842.01,7.9,12.4,8,0.375,0.128,1,30,1,0,620,Poor
1558,37,82690.23,6.1,0.5,11,0.345,0.386,0,60,1,0,562,Very Poor
1559,51,51881.81,1.5,15.0,5,0.533,0.33,2,30,3,0,522,Risky
1560,34,32628.58,6.0,16.2,5,0.139,0.376,0,0,0,0,630,Poor
1561,44,57270.45,6.5,11.1,7,0.411,0.39,1,30,1,0,587,Very Poor
1562,29,31173.92,2.0,2.4,7,0.249,0.311,0,0,0,1,460,Risky
1563,41,54991.41,8.8,20.2,8,0.318,0.281,1,0,2,0,625,Poor
1564,27,113391.48,14.3,3.0,10,0.419,0.272,2,0,0,0,549,Risky
1565,43,66769.03,1.3,17.3,10,0.221,0.47,2,30,2,0,604,Poor
1566,50,32495.53,12.3,1.8,6,0.356,0.369,1,0,1,0,538,Risky
1567,41,62600.5,5.8,9.6,4,0.185,0.322,0,0,1,0,642,Poor
1568,52,41778.02,1.4,10.7,8,0.224,0.462,1,60,0,0,573,Very Poor
1569,50,24081.57,4.6,8.4,4,0.143,0.175,2,0,2,0,560,Very Poor
1570,39,5295.43,0.1,16.4,6,0.138,0.294,0,0,1,0,612,Poor
1571,34,22578.97,1.0,3.3,5,0.166,0.226,0,0,1,0,587,Very Poor
1572,24,24457.67,1.5,1.4,5,0.367,0.17,1,0,0,0,568,Very Poor
1573,36,133389.64,2.8,0.8,8,0.18,0.422,2,0,1,0,608,Poor
1574,32,31680.31,4.8,0.5,4,0.545,0.277,0,0,2,0,514,Risky
1575,21,41978.19,3.1,2.4,13,0.4,0.408,0,0,1,0,556,Very Poor
1576,22,18614.35,0.7,1.3,18,0.371,0.543,0,0,0,0,538,Risky
1577,44,12353.42,9.4,5.1,10,0.198,0.411,1,0,2,0,480,Risky
1578,38,30526.23,5.1,2.4,7,0.359,0.391,2,0,0,0,539,Risky
1579,37,178337.12,11.5,1.0,11,0.25,0.409,1,0,1,0,677,Fair
1580,46,37755.09,12.8,3.8,10,0.228,0.243,0,90,0,0,565,Very Poor
1581,35,114361.53,4.9,2.0,13,0.346,0.156,3,0,0,0,521,Risky
1582,38,70706.28,4.1,15.3,6,0.101,0.285,2,60,5,0,545,Risky
1583,21,80566.15,10.2,7.9,10,0.175,0.472,1,0,1,0,617,Poor
1584,47,14779.23,1.6,0.2,10,0.183,0.129,2,0,1,0,439,Risky
1585,34,49149.69,0.7,14.1,4,0.264,0.336,1,0,2,0,570,Very Poor
1586,29,32985.98,5.4,8.8,3,0.103,0.603,2,0,2,0,520,Risky
1587,59,21057.66,7.3,5.7,12,0.137,0.458,0,0,0,0,577,Very Poor
1588,41,52365.69,4.0,4.7,5,0.064,0.155,1,60,0,0,575,Very Poor
1589,48,136008.69,6.3,16.2,9,0.126,0.637,4,0,2,0,632,Poor
1590,41,96155.5,1.8,3.8,11,0.483,0.1,0,0,1,0,581,Very Poor
1591,23,181272.68,3.9,0.5,8,0.116,0.37,2,0,1,0,616,Poor
1592,29,18989.55,0.7,2.6,6,0.479,0.252,0,0,1,0,530,Risky
1593,44,53030.61,17.7,14.0,5,0.552,0.368,2,0,1,0,568,Very Poor
1594,51,171619.45,1.0,6.6,12,0.349,0.358,2,0,2,0,592,Very Poor
1595,44,107785.67,3.4,10.5,9,0.286,0.199,0,90,1,1,536,Risky
1596,47,36943.03,5.1,12.4,8,0.408,0.387,1,0,0,0,612,Poor
1597,36,20558.66,1.4,2.6,6,0.387,0.353,2,0,1,0,480,Risky
1598,38,31296.33,8.3,1.1,6,0.303,0.229,0,0,2,0,541,Risky
1599,53,60786.68,12.9,22.8,5,0.098,0.241,0,0,0,1,612,Poor
1600,58,49653.59,7.1,3.9,4,0.264,0.197,0,30,2,0,551,Very Poor
1601,37,70498.57,2.4,3.4,10,0.172,0.414,0,0,1,0,546,Risky
1602,49,62700.58,0.6,3.1,8,0.225,0.163,1,0,3,0,567,Very Poor
1603,45,28355.61,0.4,4.8,8,0.687,0.135,2,0,0,0,526,Risky
1604,56,20620.96,1.5,10.1,6,0.169,0.786,0,0,2,1,462,Risky
1605,26,52380.59,7.4,22.6,6,0.406,0.365,0,0,0,0,636,Poor
1606,25,60061.14,18.3,27.0,5,0.165,0.09,1,30,1,0,725,Good
1607,70,43151.24,1.5,3.7,9,0.034,0.326,0,30,0,0,597,Very Poor
1608,37,69722.93,0.6,5.1,8,0.505,0.346,1,0,0,0,615,Poor
1609,21,57857.73,2.5,3.2,12,0.117,0.258,1,0,1,0,569,Very Poor
1610,28,138988.95,0.5,7.7,3,0.293,0.32,2,0,1,1,538,Risky
1611,34,62180.62,2.6,2.6,10,0.151,0.446,2,0,2,0,561,Very Poor
1612,57,75468.75,1.9,23.5,10,0.48,0.511,0,30,0,0,658,Fair
1613,21,37750.45,3.9,14.3,10,0.119,0.058,0,0,1,0,585,Very Poor
1614,48,54938.27,1.0,0.5,11,0.188,0.379,1,90,0,0,526,Risky
1615,35,177382.94,9.4,9.5,2,0.283,0.264,2,0,0,0,654,Fair
1616,28,28102.35,0.9,6.6,7,0.455,0.297,0,0,2,1,412,Risky
1617,44,35795.65,5.6,8.9,9,0.051,0.192,0,90,2,0,515,Risky
1618,25,70795.57,4.6,6.3,13,0.244,0.161,0,0,1,1,563,Very Poor
1619,56,30927.38,0.6,2.4,11,0.274,0.389,1,0,0,0,506,Risky
1620,36,66517.61,11.5,10.4,10,0.17,0.362,1,0,1,0,609,Poor
1621,60,10839.26,6.0,25.1,13,0.291,0.158,0,60,0,0,611,Poor
1622,51,32574.16,1.6,10.3,7,0.247,0.374,0,0,1,0,612,Poor
1623,44,32684.13,6.6,3.2,8,0.272,0.206,0,30,2,0,537,Risky
1624,52,38935.1,1.7,1.9,12,0.305,0.199,0,0,3,0,515,Risky
1625,41,23406.16,1.3,1.9,7,0.114,0.236,1,0,2,0,522,Risky
1626,47,35235.59,1.8,5.7,8,0.363,0.105,1,30,0,0,558,Very Poor
1627,26,67102.28,3.4,6.8,15,0.216,0.497,0,30,1,1,518,Risky
1628,41,48390.17,4.8,5.3,8,0.102,0.321,1,0,1,0,583,Very Poor
1629,30,121335.58,2.5,4.2,11,0.173,0.554,3,0,1,1,445,Risky
1630,39,13550.75,5.2,2.3,13,0.106,0.526,2,0,0,0,512,Risky
1631,51,54616.19,10.7,6.5,10,0.248,0.092,2,0,0,0,575,Very Poor
1632,48,77175.36,5.2,8.8,5,0.216,0.15,2,0,1,0,595,Very Poor
1633,21,24135.11,2.9,4.9,11,0.13,0.239,2,0,0,0,563,Very Poor
1634,50,126932.53,1.0,7.0,16,0.166,0.279,0,0,0,0,644,Poor
1635,49,112306.79,6.4,4.3,12,0.106,0.062,0,0,2,0,611,Poor
1636,70,20061.3,8.5,8.8,4,0.208,0.369,1,0,3,0,510,Risky
1637,43,188993.53,12.9,27.5,8,0.576,0.304,0,0,2,0,720,Good
1638,32,62590.11,6.0,1.5,8,0.392,0.218,0,0,1,0,635,Poor
1639,40,152649.94,1.4,11.9,10,0.297,0.348,1,0,2,0,658,Fair
1640,48,114419.69,6.2,4.6,6,0.25,0.258,1,0,2,0,644,Poor
1641,56,228913.62,1.8,17.4,4,0.854,0.307,0,0,1,0,723,Good
1642,33,31612.47,0.1,1.0,7,0.497,0.09,0,0,1,0,519,Risky
1643,45,81207.69,2.2,6.2,3,0.537,0.33,0,0,3,1,506,Risky
1644,37,111577.92,0.8,7.4,13,0.123,0.216,1,0,0,0,673,Fair
1645,45,16734.98,6.5,4.0,16,0.199,0.235,3,0,3,0,461,Risky
1646,42,62869.46,0.1,3.1,7,0.085,0.274,3,30,0,0,558,Very Poor
1647,49,90627.54,0.5,5.6,11,0.043,0.242,2,60,1,0,515,Risky
1648,51,91340.46,7.5,23.3,10,0.034,0.251,0,0,0,0,762,Excellent
1649,21,308622.19,4.9,1.0,4,0.373,0.211,1,30,0,0,642,Poor
1650,47,39207.8,0.1,35.1,9,0.139,0.207,2,0,1,0,677,Fair
1651,57,62632.86,12.7,7.9,10,0.237,0.347,2,0,0,0,628,Poor
1652,52,147126.83,2.0,26.1,5,0.589,0.122,0,0,2,0,777,Excellent
1653,21,85410.42,3.9,10.6,6,0.361,0.432,2,0,3,1,490,Risky
1654,33,18624.64,0.5,13.9,11,0.311,0.221,2,0,1,0,513,Risky
1655,36,49047.19,2.2,8.6,10,0.116,0.322,0,60,2,0,550,Risky
1656,21,37277.09,3.0,10.2,6,0.139,0.161,0,0,0,0,636,Poor
1657,44,9234.29,3.6,1.2,2,0.462,0.527,0,60,1,0,437,Risky
1658,39,275718.09,3.6,4.9,5,0.133,0.703,2,0,2,0,623,Poor
1659,44,28599.13,17.9,15.9,7,0.235,0.465,1,0,0,0,643,Poor
1660,49,26737.96,35.2,7.4,5,0.14,0.228,0,120,1,0,488,Risky
1661,38,45171.71,11.0,9.5,4,0.226,0.487,3,30,1,0,530,Risky
1662,42,204699.9,7.0,4.7,8,0.484,0.353,1,0,0,0,661,Fair
1663,30,25805.82,0.4,13.7,5,0.419,0.237,0,0,4,0,591,Very Poor
1664,49,14538.11,2.4,25.2,10,0.097,0.475,1,0,0,0,623,Poor
1665,21,86179.91,13.9,0.6,4,0.108,0.456,3,30,0,0,489,Risky
1666,21,29388.32,1.7,10.6,7,0.612,0.377,0,60,0,0,532,Risky
1667,45,46133.35,3.3,5.4,7,0.238,0.256,3,0,1,0,545,Risky
1668,45,62402.22,1.9,17.0,8,0.318,0.191,2,0,1,0,659,Fair
1669,21,23553.61,5.7,6.2,7,0.197,0.389,2,0,2,0,535,Risky
1670,50,26849.89,0.9,3.2,6,0.463,0.434,0,0,0,0,556,Very Poor
1671,31,98040.24,6.5,8.3,9,0.175,0.29,1,0,1,0,603,Poor
1672,42,102791.22,0.2,3.4,8,0.043,0.451,2,0,0,1,506,Risky
1673,50,25827.48,4.3,21.1,7,0.182,0.294,0,0,2,1,510,Risky
1674,55,189747.31,8.5,4.0,8,0.232,0.267,0,30,2,0,598,Very Poor
1675,33,23642.27,7.1,10.9,4,0.036,0.538,0,30,1,0,567,Very Poor
1676,46,53714.29,4.1,2.2,3,0.319,0.22,0,60,0,0,556,Very Poor
1677,41,91659.49,11.5,7.9,12,0.228,0.228,0,0,1,0,691,Fair
1678,36,118591.2,9.9,0.5,4,0.302,0.128,1,0,0,0,648,Poor
1679,35,72106.79,1.7,5.1,9,0.439,0.098,0,60,1,0,604,Poor
1680,47,30021.48,4.2,8.1,10,0.118,0.412,0,0,0,0,579,Very Poor
1681,53,25885.56,3.8,33.4,8,0.267,0.121,1,30,1,0,639,Poor
1682,41,25485.3,0.3,6.4,11,0.142,0.207,1,30,1,0,568,Very Poor
1683,47,69989.08,11.5,10.5,6,0.313,0.544,0,60,2,0,566,Very Poor
1684,25,39856.84,3.5,1.9,7,0.416,0.186,1,0,1,0,544,Risky
1685,54,48623.75,1.4,9.9,6,0.286,0.12,1,0,3,0,579,Very Poor
1686,29,80776.64,8.0,6.0,8,0.235,0.13,1,30,1,0,584,Very Poor
1687,34,20567.66,8.8,3.3,9,0.151,0.368,0,90,2,1,415,Risky
1688,49,9500.59,1.6,2.4,9,0.18,0.52,2,30,0,0,481,Risky
1689,51,29310.62,2.3,5.6,6,0.168,0.2,0,0,1,0,608,Poor
1690,27,44948.66,2.0,0.4,14,0.302,0.281,2,30,2,0,486,Risky
1691,52,171520.68,3.0,0.7,9,0.183,0.481,1,0,2,0,569,Very Poor
1692,33,81633.37,3.9,2.9,8,0.364,0.555,1,0,0,0,527,Risky
1693,26,50285.08,0.2,5.1,5,0.562,0.606,0,0,1,0,556,Very Poor
1694,62,27845.24,2.0,2.4,3,0.127,0.468,0,0,2,0,583,Very Poor
1695,45,30380.38,2.4,14.2,7,0.267,0.257,3,30,2,0,518,Risky
1696,56,31644.77,0.7,6.3,10,0.305,0.195,2,60,1,0,474,Risky
1697,22,78961.72,2.2,4.0,7,0.129,0.337,1,0,0,0,589,Very Poor
1698,46,37634.9,0.0,2.4,11,0.312,0.475,0,0,1,0,470,Risky
1699,21,157071.88,15.7,5.4,9,0.507,0.377,0,90,1,0,578,Very Poor
1700,37,28361.52,1.9,6.8,10,0.385,0.408,2,0,1,0,504,Risky
1701,47,101940.48,1.9,15.5,7,0.284,0.267,2,0,2,0,616,Poor
1702,37,84612.14,0.5,3.9,8,0.305,0.177,0,0,1,0,613,Poor
1703,40,41732.52,0.8,3.9,9,0.381,0.338,0,30,2,0,506,Risky
1704,39,19426.83,7.1,3.8,9,0.099,0.39,0,0,2,0,528,Risky
1705,45,45545.44,4.6,17.4,4,0.358,0.411,0,90,2,0,595,Very Poor
1706,41,27938.81,1.2,1.9,4,0.066,0.306,2,0,3,0,514,Risky
1707,30,45494.62,8.1,12.8,9,0.665,0.323,1,0,0,0,670,Fair
1708,52,428522.53,1.4,6.5,7,0.296,0.408,2,0,0,0,728,Good
1709,31,54797.04,7.2,2.1,10,0.046,0.457,0,0,1,1,479,Risky
1710,27,25582.46,3.3,0.0,6,0.1,0.413,0,0,0,0,595,Very Poor
1711,47,117478.89,4.5,5.1,3,0.478,0.286,2,30,2,0,533,Risky
1712,47,100902.76,13.3,10.3,9,0.333,0.14,0,0,1,0,650,Poor
1713,50,46056.36,2.2,11.4,13,0.517,0.352,1,60,2,0,560,Very Poor
1714,47,25133.74,5.4,15.0,8,0.09,0.124,3,0,2,0,581,Very Poor
1715,21,41902.36,2.4,27.1,6,0.16,0.243,1,0,4,0,700,Fair
1716,39,48853.3,3.1,2.0,11,0.216,0.105,2,30,2,0,518,Risky
1717,57,134948.39,3.1,0.2,10,0.326,0.479,2,30,5,0,523,Risky
1718,34,124690.74,3.5,13.4,5,0.28,0.163,0,30,1,0,665,Fair
1719,55,64657.29,0.5,1.8,8,0.302,0.2,1,0,2,0,614,Poor
1720,44,46589.8,3.2,2.4,7,0.175,0.274,2,0,2,0,544,Risky
1721,37,29189.65,1.3,33.2,3,0.233,0.395,1,0,0,0,676,Fair
1722,21,36277.36,4.2,12.8,11,0.029,0.247,0,0,0,0,566,Very Poor
1723,47,7240.48,15.9,0.4,6,0.189,0.334,1,0,1,0,441,Risky
1724,48,250989.39,1.2,34.7,8,0.232,0.229,0,0,0,0,827,Excellent
1725,41,54417.72,3.1,0.5,8,0.276,0.184,0,0,3,0,534,Risky
1726,21,40133.3,3.1,0.3,6,0.393,0.322,2,0,1,0,518,Risky
1727,52,37293.31,1.5,6.7,6,0.424,0.164,0,0,0,0,623,Poor
1728,40,105136.44,1.3,9.3,12,0.19,0.216,3,90,1,0,589,Very Poor
1729,31,86774.72,21.1,0.5,7,0.21,0.461,0,30,3,0,596,Very Poor
1730,43,144766.37,0.4,26.0,5,0.645,0.531,2,30,1,0,695,Fair
1731,43,112082.28,6.8,13.2,12,0.488,0.356,1,30,1,0,641,Poor
1732,30,14898.94,14.8,2.6,10,0.119,0.123,1,0,0,0,502,Risky
1733,41,95185.61,2.8,7.4,5,0.346,0.15,0,0,0,0,631,Poor
1734,42,146522.31,5.8,1.0,5,0.037,0.356,2,0,0,0,617,Poor
1735,39,64935.11,3.0,21.9,5,0.207,0.353,0,30,2,0,666,Fair
1736,41,27565.69,13.8,3.7,9,0.364,0.431,2,0,4,0,461,Risky
1737,21,26284.01,9.3,6.8,8,0.324,0.313,1,0,2,0,518,Risky
1738,48,13462.62,6.3,2.0,5,0.112,0.551,1,0,1,0,495,Risky
1739,46,29389.12,3.3,1.9,7,0.099,0.326,0,0,0,0,552,Very Poor
1740,28,20914.89,11.2,15.9,6,0.187,0.325,0,0,0,0,605,Poor
1741,40,54908.96,1.6,4.7,10,0.387,0.375,0,60,0,0,594,Very Poor
1742,26,52488.23,1.3,4.0,6,0.183,0.084,2,30,1,0,517,Risky
1743,22,61487.99,1.2,14.9,3,0.109,0.483,0,0,0,0,633,Poor
1744,29,63382.59,0.5,4.0,9,0.216,0.091,1,0,0,0,678,Fair
1745,46,21650.77,4.1,6.1,10,0.054,0.657,0,0,2,0,579,Very Poor
1746,53,5144.68,4.8,8.7,6,0.578,0.184,1,0,2,0,462,Risky
1747,58,7117.59,0.8,3.6,8,0.435,0.291,1,0,0,0,445,Risky
1748,46,37721.28,3.7,13.7,5,0.266,0.182,1,60,3,0,552,Very Poor
1749,39,31713.66,2.3,6.2,10,0.384,0.572,0,0,1,0,533,Risky
1750,46,51378.25,2.7,11.2,18,0.087,0.043,0,60,1,0,632,Poor
1751,25,108989.71,0.2,14.1,10,0.066,0.212,2,0,0,0,691,Fair
1752,32,84981.97,9.0,2.0,8,0.347,0.453,0,0,3,0,598,Very Poor
1753,37,22214.76,1.8,15.5,5,0.368,0.175,0,30,0,0,614,Poor
1754,53,154922.68,9.0,1.0,15,0.192,0.633,3,60,1,0,561,Very Poor
1755,39,35036.73,3.4,0.6,12,0.043,0.523,1,0,1,0,545,Risky
1756,58,35936.41,6.9,11.2,4,0.149,0.285,0,0,0,0,598,Very Poor
1757,56,178952.26,0.6,1.0,6,0.118,0.308,1,30,2,0,589,Very Poor
1758,45,27319.56,2.9,7.2,9,0.261,0.292,4,0,0,0,523,Risky
1759,29,67869.82,5.5,0.7,9,0.52,0.091,2,30,0,0,584,Very Poor
1760,32,14755.2,11.1,7.8,5,0.287,0.51,0,0,0,0,545,Risky
1761,55,49022.82,0.0,14.6,9,0.255,0.121,1,90,1,0,587,Very Poor
1762,21,28999.03,6.4,0.7,7,0.258,0.45,0,60,1,0,497,Risky
1763,47,73478.45,0.4,25.5,11,0.266,0.282,0,0,0,0,740,Good
1764,46,317921.56,6.5,1.9,8,0.062,0.336,0,0,1,0,666,Fair
1765,46,13829.52,0.1,14.8,9,0.357,0.191,1,0,2,0,555,Very Poor
1766,62,12212.45,0.8,8.6,6,0.208,0.193,0,0,0,0,565,Very Poor
1767,62,226893.91,0.8,2.5,4,0.228,0.346,0,0,0,0,645,Poor
1768,55,33246.35,0.5,0.8,5,0.707,0.329,2,0,5,0,471,Risky
1769,27,58048.32,1.9,0.0,11,0.275,0.393,0,0,1,0,595,Very Poor
1770,40,19992.18,0.4,11.9,8,0.244,0.344,3,0,1,0,510,Risky
1771,41,113465.57,6.5,13.9,8,0.11,0.271,0,0,2,0,662,Fair
1772,31,144955.87,4.0,2.5,7,0.374,0.311,0,0,1,0,669,Fair
1773,49,82224.68,5.4,4.2,7,0.106,0.149,0,30,1,0,581,Very Poor
1774,21,45313.28,0.5,1.0,12,0.371,0.371,0,0,1,0,616,Poor
1775,38,30963.45,1.1,16.6,9,0.074,0.205,0,0,2,0,635,Poor
1776,56,64879.29,15.7,2.6,10,0.452,0.492,2,60,1,0,542,Risky
1777,45,79677.28,7.1,35.2,5,0.531,0.61,0,0,0,0,760,Excellent
1778,32,94308.19,6.7,11.9,5,0.109,0.192,2,0,2,0,676,Fair
1779,22,29478.99,7.8,32.2,8,0.328,0.284,0,0,0,0,716,Good
1780,45,60426.96,4.7,11.8,14,0.278,0.185,3,0,0,0,590,Very Poor
1781,44,26983.78,4.7,5.9,8,0.299,0.16,0,0,0,0,538,Risky
1782,61,138478.93,0.1,3.0,11,0.17,0.603,4,0,1,0,472,Risky
1783,21,127537.08,0.0,2.7,7,0.261,0.346,2,0,1,0,539,Risky
1784,41,36901.86,0.6,11.3,9,0.497,0.236,1,30,0,0,601,Poor
1785,39,43644.43,3.7,2.1,9,0.059,0.321,0,0,2,0,554,Very Poor
1786,31,96425.56,3.4,0.3,9,0.15,0.136,1,30,0,0,591,Very Poor
1787,49,77036.8,0.6,4.3,9,0.444,0.104,3,0,1,0,542,Risky
1788,21,68086.04,14.4,3.0,8,0.267,0.633,1,60,1,0,545,Risky
1789,54,23049.37,17.5,4.4,10,0.39,0.348,4,30,2,0,432,Risky
1790,44,33661.51,3.2,0.1,6,0.459,0.062,1,60,1,0,490,Risky
1791,40,11018.37,11.5,34.0,9,0.216,0.369,1,0,1,1,521,Risky
1792,40,12919.18,7.6,9.1,10,0.131,0.675,0,30,2,0,528,Risky
1793,28,80703.12,8.8,8.7,7,0.143,0.268,2,0,2,0,594,Very Poor
1794,51,56362.9,10.1,22.9,8,0.245,0.22,3,60,0,0,606,Poor
1795,52,39841.4,0.4,10.2,8,0.213,0.554,3,0,0,0,595,Very Poor
1796,57,25177.52,6.6,30.3,3,0.391,0.31,0,0,0,0,690,Fair
1797,44,311553.32,1.3,0.8,6,0.682,0.411,2,0,0,0,628,Poor
1798,27,39548.18,2.9,9.2,12,0.052,0.154,1,60,1,0,559,Very Poor
1799,31,216295.33,6.0,11.5,5,0.167,0.208,2,0,1,1,551,Very Poor
1800,34,11397.73,2.0,8.9,4,0.342,0.222,1,0,0,0,575,Very Poor
1801,28,95815.15,2.3,4.4,9,0.588,0.431,1,0,1,0,580,Very Poor
1802,43,41873.64,7.6,0.8,7,0.602,0.489,0,30,0,0,568,Very Poor
1803,47,52137.54,12.0,5.3,12,0.39,0.293,3,0,1,0,531,Risky
1804,48,87667.51,8.8,2.6,4,0.185,0.264,3,0,1,0,522,Risky
1805,51,71269.09,5.9,18.9,6,0.449,0.236,1,0,2,0,681,Fair
1806,46,86904.78,6.9,3.5,6,0.46,0.236,0,0,0,0,730,Good
1807,55,6343.03,0.4,0.8,15,0.336,0.134,1,0,0,0,469,Risky
1808,34,69847.18,6.5,1.1,9,0.24,0.501,2,0,1,0,506,Risky
1809,54,29678.99,10.4,0.3,8,0.172,0.277,1,0,1,0,597,Very Poor
1810,46,89245.41,6.2,5.3,10,0.115,0.174,2,0,1,0,536,Risky
1811,40,83982.57,6.6,7.1,11,0.267,0.407,0,0,1,1,513,Risky
1812,45,127569.25,7.3,15.2,7,0.319,0.299,0,60,2,0,656,Fair
1813,36,56783.26,0.3,3.5,6,0.328,0.4,0,30,0,0,552,Very Poor
1814,47,28724.37,3.6,2.4,12,0.346,0.14,1,30,0,0,515,Risky
1815,34,397201.44,4.0,0.4,10,0.427,0.288,3,30,0,0,577,Very Poor
1816,41,19650.26,0.1,1.6,8,0.329,0.215,1,90,1,0,465,Risky
1817,30,147319.92,2.8,3.4,7,0.178,0.281,0,30,2,0,581,Very Poor
1818,31,33504.99,8.2,4.0,9,0.204,0.314,0,30,1,0,570,Very Poor
1819,61,39011.88,2.3,0.6,10,0.512,0.437,2,0,0,0,522,Risky
1820,43,104948.19,11.4,4.6,9,0.441,0.31,0,0,1,0,559,Very Poor
1821,60,13560.73,4.3,3.0,7,0.111,0.431,3,0,1,0,441,Risky
1822,51,66951.69,1.1,6.7,7,0.493,0.307,1,0,1,0,619,Poor
1823,42,96992.69,6.7,9.0,9,0.677,0.422,0,0,1,0,662,Fair
1824,43,28351.13,12.9,16.8,5,0.768,0.249,1,30,0,0,587,Very Poor
1825,31,52740.97,1.2,10.8,7,0.412,0.559,0,0,0,0,587,Very Poor
1826,63,41516.17,1.4,0.2,7,0.063,0.038,2,30,1,0,467,Risky
1827,32,28894.26,10.2,11.3,4,0.354,0.357,2,0,0,0,591,Very Poor
1828,47,32063.97,0.1,6.5,5,0.327,0.468,2,30,0,1,414,Risky
1829,37,139764.58,1.5,8.1,16,0.186,0.296,0,60,1,0,599,Very Poor
1830,45,73027.36,8.0,15.6,7,0.148,0.442,2,30,0,0,620,Poor
1831,68,228295.67,0.6,0.9,6,0.168,0.169,4,90,1,0,555,Very Poor
1832,41,81446.67,5.6,4.2,6,0.238,0.125,1,30,3,0,564,Very Poor
1833,65,8615.49,7.2,6.0,3,0.404,0.35,1,30,0,0,532,Risky
1834,28,9905.72,1.8,4.4,10,0.193,0.384,0,0,0,0,548,Risky
1835,53,32160.03,0.2,5.4,6,0.388,0.418,0,0,1,0,521,Risky
1836,39,59399.37,0.8,7.3,7,0.27,0.413,0,60,3,0,548,Risky
1837,41,17112.22,0.5,3.7,7,0.189,0.309,0,0,1,0,481,Risky
1838,46,38558.53,3.1,22.4,6,0.236,0.213,2,0,0,0,703,Good
1839,38,138753.57,9.2,4.8,9,0.633,0.229,0,60,3,0,561,Very Poor
1840,47,25448.7,11.8,6.0,6,0.531,0.236,2,60,2,0,507,Risky
1841,46,104196.99,7.0,2.2,7,0.244,0.188,0,0,1,0,659,Fair
1842,55,16814.77,1.5,7.3,3,0.311,0.237,1,60,1,0,544,Risky
1843,57,69426.09,11.6,7.7,6,0.078,0.123,2,30,1,0,582,Very Poor
1844,31,338512.79,16.4,3.0,5,0.171,0.271,0,30,4,0,693,Fair
1845,45,49977.67,4.3,5.0,8,0.17,0.44,0,0,1,0,568,Very Poor
1846,44,66422.61,2.8,1.8,2,0.087,0.192,0,0,1,0,613,Poor
1847,42,32734.23,3.6,0.5,3,0.175,0.229,0,0,0,0,532,Risky
1848,52,37141.36,0.6,2.9,6,0.267,0.341,0,0,0,0,615,Poor
1849,21,11103.38,4.0,12.5,8,0.197,0.433,0,0,0,0,628,Poor
1850,36,123226.58,1.3,18.3,9,0.158,0.229,0,0,1,0,718,Good
1851,41,27421.23,7.9,15.4,10,0.205,0.262,0,90,2,0,605,Poor
1852,42,15750.21,1.3,4.5,10,0.205,0.253,1,0,0,0,535,Risky
1853,52,44626.66,2.2,16.7,10,0.619,0.377,2,0,3,0,575,Very Poor
1854,22,33817.73,0.4,0.7,9,0.155,0.142,2,60,0,0,498,Risky
1855,49,124345.97,8.7,2.4,5,0.281,0.269,0,60,0,0,652,Fair
1856,42,356490.99,0.0,9.4,10,0.41,0.032,2,0,1,0,698,Fair
1857,21,61674.23,0.8,1.6,6,0.38,0.252,1,120,1,0,492,Risky
1858,35,141060.82,3.6,18.1,9,0.411,0.135,0,30,1,0,667,Fair
1859,25,136875.66,1.1,4.3,7,0.223,0.199,1,0,0,0,640,Poor
1860,21,40432.5,2.2,5.8,6,0.469,0.238,2,0,2,0,504,Risky
1861,66,77834.6,1.7,6.6,11,0.125,0.31,1,0,1,1,488,Risky
1862,46,47816.35,8.6,19.9,7,0.176,0.256,1,0,2,0,657,Fair
1863,21,49396.23,3.6,8.4,11,0.194,0.305,2,0,0,0,594,Very Poor
1864,70,123221.93,3.2,8.4,9,0.469,0.287,1,30,2,0,615,Poor
1865,52,109065.3,0.0,26.2,4,0.528,0.42,2,0,2,0,686,Fair
1866,32,170242.18,1.1,22.2,6,0.6,0.123,0,30,2,0,720,Good
1867,23,43480.77,1.1,4.8,7,0.075,0.049,0,0,1,0,585,Very Poor
1868,60,14872.05,14.1,1.4,12,0.156,0.712,0,60,1,0,488,Risky
1869,46,19210.71,6.9,1.5,11,0.179,0.341,0,0,0,0,565,Very Poor
1870,60,94976.27,6.2,13.9,7,0.267,0.36,0,60,0,0,657,Fair
1871,22,16244.08,5.2,33.9,11,0.194,0.323,2,0,0,0,643,Poor
1872,36,110623.52,10.9,0.2,7,0.299,0.648,0,0,0,0,606,Poor
1873,45,17124.7,18.6,1.6,9,0.049,0.171,1,0,0,0,518,Risky
1874,42,136732.91,14.6,6.6,5,0.075,0.104,1,0,1,0,674,Fair
1875,42,47042.61,0.4,4.8,10,0.449,0.417,1,30,0,0,586,Very Poor
1876,35,14483.5,0.5,1.1,2,0.612,0.575,1,0,2,1,329,Risky
1877,52,38251.91,1.4,10.4,6,0.322,0.138,0,90,2,0,557,Very Poor
1878,37,38533.48,0.7,13.1,10,0.065,0.483,0,0,0,0,627,Poor
1879,50,25936.37,0.1,4.6,7,0.301,0.486,3,0,3,0,486,Risky
1880,32,20367.76,3.3,9.3,13,0.443,0.403,0,0,0,0,536,Risky
1881,44,110060.91,0.2,7.5,4,0.229,0.231,0,0,0,0,646,Poor
1882,52,51803.37,2.4,17.1,9,0.021,0.265,0,0,1,0,699,Fair
1883,47,47835.4,11.0,5.6,8,0.127,0.435,1,0,0,0,607,Poor
1884,50,41281.55,1.4,14.0,6,0.08,0.391,5,30,1,1,365,Risky
1885,29,129772.9,1.7,11.1,10,0.479,0.113,0,0,1,0,667,Fair
1886,56,14526.62,4.6,0.2,5,0.337,0.241,0,30,2,0,506,Risky
1887,21,80043.65,4.5,1.0,7,0.287,0.138,1,0,0,0,606,Poor
1888,38,17388.48,7.0,3.6,6,0.156,0.083,0,30,0,0,547,Risky
1889,26,23052.15,0.2,3.5,12,0.043,0.048,0,60,2,0,555,Very Poor
1890,27,53481.21,1.3,3.0,10,0.319,0.456,1,0,3,0,524,Risky
1891,41,74676.41,0.4,2.1,6,0.101,0.447,3,90,3,0,475,Risky
1892,30,27235.12,1.0,0.4,11,0.073,0.273,2,0,1,0,472,Risky
1893,37,37529.85,0.1,0.3,5,0.258,0.25,0,30,0,0,595,Very Poor
1894,39,53318.97,5.3,11.1,11,0.149,0.233,1,0,1,0,619,Poor
1895,23,25429.16,1.3,1.6,8,0.364,0.27,2,30,0,0,505,Risky
1896,27,373893.48,0.6,0.1,8,0.446,0.402,3,0,2,0,576,Very Poor
1897,28,29517.1,5.6,15.8,6,0.591,0.523,0,0,0,0,627,Poor
1898,43,59219.91,5.1,0.9,3,0.193,0.423,1,0,2,0,552,Very Poor
1899,38,15859.47,2.3,1.4,12,0.28,0.365,0,30,0,0,552,Very Poor
1900,34,31262.41,15.7,26.5,9,0.284,0.385,0,0,0,0,651,Fair
1901,39,78843.77,0.3,11.9,4,0.388,0.244,0,60,1,0,670,Fair
1902,21,43917.86,11.2,8.2,10,0.308,0.438,1,0,0,0,647,Poor
1903,27,11094.01,8.2,27.9,5,0.095,0.211,1,0,0,0,608,Poor
1904,38,31117.24,0.6,0.4,7,0.261,0.092,0,0,1,0,551,Very Poor
1905,41,16529.65,0.7,0.5,5,0.309,0.224,1,0,0,0,554,Very Poor
1906,41,56480.24,7.1,0.7,5,0.505,0.155,0,30,1,0,519,Risky
1907,51,122000.36,8.5,11.7,6,0.331,0.362,0,0,0,0,664,Fair
1908,25,336064.57,2.0,13.8,7,0.362,0.122,0,0,1,0,695,Fair
1909,37,6041.97,0.0,15.5,3,0.491,0.45,0,120,2,0,474,Risky
1910,45,29673.11,0.2,8.4,6,0.295,0.513,1,0,2,0,537,Risky
1911,48,154453.42,2.3,0.6,9,0.214,0.254,2,0,0,0,642,Poor
1912,35,99796.25,0.9,2.9,7,0.089,0.474,0,30,1,0,587,Very Poor
1913,27,41937.71,3.2,9.5,9,0.309,0.246,1,0,1,0,624,Poor
1914,24,50045.38,0.2,12.9,12,0.102,0.351,0,30,3,0,613,Poor
1915,41,45591.3,2.9,9.5,9,0.245,0.537,0,30,0,0,668,Fair
1916,46,45234.17,1.8,1.8,8,0.353,0.288,0,60,0,0,512,Risky
1917,66,19745.64,13.8,8.9,6,0.198,0.327,3,0,0,1,432,Risky
1918,65,15302.85,0.4,6.6,6,0.112,0.456,0,90,0,0,487,Risky
1919,44,52199.52,4.6,5.0,6,0.359,0.556,2,0,3,0,483,Risky
1920,41,20605.28,2.7,5.2,8,0.076,0.428,1,0,1,0,496,Risky
1921,54,106084.22,11.5,12.4,7,0.289,0.123,0,30,1,0,688,Fair
1922,51,39408.6,1.3,8.1,11,0.285,0.218,2,0,1,0,575,Very Poor
1923,40,13091.14,1.9,7.6,6,0.432,0.227,0,0,2,0,520,Risky
1924,53,44969.48,0.2,1.3,6,0.256,0.149,1,0,1,0,558,Very Poor
1925,35,16034.09,0.5,0.4,9,0.223,0.069,1,0,2,0,480,Risky
1926,24,97690.28,1.3,28.8,14,0.53,0.439,0,0,2,0,715,Good
1927,32,79725.93,2.9,6.7,12,0.392,0.242,1,0,1,0,604,Poor
1928,26,70631.53,3.3,8.0,12,0.273,0.131,1,0,3,0,634,Poor
1929,49,30597.47,2.7,10.1,9,0.171,0.453,0,30,0,0,548,Risky
1930,48,24800.77,9.9,1.9,5,0.159,0.244,2,30,1,0,484,Risky
1931,63,17301.23,0.1,6.3,9,0.383,0.134,1,30,1,0,505,Risky
1932,53,74503.16,1.7,4.3,10,0.128,0.366,3,0,2,0,510,Risky
1933,37,29194.68,3.1,11.8,14,0.27,0.161,0,0,1,0,589,Very Poor
1934,33,44876.28,0.0,2.3,8,0.375,0.198,1,0,0,0,506,Risky
1935,21,18183.4,7.2,6.1,10,0.148,0.353,3,0,1,0,485,Risky
1936,33,65027.74,13.0,3.9,4,0.283,0.085,1,0,1,0,538,Risky
1937,50,27085.77,2.3,16.9,7,0.525,0.491,0,0,1,0,593,Very Poor
1938,28,51984.96,8.4,9.0,4,0.253,0.561,1,0,2,0,535,Risky
1939,46,39354.92,5.8,10.5,8,0.117,0.55,4,0,0,0,536,Risky
1940,41,19618.34,4.1,1.6,5,0.238,0.279,0,0,2,0,510,Risky
1941,49,75607.21,2.7,12.0,8,0.191,0.198,2,0,2,0,572,Very Poor
1942,51,9428.27,5.6,17.8,9,0.059,0.281,1,0,0,0,535,Risky
1943,41,94884.57,7.3,10.1,9,0.483,0.358,0,0,2,0,660,Fair
1944,33,11907.41,0.6,5.1,10,0.161,0.306,1,30,1,0,513,Risky
1945,29,30171.69,5.5,2.7,13,0.212,0.303,1,90,2,0,460,Risky
1946,31,50791.76,8.4,1.4,6,0.287,0.281,2,0,4,0,460,Risky
1947,59,77873.82,30.1,0.2,11,0.256,0.449,1,0,0,0,595,Very Poor
1948,38,78799.05,7.0,14.1,12,0.373,0.192,0,0,2,0,609,Poor
1949,26,57082.1,9.9,2.4,10,0.061,0.253,1,0,0,1,464,Risky
1950,21,18234.61,1.0,5.7,2,0.396,0.221,0,0,1,0,499,Risky
1951,21,65218.68,1.7,2.9,8,0.118,0.347,2,0,2,0,530,Risky
1952,39,156672.39,0.5,8.2,4,0.317,0.334,2,90,0,0,589,Very Poor
1953,49,62350.38,4.1,0.3,4,0.422,0.238,0,0,2,0,588,Very Poor
1954,50,61629.71,2.1,5.8,10,0.517,0.318,2,0,2,1,403,Risky
1955,31,60845.82,0.9,1.4,10,0.121,0.269,2,0,0,0,578,Very Poor
1956,30,119693.65,2.8,18.1,8,0.248,0.19,2,0,0,0,724,Good
1957,33,38193.36,4.6,19.9,4,0.345,0.249,0,90,0,0,579,Very Poor
1958,52,16766.86,2.2,1.8,8,0.308,0.15,1,0,1,0,500,Risky
1959,31,97506.14,5.7,2.3,13,0.368,0.365,6,0,0,0,470,Risky
1960,40,87395.76,10.0,14.5,8,0.268,0.391,1,0,0,0,650,Poor
1961,58,13165.97,1.0,1.3,10,0.402,0.365,0,0,0,0,532,Risky
1962,39,62727.82,5.8,5.0,5,0.17,0.324,1,60,1,0,564,Very Poor
1963,23,16579.9,17.6,0.2,10,0.52,0.203,0,0,1,0,473,Risky
1964,55,34638.7,5.0,7.4,9,0.211,0.268,0,0,2,0,607,Poor
1965,21,58791.78,2.5,8.2,5,0.219,0.306,1,60,4,0,518,Risky
1966,45,26763.48,5.9,12.6,8,0.713,0.142,0,0,0,0,575,Very Poor
1967,32,28809.21,9.9,2.9,10,0.547,0.44,1,90,2,0,473,Risky
1968,45,13916.07,7.4,13.8,7,0.303,0.172,0,0,1,0,561,Very Poor
1969,25,52935.72,0.2,11.7,8,0.367,0.5,1,0,0,0,565,Very Poor
1970,34,14938.21,4.3,7.1,7,0.318,0.273,0,30,0,0,553,Very Poor
1971,44,36040.16,2.2,0.8,5,0.346,0.366,1,30,0,0,557,Very Poor
1972,64,82913.33,1.1,3.3,8,0.139,0.168,1,0,1,0,597,Very Poor
1973,42,52788.19,3.8,3.3,4,0.224,0.302,1,0,2,1,494,Risky
1974,45,21819.88,1.5,13.5,9,0.073,0.123,0,60,1,0,576,Very Poor
1975,38,50819.78,3.9,38.8,9,0.227,0.347,1,30,0,0,712,Good
1976,34,25806.46,0.1,3.2,7,0.175,0.298,3,0,1,0,499,Risky
1977,45,36839.06,25.8,6.8,9,0.512,0.1,0,0,1,0,626,Poor
1978,58,14937.03,6.4,8.7,9,0.477,0.334,0,0,2,0,492,Risky
1979,40,40100.53,21.7,1.0,7,0.49,0.208,1,0,1,0,573,Very Poor
1980,34,56534.32,0.6,11.9,4,0.258,0.508,1,0,1,0,585,Very Poor
1981,38,73423.63,0.4,8.2,7,0.443,0.159,0,90,0,0,588,Very Poor
1982,39,10469.02,0.3,6.6,9,0.087,0.175,0,0,0,0,610,Poor
1983,22,108484.28,10.3,13.5,7,0.223,0.361,1,0,1,0,697,Fair
1984,54,148090.66,0.8,12.9,6,0.386,0.228,0,0,1,0,660,Fair
1985,36,50160.27,8.2,2.3,7,0.367,0.152,1,0,1,0,552,Very Poor
1986,56,117142.55,4.8,2.8,9,0.201,0.246,0,0,2,0,623,Poor
1987,29,91738.71,4.9,0.9,5,0.304,0.223,0,0,0,0,664,Fair
1988,31,50276.29,0.6,2.6,12,0.315,0.231,2,0,3,0,518,Risky
1989,21,75032.74,1.6,2.0,7,0.273,0.115,3,30,0,0,532,Risky
1990,43,47625.36,22.6,14.9,7,0.171,0.384,0,30,1,0,657,Fair
1991,29,48559.9,1.1,12.8,4,0.273,0.248,0,0,3,1,559,Very Poor
1992,46,45335.19,4.7,8.1,7,0.369,0.291,0,0,0,1,476,Risky
1993,31,64766.8,3.9,40.0,8,0.516,0.416,0,0,1,0,758,Excellent
1994,37,13619.35,3.0,1.1,7,0.066,0.499,1,60,1,0,436,Risky
1995,46,87480.7,4.6,10.7,8,0.583,0.275,2,0,1,0,620,Poor
1996,37,17651.08,8.7,17.6,11,0.041,0.127,2,0,0,0,574,Very Poor
1997,36,126637.41,4.3,0.0,12,0.121,0.095,1,0,1,0,670,Fair
1998,45,20823.34,4.0,6.0,8,0.408,0.261,0,0,1,0,589,Very Poor
1999,41,60713.45,7.7,12.5,13,0.212,0.562,0,0,1,0,634,Poor
2000,24,31187.2,6.7,18.9,4,0.507,0.475,1,0,0,0,617,Poor
2001,47,38458.37,1.7,1.4,9,0.25,0.477,1,0,2,0,498,Risky
2002,46,64266.19,3.9,3.2,10,0.458,0.467,3,0,1,0,592,Very Poor
2003,27,17414.25,6.8,6.1,9,0.242,0.527,2,60,3,0,449,Risky
2004,26,38710.93,2.5,11.8,6,0.284,0.402,0,60,2,0,589,Very Poor
2005,48,30508.84,37.8,6.6,8,0.195,0.351,1,30,0,0,578,Very Poor
2006,53,57775.89,0.2,1.6,9,0.033,0.306,0,0,0,0,594,Very Poor
2007,45,170918.95,2.0,2.6,7,0.195,0.288,0,0,1,0,657,Fair
2008,38,51217.34,1.1,1.4,8,0.318,0.517,0,30,2,0,540,Risky
2009,40,195270.1,1.1,11.9,3,0.192,0.364,0,0,1,0,663,Fair
2010,61,105988.67,0.1,7.0,7,0.285,0.373,2,0,0,0,599,Very Poor
2011,56,23048.6,5.0,10.7,10,0.135,0.164,0,90,1,0,523,Risky
2012,31,46226.86,0.5,7.0,11,0.268,0.553,1,0,1,0,509,Risky
2013,41,32037.54,7.2,12.7,5,0.076,0.208,1,30,2,0,545,Risky
2014,26,26751.19,1.9,3.4,13,0.151,0.404,0,30,1,0,550,Risky
2015,51,15449.23,4.8,6.5,7,0.297,0.254,0,0,2,0,536,Risky
2016,46,114917.45,0.7,1.7,9,0.619,0.458,1,0,2,0,541,Risky
2017,57,38945.06,5.5,12.8,6,0.336,0.464,0,30,0,0,646,Poor
2018,30,207101.35,6.4,26.9,5,0.139,0.255,0,0,1,0,768,Excellent
2019,37,62492.51,1.5,0.5,2,0.389,0.285,0,0,1,0,584,Very Poor
2020,51,35415.1,5.3,9.6,17,0.431,0.16,1,0,1,0,581,Very Poor
2021,36,101876.46,3.8,4.2,1,0.422,0.45,0,0,0,0,606,Poor
2022,57,49001.73,1.3,14.7,6,0.218,0.242,0,0,0,0,670,Fair
2023,22,129196.93,4.8,0.2,7,0.418,0.2,1,90,2,0,524,Risky
2024,25,66854.63,4.8,4.9,4,0.347,0.501,1,90,1,0,522,Risky
2025,49,296425.08,5.0,7.4,7,0.593,0.29,2,90,1,0,578,Very Poor
2026,23,46628.5,4.8,0.7,6,0.193,0.043,0,30,1,0,602,Poor
2027,25,174282.65,0.7,9.6,11,0.158,0.365,4,0,1,0,586,Very Poor
2028,31,29478.71,6.1,18.4,10,0.018,0.506,2,0,1,0,557,Very Poor
2029,37,41299.31,2.8,8.9,9,0.14,0.233,1,0,0,0,635,Poor
2030,49,30817.54,1.4,12.2,3,0.428,0.084,0,30,1,0,581,Very Poor
2031,40,33432.96,0.5,4.5,5,0.589,0.341,1,0,0,0,572,Very Poor
2032,28,61066.43,4.5,1.7,9,0.304,0.316,0,30,1,0,624,Poor
2033,35,67831.73,6.6,8.0,12,0.071,0.451,2,90,0,0,584,Very Poor
2034,58,40824.57,0.2,28.3,7,0.04,0.166,1,0,1,0,667,Fair
2035,47,25923.43,4.2,9.2,8,0.127,0.27,0,60,2,0,556,Very Poor
2036,37,30817.4,0.8,14.8,12,0.555,0.202,0,0,0,0,619,Poor
2037,50,41813.19,4.6,6.0,9,0.214,0.089,1,0,0,0,591,Very Poor
2038,33,36304.39,10.8,9.4,5,0.164,0.313,2,0,2,0,533,Risky
2039,36,38521.74,1.4,13.3,8,0.024,0.418,1,30,1,0,569,Very Poor
2040,33,209653.74,8.0,4.9,5,0.147,0.443,0,0,1,1,560,Very Poor
2041,47,20961.49,4.3,7.4,8,0.404,0.184,0,0,0,0,533,Risky
2042,43,31984.25,14.1,11.3,10,0.354,0.242,2,0,2,0,514,Risky
2043,31,42140.26,6.4,0.7,5,0.284,0.265,2,0,0,1,457,Risky
2044,23,74906.69,3.3,11.1,7,0.204,0.285,2,0,1,0,607,Poor
2045,33,5703.38,4.5,32.9,8,0.183,0.332,1,0,2,0,642,Poor
2046,35,45697.08,13.5,12.5,9,0.526,0.197,2,0,1,0,568,Very Poor
2047,38,77471.35,0.6,0.2,5,0.214,0.201,0,0,2,0,676,Fair
2048,47,19006.48,4.2,3.6,8,0.261,0.227,0,0,1,0,490,Risky
2049,40,142401.32,4.8,12.8,2,0.13,0.58,1,60,0,0,672,Fair
2050,45,56833.66,2.2,8.6,3,0.357,0.423,1,90,1,0,532,Risky
2051,30,41587.57,6.6,0.4,8,0.215,0.579,0,0,0,0,596,Very Poor
2052,21,35124.46,3.6,9.9,15,0.493,0.523,1,30,3,0,527,Risky
2053,49,150928.96,39.2,1.7,10,0.455,0.348,0,120,0,0,627,Poor
2054,36,137127.96,11.8,2.3,6,0.205,0.421,0,30,0,0,606,Poor
2055,35,49409.3,10.1,1.5,7,0.462,0.334,1,0,2,0,465,Risky
2056,44,111719.87,4.0,5.4,10,0.048,0.485,1,0,2,0,591,Very Poor
2057,28,14404.11,0.9,5.4,9,0.394,0.391,1,30,3,0,486,Risky
2058,46,61181.94,0.4,5.8,9,0.054,0.368,3,0,1,0,478,Risky
2059,52,9261.64,3.3,6.9,8,0.082,0.266,0,30,2,0,493,Risky
2060,26,61962.6,1.2,3.8,7,0.396,0.39,2,0,1,0,552,Very Poor
2061,44,34060.33,1.0,1.9,10,0.16,0.536,1,0,0,1,413,Risky
2062,38,42774.36,1.7,5.9,9,0.337,0.255,0,60,1,0,607,Poor
2063,21,30227.35,4.4,4.7,13,0.61,0.371,0,0,3,0,524,Risky
2064,25,10400.6,9.4,5.4,9,0.543,0.282,1,30,1,0,501,Risky
2065,24,266017.34,3.5,10.0,6,0.081,0.283,0,0,0,0,728,Good
2066,39,117356.33,1.3,14.5,6,0.264,0.422,2,0,0,0,672,Fair
2067,51,23866.21,0.8,26.9,7,0.141,0.458,0,90,0,0,606,Poor
2068,32,99622.37,1.4,0.4,6,0.108,0.425,0,0,1,0,575,Very Poor
2069,37,87182.31,17.3,0.9,13,0.444,0.182,3,0,0,0,568,Very Poor
2070,46,42350.06,2.5,1.5,8,0.218,0.039,1,0,1,0,546,Risky
2071,37,41922.03,3.2,18.9,7,0.142,0.322,3,30,0,0,559,Very Poor
2072,36,85441.62,1.7,0.3,12,0.194,0.38,1,60,0,0,484,Risky
2073,63,127062.41,1.5,12.0,4,0.157,0.383,0,0,1,0,693,Fair
2074,58,188098.56,1.2,1.4,3,0.446,0.324,0,0,1,0,657,Fair
2075,36,45406.59,1.3,9.3,1,0.164,0.633,0,0,0,1,540,Risky
2076,45,121987.7,12.4,0.7,10,0.116,0.388,0,30,1,0,671,Fair
2077,43,35337.1,5.6,0.2,3,0.498,0.164,1,0,0,0,533,Risky
2078,63,92719.29,3.1,2.9,12,0.35,0.064,0,0,0,0,646,Poor
2079,59,29974.21,12.4,5.9,3,0.362,0.359,0,60,1,0,541,Risky
2080,24,79587.23,12.4,16.8,8,0.223,0.125,2,0,1,0,599,Very Poor
2081,35,86038.65,10.6,35.3,7,0.356,0.507,3,120,3,0,601,Poor
2082,56,122655.77,6.8,3.1,11,0.192,0.072,1,0,1,0,651,Fair
2083,64,33529.33,1.5,3.8,12,0.148,0.169,0,0,0,0,540,Risky
2084,54,21316.67,3.7,1.5,11,0.544,0.245,0,0,0,0,522,Risky
2085,35,50803.24,2.5,1.2,10,0.143,0.292,0,0,1,0,600,Very Poor
2086,42,105458.3,19.7,11.4,6,0.587,0.247,1,30,0,0,691,Fair
2087,33,34297.82,14.8,4.1,8,0.327,0.165,0,0,1,0,578,Very Poor
2088,41,65914.41,7.7,6.1,6,0.344,0.217,0,30,0,0,589,Very Poor
2089,45,18654.52,2.7,0.1,7,0.294,0.285,1,0,0,0,511,Risky
2090,31,42653.86,0.9,7.4,9,0.161,0.443,2,0,1,0,570,Very Poor
2091,41,61539.08,8.7,1.5,5,0.011,0.273,0,0,0,0,566,Very Poor
2092,43,23514.39,2.2,9.3,9,0.125,0.153,0,0,0,0,579,Very Poor
2093,58,60707.21,2.6,14.3,7,0.353,0.229,1,0,1,0,604,Poor
2094,29,29992.99,0.1,2.3,4,0.676,0.119,2,60,1,0,429,Risky
2095,59,26981.72,0.0,5.1,7,0.586,0.19,2,120,1,0,466,Risky
2096,23,33339.29,0.9,7.3,8,0.313,0.179,0,0,2,0,578,Very Poor
2097,50,31996.76,7.9,11.9,3,0.118,0.144,1,90,2,0,516,Risky
2098,40,60468.35,1.3,17.5,10,0.063,0.356,0,0,0,0,661,Fair
2099,21,72057.66,3.3,23.4,11,0.116,0.077,0,0,0,0,732,Good
2100,39,14097.87,7.3,3.5,3,0.289,0.152,0,0,2,0,512,Risky
2101,23,75755.73,6.9,27.6,6,0.053,0.336,1,0,3,0,687,Fair
2102,27,46886.54,11.8,1.4,5,0.289,0.291,0,30,1,0,626,Poor
2103,44,23084.82,1.1,7.2,10,0.47,0.1,1,0,1,0,557,Very Poor
2104,31,26112.1,2.6,7.0,11,0.036,0.367,1,0,1,0,580,Very Poor
2105,32,56226.07,1.3,12.3,7,0.192,0.274,0,90,1,0,610,Poor
2106,29,61584.57,1.1,9.9,7,0.383,0.606,2,0,2,0,543,Risky
2107,29,263830.36,9.1,2.7,5,0.375,0.246,1,90,0,1,537,Risky
2108,36,14629.83,5.0,7.9,6,0.174,0.479,1,30,0,0,521,Risky
2109,26,11041.95,5.1,12.5,7,0.475,0.27,0,30,1,0,510,Risky
2110,21,78579.11,7.7,16.1,6,0.525,0.363,1,0,1,0,592,Very Poor
2111,55,54151.68,1.7,1.1,6,0.069,0.267,1,0,1,0,552,Very Poor
2112,59,45034.06,5.2,13.6,7,0.598,0.117,1,30,1,0,633,Poor
2113,23,36314.49,3.5,1.5,9,0.195,0.394,0,0,0,0,588,Very Poor
2114,37,114139.65,4.5,4.6,4,0.336,0.087,1,30,0,0,588,Very Poor
2115,39,52629.13,0.3,29.3,6,0.085,0.369,1,0,1,0,707,Good
2116,21,72021.31,4.4,0.9,7,0.471,0.261,3,0,0,0,586,Very Poor
2117,30,95539.5,15.6,7.8,7,0.291,0.476,2,0,2,0,544,Risky
2118,57,40917.71,9.6,10.2,7,0.54,0.174,0,0,0,0,640,Poor
2119,43,53703.55,1.0,10.0,9,0.245,0.386,2,0,2,0,579,Very Poor
2120,32,53770.56,1.8,15.2,4,0.188,0.162,0,0,1,0,629,Poor
2121,43,23491.69,7.6,11.6,7,0.186,0.383,0,0,2,0,559,Very Poor
2122,32,42317.31,4.7,1.9,2,0.264,0.302,2,120,0,0,470,Risky
2123,53,144396.16,14.7,0.2,7,0.192,0.086,3,90,0,0,548,Risky
2124,43,62988.16,8.8,2.4,13,0.248,0.097,1,0,3,0,540,Risky
2125,21,20983.11,0.4,13.4,8,0.64,0.165,0,30,0,0,592,Very Poor
2126,56,25015.72,6.1,16.6,13,0.296,0.278,1,0,0,0,559,Very Poor
2127,29,16245.22,3.4,0.8,11,0.333,0.449,2,30,0,0,442,Risky
2128,44,51106.51,4.5,7.7,14,0.609,0.212,1,0,0,0,582,Very Poor
2129,46,12966.85,6.7,40.0,9,0.473,0.264,1,0,1,0,608,Poor
2130,58,99806.13,1.2,1.9,1,0.182,0.584,1,90,0,0,551,Very Poor
2131,40,113226.3,18.1,8.0,8,0.393,0.186,0,0,1,0,625,Poor
2132,42,50147.09,0.6,4.5,6,0.291,0.129,0,0,2,0,561,Very Poor
2133,59,36812.79,16.7,4.3,5,0.243,0.26,0,30,0,0,597,Very Poor
2134,39,66385.52,4.2,4.3,10,0.125,0.249,2,0,2,0,590,Very Poor
2135,42,53569.32,10.8,3.1,9,0.157,0.175,0,30,1,0,627,Poor
2136,45,34590.25,16.3,7.5,5,0.403,0.135,0,90,1,0,580,Very Poor
2137,31,62319.41,10.8,5.1,12,0.298,0.348,0,30,3,0,578,Very Poor
2138,35,47546.97,1.1,40.0,6,0.089,0.21,1,60,1,0,737,Good
2139,34,26424.23,2.8,0.9,4,0.091,0.19,0,60,2,0,531,Risky
2140,39,19012.83,0.6,0.5,14,0.176,0.374,1,0,1,0,505,Risky
2141,62,18951.35,5.3,4.2,8,0.398,0.124,1,0,4,0,533,Risky
2142,52,14017.78,0.3,0.0,7,0.052,0.196,2,0,1,0,529,Risky
2143,50,103044.13,10.5,6.6,6,0.248,0.149,2,0,0,0,616,Poor
2144,45,42451.78,0.2,12.4,8,0.13,0.191,1,0,1,0,630,Poor
2145,26,254569.33,1.6,12.7,9,0.032,0.411,0,0,1,0,730,Good
2146,37,43632.05,7.6,1.2,12,0.47,0.281,1,0,1,0,518,Risky
2147,31,281915.4,1.3,0.3,4,0.129,0.259,0,30,1,0,671,Fair
2148,41,79529.57,3.7,0.4,11,0.22,0.229,1,30,0,0,584,Very Poor
2149,33,119841.53,9.0,11.9,8,0.194,0.348,2,0,2,0,608,Poor
2150,52,25570.33,1.1,6.6,10,0.125,0.263,1,0,1,0,568,Very Poor
2151,22,21860.85,0.2,13.7,9,0.06,0.272,1,0,2,0,530,Risky
2152,28,16726.54,4.1,3.2,6,0.411,0.215,2,0,3,0,473,Risky
2153,31,24416.22,8.0,35.1,8,0.239,0.287,0,30,2,0,732,Good
2154,21,105731.78,2.8,11.9,10,0.286,0.315,0,0,3,0,665,Fair
2155,21,35206.75,8.9,0.7,12,0.263,0.349,1,0,1,0,546,Risky
2156,50,50507.93,8.1,21.8,8,0.312,0.249,1,30,3,0,625,Poor
2157,46,15140.25,0.2,8.7,12,0.216,0.25,0,0,1,0,599,Very Poor
2158,29,202413.08,6.7,1.2,13,0.024,0.578,0,0,1,0,649,Poor
2159,49,116648.69,4.8,2.2,11,0.065,0.166,1,0,1,0,577,Very Poor
2160,50,171386.05,6.9,3.1,12,0.561,0.186,0,0,1,0,664,Fair
2161,30,49223.87,0.9,38.0,10,0.255,0.07,0,0,0,0,792,Excellent
2162,47,76585.11,1.7,11.8,5,0.232,0.402,1,60,4,0,563,Very Poor
2163,51,25412.69,5.2,7.8,7,0.034,0.131,1,60,0,0,623,Poor
2164,34,43873.61,2.8,7.4,7,0.416,0.099,0,30,2,0,638,Poor
2165,37,64949.79,0.1,8.1,10,0.074,0.098,2,0,1,0,569,Very Poor
2166,33,7925.98,6.1,15.4,8,0.16,0.282,0,0,0,0,559,Very Poor
2167,50,69558.39,1.8,0.1,8,0.287,0.194,0,0,0,0,610,Poor
2168,24,67620.7,16.5,2.1,3,0.353,0.445,1,60,0,0,516,Risky
2169,47,53402.48,1.4,6.1,5,0.337,0.322,0,0,0,0,604,Poor
2170,37,82645.87,1.0,0.4,5,0.125,0.581,0,0,0,0,603,Poor
2171,57,10134.98,1.0,3.1,8,0.281,0.434,0,60,1,0,474,Risky
2172,53,48999.18,2.2,9.3,11,0.554,0.296,3,0,1,0,590,Very Poor
2173,41,70469.78,5.8,11.5,7,0.146,0.299,1,0,0,0,641,Poor
2174,57,7039.36,2.6,13.3,7,0.411,0.234,0,0,0,0,571,Very Poor
2175,46,20723.32,9.8,0.0,12,0.601,0.202,1,0,1,0,541,Risky
2176,31,21595.29,16.0,16.6,8,0.593,0.036,1,0,0,0,632,Poor
2177,38,87473.34,5.1,3.2,12,0.262,0.449,5,30,2,0,467,Risky
2178,50,6428.21,1.8,14.2,8,0.064,0.11,1,0,1,1,428,Risky
2179,46,21515.5,2.0,0.0,10,0.094,0.38,0,0,0,1,481,Risky
2180,23,53948.49,18.3,2.8,14,0.269,0.344,2,0,0,0,564,Very Poor
2181,35,89103.34,3.7,3.4,9,0.561,0.068,0,0,2,0,601,Poor
2182,55,112638.39,2.8,5.1,5,0.055,0.444,0,0,0,0,669,Fair
2183,67,29672.09,4.6,15.0,10,0.231,0.39,0,0,0,0,622,Poor
2184,31,87943.02,1.6,2.9,4,0.651,0.363,2,0,0,0,561,Very Poor
2185,49,77863.43,5.6,12.7,10,0.229,0.344,0,0,0,1,621,Poor
2186,21,35998.57,5.7,3.0,7,0.187,0.392,2,30,0,0,502,Risky
2187,53,33020.69,2.1,8.4,13,0.173,0.297,2,60,2,0,500,Risky
2188,42,137353.89,5.8,2.5,12,0.216,0.114,0,0,2,0,646,Poor
2189,40,143177.43,4.2,9.3,10,0.049,0.271,2,0,1,0,685,Fair
2190,60,222186.14,0.4,36.9,10,0.182,0.275,0,0,1,0,781,Excellent
2191,31,50598.62,2.2,11.2,3,0.04,0.216,2,0,1,0,581,Very Poor
2192,42,50689.68,13.2,9.3,6,0.183,0.408,0,60,0,0,571,Very Poor
2193,62,55470.36,6.7,13.0,11,0.185,0.443,0,0,1,0,668,Fair
2194,30,53725.15,0.5,25.8,4,0.477,0.222,0,0,0,0,684,Fair
2195,41,193277.37,3.2,2.8,10,0.268,0.41,4,0,2,0,569,Very Poor
2196,54,150294.44,1.6,8.9,9,0.24,0.314,0,0,1,1,607,Poor
2197,50,15346.28,6.5,0.1,14,0.155,0.38,0,90,2,0,484,Risky
2198,44,49696.5,5.6,9.2,7,0.236,0.278,3,30,2,0,566,Very Poor
2199,42,152429.24,5.9,3.5,4,0.574,0.127,1,0,1,0,631,Poor
2200,43,139858.18,1.6,4.5,6,0.201,0.2,1,0,0,0,638,Poor
2201,45,7233.39,4.3,6.1,10,0.183,0.402,1,0,0,0,536,Risky
2202,26,82040.2,3.5,0.0,6,0.198,0.582,2,0,1,0,540,Risky
2203,49,182215.86,17.3,10.4,14,0.252,0.189,0,0,0,0,714,Good
2204,46,66749.34,3.1,15.7,11,0.032,0.272,0,0,2,0,705,Good
2205,25,39527.32,0.0,21.4,9,0.244,0.195,0,0,2,0,666,Fair
2206,40,33413.72,0.4,4.0,7,0.089,0.428,1,0,0,0,516,Risky
2207,51,152773.17,0.5,3.0,13,0.414,0.169,1,60,2,0,550,Risky
2208,21,7998.61,4.6,2.9,14,0.607,0.382,1,0,0,0,477,Risky
2209,26,81659.43,17.9,5.0,8,0.275,0.291,0,90,1,0,540,Risky
2210,52,54021.45,0.6,5.8,6,0.646,0.296,1,0,0,0,622,Poor
2211,37,75127.01,3.1,2.2,7,0.325,0.638,0,0,1,0,614,Poor
2212,59,45254.39,23.0,6.2,10,0.14,0.246,2,0,1,0,560,Very Poor
2213,29,35457.23,4.7,5.8,8,0.309,0.474,2,30,1,0,505,Risky
2214,55,21150.73,1.5,7.5,8,0.175,0.231,1,0,0,0,531,Risky
2215,48,116345.94,10.1,14.6,15,0.458,0.398,1,0,2,0,633,Poor
2216,45,125671.77,2.7,8.2,16,0.471,0.279,2,0,2,0,589,Very Poor
2217,31,21313.48,0.9,7.3,13,0.053,0.472,1,0,2,0,550,Risky
2218,38,72221.2,8.8,4.3,13,0.488,0.193,1,0,0,0,564,Very Poor
2219,51,106902.76,2.6,3.4,10,0.138,0.587,1,30,2,0,605,Poor
2220,40,79265.58,1.7,9.8,6,0.245,0.106,1,30,2,0,621,Poor
2221,53,14021.89,8.1,17.6,7,0.303,0.274,0,0,1,0,581,Very Poor
2222,35,26316.8,3.5,8.6,14,0.397,0.666,0,0,2,0,528,Risky
2223,51,45195.21,0.1,2.2,10,0.419,0.209,1,90,0,0,546,Risky
2224,29,22701.8,1.6,12.7,7,0.109,0.143,1,30,2,0,554,Very Poor
2225,26,25672.85,1.4,2.6,3,0.09,0.387,0,0,1,0,575,Very Poor
2226,55,100355.01,4.1,10.9,3,0.318,0.181,0,0,1,0,716,Good
2227,21,237823.84,0.9,4.1,5,0.427,0.257,1,120,0,0,600,Very Poor
2228,50,43304.81,1.0,6.2,6,0.289,0.226,1,60,1,0,531,Risky
2229,50,22208.62,9.2,2.7,11,0.423,0.318,2,30,1,0,487,Risky
2230,49,39170.1,2.4,6.3,3,0.475,0.501,0,0,1,0,582,Very Poor
2231,28,46774.13,9.9,4.0,12,0.201,0.43,1,90,1,0,572,Very Poor
2232,33,155082.93,9.3,6.6,8,0.192,0.204,0,0,0,0,615,Poor
2233,28,35604.2,6.4,11.2,13,0.483,0.229,0,0,1,1,553,Very Poor
2234,42,10862.52,2.1,2.8,11,0.31,0.47,0,0,1,0,492,Risky
2235,21,110362.29,0.8,11.9,11,0.143,0.139,3,0,0,0,645,Poor
2236,30,47005.5,0.9,6.0,10,0.265,0.299,1,0,1,0,540,Risky
2237,33,39640.72,0.0,11.9,9,0.259,0.106,3,0,0,0,599,Very Poor
2238,23,25933.63,3.9,13.7,7,0.241,0.56,0,0,2,0,541,Risky
2239,27,50059.39,2.6,9.2,5,0.423,0.377,2,0,0,0,598,Very Poor
2240,41,63222.59,1.3,15.2,11,0.086,0.314,0,0,0,0,690,Fair
2241,33,202874.54,2.6,13.4,3,0.201,0.186,1,0,2,0,673,Fair
2242,66,46860.35,13.7,4.8,5,0.261,0.332,1,0,2,0,538,Risky
2243,34,29374.61,1.7,11.7,3,0.242,0.423,1,30,1,0,523,Risky
2244,62,17639.24,7.2,6.1,10,0.36,0.644,3,0,1,0,467,Risky
2245,55,101166.41,8.8,6.3,16,0.497,0.327,0,0,1,0,624,Poor
2246,38,39360.03,10.3,7.2,8,0.276,0.207,0,30,0,0,600,Very Poor
2247,23,44974.31,0.0,10.3,8,0.145,0.196,4,0,2,0,531,Risky
2248,41,76651.79,1.4,2.8,12,0.39,0.143,2,0,2,0,537,Risky
2249,33,14282.24,0.7,6.9,5,0.136,0.081,0,0,0,0,582,Very Poor
2250,28,82520.93,4.5,15.8,9,0.522,0.396,1,0,0,0,688,Fair
2251,24,30049.59,4.1,17.2,7,0.159,0.3,0,90,0,0,596,Very Poor
2252,22,34869.47,1.1,1.9,10,0.156,0.327,0,0,0,0,584,Very Poor
2253,45,75456.47,9.1,0.2,6,0.07,0.319,1,0,0,0,588,Very Poor
2254,35,44390.89,1.8,3.6,13,0.352,0.082,1,0,0,0,542,Risky
2255,44,39917.31,1.8,6.9,7,0.407,0.283,2,0,1,0,571,Very Poor
2256,52,50382.98,1.1,10.2,5,0.635,0.416,0,0,2,0,573,Very Poor
2257,48,371157.53,6.5,29.2,7,0.46,0.333,3,0,4,0,736,Good
2258,38,104579.14,3.4,17.1,11,0.185,0.195,1,0,0,0,699,Fair
2259,38,46715.17,1.0,10.1,10,0.281,0.157,0,0,1,0,637,Poor
2260,44,27076.12,6.6,5.6,8,0.215,0.239,1,0,0,0,555,Very Poor
2261,35,73292.68,2.4,5.0,4,0.273,0.374,0,30,1,0,595,Very Poor
2262,32,32121.17,2.1,0.3,6,0.13,0.29,2,0,4,0,554,Very Poor
2263,45,48681.59,1.2,8.1,12,0.077,0.173,1,0,0,0,621,Poor
2264,42,19678.56,18.1,2.9,5,0.326,0.452,2,0,2,0,508,Risky
2265,44,20675.39,1.3,4.5,7,0.282,0.499,0,0,1,0,572,Very Poor
2266,21,70007.65,1.8,11.2,7,0.142,0.609,1,0,1,0,639,Poor
2267,39,43160.99,0.7,6.8,7,0.455,0.294,0,0,0,0,638,Poor
2268,42,96498.38,4.0,16.5,12,0.524,0.214,2,90,0,0,603,Poor
2269,21,17418.74,0.0,3.8,5,0.329,0.356,3,30,1,0,483,Risky
2270,42,61865.42,2.6,5.7,7,0.22,0.173,0,0,0,0,598,Very Poor
2271,44,65195.13,35.3,11.0,6,0.063,0.267,1,0,1,0,650,Poor
2272,37,14226.9,9.4,1.7,5,0.52,0.082,2,0,1,0,502,Risky
2273,27,32475.81,2.9,3.0,7,0.131,0.477,1,0,4,0,549,Risky
2274,33,112742.18,6.6,13.5,4,0.398,0.391,1,0,0,0,709,Good
2275,35,9659.66,0.4,6.4,7,0.189,0.413,0,0,0,0,605,Poor
2276,40,11078.26,0.1,12.0,8,0.315,0.398,0,0,2,0,511,Risky
2277,29,30276.32,0.0,1.5,3,0.514,0.219,0,0,1,0,513,Risky
2278,46,27524.23,2.4,0.1,7,0.211,0.274,1,0,1,0,506,Risky
2279,28,18991.68,9.5,8.3,2,0.167,0.2,1,0,2,0,578,Very Poor
2280,43,34628.17,12.6,6.8,11,0.093,0.312,1,0,1,0,566,Very Poor
2281,28,58353.78,8.5,17.4,4,0.155,0.434,0,0,4,0,630,Poor
2282,58,92785.42,4.2,4.7,3,0.196,0.189,1,0,1,0,621,Poor
2283,62,24857.93,6.7,5.5,6,0.171,0.1,0,0,0,0,597,Very Poor
2284,27,35235.63,22.3,7.6,9,0.462,0.609,1,0,2,0,507,Risky
2285,26,40258.64,0.8,0.5,7,0.231,0.403,1,30,2,0,540,Risky
2286,38,158101.58,0.1,26.4,10,0.213,0.145,1,0,0,0,720,Good
2287,48,83307.37,3.0,18.8,7,0.293,0.735,0,0,0,0,646,Poor
2288,50,59202.37,7.9,5.8,10,0.106,0.371,2,0,0,0,583,Very Poor
2289,23,23264.73,13.2,5.2,5,0.117,0.44,0,30,2,0,457,Risky
2290,56,11360.32,16.1,2.0,10,0.336,0.374,1,0,0,0,489,Risky
2291,21,96280.39,4.2,0.2,12,0.295,0.209,1,0,1,0,596,Very Poor
2292,34,12655.58,0.9,6.2,9,0.603,0.258,0,0,1,0,462,Risky
2293,44,30535.93,4.7,1.3,10,0.211,0.167,1,0,2,0,494,Risky
2294,39,21470.04,12.6,32.8,10,0.284,0.164,1,0,1,0,701,Good
2295,22,22668.27,10.6,1.5,7,0.149,0.282,3,30,0,0,487,Risky
2296,37,70695.66,3.4,8.8,10,0.29,0.325,1,30,2,0,618,Poor
2297,50,51278.44,4.2,9.5,5,0.237,0.276,0,0,2,0,601,Poor
2298,53,14744.71,3.4,9.5,7,0.203,0.41,0,30,1,0,563,Very Poor
2299,24,31871.77,9.3,0.7,13,0.313,0.241,1,30,2,0,520,Risky
2300,45,30654.36,5.3,8.3,5,0.164,0.349,0,0,1,0,630,Poor
2301,21,45100.3,4.9,5.7,14,0.129,0.076,1,0,2,0,564,Very Poor
2302,36,60065.11,4.5,6.3,8,0.223,0.404,1,0,4,0,590,Very Poor
2303,39,46494.37,3.7,7.1,5,0.349,0.228,0,0,1,0,620,Poor
2304,34,21587.01,3.3,15.4,8,0.463,0.16,0,0,3,0,544,Risky
2305,53,44572.79,1.8,1.7,4,0.103,0.382,0,0,0,0,564,Very Poor
2306,56,39770.44,1.5,1.7,7,0.216,0.275,3,0,1,0,539,Risky
2307,60,105640.67,3.8,3.6,10,0.547,0.281,0,0,3,0,651,Fair
2308,21,37354.65,4.4,8.8,9,0.238,0.115,1,0,2,0,590,Very Poor
2309,42,55712.04,1.3,10.6,5,0.127,0.046,1,30,4,0,583,Very Poor
2310,46,27645.95,2.9,4.4,6,0.151,0.513,0,0,1,1,455,Risky
2311,21,57550.41,6.2,2.4,6,0.186,0.368,2,0,0,0,559,Very Poor
2312,33,116100.0,4.4,1.3,10,0.576,0.252,0,0,0,0,579,Very Poor
2313,35,43442.18,11.7,10.8,7,0.242,0.571,1,30,1,0,644,Poor
2314,48,19315.7,2.7,9.3,14,0.371,0.228,1,30,1,0,509,Risky
2315,41,114975.85,10.0,20.3,9,0.15,0.207,1,0,1,0,654,Fair
2316,41,91635.73,4.2,10.0,9,0.203,0.22,0,0,0,0,691,Fair
2317,53,26602.11,6.1,3.0,5,0.219,0.279,2,0,0,0,495,Risky
2318,46,69123.2,4.9,1.7,11,0.267,0.388,0,0,0,0,585,Very Poor
2319,35,108172.46,1.1,11.0,6,0.603,0.234,0,90,1,0,593,Very Poor
2320,35,60587.58,0.2,5.6,6,0.349,0.378,0,0,2,0,578,Very Poor
2321,40,91136.23,1.1,16.8,5,0.018,0.25,1,0,2,0,653,Fair
2322,31,237823.94,1.3,5.3,5,0.45,0.439,0,0,0,0,664,Fair
2323,36,26111.39,0.3,14.2,4,0.496,0.299,1,0,4,0,542,Risky
2324,37,155775.52,13.5,2.3,10,0.404,0.175,0,0,0,0,696,Fair
2325,27,78785.1,1.2,14.7,8,0.442,0.156,0,60,0,1,529,Risky
2326,40,49199.5,0.9,14.9,8,0.584,0.561,2,0,0,0,605,Poor
2327,40,155619.06,3.2,0.6,14,0.336,0.198,1,30,1,0,579,Very Poor
2328,31,36578.09,7.5,0.9,6,0.301,0.192,0,0,2,0,546,Risky
2329,39,61359.95,2.9,19.1,12,0.098,0.41,1,0,1,0,634,Poor
2330,40,23487.13,13.4,19.6,6,0.158,0.218,0,0,0,0,697,Fair
2331,21,68726.02,6.7,1.8,7,0.324,0.353,0,0,2,0,568,Very Poor
2332,32,124288.89,3.3,5.7,5,0.428,0.504,1,60,1,0,603,Poor
2333,35,71721.53,1.2,4.3,7,0.367,0.344,0,0,0,0,610,Poor
2334,50,38107.69,1.5,1.3,6,0.126,0.639,0,30,1,0,548,Risky
2335,38,35533.06,2.8,8.3,14,0.289,0.24,1,0,0,0,621,Poor
2336,23,42976.7,4.0,2.9,6,0.194,0.186,1,0,1,0,556,Very Poor
2337,37,125119.0,3.8,9.7,10,0.347,0.46,1,0,1,0,632,Poor
2338,29,44326.27,14.1,8.0,14,0.287,0.347,2,30,0,1,472,Risky
2339,36,33108.15,0.5,15.9,5,0.28,0.679,1,0,1,0,655,Fair
2340,57,39103.4,10.2,4.7,6,0.382,0.052,0,0,2,0,593,Very Poor
2341,30,24828.87,17.3,9.5,8,0.275,0.228,0,0,0,0,626,Poor
2342,39,50176.13,6.6,6.2,5,0.048,0.154,2,30,3,0,516,Risky
2343,28,54001.93,0.9,0.6,12,0.411,0.048,0,0,2,0,601,Poor
2344,56,40088.87,0.9,3.6,12,0.53,0.505,1,0,1,1,434,Risky
2345,22,53576.86,8.4,5.7,11,0.129,0.414,1,60,0,0,526,Risky
2346,44,17856.61,1.2,1.1,6,0.611,0.109,1,60,0,0,468,Risky
2347,45,38443.31,2.7,1.4,4,0.075,0.196,2,0,0,0,557,Very Poor
2348,40,204022.68,11.0,17.5,11,0.061,0.2,1,30,0,0,685,Fair
2349,31,130546.79,3.9,0.8,7,0.157,0.244,0,0,3,0,615,Poor
2350,46,59908.88,4.4,0.4,10,0.236,0.14,1,30,0,0,531,Risky
2351,41,36890.15,2.3,10.3,9,0.045,0.632,0,0,1,0,622,Poor
2352,27,586158.34,7.2,0.1,6,0.334,0.62,0,0,1,0,672,Fair
2353,32,57755.66,6.8,0.7,7,0.213,0.173,0,0,0,0,603,Poor
2354,43,104070.81,15.9,4.8,10,0.327,0.179,2,0,1,0,563,Very Poor
2355,59,305150.33,9.4,13.8,11,0.478,0.298,0,90,0,0,675,Fair
2356,21,18866.31,1.7,4.2,9,0.138,0.431,3,0,0,0,484,Risky
2357,38,48424.46,4.0,0.1,5,0.098,0.283,2,0,1,0,540,Risky
2358,31,111014.62,1.3,0.1,7,0.152,0.207,0,30,1,0,607,Poor
2359,34,21778.45,1.3,3.8,9,0.158,0.078,3,0,1,0,493,Risky
2360,37,30155.87,3.2,0.2,4,0.202,0.168,1,120,1,0,487,Risky
2361,28,64447.81,0.6,15.8,6,0.406,0.29,0,0,1,0,670,Fair
2362,21,24866.54,3.5,21.5,10,0.493,0.447,1,0,1,0,601,Poor
2363,26,42485.24,19.1,8.6,9,0.161,0.482,1,0,1,0,618,Poor
2364,55,11304.76,9.2,11.8,8,0.081,0.394,1,0,1,0,576,Very Poor
2365,27,112673.03,13.6,4.7,11,0.336,0.443,0,0,2,0,645,Poor
2366,36,50596.52,0.8,5.3,6,0.105,0.33,3,0,0,0,522,Risky
2367,34,51483.47,1.3,21.3,4,0.129,0.078,0,0,0,1,562,Very Poor
2368,38,52399.94,4.4,12.7,10,0.379,0.122,2,0,0,0,640,Poor
2369,46,50530.56,4.8,1.5,6,0.108,0.489,1,0,1,0,558,Very Poor
2370,40,18058.02,0.2,5.8,7,0.44,0.378,1,0,0,0,568,Very Poor
2371,37,18011.07,1.5,3.6,7,0.115,0.504,1,0,0,0,545,Risky
2372,28,30180.13,9.4,4.5,7,0.443,0.312,4,0,1,1,349,Risky
2373,29,69836.42,0.9,10.4,8,0.266,0.163,3,60,2,0,633,Poor
2374,58,85514.93,3.1,7.7,6,0.667,0.273,3,0,2,0,590,Very Poor
2375,39,77294.99,4.2,33.5,9,0.713,0.286,0,0,3,1,611,Poor
2376,21,152763.47,5.3,2.5,9,0.388,0.487,0,120,1,0,607,Poor
2377,36,72954.97,3.4,22.1,8,0.184,0.367,0,0,0,0,732,Good
2378,42,41181.54,2.4,8.0,10,0.711,0.272,1,30,1,0,498,Risky
2379,36,59048.02,12.7,4.1,6,0.179,0.285,4,0,2,0,519,Risky
2380,39,11187.73,9.7,0.5,10,0.523,0.257,2,0,0,0,537,Risky
2381,42,60890.27,15.8,1.3,7,0.192,0.323,2,0,3,0,533,Risky
2382,48,13068.87,1.7,2.2,16,0.353,0.327,1,60,0,0,449,Risky
2383,44,11494.86,8.1,5.8,6,0.154,0.3,2,0,0,0,487,Risky
2384,21,141640.9,11.5,0.9,7,0.374,0.254,0,0,0,0,665,Fair
2385,33,172014.17,0.2,2.1,6,0.63,0.477,0,0,1,0,594,Very Poor
2386,23,60702.08,7.0,0.0,13,0.427,0.359,1,60,2,0,536,Risky
2387,45,22211.53,1.6,24.0,4,0.109,0.039,3,0,0,0,605,Poor
2388,41,26566.83,5.1,3.2,15,0.377,0.154,0,30,3,0,502,Risky
2389,42,76550.3,4.9,0.4,6,0.295,0.366,1,0,3,1,457,Risky
2390,34,28634.8,2.8,3.9,8,0.092,0.277,1,0,0,0,523,Risky
2391,28,10242.67,5.7,4.4,11,0.406,0.448,2,60,2,0,412,Risky
2392,51,26930.79,2.4,1.1,8,0.059,0.282,2,0,3,0,467,Risky
2393,40,88064.51,1.7,13.7,9,0.228,0.102,1,0,0,0,651,Fair
2394,25,17750.44,3.1,2.9,5,0.517,0.127,2,0,0,0,499,Risky
2395,26,60258.53,6.4,4.0,3,0.341,0.152,1,0,1,0,600,Very Poor
2396,21,24218.37,0.1,1.8,10,0.107,0.049,0,0,2,0,552,Very Poor
2397,45,48354.61,7.8,1.4,11,0.11,0.473,0,0,0,0,603,Poor
2398,35,75369.1,3.7,4.1,2,0.195,0.334,0,0,0,0,667,Fair
2399,50,38558.87,3.9,22.4,8,0.104,0.36,0,0,2,0,702,Good
2400,46,80608.8,7.4,3.2,8,0.574,0.332,1,0,0,0,633,Poor
2401,46,25995.08,1.6,4.8,9,0.384,0.302,3,30,2,0,495,Risky
2402,45,78301.06,4.8,9.0,4,0.464,0.341,1,90,2,0,571,Very Poor
2403,44,27279.01,3.0,18.1,10,0.099,0.099,0,0,1,0,661,Fair
2404,60,77487.3,1.5,15.1,5,0.343,0.47,1,0,2,0,552,Very Poor
2405,58,8862.57,14.0,5.7,7,0.228,0.353,1,0,1,0,544,Risky
2406,39,16000.56,0.8,26.2,13,0.289,0.286,0,30,0,1,577,Very Poor
2407,51,35225.9,7.3,2.9,2,0.277,0.299,2,60,1,0,538,Risky
2408,40,33074.66,3.7,1.2,11,0.165,0.272,0,30,0,0,567,Very Poor
2409,48,64400.43,2.0,0.8,14,0.192,0.309,2,0,0,0,595,Very Poor
2410,49,30116.04,2.3,9.9,11,0.245,0.451,1,30,0,0,574,Very Poor
2411,33,51598.93,8.3,0.0,13,0.059,0.17,0,0,0,0,600,Very Poor
2412,38,74248.71,3.6,16.6,9,0.35,0.338,0,0,1,0,716,Good
2413,51,37686.88,3.3,5.4,12,0.16,0.41,1,0,1,0,588,Very Poor
2414,32,72725.57,7.0,1.1,8,0.12,0.197,2,120,2,0,509,Risky
2415,32,12269.49,2.6,26.2,12,0.058,0.408,2,120,0,0,560,Very Poor
2416,52,55801.63,1.2,11.4,9,0.212,0.197,0,0,1,0,610,Poor
2417,21,30908.63,3.3,5.0,9,0.38,0.142,1,30,0,0,555,Very Poor
2418,25,14094.31,5.3,0.1,9,0.137,0.462,0,0,1,0,451,Risky
2419,59,84968.14,3.8,1.4,11,0.156,0.747,0,0,0,0,581,Very Poor
2420,55,71458.82,7.2,0.5,8,0.545,0.235,1,0,1,0,547,Risky
2421,47,124688.06,1.1,0.8,7,0.178,0.438,0,0,1,0,602,Poor
2422,43,292814.2,7.9,2.5,12,0.484,0.318,0,0,1,0,673,Fair
2423,44,161320.99,1.8,5.7,8,0.275,0.178,1,0,0,0,676,Fair
2424,31,87141.39,2.2,0.5,8,0.47,0.694,1,30,1,0,572,Very Poor
2425,39,128772.08,0.6,12.5,9,0.14,0.487,3,0,0,0,592,Very Poor
2426,48,18297.74,1.9,15.4,5,0.407,0.24,1,30,2,1,453,Risky
2427,47,67573.71,3.2,0.6,6,0.341,0.476,0,60,0,0,585,Very Poor
2428,34,75609.38,13.2,0.2,2,0.238,0.343,1,0,1,0,574,Very Poor
2429,42,31947.65,0.1,1.4,11,0.376,0.21,0,0,1,0,551,Very Poor
2430,32,28810.96,2.5,20.7,7,0.334,0.184,0,60,4,0,637,Poor
2431,51,16495.34,2.4,11.9,6,0.017,0.686,1,0,0,0,561,Very Poor
2432,43,4209.01,7.0,12.1,8,0.396,0.398,2,0,0,0,452,Risky
2433,43,29854.03,3.3,1.6,5,0.234,0.196,2,30,1,0,499,Risky
2434,37,113412.75,6.9,3.3,11,0.32,0.46,3,0,3,0,588,Very Poor
2435,30,53370.93,2.7,10.1,16,0.423,0.447,0,30,2,0,553,Very Poor
2436,28,278600.09,10.5,0.9,7,0.144,0.448,0,0,2,0,680,Fair
2437,34,27618.87,0.6,40.0,8,0.548,0.435,0,120,1,0,674,Fair
2438,29,73992.49,10.4,6.7,5,0.119,0.162,1,0,0,0,629,Poor
2439,35,35965.81,12.7,1.6,9,0.073,0.08,1,0,2,0,527,Risky
2440,41,70096.52,1.9,7.0,10,0.591,0.301,0,90,1,0,563,Very Poor
2441,62,66261.85,6.3,0.2,7,0.354,0.366,1,0,0,0,547,Risky
2442,34,69806.36,1.2,16.9,3,0.272,0.421,0,30,2,0,587,Very Poor
2443,45,66220.47,1.4,5.0,7,0.49,0.374,1,60,3,0,565,Very Poor
2444,35,50249.84,5.2,3.8,11,0.585,0.312,0,0,0,0,619,Poor
2445,30,23952.9,0.1,0.9,9,0.149,0.192,1,0,0,0,585,Very Poor
2446,47,7419.45,17.5,3.1,8,0.361,0.226,1,60,3,0,411,Risky
2447,30,44263.34,11.2,9.0,12,0.598,0.159,0,0,1,0,616,Poor
2448,21,61064.5,7.8,4.6,9,0.135,0.253,1,90,2,0,532,Risky
2449,35,61537.14,3.8,17.8,10,0.413,0.179,0,0,1,0,699,Fair
2450,37,75975.82,3.9,8.0,6,0.396,0.316,1,60,0,0,562,Very Poor
2451,35,34306.44,0.2,4.9,8,0.144,0.481,1,0,0,0,568,Very Poor
2452,28,15780.74,9.0,3.5,13,0.039,0.248,2,0,4,0,516,Risky
2453,36,63089.51,0.7,9.9,10,0.261,0.477,0,0,2,0,634,Poor
2454,48,168449.43,6.3,13.0,9,0.312,0.188,0,0,2,0,671,Fair
2455,27,42413.98,0.9,2.2,10,0.149,0.322,2,0,2,0,509,Risky
2456,31,42700.5,1.3,0.8,3,0.134,0.267,1,0,0,0,596,Very Poor
2457,48,127961.8,0.0,0.4,5,0.15,0.442,0,90,1,0,576,Very Poor
2458,26,66803.41,0.3,8.6,7,0.13,0.177,0,0,0,0,645,Poor
2459,39,21416.97,8.1,4.3,14,0.217,0.195,2,0,1,0,498,Risky
2460,49,55024.18,3.4,4.7,7,0.094,0.363,2,0,2,0,607,Poor
2461,33,153264.38,14.6,9.3,11,0.229,0.317,1,0,0,0,634,Poor
2462,43,167099.15,0.4,12.2,12,0.244,0.332,0,0,0,0,699,Fair
2463,44,108693.41,6.9,12.9,6,0.108,0.43,1,30,0,0,621,Poor
2464,26,21295.84,3.3,11.5,9,0.063,0.343,4,0,1,0,477,Risky
2465,34,110705.16,0.8,18.7,8,0.304,0.158,3,0,2,0,624,Poor
2466,26,24739.13,10.2,5.2,11,0.267,0.359,2,60,2,0,467,Risky
2467,59,28911.49,2.6,8.3,8,0.304,0.091,0,0,2,0,564,Very Poor
2468,36,35918.94,4.2,11.0,7,0.133,0.345,4,30,1,0,511,Risky
2469,35,28043.45,6.7,1.5,12,0.321,0.098,1,0,0,0,530,Risky
2470,36,57342.89,0.6,0.7,10,0.304,0.543,2,90,2,0,458,Risky
2471,41,48585.56,1.7,4.7,10,0.662,0.231,1,0,3,0,564,Very Poor
2472,24,65088.6,10.1,0.9,6,0.028,0.532,1,0,2,0,622,Poor
2473,34,62626.05,0.8,0.2,11,0.41,0.626,2,0,1,0,492,Risky
2474,35,51897.64,8.2,4.7,6,0.41,0.106,2,30,2,0,539,Risky
2475,27,81852.6,0.5,23.0,8,0.582,0.22,0,120,1,0,700,Fair
2476,26,29798.4,1.0,2.0,6,0.325,0.047,1,0,0,0,604,Poor
2477,28,45570.26,3.9,1.5,9,0.382,0.139,5,0,3,0,431,Risky
2478,52,27413.53,4.2,3.1,8,0.485,0.212,4,30,0,0,439,Risky
2479,33,121054.12,4.9,40.0,9,0.427,0.168,1,90,2,0,735,Good
2480,41,102239.71,0.9,16.3,7,0.343,0.177,1,0,0,0,702,Good
2481,23,27128.06,9.1,3.0,9,0.262,0.231,0,30,0,0,611,Poor
2482,47,10574.2,0.9,3.3,7,0.313,0.566,0,30,1,0,446,Risky
2483,59,54271.28,10.3,11.5,5,0.462,0.378,0,0,0,0,662,Fair
2484,21,76121.13,2.8,12.3,3,0.224,0.335,1,0,1,0,611,Poor
2485,30,24830.65,4.6,33.8,5,0.482,0.064,2,0,1,1,599,Very Poor
2486,56,41964.03,2.1,2.5,6,0.339,0.369,0,60,0,0,572,Very Poor
2487,55,27497.7,2.0,5.3,9,0.22,0.154,1,0,1,0,555,Very Poor
2488,63,25426.11,1.6,2.9,7,0.332,0.248,2,90,1,0,532,Risky
2489,21,124155.23,1.0,4.8,5,0.655,0.177,1,0,2,0,600,Very Poor
2490,40,60128.67,2.2,1.4,8,0.34,0.165,1,0,0,0,534,Risky
2491,43,15771.17,1.2,4.5,11,0.513,0.125,1,0,2,0,510,Risky
2492,45,93856.49,13.0,1.1,5,0.271,0.435,0,30,1,0,595,Very Poor
2493,49,47816.36,4.5,38.1,7,0.565,0.297,0,0,1,0,751,Excellent
2494,34,40963.78,8.4,0.2,6,0.065,0.161,0,30,0,0,584,Very Poor
2495,28,32091.78,4.0,1.3,8,0.181,0.314,1,0,0,0,589,Very Poor
2496,47,42466.85,5.3,10.5,11,0.444,0.657,2,0,0,0,539,Risky
2497,34,31208.27,3.8,1.4,8,0.37,0.128,0,0,1,0,534,Risky
2498,58,20419.41,1.7,6.4,3,0.394,0.281,1,0,1,0,519,Risky
2499,52,73163.37,3.2,3.7,4,0.535,0.354,2,0,1,0,579,Very Poor
2500,26,24251.61,0.2,1.3,6,0.062,0.131,2,0,0,0,528,Risky
2501,41,56177.78,6.2,0.5,11,0.152,0.281,0,0,0,0,544,Risky
2502,25,32392.49,5.8,6.6,6,0.06,0.263,3,0,0,1,441,Risky
2503,66,31712.27,9.7,2.3,11,0.175,0.377,3,0,1,0,538,Risky
2504,45,34589.97,2.1,2.7,13,0.384,0.302,0,90,3,0,435,Risky
2505,43,112242.39,1.8,11.3,12,0.29,0.359,1,120,0,0,621,Poor
2506,54,11564.59,3.5,12.7,10,0.171,0.269,1,60,0,0,494,Risky
2507,56,47895.99,4.6,19.3,11,0.31,0.272,3,0,1,0,661,Fair
2508,48,38061.2,6.2,9.0,4,0.215,0.412,0,30,1,0,596,Very Poor
2509,38,53475.49,0.9,1.7,11,0.118,0.187,1,0,0,0,550,Risky
2510,35,127184.92,1.7,7.9,6,0.259,0.221,0,120,1,0,649,Poor
2511,44,20830.61,4.3,4.2,12,0.248,0.262,0,0,0,0,570,Very Poor
2512,34,106303.85,1.6,6.3,8,0.427,0.155,1,0,2,0,545,Risky
2513,21,106994.09,3.6,1.1,9,0.22,0.467,3,0,0,0,521,Risky
2514,53,120637.63,1.5,1.0,10,0.281,0.232,2,60,2,0,546,Risky
2515,37,39133.0,3.7,8.4,4,0.155,0.258,0,0,2,0,535,Risky
2516,46,44408.97,6.3,3.8,8,0.425,0.396,2,0,0,0,500,Risky
2517,27,108064.02,1.4,1.5,9,0.24,0.123,1,0,2,0,589,Very Poor
2518,32,73101.99,6.9,5.7,10,0.575,0.178,1,0,1,0,568,Very Poor
2519,46,48014.49,5.1,4.9,5,0.235,0.485,1,30,2,0,518,Risky
2520,39,40709.55,5.4,5.7,3,0.206,0.328,1,0,0,0,610,Poor
2521,45,54933.21,8.7,2.0,5,0.382,0.27,3,30,0,0,516,Risky
2522,61,60279.91,4.8,0.1,8,0.619,0.654,0,120,0,0,519,Risky
2523,32,172252.78,3.8,27.1,7,0.502,0.304,1,30,1,0,734,Good
2524,40,100166.8,1.3,2.5,7,0.357,0.325,1,0,0,0,635,Poor
2525,45,56557.54,2.3,9.7,8,0.339,0.316,0,0,0,0,597,Very Poor
2526,34,51478.45,0.6,0.7,7,0.249,0.196,1,0,2,0,549,Risky
2527,45,40543.13,4.0,4.4,7,0.286,0.377,2,0,2,0,539,Risky
2528,39,29811.65,1.0,4.0,11,0.372,0.164,0,0,1,1,487,Risky
2529,35,52885.84,0.7,4.4,10,0.585,0.202,3,0,1,0,555,Very Poor
2530,37,103687.75,7.4,22.1,6,0.26,0.416,2,0,2,0,696,Fair
2531,24,113363.68,4.8,25.6,8,0.238,0.261,0,0,0,0,729,Good
2532,50,63979.47,4.0,1.5,5,0.478,0.312,3,0,0,0,490,Risky
2533,32,61230.38,8.9,1.2,10,0.214,0.199,1,60,2,0,472,Risky
2534,49,61911.59,1.0,2.7,8,0.08,0.289,0,30,2,0,578,Very Poor
2535,30,102327.66,7.6,4.2,6,0.12,0.308,1,0,2,0,635,Poor
2536,53,43407.26,17.9,8.2,9,0.489,0.186,1,30,0,0,595,Very Poor
2537,41,7059.08,7.5,5.0,8,0.266,0.406,0,60,2,0,432,Risky
2538,31,25801.8,0.5,16.3,8,0.096,0.048,2,0,2,0,554,Very Poor
2539,47,32862.48,6.0,3.5,6,0.094,0.479,1,30,0,0,571,Very Poor
2540,21,100898.81,3.3,0.5,13,0.299,0.127,1,30,3,0,538,Risky
2541,50,29469.13,12.2,10.9,8,0.242,0.29,0,0,0,0,605,Poor
2542,22,45669.17,3.0,5.9,9,0.277,0.285,2,0,3,0,507,Risky
2543,47,144803.15,6.9,20.2,6,0.15,0.076,1,0,1,0,772,Excellent
2544,22,41904.45,1.7,1.1,4,0.533,0.285,0,0,0,0,594,Very Poor
2545,52,48760.84,1.5,4.2,11,0.477,0.52,0,90,1,0,511,Risky
2546,26,68812.6,5.6,4.7,6,0.417,0.26,2,0,1,0,569,Very Poor
2547,61,83949.85,0.3,3.8,4,0.304,0.234,0,0,1,0,638,Poor
2548,36,116439.89,8.9,1.5,16,0.173,0.224,0,30,1,0,642,Poor
2549,48,16633.11,0.0,4.7,4,0.472,0.472,0,0,1,0,525,Risky
2550,25,61433.62,2.6,40.0,14,0.386,0.422,0,0,0,0,812,Excellent
2551,25,37217.83,3.0,3.2,11,0.5,0.425,2,0,1,0,481,Risky
2552,52,50555.19,1.1,19.7,6,0.081,0.473,1,0,1,0,636,Poor
2553,55,44744.8,28.1,1.1,9,0.491,0.2,0,60,1,0,531,Risky
2554,47,22791.71,1.5,40.0,3,0.321,0.453,2,90,0,1,575,Very Poor
2555,29,49331.65,15.2,3.8,7,0.344,0.224,0,0,2,0,593,Very Poor
2556,47,27152.02,23.9,3.0,9,0.149,0.204,1,0,0,0,545,Risky
2557,21,48089.62,1.3,11.4,10,0.38,0.381,2,0,1,0,529,Risky
2558,36,17976.78,1.9,6.9,9,0.366,0.11,2,0,0,0,601,Poor
2559,40,13685.02,1.0,2.7,10,0.101,0.132,4,30,3,0,383,Risky
2560,60,16708.13,7.5,1.4,8,0.231,0.217,1,30,0,0,453,Risky
2561,37,17853.69,1.7,0.0,6,0.367,0.297,2,60,0,0,466,Risky
2562,70,36383.07,5.9,13.8,10,0.635,0.186,2,60,3,0,520,Risky
2563,33,37688.35,7.3,23.0,8,0.519,0.483,2,30,3,0,561,Very Poor
2564,45,180267.2,3.4,6.5,4,0.186,0.127,1,0,1,0,623,Poor
2565,56,101104.52,0.5,9.9,9,0.26,0.116,3,0,1,0,599,Very Poor
2566,38,39982.54,16.1,2.8,5,0.506,0.23,0,90,0,0,559,Very Poor
2567,46,32111.54,17.6,2.0,6,0.493,0.104,4,30,0,0,434,Risky
2568,21,19790.92,2.8,2.2,8,0.366,0.331,1,30,1,0,462,Risky
2569,24,57070.94,2.9,11.4,9,0.077,0.353,3,0,1,0,560,Very Poor
2570,56,48188.12,4.5,14.8,4,0.167,0.15,1,60,0,0,597,Very Poor
2571,46,64821.39,2.5,18.9,7,0.334,0.281,0,0,2,0,691,Fair
2572,37,99213.56,3.9,5.8,7,0.179,0.104,1,0,0,0,612,Poor
2573,37,310124.94,1.9,0.0,10,0.031,0.631,0,30,0,0,638,Poor
2574,65,88762.52,7.2,12.7,4,0.472,0.595,0,30,0,0,673,Fair
2575,58,30190.38,11.0,7.4,5,0.259,0.542,0,0,1,0,589,Very Poor
2576,36,149066.69,3.2,1.9,7,0.218,0.12,0,30,0,0,692,Fair
2577,51,60598.86,6.4,7.1,10,0.314,0.103,0,0,1,1,537,Risky
2578,44,26302.44,0.7,1.3,14,0.437,0.573,1,30,2,1,343,Risky
2579,29,28384.6,9.3,6.7,5,0.229,0.4,1,60,0,0,605,Poor
2580,27,11320.27,12.3,5.4,7,0.386,0.25,1,30,0,0,533,Risky
2581,25,25728.3,3.9,0.3,9,0.06,0.164,0,0,1,0,588,Very Poor
2582,53,112165.62,2.5,8.2,11,0.186,0.356,0,60,0,0,565,Very Poor
2583,51,49623.59,0.2,0.9,4,0.395,0.138,0,30,3,1,418,Risky
2584,50,47767.09,6.0,1.0,14,0.228,0.289,1,0,0,0,531,Risky
2585,21,380294.08,1.8,11.0,7,0.078,0.393,0,60,2,0,716,Good
2586,49,88801.69,7.0,16.8,4,0.205,0.064,0,0,1,0,700,Fair
2587,70,65138.77,8.8,13.5,8,0.191,0.092,1,0,2,0,659,Fair
2588,50,31188.83,5.6,2.7,12,0.268,0.665,1,0,0,0,562,Very Poor
2589,33,62704.47,0.4,3.6,8,0.485,0.086,0,0,1,0,601,Poor
2590,51,68148.6,1.7,0.9,14,0.383,0.196,1,0,0,0,531,Risky
2591,58,32026.42,4.1,0.2,5,0.617,0.128,0,0,1,0,571,Very Poor
2592,21,40705.1,5.8,1.0,8,0.157,0.4,1,60,2,0,488,Risky
2593,24,70161.43,2.4,7.5,8,0.38,0.398,1,60,2,0,574,Very Poor
2594,56,83634.35,5.0,0.4,7,0.472,0.253,1,30,2,0,593,Very Poor
2595,45,56103.12,0.1,6.0,5,0.452,0.324,1,0,1,0,592,Very Poor
2596,56,42581.05,8.1,22.0,9,0.107,0.449,0,0,0,0,649,Poor
2597,21,43788.09,1.0,10.9,10,0.294,0.23,1,30,1,0,526,Risky
2598,51,30500.5,8.4,10.7,6,0.146,0.143,0,0,0,0,671,Fair
2599,46,8918.91,11.4,5.8,12,0.84,0.419,2,0,1,0,496,Risky
2600,21,22720.65,11.6,21.2,11,0.485,0.392,1,0,1,0,595,Very Poor
2601,35,70613.8,1.5,13.8,9,0.422,0.168,0,0,1,0,651,Fair
2602,58,18164.95,1.0,7.9,11,0.053,0.379,0,0,1,0,595,Very Poor
2603,33,7437.29,3.9,8.2,8,0.045,0.242,2,0,0,0,478,Risky
2604,44,37107.63,9.3,0.3,3,0.135,0.229,1,60,1,0,547,Risky
2605,30,30674.58,0.7,8.1,10,0.576,0.348,3,0,3,0,508,Risky
2606,32,45119.73,5.9,1.0,6,0.175,0.125,1,30,1,0,541,Risky
2607,52,23328.98,15.6,5.4,8,0.142,0.68,0,0,2,0,592,Very Poor
2608,53,47128.92,0.3,28.0,14,0.146,0.373,4,90,1,0,546,Risky
2609,38,17901.42,0.0,8.7,11,0.117,0.354,0,0,1,0,572,Very Poor
2610,43,18125.53,0.8,1.5,7,0.441,0.32,3,0,3,0,502,Risky
2611,40,85606.6,3.9,3.5,8,0.011,0.427,0,0,0,0,610,Poor
2612,42,30611.94,3.2,1.3,9,0.142,0.209,1,0,1,0,530,Risky
2613,45,14820.29,5.6,17.6,12,0.29,0.536,0,0,0,0,606,Poor
2614,22,9848.0,2.3,7.4,6,0.153,0.383,2,0,0,0,461,Risky
2615,21,86587.18,5.7,6.1,7,0.386,0.166,1,0,1,0,593,Very Poor
2616,44,88461.89,7.6,12.3,12,0.403,0.248,0,0,1,0,694,Fair
2617,52,14636.46,0.6,2.8,9,0.14,0.178,0,0,0,0,515,Risky
2618,21,19506.22,11.8,1.2,7,0.203,0.5,0,0,0,0,456,Risky
2619,39,24264.9,4.7,1.6,13,0.402,0.159,1,0,1,0,527,Risky
2620,47,33628.17,6.4,1.5,8,0.321,0.271,1,0,0,0,556,Very Poor
2621,53,33646.07,3.2,0.4,9,0.35,0.147,1,0,2,0,533,Risky
2622,44,54604.75,2.2,1.8,6,0.553,0.264,1,0,0,0,553,Very Poor
2623,37,36533.51,3.2,11.0,9,0.094,0.189,2,0,2,0,596,Very Poor
2624,21,71591.39,1.6,4.4,6,0.519,0.451,4,0,1,0,509,Risky
2625,43,47384.74,3.2,12.3,9,0.122,0.396,1,120,0,0,556,Very Poor
2626,50,30953.8,0.1,8.4,5,0.105,0.436,1,30,3,0,510,Risky
2627,43,63530.58,7.0,24.3,10,0.414,0.472,1,0,0,0,682,Fair
2628,47,37263.17,8.7,12.2,7,0.348,0.241,1,0,2,0,605,Poor
2629,53,27108.7,4.3,1.4,10,0.522,0.285,1,0,5,0,495,Risky
2630,21,37643.37,6.9,7.1,11,0.452,0.238,4,0,0,0,552,Very Poor
2631,49,9929.38,1.7,4.4,11,0.246,0.441,3,0,1,0,452,Risky
2632,69,55338.73,9.4,0.4,1,0.528,0.222,1,30,1,0,514,Risky
2633,40,133119.71,2.6,7.9,8,0.314,0.31,2,0,3,0,609,Poor
2634,47,35380.57,5.7,7.8,9,0.299,0.255,0,0,3,0,557,Very Poor
2635,43,18424.33,3.6,6.4,7,0.476,0.666,1,0,1,0,505,Risky
2636,30,25934.71,4.1,11.8,11,0.022,0.307,1,30,1,0,575,Very Poor
2637,29,101176.13,8.5,30.2,11,0.11,0.18,0,30,1,0,762,Excellent
2638,22,32564.61,2.1,6.6,5,0.563,0.286,2,0,2,0,554,Very Poor
2639,38,23145.23,4.7,6.5,11,0.292,0.068,2,30,1,0,523,Risky
2640,50,85922.51,1.4,4.7,5,0.477,0.395,2,0,2,0,583,Very Poor
2641,36,54538.27,1.3,11.9,7,0.584,0.319,0,0,0,0,629,Poor
2642,27,74445.25,4.1,9.8,6,0.11,0.629,1,90,2,0,564,Very Poor
2643,40,26646.59,0.0,3.9,10,0.122,0.201,1,0,0,0,577,Very Poor
2644,53,141088.38,4.8,5.8,9,0.415,0.306,3,0,2,0,615,Poor
2645,49,98095.58,6.5,13.9,10,0.548,0.109,1,30,1,0,655,Fair
2646,48,229522.37,2.4,4.7,7,0.315,0.202,0,0,0,0,681,Fair
2647,48,15076.45,10.7,0.1,7,0.061,0.166,3,0,0,0,501,Risky
2648,56,103835.33,3.8,3.9,6,0.399,0.261,0,0,0,0,635,Poor
2649,34,179935.44,7.4,0.1,11,0.392,0.22,1,0,4,0,617,Poor
2650,37,134946.5,9.0,0.1,12,0.223,0.269,4,0,1,0,570,Very Poor
2651,32,112633.49,7.5,16.4,1,0.465,0.23,1,0,3,0,640,Poor
2652,23,52727.36,0.7,5.1,4,0.413,0.401,4,60,0,0,463,Risky
2653,32,60090.33,1.3,6.1,7,0.367,0.265,1,0,0,0,628,Poor
2654,39,21756.85,6.1,23.6,6,0.182,0.408,0,0,1,0,640,Poor
2655,36,6676.26,1.7,4.1,10,0.17,0.278,0,30,1,1,390,Risky
2656,21,42141.12,4.1,8.9,9,0.223,0.347,0,0,1,0,611,Poor
2657,37,30843.86,1.1,5.5,8,0.275,0.104,0,0,2,0,553,Very Poor
2658,23,4237.12,10.0,1.3,8,0.517,0.345,0,120,2,0,323,Risky
2659,39,76226.81,8.8,1.3,7,0.126,0.538,1,30,2,0,544,Risky
2660,54,61454.11,6.2,0.2,8,0.573,0.472,1,0,3,0,562,Very Poor
2661,31,58438.76,1.0,7.8,9,0.31,0.284,0,0,2,0,621,Poor
2662,38,166489.63,10.7,5.5,6,0.063,0.314,1,0,2,0,616,Poor
2663,40,59650.47,10.3,1.8,6,0.154,0.623,0,60,0,0,511,Risky
2664,30,59469.09,25.7,17.4,13,0.17,0.554,1,30,0,0,605,Poor
2665,41,76076.4,1.8,1.2,10,0.207,0.103,1,0,0,0,576,Very Poor
2666,53,60982.07,15.8,9.0,9,0.237,0.275,0,30,0,0,601,Poor
2667,42,19752.33,9.6,1.6,4,0.374,0.369,0,0,0,0,529,Risky
2668,55,70826.33,7.7,17.9,5,0.381,0.386,2,0,1,0,660,Fair
2669,30,41089.93,32.7,1.8,4,0.233,0.127,0,0,1,0,602,Poor
2670,23,30703.81,1.9,7.6,10,0.502,0.228,2,0,0,0,513,Risky
2671,51,34010.18,1.5,7.0,9,0.057,0.628,0,0,0,0,592,Very Poor
2672,43,134433.76,7.1,0.5,9,0.434,0.358,1,0,1,0,595,Very Poor
2673,40,57801.64,5.1,13.1,4,0.152,0.243,0,90,1,0,612,Poor
2674,40,126058.27,5.2,14.8,11,0.412,0.36,3,90,1,0,576,Very Poor
2675,46,228543.07,9.0,23.7,7,0.474,0.297,1,30,0,0,721,Good
2676,38,90260.66,4.9,6.1,9,0.068,0.388,1,30,3,0,559,Very Poor
2677,28,109224.16,1.9,13.4,3,0.191,0.236,1,0,3,0,585,Very Poor
2678,48,178282.84,4.3,6.3,6,0.637,0.321,1,0,2,0,646,Poor
2679,52,61282.18,0.2,4.7,12,0.196,0.25,2,0,1,0,567,Very Poor
2680,39,18056.65,1.0,8.1,9,0.068,0.398,2,0,0,0,553,Very Poor
2681,34,29895.62,8.3,11.3,8,0.252,0.254,0,0,1,0,637,Poor
2682,57,44699.18,3.7,0.2,14,0.344,0.122,0,0,2,0,541,Risky
2683,29,15873.74,6.6,24.8,6,0.337,0.373,0,0,2,0,622,Poor
2684,45,144506.69,2.0,8.7,8,0.17,0.138,0,0,1,0,699,Fair
2685,36,14744.86,0.2,14.8,5,0.154,0.311,2,0,1,0,520,Risky
2686,39,32841.78,0.3,10.4,5,0.2,0.221,2,0,3,0,535,Risky
2687,51,35772.62,1.7,0.4,10,0.09,0.337,1,0,1,0,531,Risky
2688,45,145808.9,2.4,9.2,14,0.152,0.181,0,0,0,0,730,Good
2689,29,28488.42,0.1,1.5,6,0.359,0.506,1,0,1,0,524,Risky
2690,40,26823.1,0.0,2.6,7,0.185,0.476,0,90,0,0,543,Risky
2691,59,56140.67,11.8,22.6,6,0.313,0.189,0,0,1,0,657,Fair
2692,40,38331.32,1.1,0.8,13,0.133,0.251,0,0,2,1,480,Risky
2693,31,68816.59,0.6,33.2,13,0.317,0.565,1,0,1,0,723,Good
2694,26,52161.09,5.3,4.1,8,0.12,0.33,4,120,0,0,480,Risky
2695,53,30417.05,6.1,3.0,16,0.22,0.308,0,0,0,0,508,Risky
2696,66,69190.8,0.9,21.2,5,0.07,0.387,0,0,1,0,670,Fair
2697,27,31742.65,12.7,1.4,9,0.274,0.391,0,0,4,0,503,Risky
2698,51,138927.05,0.3,3.9,10,0.506,0.096,3,0,1,0,532,Risky
2699,24,135008.71,7.7,18.7,7,0.564,0.04,0,0,0,0,764,Excellent
2700,40,23333.88,5.9,5.1,7,0.135,0.254,0,0,2,0,583,Very Poor
2701,37,148827.84,4.4,4.0,6,0.192,0.148,2,0,1,0,646,Poor
2702,21,38320.05,4.6,7.6,10,0.134,0.215,1,90,0,0,525,Risky
2703,43,28919.49,7.1,2.2,3,0.28,0.255,2,120,2,0,462,Risky
2704,46,176245.63,2.9,7.3,7,0.359,0.412,2,0,1,0,669,Fair
2705,44,134471.94,5.2,4.2,6,0.13,0.188,1,120,1,0,612,Poor
2706,35,22626.93,5.1,13.5,14,0.419,0.112,0,0,2,0,579,Very Poor
2707,33,11228.46,2.7,4.7,10,0.173,0.121,3,0,1,0,468,Risky
2708,57,52816.09,10.9,11.2,7,0.379,0.165,4,0,0,0,523,Risky
2709,59,10358.17,13.8,3.8,7,0.034,0.159,0,0,1,0,620,Poor
2710,21,27266.4,0.9,8.2,8,0.13,0.401,2,0,1,0,529,Risky
2711,45,54156.76,0.2,31.4,9,0.268,0.268,3,0,0,0,670,Fair
2712,25,33793.46,2.4,17.1,7,0.047,0.376,1,0,0,0,561,Very Poor
2713,21,129833.37,13.8,6.1,8,0.344,0.665,0,0,1,0,726,Good
2714,33,28616.29,2.5,5.8,10,0.239,0.296,0,0,0,0,578,Very Poor
2715,37,28153.71,4.2,27.5,8,0.583,0.234,1,0,1,0,600,Very Poor
2716,41,252786.77,0.8,2.6,9,0.121,0.228,0,30,4,0,695,Fair
2717,41,88717.16,8.2,19.6,4,0.194,0.277,3,0,1,0,567,Very Poor
2718,41,21264.3,0.2,5.6,11,0.311,0.275,1,0,2,0,488,Risky
2719,30,91310.1,0.0,2.2,6,0.169,0.203,0,0,0,0,609,Poor
2720,47,72150.89,7.0,2.8,5,0.143,0.153,2,0,0,0,653,Fair
2721,39,102526.39,5.9,6.8,8,0.329,0.433,1,0,0,0,664,Fair
2722,37,331347.97,1.5,3.9,7,0.06,0.272,0,0,1,0,719,Good
2723,31,13032.61,1.7,20.5,7,0.044,0.278,2,0,1,1,442,Risky
2724,41,100848.76,0.4,0.6,3,0.405,0.199,5,0,0,0,483,Risky
2725,41,44933.01,5.6,5.1,11,0.073,0.379,0,0,1,0,625,Poor
2726,49,33300.3,12.0,6.1,11,0.368,0.54,1,0,2,0,550,Risky
2727,21,14170.66,4.4,12.4,8,0.384,0.178,2,120,0,0,520,Risky
2728,53,35478.17,2.1,2.7,11,0.279,0.465,1,0,0,0,570,Very Poor
2729,56,101991.05,9.3,0.6,9,0.183,0.163,2,120,1,0,578,Very Poor
2730,39,56610.84,0.3,8.9,8,0.155,0.54,3,0,0,0,543,Risky
2731,30,235611.4,1.4,7.7,11,0.497,0.114,1,0,1,0,679,Fair
2732,33,86327.87,9.2,10.0,5,0.123,0.139,0,0,0,0,719,Good
2733,32,33258.75,0.2,40.0,7,0.302,0.315,0,0,1,0,734,Good
2734,28,10566.34,4.4,2.5,6,0.376,0.391,2,30,1,0,485,Risky
2735,23,18698.32,0.3,5.8,4,0.256,0.373,2,0,0,1,409,Risky
2736,21,9334.9,1.0,17.9,11,0.134,0.511,1,0,0,0,548,Risky
2737,53,35639.04,14.9,2.6,7,0.46,0.26,1,30,1,1,469,Risky
2738,21,36462.09,4.6,2.8,7,0.055,0.363,1,30,0,0,531,Risky
2739,35,13432.73,2.5,6.0,11,0.188,0.338,1,30,0,0,491,Risky
2740,21,44059.98,12.2,4.0,4,0.126,0.187,0,0,1,0,561,Very Poor
2741,21,51727.67,5.2,6.9,5,0.601,0.382,1,0,2,0,553,Very Poor
2742,55,15204.57,4.0,32.1,4,0.262,0.184,0,90,1,0,650,Poor
2743,46,248791.7,4.5,5.3,6,0.628,0.213,1,90,3,0,570,Very Poor
2744,50,46670.6,4.2,15.2,10,0.665,0.195,0,0,1,0,614,Poor
2745,38,13419.29,4.2,0.1,14,0.303,0.462,0,0,0,1,389,Risky
2746,38,104094.03,18.0,29.1,4,0.392,0.304,2,120,1,0,615,Poor
2747,37,24881.09,6.3,3.4,8,0.517,0.372,0,0,2,0,570,Very Poor
2748,52,42620.87,2.0,13.8,8,0.094,0.207,0,0,1,0,665,Fair
2749,30,71456.36,1.9,9.6,8,0.525,0.493,0,120,0,0,572,Very Poor
2750,70,49258.04,4.5,2.5,6,0.124,0.097,0,0,3,0,597,Very Poor
2751,48,26246.24,0.3,13.5,6,0.276,0.216,1,0,2,0,600,Very Poor
2752,52,55264.64,1.1,6.1,8,0.223,0.326,1,0,1,0,594,Very Poor
2753,42,130884.49,5.7,7.2,6,0.246,0.3,1,0,1,0,659,Fair
2754,32,60323.88,0.5,8.6,9,0.436,0.515,3,120,2,0,528,Risky
2755,44,17910.34,1.7,0.1,8,0.129,0.209,1,90,2,0,496,Risky
2756,47,66110.88,14.6,12.1,9,0.531,0.437,1,0,1,0,645,Poor
2757,44,46209.96,0.2,8.6,7,0.337,0.29,1,90,2,0,524,Risky
2758,21,36023.59,6.9,6.6,10,0.321,0.172,0,0,1,0,604,Poor
2759,43,160481.47,10.2,8.0,7,0.322,0.523,2,0,0,0,620,Poor
2760,52,68822.76,15.3,0.0,8,0.437,0.388,2,0,0,0,549,Risky
2761,33,51422.97,2.9,10.1,10,0.111,0.192,1,0,3,0,566,Very Poor
2762,42,121282.37,0.9,6.0,11,0.227,0.197,2,0,0,1,549,Risky
2763,51,41182.35,2.0,5.5,11,0.242,0.268,0,30,0,0,586,Very Poor
2764,44,51162.96,15.5,13.8,8,0.042,0.061,2,30,1,0,629,Poor
2765,47,11090.27,1.3,7.4,10,0.588,0.301,0,0,1,0,503,Risky
2766,46,88310.47,1.9,29.0,11,0.164,0.397,0,0,0,0,756,Excellent
2767,55,184541.22,2.6,7.2,10,0.361,0.29,0,0,5,0,600,Very Poor
2768,21,78724.04,0.2,1.9,6,0.287,0.305,0,120,0,0,545,Risky
2769,60,28640.9,0.3,1.0,7,0.156,0.185,3,60,1,0,467,Risky
2770,38,35044.02,1.1,0.3,9,0.286,0.209,1,0,1,1,470,Risky
2771,31,114060.02,5.5,36.9,7,0.569,0.626,0,0,1,0,774,Excellent
2772,43,77536.17,4.1,6.5,4,0.379,0.301,0,0,2,0,631,Poor
2773,21,32436.58,0.1,23.8,9,0.289,0.351,1,30,2,0,641,Poor
2774,49,15071.61,13.0,20.9,5,0.219,0.57,0,0,0,0,650,Poor
2775,43,74294.47,8.9,11.0,13,0.115,0.297,1,90,1,0,577,Very Poor
2776,41,33901.88,11.6,14.7,5,0.233,0.132,1,60,3,0,540,Risky
2777,52,66998.93,2.5,0.2,11,0.12,0.359,1,0,0,0,570,Very Poor
2778,48,85266.33,1.2,0.1,5,0.203,0.358,1,0,1,0,610,Poor
2779,47,60100.97,0.1,9.5,11,0.183,0.615,1,0,2,0,579,Very Poor
2780,40,71601.98,2.6,10.2,6,0.071,0.415,0,30,4,0,587,Very Poor
2781,41,75250.07,4.2,7.9,6,0.195,0.248,2,90,1,0,510,Risky
2782,36,33067.53,7.7,8.7,2,0.31,0.289,2,0,0,0,553,Very Poor
2783,33,31749.59,1.7,4.5,5,0.055,0.138,2,0,2,0,570,Very Poor
2784,29,150304.47,4.0,4.5,5,0.287,0.55,2,30,0,0,579,Very Poor
2785,51,19098.6,1.7,3.1,6,0.173,0.405,0,0,3,0,449,Risky
2786,46,32896.49,7.6,17.8,5,0.091,0.328,1,0,1,0,569,Very Poor
2787,61,48186.45,1.5,7.5,6,0.149,0.168,3,0,1,0,540,Risky
2788,48,140317.47,6.1,3.6,3,0.184,0.255,0,0,0,0,627,Poor
2789,39,31204.66,8.2,16.1,7,0.323,0.261,2,60,2,0,563,Very Poor
2790,47,30665.37,8.1,8.6,5,0.182,0.162,0,30,2,0,587,Very Poor
2791,21,41015.13,7.1,4.1,7,0.239,0.192,1,0,0,0,600,Very Poor
2792,39,20025.97,0.2,1.4,2,0.132,0.04,1,60,0,0,466,Risky
2793,39,13058.91,12.4,3.6,3,0.394,0.356,0,0,0,0,492,Risky
2794,41,17001.78,4.8,6.7,7,0.086,0.489,2,0,0,0,547,Risky
2795,32,16763.08,1.0,6.0,11,0.104,0.488,3,0,3,0,476,Risky
2796,52,9542.07,5.6,2.6,6,0.214,0.327,2,30,1,0,443,Risky
2797,21,28104.35,11.9,5.8,11,0.258,0.214,0,60,1,0,548,Risky
2798,53,84816.7,10.5,5.8,9,0.356,0.391,0,30,0,0,606,Poor
2799,49,129532.94,0.3,2.3,10,0.271,0.335,0,0,0,0,670,Fair
2800,32,27030.44,4.8,10.4,10,0.433,0.132,0,0,0,0,604,Poor
2801,32,30372.66,3.6,1.5,6,0.05,0.439,0,0,4,0,524,Risky
2802,40,11338.07,6.4,3.6,6,0.099,0.269,1,90,1,0,474,Risky
2803,35,97797.39,3.7,0.6,7,0.393,0.257,2,0,1,0,527,Risky
2804,36,33834.76,1.5,25.2,8,0.462,0.228,1,0,3,0,619,Poor
2805,42,61947.32,2.6,1.3,5,0.617,0.302,1,0,1,0,491,Risky
2806,26,23455.2,4.8,5.9,7,0.156,0.165,0,0,1,0,612,Poor
2807,42,16908.56,0.9,3.9,10,0.308,0.518,0,0,0,0,561,Very Poor
2808,67,40680.6,2.2,5.8,8,0.324,0.396,0,30,1,0,532,Risky
2809,59,10743.88,6.4,8.7,4,0.385,0.402,0,0,1,0,556,Very Poor
2810,21,21589.99,8.6,1.1,3,0.392,0.316,0,0,1,0,522,Risky
2811,52,73250.91,3.2,6.8,11,0.417,0.385,1,0,2,0,530,Risky
2812,42,29888.67,4.6,0.3,7,0.046,0.451,0,30,1,0,566,Very Poor
2813,41,34448.19,2.5,6.5,13,0.219,0.404,2,30,1,1,424,Risky
2814,21,34239.52,3.0,0.1,13,0.073,0.17,0,0,4,0,551,Very Poor
2815,40,142329.8,0.9,14.8,8,0.191,0.122,2,0,1,0,624,Poor
2816,40,26302.08,6.6,15.4,6,0.03,0.567,0,0,0,0,644,Poor
2817,21,134099.69,4.3,6.1,4,0.146,0.227,1,0,2,0,565,Very Poor
2818,21,24370.34,4.6,1.4,5,0.353,0.075,1,0,2,0,537,Risky
2819,31,36542.34,1.7,3.6,5,0.153,0.313,2,90,3,0,509,Risky
2820,27,62119.24,0.3,0.6,8,0.156,0.391,0,0,1,1,454,Risky
2821,50,29748.7,0.2,6.2,7,0.21,0.561,0,0,0,0,615,Poor
2822,22,49215.05,1.0,5.4,7,0.269,0.368,3,90,1,0,506,Risky
2823,35,119974.82,4.1,0.8,8,0.214,0.357,0,0,0,0,614,Poor
2824,44,20060.29,16.4,4.2,12,0.2,0.426,0,0,0,0,597,Very Poor
2825,51,17991.17,3.8,1.9,16,0.271,0.444,0,30,3,0,531,Risky
2826,49,11703.16,6.9,5.7,9,0.086,0.346,1,0,1,0,492,Risky
2827,57,126812.86,0.6,21.9,5,0.376,0.216,2,0,1,0,680,Fair
2828,34,57650.38,1.3,1.4,3,0.318,0.29,0,0,2,0,591,Very Poor
2829,36,58735.76,0.0,0.6,6,0.511,0.466,2,0,1,0,543,Risky
2830,35,85827.9,8.6,8.5,10,0.302,0.335,1,0,0,0,579,Very Poor
2831,63,28852.91,15.2,7.7,8,0.112,0.35,1,30,0,0,545,Risky
2832,35,126666.39,4.4,1.1,7,0.469,0.13,0,0,2,0,603,Poor
2833,31,36029.61,5.4,4.9,4,0.396,0.246,2,0,1,0,506,Risky
2834,61,14821.76,11.1,2.4,12,0.736,0.295,0,30,0,0,515,Risky
2835,32,13293.7,2.5,4.8,8,0.434,0.424,1,0,3,0,475,Risky
2836,39,28690.55,11.3,2.0,11,0.264,0.503,1,0,0,0,485,Risky
2837,44,43447.56,0.0,22.8,8,0.244,0.381,1,0,3,0,653,Fair
2838,58,12498.33,20.9,5.3,12,0.387,0.48,1,0,1,0,491,Risky
2839,51,19637.07,3.6,4.0,6,0.369,0.192,0,0,1,0,507,Risky
2840,49,14953.03,0.3,1.2,9,0.055,0.557,0,30,0,0,561,Very Poor
2841,21,40167.06,1.1,3.2,11,0.22,0.363,2,90,3,0,498,Risky
2842,42,52952.54,2.2,2.8,7,0.158,0.344,5,0,1,0,466,Risky
2843,57,111233.49,1.1,5.5,8,0.235,0.431,1,0,0,0,627,Poor
2844,33,61926.82,3.2,16.6,13,0.342,0.07,0,90,0,0,600,Very Poor
2845,21,22258.46,1.2,12.4,8,0.177,0.301,0,0,1,0,570,Very Poor
2846,31,125133.48,8.5,4.4,4,0.349,0.693,0,0,0,0,642,Poor
2847,46,60799.29,0.1,17.7,8,0.11,0.465,1,30,0,0,686,Fair
2848,41,17282.85,0.3,28.2,6,0.139,0.18,1,0,0,0,648,Poor
2849,29,16326.99,1.5,0.5,7,0.569,0.25,2,60,1,0,400,Risky
2850,49,18351.93,1.0,0.2,8,0.585,0.399,1,0,0,0,492,Risky
2851,53,40766.21,0.4,23.4,3,0.361,0.147,1,120,1,0,629,Poor
2852,28,82221.68,4.2,5.5,4,0.304,0.414,2,0,1,0,546,Risky
2853,52,41522.12,3.9,7.9,10,0.104,0.256,0,0,0,0,617,Poor
2854,34,116799.03,0.6,7.4,6,0.223,0.046,0,0,2,0,624,Poor
2855,65,72818.55,7.1,7.8,10,0.381,0.487,1,0,0,0,593,Very Poor
2856,53,289800.79,12.7,1.5,5,0.264,0.38,0,0,1,0,671,Fair
2857,51,24347.51,4.2,2.9,10,0.044,0.215,0,0,2,0,636,Poor
2858,48,54612.46,1.7,8.0,8,0.193,0.44,1,0,0,0,581,Very Poor
2859,24,55084.97,5.4,12.5,11,0.074,0.395,0,0,0,0,694,Fair
2860,42,21330.47,4.3,3.1,9,0.392,0.199,1,0,2,0,545,Risky
2861,41,196345.66,4.1,5.1,10,0.251,0.307,3,0,1,0,654,Fair
2862,34,89357.8,2.0,13.9,4,0.271,0.416,2,0,3,0,621,Poor
2863,21,20269.03,5.9,6.8,4,0.404,0.414,4,0,1,1,355,Risky
2864,60,163680.36,8.8,2.3,9,0.077,0.276,1,90,0,0,597,Very Poor
2865,55,47081.11,8.4,8.5,10,0.803,0.269,1,0,1,0,603,Poor
2866,44,49757.63,2.7,16.4,14,0.101,0.349,1,0,1,0,592,Very Poor
2867,32,15024.3,0.8,11.2,9,0.107,0.269,2,60,5,0,433,Risky
2868,52,137047.17,0.2,2.9,9,0.229,0.276,0,0,0,0,665,Fair
2869,44,25665.31,7.6,6.1,9,0.103,0.497,0,120,1,0,531,Risky
2870,44,91604.09,17.2,5.6,5,0.137,0.139,1,0,2,0,624,Poor
2871,28,137199.59,10.3,4.5,7,0.271,0.339,1,0,1,0,640,Poor
2872,52,44625.33,2.6,5.8,8,0.137,0.36,1,90,0,0,506,Risky
2873,43,68775.79,4.6,8.0,4,0.452,0.033,2,0,0,0,629,Poor
2874,30,49023.82,20.2,1.7,7,0.074,0.322,1,60,1,0,541,Risky
2875,36,82179.75,1.3,1.5,14,0.484,0.424,1,0,2,0,547,Risky
2876,65,104551.01,0.5,8.5,6,0.213,0.032,1,90,1,0,569,Very Poor
2877,44,42985.47,0.5,0.7,4,0.348,0.535,0,0,1,0,552,Very Poor
2878,44,75509.04,9.6,0.2,7,0.331,0.117,0,0,1,0,585,Very Poor
2879,38,125959.69,1.9,6.5,8,0.622,0.296,0,0,0,0,675,Fair
2880,45,28646.8,6.1,15.0,4,0.235,0.354,1,90,0,0,635,Poor
2881,37,28111.19,7.2,1.6,7,0.58,0.411,0,0,1,0,484,Risky
2882,30,30395.93,1.6,17.3,10,0.26,0.511,0,0,1,0,661,Fair
2883,59,51180.86,3.4,0.0,11,0.173,0.411,2,0,1,0,566,Very Poor
2884,24,58032.64,8.4,4.2,8,0.103,0.479,1,0,0,0,567,Very Poor
2885,21,43736.21,11.5,4.1,12,0.197,0.472,2,0,2,0,522,Risky
2886,55,238999.61,0.7,2.1,7,0.537,0.419,2,30,1,0,565,Very Poor
2887,48,73376.72,0.4,6.8,7,0.137,0.326,2,0,0,0,626,Poor
2888,52,110572.61,2.4,17.2,6,0.485,0.637,2,0,0,0,666,Fair
2889,46,10628.5,2.7,4.9,10,0.121,0.148,2,0,1,0,481,Risky
2890,51,111400.67,4.0,0.5,6,0.238,0.356,1,0,2,0,626,Poor
2891,45,177834.68,2.3,1.4,10,0.552,0.183,0,120,0,0,613,Poor
2892,43,104182.76,1.7,7.3,5,0.4,0.347,1,0,3,0,580,Very Poor
2893,33,45858.59,0.5,4.7,7,0.132,0.331,0,0,1,0,610,Poor
2894,30,89274.85,2.3,3.4,8,0.084,0.192,0,0,0,0,596,Very Poor
2895,47,45460.94,3.5,6.9,13,0.454,0.136,1,30,2,0,556,Very Poor
2896,54,86655.75,4.8,5.6,8,0.17,0.418,0,0,0,0,648,Poor
2897,70,42839.63,3.7,6.1,8,0.168,0.151,1,60,0,0,610,Poor
2898,39,33190.26,0.8,7.6,10,0.139,0.28,0,0,0,0,625,Poor
2899,50,67783.12,1.6,1.4,9,0.056,0.186,0,0,0,0,658,Fair
2900,50,28985.28,12.7,1.4,4,0.347,0.58,0,0,3,0,497,Risky
2901,49,35023.97,16.5,0.9,12,0.215,0.032,0,0,2,0,590,Very Poor
2902,50,51358.62,4.3,0.5,3,0.221,0.113,3,0,1,0,505,Risky
2903,25,71644.38,3.8,9.1,10,0.236,0.402,2,120,2,0,524,Risky
2904,38,67557.7,4.7,4.6,3,0.058,0.252,1,0,0,0,645,Poor
2905,35,28701.89,3.3,3.5,9,0.289,0.148,0,0,1,0,551,Very Poor
2906,48,71268.92,22.2,12.0,9,0.233,0.085,1,0,1,0,679,Fair
2907,35,74826.66,1.2,3.1,4,0.534,0.234,0,0,2,0,613,Poor
2908,41,10740.83,5.2,9.8,7,0.133,0.268,2,0,3,0,451,Risky
2909,47,14598.56,3.4,16.7,9,0.56,0.094,0,30,0,0,562,Very Poor
2910,33,16746.77,8.0,9.9,3,0.322,0.171,0,0,1,0,561,Very Poor
2911,50,109689.81,5.3,2.6,4,0.156,0.353,1,0,2,0,625,Poor
2912,48,37721.4,3.5,0.3,5,0.394,0.23,0,0,1,1,439,Risky
2913,37,84575.08,3.4,2.3,9,0.457,0.445,2,0,2,0,556,Very Poor
2914,50,28845.01,19.4,6.9,9,0.268,0.35,2,0,1,0,594,Very Poor
2915,57,16335.89,4.9,2.9,9,0.598,0.379,1,120,3,0,418,Risky
2916,42,41486.81,6.9,3.6,6,0.303,0.426,0,0,0,0,604,Poor
2917,24,9124.29,1.0,33.2,9,0.26,0.316,3,30,0,0,586,Very Poor
2918,59,18810.72,1.2,13.4,5,0.247,0.623,1,30,0,0,564,Very Poor
2919,44,93816.15,6.9,2.3,10,0.138,0.182,0,0,1,0,643,Poor
2920,42,194407.34,0.4,19.1,9,0.169,0.226,0,0,0,0,696,Fair
2921,38,16752.74,0.9,5.8,6,0.128,0.144,0,0,0,0,540,Risky
2922,49,8830.2,8.8,20.7,8,0.106,0.586,1,0,1,0,569,Very Poor
2923,31,153791.45,7.9,21.6,7,0.083,0.126,0,0,0,0,735,Good
2924,56,50720.92,2.7,5.8,4,0.418,0.576,1,120,0,0,513,Risky
2925,44,118227.79,0.3,22.2,7,0.175,0.363,1,0,0,0,759,Excellent
2926,35,77782.49,4.6,7.6,6,0.297,0.376,1,0,0,0,651,Fair
2927,50,17790.42,12.8,0.4,8,0.245,0.227,0,0,1,0,566,Very Poor
2928,31,26434.05,0.0,21.0,4,0.181,0.053,0,0,6,1,467,Risky
2929,40,60000.68,3.4,40.0,3,0.554,0.377,1,30,0,0,771,Excellent
2930,27,77648.54,5.1,3.7,10,0.427,0.381,2,0,0,0,527,Risky
2931,38,67334.52,10.7,0.8,8,0.377,0.147,0,0,1,0,604,Poor
2932,49,31723.32,8.7,10.6,10,0.18,0.287,0,0,0,0,594,Very Poor
2933,47,22915.48,4.9,31.1,7,0.368,0.447,1,0,2,0,672,Fair
2934,56,19276.54,5.1,4.9,7,0.376,0.096,0,60,1,0,497,Risky
2935,21,112022.02,17.0,8.8,10,0.292,0.135,0,0,0,0,670,Fair
2936,42,28206.22,0.1,0.7,4,0.401,0.354,0,60,2,0,502,Risky
2937,21,112853.16,1.6,7.3,9,0.295,0.177,0,30,0,0,593,Very Poor
2938,21,48575.07,8.5,7.1,10,0.196,0.208,2,0,0,0,520,Risky
2939,44,4379.21,5.1,9.4,6,0.239,0.439,1,30,0,0,472,Risky
2940,37,56283.77,3.4,2.2,13,0.609,0.306,0,0,1,0,565,Very Poor
2941,28,9188.34,0.5,17.6,12,0.306,0.283,1,60,0,0,547,Risky
2942,36,146764.75,1.1,3.0,4,0.653,0.45,1,30,1,0,575,Very Poor
2943,28,106645.58,8.7,10.9,5,0.254,0.213,0,0,2,0,645,Poor
2944,31,29355.64,2.5,19.1,10,0.119,0.21,1,0,1,0,663,Fair
2945,68,47463.23,10.1,14.7,10,0.149,0.265,1,30,0,0,668,Fair
2946,56,15455.51,7.1,4.9,9,0.175,0.194,1,0,0,0,527,Risky
2947,24,37426.74,2.0,8.2,8,0.378,0.302,2,0,1,0,485,Risky
2948,53,111716.57,13.2,1.3,8,0.415,0.065,2,0,1,0,581,Very Poor
2949,29,176494.42,0.1,6.2,5,0.381,0.152,1,30,0,0,645,Poor
2950,21,40853.89,16.6,1.9,9,0.077,0.191,1,90,0,0,535,Risky
2951,48,106460.61,2.1,18.7,9,0.127,0.259,1,30,1,0,695,Fair
2952,37,89612.09,9.2,1.8,7,0.574,0.38,0,0,0,0,612,Poor
2953,52,17894.46,0.4,16.0,10,0.068,0.314,3,0,0,0,541,Risky
2954,52,54727.86,4.5,3.1,8,0.494,0.344,2,0,1,0,563,Very Poor
2955,36,51496.81,3.2,0.6,5,0.247,0.417,1,0,1,0,564,Very Poor
2956,48,141528.52,2.9,18.5,11,0.061,0.303,1,0,3,0,696,Fair
2957,61,38344.51,0.8,1.1,9,0.299,0.082,1,60,2,0,511,Risky
2958,31,417917.32,7.6,9.9,5,0.458,0.119,1,60,0,0,685,Fair
2959,46,110100.48,7.6,24.5,6,0.11,0.406,0,30,1,1,625,Poor
2960,33,18771.4,17.7,5.5,10,0.516,0.213,0,0,5,0,447,Risky
2961,32,61987.79,1.5,3.0,6,0.342,0.265,2,0,2,0,566,Very Poor
2962,28,10927.08,2.1,0.8,5,0.238,0.426,0,90,0,0,481,Risky
2963,42,35632.99,0.1,7.7,5,0.456,0.158,0,30,1,0,600,Very Poor
2964,32,20032.46,1.1,0.6,7,0.345,0.37,3,30,0,0,461,Risky
2965,26,54995.34,0.7,17.4,10,0.519,0.556,0,0,0,0,629,Poor
2966,43,51437.89,4.1,21.3,3,0.678,0.179,1,0,3,0,619,Poor
2967,26,62657.57,6.4,4.5,5,0.121,0.421,1,0,2,0,576,Very Poor
2968,41,62754.0,0.2,3.3,7,0.167,0.447,2,60,1,0,512,Risky
2969,51,36652.11,3.7,5.0,4,0.501,0.271,0,60,3,0,520,Risky
2970,27,22812.61,18.4,5.1,7,0.383,0.459,2,0,1,0,550,Risky
2971,29,89220.92,9.6,0.1,10,0.295,0.138,2,0,1,0,554,Very Poor
2972,24,70910.52,7.5,0.9,3,0.417,0.175,0,0,0,0,606,Poor
2973,30,93850.54,2.8,27.9,7,0.292,0.45,0,0,2,0,778,Excellent
2974,36,80240.27,3.8,0.6,12,0.11,0.266,2,0,0,0,562,Very Poor
2975,55,149557.53,1.0,7.5,12,0.032,0.192,0,0,1,0,675,Fair
2976,59,146666.43,6.0,1.7,4,0.249,0.349,1,0,2,0,610,Poor
2977,44,54872.21,0.9,7.6,10,0.455,0.238,2,90,1,1,459,Risky
2978,21,99191.26,5.1,11.1,6,0.039,0.114,0,0,0,0,676,Fair
2979,36,22037.41,4.0,0.2,7,0.427,0.223,1,0,1,0,467,Risky
2980,70,52196.3,8.0,10.2,3,0.305,0.513,2,90,0,0,534,Risky
2981,44,32801.32,3.8,7.8,6,0.063,0.438,1,60,0,0,581,Very Poor
2982,68,6058.61,3.2,9.4,6,0.361,0.155,0,30,1,0,541,Risky
2983,43,29397.24,7.0,10.1,2,0.271,0.288,0,0,0,0,625,Poor
2984,31,52408.33,2.0,8.4,6,0.177,0.287,0,30,3,0,628,Poor
2985,45,98887.31,2.5,8.8,11,0.259,0.209,1,60,3,0,558,Very Poor
2986,47,45000.03,3.0,5.8,7,0.278,0.321,2,0,0,0,506,Risky
2987,21,46878.0,3.4,9.9,5,0.135,0.218,0,0,0,0,599,Very Poor
2988,55,60523.97,5.6,9.8,5,0.45,0.227,2,0,1,0,607,Poor
2989,45,72227.58,17.0,5.0,6,0.184,0.488,1,0,2,0,588,Very Poor
2990,42,11541.76,3.6,0.7,8,0.41,0.21,1,0,2,0,485,Risky
2991,50,61299.64,0.1,3.8,9,0.295,0.234,0,0,1,0,592,Very Poor
2992,21,28150.21,6.7,5.9,9,0.425,0.226,1,0,1,0,521,Risky
2993,22,29015.58,3.2,2.7,5,0.069,0.291,2,30,2,1,398,Risky
2994,44,48050.15,18.4,1.1,6,0.188,0.428,1,30,0,1,464,Risky
2995,41,30847.28,8.9,16.8,5,0.369,0.216,2,0,2,0,582,Very Poor
2996,49,63276.54,0.5,3.4,10,0.245,0.122,1,120,1,1,467,Risky
2997,69,183674.21,0.5,1.5,9,0.205,0.099,0,0,0,0,676,Fair
2998,34,39817.16,8.3,0.1,9,0.053,0.367,1,0,0,0,519,Risky
2999,51,90588.07,0.6,2.3,8,0.371,0.364,0,0,2,0,634,Poor
3000,64,25977.69,1.1,9.3,8,0.313,0.112,1,0,1,0,627,Poor
3001,43,27642.12,5.4,14.3,11,0.276,0.517,0,0,0,0,608,Poor
3002,44,182196.71,15.8,5.5,6,0.482,0.317,2,0,0,0,559,Very Poor
3003,46,49124.82,1.8,6.8,5,0.073,0.299,0,0,2,0,582,Very Poor
3004,57,73987.42,1.5,21.6,8,0.202,0.171,0,0,0,0,692,Fair
3005,46,15418.18,8.2,15.9,13,0.216,0.347,1,30,1,1,464,Risky
3006,44,85449.33,10.7,0.4,6,0.23,0.398,2,30,2,0,546,Risky
3007,58,88287.88,4.4,2.0,5,0.162,0.241,0,0,1,0,626,Poor
3008,21,52950.91,13.7,19.1,8,0.329,0.177,2,0,2,0,679,Fair
3009,39,15932.51,1.5,4.6,13,0.502,0.349,0,0,0,0,524,Risky
3010,40,9315.57,10.3,10.3,7,0.686,0.556,2,0,0,0,452,Risky
3011,60,128138.11,8.1,1.8,8,0.062,0.112,3,30,2,0,568,Very Poor
3012,31,18419.14,2.1,1.0,8,0.53,0.339,1,90,1,0,438,Risky
3013,38,55525.6,2.4,14.7,8,0.063,0.439,3,0,2,0,605,Poor
3014,42,23179.91,1.0,3.3,9,0.302,0.444,2,0,2,0,495,Risky
3015,39,175421.08,0.6,13.0,7,0.007,0.566,2,0,0,0,644,Poor
3016,43,52044.54,0.3,0.7,6,0.269,0.318,0,0,1,0,617,Poor
3017,67,27318.73,2.3,13.9,6,0.288,0.218,0,30,2,0,580,Very Poor
3018,49,40498.61,3.0,2.9,12,0.203,0.242,0,30,0,0,554,Very Poor
3019,32,84892.19,9.5,4.4,9,0.339,0.42,0,0,1,0,599,Very Poor
3020,56,145984.41,3.7,24.8,5,0.223,0.352,1,30,0,0,751,Excellent
3021,21,53260.69,3.6,1.5,4,0.175,0.197,0,90,1,0,527,Risky
3022,54,49899.98,0.7,7.3,12,0.458,0.132,3,90,2,0,519,Risky
3023,35,176338.71,16.6,6.3,13,0.256,0.366,3,0,0,0,679,Fair
3024,41,19530.83,1.7,5.7,8,0.239,0.243,3,0,0,0,497,Risky
3025,60,26388.82,5.2,12.2,3,0.539,0.444,3,0,0,0,508,Risky
3026,28,115209.96,3.8,3.4,7,0.403,0.361,1,0,0,0,608,Poor
3027,36,78429.24,0.7,15.8,14,0.073,0.235,1,0,1,0,728,Good
3028,35,16892.03,6.4,6.9,11,0.084,0.215,0,0,0,0,619,Poor
3029,21,53086.15,3.4,14.1,11,0.031,0.143,1,0,2,0,600,Very Poor
3030,46,115810.43,7.9,12.8,7,0.567,0.556,1,0,3,0,595,Very Poor
3031,24,31838.32,2.5,15.3,14,0.216,0.241,1,0,0,0,647,Poor
3032,41,132648.01,7.3,5.2,8,0.23,0.347,1,0,0,0,640,Poor
3033,37,100544.31,0.7,7.7,3,0.564,0.334,2,0,1,0,563,Very Poor
3034,52,26893.66,7.6,0.9,4,0.117,0.421,0,120,2,0,450,Risky
3035,38,10629.26,13.4,3.0,12,0.139,0.341,1,0,0,0,471,Risky
3036,47,51919.03,3.3,2.5,6,0.583,0.225,2,0,2,0,539,Risky
3037,41,21531.66,1.0,10.9,9,0.009,0.343,0,0,1,0,629,Poor
3038,28,28492.85,7.4,17.5,9,0.247,0.557,1,0,1,0,631,Poor
3039,26,26497.49,0.5,1.6,6,0.32,0.271,2,30,1,0,528,Risky
3040,31,49901.21,10.0,29.1,7,0.07,0.192,0,0,0,1,622,Poor
3041,40,22998.36,5.8,6.2,6,0.471,0.302,1,0,0,0,526,Risky
3042,53,120383.05,0.6,7.9,8,0.258,0.399,0,0,3,0,620,Poor
3043,34,83803.25,7.4,7.4,6,0.162,0.361,2,60,1,0,565,Very Poor
3044,40,42910.4,1.1,4.9,8,0.198,0.287,0,0,0,0,577,Very Poor
3045,28,230299.83,2.7,6.1,4,0.616,0.114,1,0,2,0,614,Poor
3046,21,206523.75,0.0,13.4,3,0.146,0.337,4,120,2,1,526,Risky
3047,41,16441.57,4.1,29.9,7,0.269,0.146,1,0,2,0,623,Poor
3048,63,17356.48,3.1,11.6,3,0.049,0.04,0,0,0,0,544,Risky
3049,67,68682.7,3.5,13.0,6,0.052,0.102,0,0,0,0,685,Fair
3050,54,83002.07,10.6,11.0,10,0.386,0.215,3,60,0,0,547,Risky
3051,33,167134.42,0.6,1.4,6,0.071,0.339,0,0,0,0,643,Poor
3052,50,78887.61,1.3,6.2,15,0.13,0.101,0,0,1,0,649,Poor
3053,32,64224.34,6.0,0.6,5,0.214,0.402,0,30,0,0,566,Very Poor
3054,39,54958.08,1.3,5.1,14,0.115,0.143,0,60,1,0,579,Very Poor
3055,49,113972.81,0.1,16.7,9,0.311,0.362,1,0,1,0,602,Poor
3056,34,23083.5,9.8,4.1,10,0.559,0.487,1,0,3,0,440,Risky
3057,47,28434.03,1.2,17.0,4,0.123,0.143,2,30,2,0,561,Very Poor
3058,51,107411.36,9.3,4.7,14,0.328,0.278,0,60,2,0,624,Poor
3059,48,54292.65,1.1,3.4,7,0.234,0.224,0,0,0,0,589,Very Poor
3060,43,125926.88,1.5,10.1,13,0.305,0.487,2,0,2,0,617,Poor
3061,25,44243.56,3.5,13.5,6,0.263,0.146,1,0,1,0,577,Very Poor
3062,35,30517.73,2.7,5.1,17,0.071,0.29,0,0,1,0,602,Poor
3063,54,54219.13,0.4,5.0,7,0.504,0.134,1,60,4,0,538,Risky
3064,25,116029.33,6.2,14.2,9,0.188,0.183,1,0,1,0,667,Fair
3065,39,89864.9,5.9,13.4,10,0.3,0.161,1,30,2,0,612,Poor
3066,34,116603.43,4.5,19.6,9,0.457,0.246,4,90,2,0,597,Very Poor
3067,35,12022.24,4.4,3.9,5,0.515,0.292,1,0,4,0,447,Risky
3068,39,45964.91,0.2,1.7,10,0.108,0.285,1,30,1,0,486,Risky
3069,34,68137.3,1.3,24.7,7,0.269,0.387,2,0,1,0,670,Fair
3070,26,97645.7,4.1,6.5,14,0.465,0.235,0,120,0,0,532,Risky
3071,21,13908.55,1.8,9.9,7,0.41,0.241,0,0,3,0,531,Risky
3072,41,114588.35,19.3,15.6,10,0.58,0.456,2,120,2,0,520,Risky
3073,66,35780.85,2.2,1.2,11,0.142,0.454,1,0,0,0,628,Poor
3074,47,56256.84,2.9,6.6,7,0.078,0.281,0,0,1,0,594,Very Poor
3075,47,37451.46,0.9,7.6,9,0.238,0.292,1,0,2,0,546,Risky
3076,48,43140.29,4.5,16.5,4,0.234,0.211,0,0,0,0,651,Fair
3077,24,35411.6,0.9,7.2,6,0.072,0.396,1,30,1,0,554,Very Poor
3078,28,34010.66,1.5,1.7,9,0.299,0.183,0,0,1,0,553,Very Poor
3079,35,51189.82,17.1,10.4,4,0.298,0.356,1,0,1,0,593,Very Poor
3080,21,74833.91,7.9,39.1,12,0.332,0.327,0,60,0,0,768,Excellent
3081,54,22118.99,2.1,9.3,8,0.164,0.372,1,60,2,0,548,Risky
3082,47,43304.66,1.6,8.8,4,0.345,0.406,2,0,1,0,508,Risky
3083,38,50319.84,13.2,1.1,9,0.194,0.479,3,0,0,0,515,Risky
3084,35,40186.54,28.4,24.6,6,0.247,0.154,4,30,0,0,589,Very Poor
3085,38,97587.05,9.1,3.4,5,0.294,0.326,1,0,0,0,619,Poor
3086,32,46362.24,1.4,23.8,9,0.65,0.548,2,0,0,0,612,Poor
3087,21,31760.63,2.3,9.7,10,0.068,0.143,1,0,2,1,450,Risky
3088,59,42071.36,3.3,4.1,9,0.268,0.496,1,30,0,0,539,Risky
3089,44,19001.71,1.1,1.4,12,0.172,0.65,0,30,1,0,484,Risky
3090,52,177053.41,3.7,5.4,13,0.235,0.438,0,0,3,0,594,Very Poor
3091,44,38397.22,1.7,17.8,8,0.301,0.499,2,60,2,1,484,Risky
3092,37,44788.81,22.1,13.8,14,0.209,0.137,1,0,0,0,643,Poor
3093,40,27569.12,0.5,1.7,8,0.687,0.276,1,30,1,0,485,Risky
3094,36,36377.49,3.1,18.8,6,0.501,0.17,0,0,1,0,702,Good
3095,47,77830.76,9.3,19.9,7,0.221,0.136,0,0,0,0,691,Fair
3096,53,48875.2,3.4,1.3,9,0.152,0.15,2,0,0,0,568,Very Poor
3097,62,46894.6,2.9,5.0,9,0.558,0.361,1,0,3,0,549,Risky
3098,35,40807.81,2.4,4.2,10,0.134,0.192,1,0,1,0,593,Very Poor
3099,44,36196.7,1.0,9.4,13,0.356,0.108,0,0,1,0,604,Poor
3100,54,159887.71,0.9,3.8,8,0.174,0.54,1,0,0,0,613,Poor
3101,39,82757.32,7.0,1.4,14,0.168,0.7,1,0,0,0,603,Poor
3102,41,85466.48,24.7,9.8,10,0.248,0.337,2,0,2,0,634,Poor
3103,36,208422.5,1.9,0.8,6,0.588,0.084,1,0,0,0,606,Poor
3104,27,36804.73,1.4,1.1,5,0.055,0.363,2,0,2,0,511,Risky
3105,35,66797.91,2.5,6.9,10,0.375,0.369,1,0,0,0,602,Poor
3106,57,30500.85,4.5,1.3,5,0.46,0.309,2,60,0,0,495,Risky
3107,27,13281.09,3.8,5.0,5,0.414,0.349,1,60,2,0,445,Risky
3108,27,132957.39,4.5,28.5,6,0.525,0.372,1,60,2,0,714,Good
3109,53,43613.39,0.8,11.4,12,0.261,0.38,1,0,0,0,622,Poor
3110,49,14788.3,1.3,11.9,8,0.511,0.37,0,0,0,0,569,Very Poor
3111,54,20836.01,8.6,5.0,14,0.047,0.517,1,0,0,0,501,Risky
3112,28,52998.7,3.5,2.1,8,0.28,0.107,0,90,1,0,589,Very Poor
3113,58,19343.25,3.0,17.8,10,0.242,0.31,0,30,1,0,552,Very Poor
3114,62,24254.44,1.2,0.7,11,0.083,0.171,0,120,0,0,454,Risky
3115,43,42380.3,17.7,3.6,10,0.152,0.731,1,30,2,0,450,Risky
3116,34,26536.87,8.7,2.4,7,0.63,0.124,0,0,0,0,517,Risky
3117,39,58275.63,8.8,1.5,5,0.376,0.435,1,60,1,0,504,Risky
3118,52,69515.02,1.6,3.0,3,0.356,0.438,4,0,0,0,527,Risky
3119,47,83491.28,3.3,40.0,10,0.332,0.23,1,0,2,0,763,Excellent
3120,59,31267.81,5.8,8.1,4,0.543,0.155,0,0,0,0,587,Very Poor
3121,22,27549.11,8.5,19.2,10,0.109,0.128,1,90,1,0,591,Very Poor
3122,29,62499.78,1.2,24.2,6,0.112,0.352,1,0,1,0,702,Good
3123,40,76187.29,8.3,0.1,11,0.379,0.518,1,90,0,0,505,Risky
3124,22,159184.59,1.3,5.4,12,0.264,0.626,2,0,0,0,624,Poor
3125,53,16702.32,2.9,3.4,12,0.133,0.538,0,0,0,0,510,Risky
3126,28,142436.52,1.5,0.5,6,0.248,0.082,0,0,1,0,684,Fair
3127,36,26614.08,5.2,4.5,9,0.297,0.238,0,0,1,0,558,Very Poor
3128,26,73507.99,3.0,13.2,8,0.208,0.21,1,0,0,0,585,Very Poor
3129,55,12214.17,0.5,2.0,8,0.302,0.098,0,30,3,0,483,Risky
3130,30,39049.45,4.3,1.6,5,0.111,0.128,1,0,1,0,577,Very Poor
3131,32,58425.32,1.5,8.9,6,0.192,0.507,2,60,2,0,502,Risky
3132,34,54555.98,8.9,4.0,6,0.53,0.28,0,0,0,0,586,Very Poor
3133,21,31585.13,4.2,14.3,7,0.263,0.543,0,0,2,0,551,Very Poor
3134,56,40274.02,0.8,2.5,7,0.189,0.059,1,30,1,0,560,Very Poor
3135,30,106024.43,0.3,4.5,5,0.163,0.384,1,0,0,0,612,Poor
3136,40,294050.46,0.3,13.5,9,0.258,0.25,0,0,1,0,694,Fair
3137,21,30669.62,0.7,2.4,14,0.745,0.338,0,0,2,0,553,Very Poor
3138,28,59519.79,5.1,1.3,8,0.369,0.216,1,0,1,0,575,Very Poor
3139,34,31898.31,12.6,3.2,4,0.306,0.266,2,0,0,0,534,Risky
3140,23,37890.93,1.1,7.2,13,0.153,0.345,2,0,1,0,510,Risky
3141,29,32867.32,10.6,6.9,5,0.189,0.181,0,0,1,0,604,Poor
3142,48,44362.41,1.0,1.0,9,0.514,0.574,1,0,1,0,519,Risky
3143,50,87193.15,1.9,5.4,7,0.231,0.411,1,0,2,0,575,Very Poor
3144,40,116459.63,18.1,5.8,8,0.403,0.217,0,0,1,0,632,Poor
3145,57,47160.73,3.4,5.8,8,0.059,0.295,2,0,0,0,580,Very Poor
3146,70,39493.31,8.2,3.3,8,0.128,0.091,5,0,1,0,518,Risky
3147,36,15406.56,0.6,3.2,6,0.258,0.242,1,0,3,0,545,Risky
3148,25,132468.24,2.1,0.1,7,0.327,0.442,0,0,1,0,645,Poor
3149,47,16975.66,0.6,2.3,8,0.381,0.099,0,0,0,0,578,Very Poor
3150,35,42923.11,1.3,4.9,8,0.285,0.191,1,0,1,0,550,Risky
3151,46,81146.96,11.6,7.9,6,0.085,0.468,0,0,1,0,597,Very Poor
3152,58,29198.85,3.2,0.7,7,0.088,0.377,0,0,1,0,559,Very Poor
3153,44,118802.39,1.7,2.6,5,0.2,0.371,2,0,0,0,583,Very Poor
3154,67,21711.26,5.7,5.2,10,0.317,0.275,0,0,2,0,557,Very Poor
3155,51,69088.94,0.0,20.4,9,0.249,0.178,1,0,0,0,674,Fair
3156,46,63430.68,0.1,19.0,9,0.108,0.315,1,60,0,0,600,Very Poor
3157,24,29322.8,4.0,7.7,9,0.148,0.266,3,0,1,0,511,Risky
3158,45,327975.22,14.2,2.1,9,0.255,0.522,0,30,1,1,541,Risky
3159,21,39763.81,6.7,3.6,6,0.358,0.241,0,0,3,0,553,Very Poor
3160,47,71652.19,9.0,4.1,16,0.332,0.218,3,0,0,0,517,Risky
3161,44,103535.83,2.9,4.7,7,0.334,0.36,3,0,1,0,570,Very Poor
3162,49,22673.57,2.8,33.8,5,0.206,0.201,3,90,2,0,620,Poor
3163,23,57162.44,5.7,11.4,7,0.516,0.252,1,0,1,0,633,Poor
3164,27,63237.21,3.8,0.5,7,0.582,0.472,0,0,1,0,508,Risky
3165,31,40095.1,1.3,2.4,6,0.106,0.185,0,0,0,0,650,Poor
3166,48,33569.47,4.2,6.3,9,0.157,0.375,1,60,1,0,526,Risky
3167,31,45820.95,0.9,13.0,6,0.286,0.219,0,0,1,0,643,Poor
3168,31,40633.91,1.0,7.2,6,0.416,0.213,1,30,0,0,562,Very Poor
3169,32,43210.44,7.9,9.9,8,0.186,0.27,0,0,1,0,660,Fair
3170,53,64715.87,2.8,2.7,6,0.257,0.147,1,0,1,0,592,Very Poor
3171,67,16214.65,7.1,3.7,3,0.35,0.197,2,0,3,0,535,Risky
3172,41,47222.14,2.1,0.4,4,0.203,0.127,0,0,2,0,576,Very Poor
3173,43,73590.56,1.9,8.6,5,0.274,0.092,1,0,1,0,640,Poor
3174,37,37875.18,0.2,0.5,8,0.104,0.139,1,60,2,0,530,Risky
3175,33,19293.18,1.7,18.7,5,0.608,0.383,1,0,0,0,585,Very Poor
3176,55,32028.34,11.6,14.4,11,0.41,0.149,1,0,0,0,613,Poor
3177,42,133604.65,4.4,0.8,6,0.206,0.244,0,30,2,0,614,Poor
3178,52,123899.91,4.4,7.0,11,0.166,0.211,2,0,0,0,603,Poor
3179,38,52106.68,1.5,0.2,5,0.179,0.695,0,0,3,0,557,Very Poor
3180,35,55080.55,1.0,19.9,3,0.238,0.383,1,0,1,0,751,Excellent
3181,35,27044.93,5.6,3.8,9,0.501,0.313,1,0,0,0,539,Risky
3182,40,70410.36,2.6,8.4,12,0.192,0.274,1,0,2,0,590,Very Poor
3183,53,32512.03,6.8,0.6,8,0.093,0.455,1,0,0,0,536,Risky
3184,59,29507.66,1.7,15.6,5,0.507,0.529,0,0,0,0,674,Fair
3185,29,23189.85,1.0,18.7,4,0.279,0.358,0,0,1,0,649,Poor
3186,54,108847.36,6.3,16.5,9,0.371,0.12,1,120,0,0,613,Poor
3187,30,51542.57,2.1,21.5,8,0.307,0.434,0,0,1,0,686,Fair
3188,65,9487.21,2.5,5.9,4,0.128,0.152,0,30,1,0,524,Risky
3189,49,784565.57,11.4,7.2,6,0.382,0.408,0,0,0,0,707,Good
3190,41,59644.13,9.2,0.1,6,0.358,0.248,0,60,1,0,514,Risky
3191,21,13819.71,4.7,2.2,6,0.284,0.043,1,0,2,0,457,Risky
3192,36,78452.4,0.0,2.9,6,0.14,0.307,2,30,0,0,586,Very Poor
3193,40,124434.89,0.1,6.4,9,0.578,0.338,0,30,1,0,596,Very Poor
3194,36,96223.11,3.8,0.3,9,0.407,0.231,1,0,0,0,567,Very Poor
3195,30,73838.99,6.7,1.8,10,0.204,0.133,0,0,0,0,624,Poor
3196,46,36211.68,14.1,5.6,9,0.113,0.068,0,0,0,0,583,Very Poor
3197,38,19143.32,7.5,4.8,14,0.36,0.186,0,0,2,0,517,Risky
3198,33,45619.59,0.5,7.4,4,0.292,0.214,2,0,1,0,533,Risky
3199,21,110305.15,4.0,4.4,4,0.017,0.397,0,60,0,0,646,Poor
3200,39,47337.37,6.8,0.7,14,0.115,0.202,0,0,0,0,610,Poor
3201,42,32999.2,6.5,4.2,6,0.204,0.571,0,0,1,0,526,Risky
3202,35,55779.54,0.4,8.3,10,0.255,0.129,0,60,1,0,585,Very Poor
3203,49,35634.38,5.5,2.7,15,0.285,0.515,1,0,0,0,506,Risky
3204,30,39659.4,1.9,3.1,2,0.362,0.194,0,0,0,0,532,Risky
3205,51,90883.32,1.4,8.7,6,0.019,0.298,1,0,1,0,629,Poor
3206,60,61338.41,1.9,5.7,6,0.262,0.29,0,0,1,0,574,Very Poor
3207,42,70926.79,7.8,1.2,10,0.236,0.286,2,0,0,0,580,Very Poor
3208,29,6253.84,6.3,6.3,4,0.647,0.448,1,30,2,0,412,Risky
3209,21,35239.31,5.6,6.5,9,0.169,0.193,0,60,2,0,507,Risky
3210,25,36812.16,4.8,7.5,5,0.208,0.2,1,0,1,0,584,Very Poor
3211,42,119154.41,0.3,3.0,11,0.558,0.275,1,0,0,0,576,Very Poor
3212,37,40043.53,1.2,13.7,6,0.332,0.409,0,0,3,0,619,Poor
3213,27,77546.88,4.9,17.8,9,0.092,0.2,3,30,2,0,614,Poor
3214,21,13863.02,3.1,2.6,10,0.137,0.226,1,0,0,0,553,Very Poor
3215,66,34732.15,4.9,18.4,5,0.314,0.457,0,0,2,0,636,Poor
3216,34,33425.5,21.4,11.6,7,0.5,0.398,1,0,2,0,533,Risky
3217,48,103434.78,1.1,15.1,6,0.206,0.564,2,60,4,0,602,Poor
3218,24,37487.36,5.3,5.6,7,0.333,0.22,1,0,1,0,577,Very Poor
3219,34,12640.81,1.4,8.5,7,0.365,0.34,1,0,0,1,435,Risky
3220,47,48789.18,0.8,8.9,11,0.223,0.169,2,0,0,0,594,Very Poor
3221,32,56366.83,7.2,4.1,9,0.032,0.235,1,0,0,0,617,Poor
3222,41,88476.9,0.4,0.9,9,0.398,0.611,1,30,3,0,541,Risky
3223,48,50880.47,1.0,18.2,4,0.375,0.09,0,0,1,0,685,Fair
3224,33,87575.46,8.6,0.8,10,0.303,0.262,1,0,1,0,540,Risky
3225,39,454086.53,7.2,40.0,5,0.379,0.329,0,0,1,0,850,Excellent
3226,34,33520.65,3.7,14.6,17,0.243,0.162,2,0,0,0,541,Risky
3227,21,87598.59,6.3,4.5,8,0.495,0.529,0,0,1,0,568,Very Poor
3228,32,24116.72,5.7,1.7,7,0.403,0.41,1,0,1,0,540,Risky
3229,43,466328.33,0.2,0.4,9,0.663,0.179,1,0,0,0,632,Poor
3230,56,119491.28,2.1,1.5,2,0.332,0.349,0,120,0,0,601,Poor
3231,53,35018.19,2.5,1.2,5,0.299,0.284,0,0,0,0,575,Very Poor
3232,45,115877.11,12.2,2.0,9,0.02,0.498,0,0,0,0,651,Fair
3233,31,39809.78,6.4,9.2,8,0.289,0.382,2,120,0,0,528,Risky
3234,45,14819.62,1.8,7.7,6,0.494,0.224,1,0,1,0,473,Risky
3235,27,44822.62,0.5,0.9,8,0.132,0.359,0,0,0,0,599,Very Poor
3236,36,18078.06,9.6,8.6,11,0.27,0.168,1,0,1,0,525,Risky
3237,33,235242.45,1.7,1.1,8,0.322,0.18,0,0,1,0,666,Fair
3238,38,11016.64,5.3,11.8,6,0.347,0.346,0,0,0,0,521,Risky
3239,37,180548.07,7.2,28.8,7,0.278,0.219,0,30,1,0,804,Excellent
3240,38,44304.6,1.4,13.5,9,0.399,0.612,0,0,0,0,640,Poor
3241,35,52223.17,4.3,0.3,8,0.417,0.237,0,30,0,0,561,Very Poor
3242,21,16666.03,2.3,23.5,7,0.116,0.122,1,0,2,0,634,Poor
3243,56,35429.62,6.8,5.9,12,0.492,0.404,1,60,0,0,464,Risky
3244,45,27823.75,7.1,3.7,5,0.119,0.153,2,30,0,0,554,Very Poor
3245,39,47031.75,1.4,3.4,6,0.298,0.377,0,0,0,0,614,Poor
3246,34,82346.27,25.9,2.9,13,0.331,0.192,0,30,3,0,584,Very Poor
3247,38,19722.46,1.8,2.1,9,0.248,0.42,3,60,2,0,493,Risky
3248,43,23353.3,1.5,15.9,10,0.272,0.447,0,30,3,0,556,Very Poor
3249,37,37718.14,4.4,7.3,10,0.073,0.331,1,0,1,0,570,Very Poor
3250,66,150922.9,0.9,1.0,9,0.243,0.387,1,0,1,0,606,Poor
3251,70,26915.11,5.0,19.0,15,0.269,0.253,0,90,0,0,579,Very Poor
3252,32,86589.98,0.6,4.7,13,0.443,0.36,0,0,0,0,660,Fair
3253,64,60964.57,5.6,27.1,6,0.267,0.427,2,0,1,0,648,Poor
3254,49,60038.01,0.9,5.8,4,0.37,0.53,0,0,0,0,606,Poor
3255,52,67239.9,0.0,0.1,7,0.245,0.48,0,0,1,0,534,Risky
3256,67,29099.14,5.7,8.7,12,0.327,0.159,3,0,0,0,545,Risky
3257,32,6404.32,2.2,0.8,6,0.044,0.352,1,30,1,0,410,Risky
3258,57,46558.27,1.6,2.2,11,0.35,0.153,0,0,0,0,593,Very Poor
3259,60,86517.27,2.5,1.4,9,0.132,0.105,1,0,2,0,591,Very Poor
3260,36,75143.51,0.4,25.3,10,0.226,0.362,1,0,1,0,699,Fair
3261,38,61795.28,11.3,1.6,10,0.265,0.288,2,30,0,0,538,Risky
3262,30,68143.98,19.6,0.6,8,0.119,0.403,1,0,2,0,594,Very Poor
3263,30,7002.6,3.7,4.8,10,0.176,0.331,1,0,4,0,448,Risky
3264,45,42493.37,4.9,3.9,3,0.226,0.208,0,0,0,0,628,Poor
3265,32,135010.7,1.7,5.3,6,0.104,0.294,0,0,0,0,616,Poor
3266,37,81352.93,2.3,9.2,8,0.676,0.226,2,0,2,0,568,Very Poor
3267,58,84596.87,2.2,12.2,7,0.289,0.564,0,0,1,0,706,Good
3268,53,83452.84,1.6,4.1,12,0.162,0.222,1,0,0,0,627,Poor
3269,37,83789.05,8.5,6.4,5,0.351,0.277,1,90,1,0,558,Very Poor
3270,43,35165.33,7.5,5.9,8,0.311,0.235,0,0,1,0,575,Very Poor
3271,50,113828.55,8.9,2.7,9,0.163,0.26,0,60,1,0,615,Poor
3272,36,130816.27,3.3,2.5,5,0.184,0.511,1,0,0,0,637,Poor
3273,56,67663.3,7.6,0.2,4,0.757,0.3,1,0,5,0,544,Risky
3274,54,49794.48,0.7,0.5,11,0.235,0.267,3,0,0,0,533,Risky
3275,44,40834.42,1.5,12.5,4,0.394,0.329,0,30,1,0,564,Very Poor
3276,39,10190.52,0.4,30.4,11,0.202,0.204,0,0,1,0,665,Fair
3277,21,19194.12,3.7,4.1,9,0.101,0.241,1,0,2,0,466,Risky
3278,22,20687.32,12.4,30.2,6,0.278,0.046,2,0,0,0,666,Fair
3279,32,47272.33,0.1,4.8,7,0.322,0.21,0,0,1,0,596,Very Poor
3280,34,96277.44,0.9,4.9,7,0.354,0.097,0,0,0,0,695,Fair
3281,60,24356.04,14.5,2.9,11,0.141,0.137,0,0,0,0,578,Very Poor
3282,54,48770.78,3.7,1.4,2,0.185,0.198,0,0,2,0,580,Very Poor
3283,57,49953.5,3.3,10.6,10,0.095,0.326,1,0,2,0,594,Very Poor
3284,47,65501.39,18.8,2.5,10,0.164,0.484,1,0,3,0,539,Risky
3285,39,38657.5,0.3,1.0,12,0.545,0.064,1,0,0,0,544,Risky
3286,39,144398.49,3.9,10.9,7,0.15,0.272,2,0,0,0,646,Poor
3287,24,28117.63,1.3,4.6,5,0.332,0.261,0,60,1,0,502,Risky
3288,41,31223.38,5.6,1.6,4,0.501,0.236,1,30,1,0,533,Risky
3289,34,78360.7,6.8,4.6,9,0.154,0.326,2,30,0,0,549,Risky
3290,29,322630.83,2.6,0.4,16,0.347,0.455,2,60,2,0,590,Very Poor
3291,47,30237.66,5.6,22.9,8,0.599,0.348,2,0,0,0,592,Very Poor
3292,32,36303.39,10.6,3.5,10,0.342,0.102,1,60,2,0,531,Risky
3293,40,33289.16,34.8,8.5,8,0.355,0.309,2,0,2,0,536,Risky
3294,57,230669.21,1.2,2.2,7,0.03,0.336,1,60,0,0,579,Very Poor
3295,52,138368.0,0.7,6.8,11,0.517,0.243,1,0,1,0,635,Poor
3296,28,42827.14,9.2,2.5,9,0.172,0.31,0,0,1,0,608,Poor
3297,22,91292.08,1.7,4.6,10,0.331,0.35,1,30,2,0,530,Risky
3298,43,17729.77,7.6,7.7,12,0.204,0.167,2,30,1,0,511,Risky
3299,47,30452.95,6.3,11.2,4,0.46,0.155,0,0,1,0,607,Poor
3300,44,106494.21,1.1,1.5,4,0.104,0.536,1,0,0,0,626,Poor
3301,31,44439.76,14.0,2.2,9,0.357,0.495,0,90,0,0,518,Risky
3302,33,26720.02,1.0,4.2,9,0.14,0.334,1,30,1,0,560,Very Poor
3303,38,297116.62,5.2,1.9,8,0.053,0.358,0,0,1,0,637,Poor
3304,43,84866.72,1.0,13.2,12,0.167,0.255,2,30,1,0,614,Poor
3305,46,12923.7,8.1,1.4,5,0.337,0.431,1,0,2,0,456,Risky
3306,46,96771.57,4.8,28.0,4,0.156,0.239,1,0,2,0,708,Good
3307,35,46357.16,12.9,6.0,13,0.207,0.274,1,60,2,0,506,Risky
3308,49,81094.15,0.7,25.6,3,0.595,0.333,1,0,0,0,710,Good
3309,53,53953.96,3.3,2.7,9,0.493,0.252,0,0,1,0,615,Poor
3310,68,26722.22,2.9,6.5,11,0.394,0.287,0,0,1,0,651,Fair
3311,31,60974.82,7.0,20.7,9,0.455,0.287,2,0,1,0,624,Poor
3312,46,108083.98,10.9,22.1,7,0.227,0.2,1,0,0,0,683,Fair
3313,64,34247.91,11.1,1.8,7,0.51,0.453,1,0,0,0,521,Risky
3314,30,162341.82,1.7,4.6,8,0.484,0.191,1,0,1,0,586,Very Poor
3315,52,41970.18,1.6,2.9,7,0.254,0.56,1,30,2,0,494,Risky
3316,48,39763.8,1.6,8.2,10,0.424,0.507,0,0,3,0,566,Very Poor
3317,38,15129.57,0.8,4.5,6,0.384,0.346,0,0,0,0,574,Very Poor
3318,47,52211.55,6.4,4.8,9,0.328,0.221,2,0,1,0,566,Very Poor
3319,21,133301.56,7.7,0.7,10,0.301,0.266,2,0,0,0,640,Poor
3320,34,31377.42,2.5,11.5,10,0.241,0.304,0,90,1,0,523,Risky
3321,34,111334.79,7.8,8.1,8,0.332,0.32,0,90,0,0,589,Very Poor
3322,32,35628.11,4.3,4.4,4,0.461,0.14,3,0,0,0,520,Risky
3323,46,24481.7,3.6,28.8,12,0.123,0.4,1,30,1,0,686,Fair
3324,26,23681.3,22.7,1.9,6,0.127,0.337,2,0,1,0,527,Risky
3325,48,21544.01,6.2,0.1,4,0.262,0.092,0,0,0,0,549,Risky
3326,41,38223.37,1.0,16.9,3,0.385,0.281,1,0,0,0,621,Poor
3327,52,24481.57,17.2,2.5,10,0.175,0.476,1,0,1,0,516,Risky
3328,26,49409.13,3.9,3.8,8,0.418,0.357,1,0,0,0,540,Risky
3329,24,98516.8,0.9,4.9,6,0.023,0.218,0,0,1,0,629,Poor
3330,27,46810.95,1.9,17.9,5,0.12,0.503,3,30,1,0,575,Very Poor
3331,51,41059.16,4.7,13.1,10,0.19,0.422,1,30,2,0,564,Very Poor
3332,45,48000.93,0.3,8.8,13,0.275,0.364,1,0,0,0,617,Poor
3333,43,82087.58,3.8,26.2,8,0.26,0.523,1,0,1,0,707,Good
3334,50,16674.0,0.4,25.3,9,0.383,0.179,2,0,2,0,638,Poor
3335,36,132773.3,10.8,3.7,7,0.218,0.324,1,0,0,0,623,Poor
3336,41,114342.67,3.2,9.3,3,0.039,0.257,0,0,1,0,702,Good
3337,32,89561.6,13.0,3.5,7,0.373,0.32,2,0,2,0,632,Poor
3338,58,114598.92,1.1,20.2,6,0.126,0.35,1,0,0,0,719,Good
3339,26,74264.93,3.2,2.1,9,0.194,0.314,0,0,0,0,616,Poor
3340,35,25389.66,2.4,4.7,6,0.397,0.262,1,90,0,0,530,Risky
3341,33,62762.96,3.7,0.9,11,0.242,0.255,0,30,0,0,592,Very Poor
3342,22,63343.67,9.4,9.7,8,0.102,0.24,1,0,1,0,602,Poor
3343,48,17504.82,7.5,10.7,10,0.062,0.272,1,0,1,0,575,Very Poor
3344,24,14839.78,0.5,0.9,7,0.12,0.408,1,30,0,0,515,Risky
3345,21,33748.15,0.5,24.0,7,0.257,0.284,3,0,2,1,480,Risky
3346,32,52006.81,3.3,5.0,10,0.227,0.197,1,0,1,0,549,Risky
3347,36,112450.66,4.4,7.8,16,0.423,0.21,1,0,0,0,672,Fair
3348,45,26601.6,7.4,12.7,7,0.182,0.334,1,0,0,0,587,Very Poor
3349,31,20615.21,5.3,10.0,10,0.073,0.088,0,0,2,0,564,Very Poor
3350,41,84157.61,6.1,5.0,4,0.103,0.343,2,0,1,0,598,Very Poor
3351,21,40369.49,19.8,30.7,12,0.137,0.395,2,0,1,0,675,Fair
3352,54,29043.63,6.8,0.1,8,0.32,0.115,0,0,1,0,568,Very Poor
3353,37,137013.08,10.5,29.0,15,0.504,0.239,1,30,2,0,724,Good
3354,32,129234.91,12.4,5.9,6,0.237,0.262,1,30,2,0,581,Very Poor
3355,37,96482.83,9.0,8.1,7,0.57,0.448,1,0,1,0,623,Poor
3356,47,16281.27,2.0,1.3,8,0.522,0.22,2,0,0,0,487,Risky
3357,43,95304.72,3.0,3.4,8,0.294,0.302,0,0,1,0,623,Poor
3358,48,67543.4,0.4,11.1,6,0.313,0.387,1,0,3,0,648,Poor
3359,50,256131.37,9.3,10.1,11,0.667,0.337,2,60,0,0,606,Poor
3360,21,89201.94,1.6,13.9,3,0.229,0.148,1,0,1,0,641,Poor
3361,40,116663.13,24.5,8.5,7,0.227,0.109,1,0,0,0,630,Poor
3362,35,77677.23,4.5,11.3,7,0.494,0.56,2,0,1,0,520,Risky
3363,42,98896.45,6.7,12.5,3,0.224,0.366,2,0,1,0,646,Poor
3364,21,75888.83,2.2,1.5,9,0.258,0.301,2,0,1,0,542,Risky
3365,52,71279.23,4.3,1.9,8,0.416,0.269,1,0,0,0,602,Poor
3366,30,36957.18,2.8,1.4,7,0.299,0.038,1,0,3,0,556,Very Poor
3367,50,109457.18,2.7,8.4,5,0.401,0.503,0,0,2,0,637,Poor
3368,60,39264.13,2.1,15.0,8,0.109,0.262,1,60,1,0,608,Poor
3369,33,33678.31,4.4,4.7,5,0.354,0.302,0,0,2,0,571,Very Poor
3370,21,10614.22,4.3,1.1,8,0.413,0.411,2,0,2,0,424,Risky
3371,32,47069.58,2.5,2.2,10,0.265,0.227,1,0,1,0,583,Very Poor
3372,62,36532.86,0.6,10.5,10,0.287,0.277,1,30,1,0,544,Risky
3373,57,128715.68,0.9,2.7,6,0.213,0.419,1,90,0,0,569,Very Poor
3374,40,43710.08,12.0,40.0,6,0.092,0.42,2,0,1,1,622,Poor
3375,35,73740.28,8.1,29.0,9,0.244,0.608,0,0,0,0,721,Good
3376,43,157122.61,8.1,3.9,7,0.129,0.362,0,0,2,0,625,Poor
3377,51,39401.47,1.7,2.4,10,0.263,0.131,5,0,3,0,420,Risky
3378,39,226272.4,5.5,4.8,7,0.312,0.019,0,90,1,0,622,Poor
3379,47,10762.07,2.2,5.2,4,0.353,0.359,1,30,1,0,485,Risky
3380,49,40295.85,2.7,7.5,5,0.399,0.338,3,60,3,0,487,Risky
3381,60,114378.34,1.8,7.6,7,0.367,0.489,1,0,1,0,582,Very Poor
3382,40,54545.13,7.9,0.9,6,0.224,0.335,3,60,2,0,492,Risky
3383,26,61976.91,13.9,10.6,3,0.286,0.316,0,0,0,0,615,Poor
3384,49,7349.42,3.3,3.7,12,0.269,0.24,1,90,1,0,441,Risky
3385,33,23291.38,8.8,13.0,14,0.339,0.353,1,0,0,0,563,Very Poor
3386,48,34944.73,26.7,1.7,3,0.115,0.263,0,0,0,0,570,Very Poor
3387,56,21128.78,0.6,10.4,7,0.101,0.27,1,0,1,0,592,Very Poor
3388,47,124065.71,5.4,1.2,12,0.075,0.407,2,0,0,0,598,Very Poor
3389,30,54230.73,1.9,11.1,1,0.137,0.347,1,0,1,0,634,Poor
3390,44,21544.35,1.6,12.1,3,0.503,0.262,2,0,0,0,516,Risky
3391,58,61367.09,2.9,8.8,9,0.32,0.236,1,0,1,0,621,Poor
3392,62,13729.45,9.0,14.2,8,0.164,0.505,1,0,3,0,582,Very Poor
3393,51,19778.55,0.2,13.9,7,0.734,0.212,2,0,0,0,539,Risky
3394,54,77470.25,2.1,0.5,13,0.314,0.193,2,0,0,0,565,Very Poor
3395,36,18383.24,1.9,4.7,4,0.155,0.097,1,0,2,0,496,Risky
3396,61,8442.41,0.3,0.7,7,0.717,0.415,1,60,1,0,448,Risky
3397,29,15208.09,3.9,4.6,9,0.066,0.457,0,0,1,0,515,Risky
3398,21,41995.84,2.4,3.8,13,0.158,0.12,1,0,0,0,566,Very Poor
3399,44,9625.69,4.6,6.7,4,0.459,0.152,1,0,2,0,483,Risky
3400,47,26681.88,5.2,3.9,8,0.262,0.217,1,0,3,0,541,Risky
3401,51,49338.56,0.2,17.0,12,0.258,0.216,3,0,2,0,582,Very Poor
3402,29,48383.43,1.3,16.8,5,0.552,0.352,1,0,0,0,563,Very Poor
3403,51,21010.22,3.2,0.8,6,0.214,0.279,1,0,0,0,546,Risky
3404,52,41534.47,0.3,10.3,5,0.414,0.315,2,90,0,0,536,Risky
3405,41,23290.73,4.3,2.0,7,0.231,0.248,2,0,1,0,516,Risky
3406,39,109838.39,4.7,13.4,9,0.356,0.284,0,0,2,0,634,Poor
3407,57,11807.85,4.3,1.8,6,0.168,0.404,0,0,1,0,521,Risky
3408,52,32375.84,1.2,11.8,6,0.072,0.415,1,30,1,0,593,Very Poor
3409,28,54691.14,0.9,13.2,6,0.405,0.347,1,0,2,0,630,Poor
3410,40,23221.76,1.0,4.9,11,0.516,0.292,4,0,0,0,488,Risky
3411,34,31483.98,2.0,8.6,8,0.335,0.431,2,0,0,0,542,Risky
3412,59,18966.53,4.9,6.3,3,0.357,0.037,2,0,1,1,398,Risky
3413,34,127650.07,1.3,14.8,10,0.354,0.141,2,0,2,0,616,Poor
3414,38,23474.02,5.0,4.6,6,0.303,0.114,0,0,3,0,530,Risky
3415,70,23476.91,15.5,27.7,8,0.362,0.172,0,0,1,0,720,Good
3416,47,15313.73,7.6,6.7,7,0.384,0.245,2,0,1,0,534,Risky
3417,42,64915.08,0.3,0.5,6,0.234,0.499,1,0,0,0,559,Very Poor
3418,35,58276.72,1.6,26.4,10,0.265,0.262,2,0,0,0,691,Fair
3419,45,32348.09,4.9,3.5,3,0.705,0.443,1,0,2,0,437,Risky
3420,33,25366.28,2.6,7.1,7,0.567,0.086,1,120,0,0,462,Risky
3421,45,41763.96,7.8,6.1,7,0.158,0.28,1,0,1,0,594,Very Poor
3422,52,58435.14,6.7,9.3,9,0.236,0.348,1,0,2,0,593,Very Poor
3423,21,92450.31,4.8,6.1,15,0.347,0.61,0,0,2,0,581,Very Poor
3424,21,25536.23,6.9,6.1,7,0.399,0.426,1,60,1,0,554,Very Poor
3425,40,11453.21,5.5,2.1,9,0.308,0.364,2,0,3,0,516,Risky
3426,41,18844.68,1.6,0.2,5,0.057,0.763,1,30,0,0,454,Risky
3427,26,35741.57,1.9,12.3,9,0.314,0.179,0,0,1,0,595,Very Poor
3428,30,188122.62,2.1,2.3,10,0.465,0.109,1,0,1,0,633,Poor
3429,40,33990.0,17.5,1.6,11,0.24,0.319,1,0,0,0,529,Risky
3430,34,36597.33,3.1,0.7,6,0.11,0.331,2,0,0,0,536,Risky
3431,34,53006.7,3.5,1.3,8,0.246,0.317,1,0,1,0,558,Very Poor
3432,26,123735.31,3.0,4.8,6,0.332,0.633,2,0,2,0,535,Risky
3433,25,120415.16,7.6,20.7,5,0.254,0.409,2,90,2,0,617,Poor
3434,23,78943.73,1.2,6.7,4,0.281,0.233,1,30,1,0,511,Risky
3435,36,35572.79,0.4,7.4,8,0.401,0.116,3,0,0,0,534,Risky
3436,34,23505.43,1.8,10.5,6,0.477,0.079,2,0,2,0,533,Risky
3437,60,30260.0,0.2,8.5,8,0.31,0.149,0,60,0,0,603,Poor
3438,52,116192.35,3.4,1.9,11,0.242,0.43,3,0,1,0,598,Very Poor
3439,48,100575.7,1.2,1.6,9,0.389,0.089,2,0,0,0,557,Very Poor
3440,22,22091.57,2.1,7.5,7,0.127,0.215,1,0,0,0,562,Very Poor
3441,39,74493.7,1.0,6.2,11,0.303,0.083,1,0,0,0,588,Very Poor
3442,58,107075.75,1.2,40.0,11,0.303,0.209,1,0,2,0,793,Excellent
3443,39,35476.02,4.1,14.5,5,0.258,0.447,1,0,2,0,642,Poor
3444,46,24666.34,3.7,7.0,6,0.271,0.287,0,0,0,0,553,Very Poor
3445,29,41926.47,4.8,13.0,5,0.446,0.289,0,60,0,0,602,Poor
3446,43,45274.16,12.6,4.4,7,0.45,0.579,0,0,1,0,545,Risky
3447,64,118727.72,3.0,6.0,8,0.058,0.187,2,0,0,0,647,Poor
3448,60,51889.5,9.3,7.9,3,0.164,0.406,0,30,1,0,592,Very Poor
3449,62,87660.16,5.8,16.2,14,0.371,0.416,3,30,0,0,630,Poor
3450,45,12298.46,19.7,14.9,6,0.601,0.424,2,0,1,0,570,Very Poor
3451,28,26775.98,3.8,9.9,8,0.188,0.314,1,0,1,0,547,Risky
3452,41,43037.0,4.4,8.0,7,0.123,0.138,0,0,1,0,626,Poor
3453,28,47327.11,0.8,5.4,8,0.193,0.356,1,0,0,0,553,Very Poor
3454,33,108202.72,19.1,12.8,6,0.324,0.333,0,0,0,0,606,Poor
3455,24,71489.37,17.3,16.0,5,0.17,0.356,2,0,4,0,572,Very Poor
3456,66,33056.18,7.7,9.1,8,0.161,0.192,1,0,0,0,578,Very Poor
3457,46,61606.55,3.1,0.6,9,0.218,0.486,1,0,1,0,476,Risky
3458,40,245374.79,9.9,1.7,6,0.348,0.163,0,0,2,0,612,Poor
3459,36,72275.76,5.4,0.3,10,0.249,0.691,0,90,0,0,582,Very Poor
3460,36,106889.5,25.8,2.1,9,0.31,0.461,0,0,0,0,629,Poor
3461,70,70337.72,0.9,7.9,8,0.19,0.363,1,0,1,0,615,Poor
3462,35,27676.06,14.7,21.4,7,0.269,0.234,2,30,2,0,601,Poor
3463,40,44680.9,7.5,0.6,5,0.247,0.277,2,0,0,0,562,Very Poor
3464,21,64934.56,2.7,0.8,11,0.345,0.308,1,0,1,0,571,Very Poor
3465,47,117269.34,0.4,4.7,10,0.319,0.368,1,0,1,0,626,Poor
3466,33,60477.28,0.8,1.1,14,0.336,0.224,1,0,1,0,596,Very Poor
3467,28,26497.85,1.6,2.1,8,0.148,0.287,0,0,2,0,562,Very Poor
3468,21,20651.5,2.1,1.6,7,0.454,0.251,3,0,0,0,474,Risky
3469,21,132386.41,4.5,7.6,12,0.279,0.255,2,0,0,0,633,Poor
3470,37,106103.29,1.6,3.1,6,0.477,0.118,1,0,2,0,595,Very Poor
3471,39,18378.31,3.0,11.8,10,0.201,0.148,1,30,0,0,575,Very Poor
3472,39,20758.18,1.0,1.2,10,0.578,0.452,1,0,1,0,504,Risky
3473,32,158292.29,6.8,5.7,6,0.363,0.215,1,0,0,0,635,Poor
3474,35,146801.63,0.8,1.3,9,0.29,0.432,2,0,0,0,574,Very Poor
3475,34,12274.2,10.5,8.3,6,0.447,0.288,1,0,1,0,554,Very Poor
3476,21,116930.12,1.2,5.7,10,0.132,0.206,1,0,1,0,632,Poor
3477,45,50219.81,1.5,0.0,8,0.339,0.241,0,0,2,0,571,Very Poor
3478,26,18956.89,2.8,10.7,8,0.475,0.178,0,0,0,0,594,Very Poor
3479,54,47145.58,3.4,39.3,10,0.21,0.202,2,0,0,0,749,Good
3480,39,101804.88,9.2,3.2,4,0.527,0.292,3,0,0,0,518,Risky
3481,41,46278.47,11.4,13.7,5,0.576,0.204,0,0,3,0,640,Poor
3482,39,19866.1,1.9,1.4,7,0.167,0.124,1,0,3,0,476,Risky
3483,65,44219.83,8.9,16.6,6,0.249,0.235,1,0,0,0,595,Very Poor
3484,35,415449.05,8.4,7.2,8,0.296,0.265,1,60,1,0,645,Poor
3485,30,21946.97,0.7,2.3,9,0.223,0.299,1,0,1,0,502,Risky
3486,41,35051.46,3.4,14.0,10,0.221,0.161,1,0,3,1,503,Risky
3487,34,55348.18,7.3,12.9,6,0.317,0.323,2,0,0,0,669,Fair
3488,57,142468.34,3.0,9.6,8,0.467,0.302,1,120,1,0,659,Fair
3489,43,42891.95,2.4,6.6,2,0.328,0.357,0,0,0,0,612,Poor
3490,30,61382.18,4.0,4.1,8,0.518,0.391,4,0,0,0,519,Risky
3491,43,38424.68,10.8,7.8,9,0.047,0.133,0,0,1,0,659,Fair
3492,34,138841.2,2.2,5.4,11,0.472,0.142,0,0,3,0,628,Poor
3493,21,104208.67,11.1,3.7,5,0.149,0.408,2,0,0,0,564,Very Poor
3494,40,6714.65,4.4,0.9,3,0.256,0.496,0,0,1,0,507,Risky
3495,25,37656.33,9.4,11.0,4,0.311,0.44,1,0,2,0,574,Very Poor
3496,42,59589.88,3.7,10.5,7,0.261,0.241,0,0,0,0,653,Fair
3497,44,83182.26,6.8,3.7,13,0.091,0.225,0,90,2,0,551,Very Poor
3498,34,16623.08,0.2,13.2,4,0.129,0.221,0,0,2,0,638,Poor
3499,34,22998.47,0.5,17.2,11,0.303,0.338,2,0,0,0,545,Risky
3500,55,11726.14,1.4,1.2,10,0.019,0.443,0,30,0,0,487,Risky
3501,32,37124.84,4.8,6.9,7,0.413,0.589,1,0,1,0,584,Very Poor
3502,42,26621.58,1.8,5.7,8,0.035,0.07,0,90,1,0,515,Risky
3503,26,75283.78,1.8,0.3,7,0.389,0.433,1,0,1,0,562,Very Poor
3504,44,160380.36,0.4,6.3,9,0.289,0.297,0,0,3,0,634,Poor
3505,21,85073.96,1.0,1.6,9,0.166,0.421,1,0,4,0,546,Risky
3506,47,48787.71,9.0,11.5,2,0.045,0.344,0,60,3,0,607,Poor
3507,52,39083.17,0.3,3.5,6,0.314,0.428,1,30,0,0,553,Very Poor
3508,41,143808.26,4.5,3.1,6,0.409,0.405,0,0,0,0,661,Fair
3509,37,196693.4,8.5,8.0,8,0.499,0.468,0,30,0,0,642,Poor
3510,43,50200.81,1.0,21.1,9,0.385,0.358,2,60,1,0,586,Very Poor
3511,44,17256.23,2.1,0.4,6,0.333,0.318,1,0,0,0,523,Risky
3512,58,127594.21,0.1,6.5,9,0.224,0.351,1,0,0,0,646,Poor
3513,46,103867.72,1.0,8.7,8,0.314,0.232,1,0,2,0,639,Poor
3514,40,45855.6,2.2,1.1,9,0.275,0.186,1,0,1,0,556,Very Poor
3515,48,47041.02,0.7,4.7,9,0.35,0.203,0,0,0,0,627,Poor
3516,35,20071.34,39.7,26.5,8,0.591,0.314,0,90,0,0,683,Fair
3517,58,37817.76,3.9,5.0,13,0.427,0.451,2,30,3,0,493,Risky
3518,47,59167.44,13.8,1.6,8,0.145,0.338,1,60,0,0,535,Risky
3519,35,32120.5,3.7,5.6,6,0.185,0.177,0,0,1,0,583,Very Poor
3520,47,12387.1,5.5,3.7,16,0.088,0.257,0,0,2,0,520,Risky
3521,47,38190.91,3.8,18.0,10,0.201,0.238,2,0,1,0,596,Very Poor
3522,52,20248.49,3.6,18.2,7,0.072,0.357,1,0,0,0,648,Poor
3523,33,134404.26,3.5,0.9,7,0.332,0.208,0,0,1,0,593,Very Poor
3524,53,51633.08,1.8,16.6,5,0.098,0.291,3,0,2,0,590,Very Poor
3525,22,18187.79,2.1,12.7,3,0.441,0.275,1,0,0,0,552,Very Poor
3526,56,88674.65,0.9,28.1,13,0.519,0.393,4,0,1,0,648,Poor
3527,31,23109.6,1.0,16.4,5,0.17,0.413,1,0,3,0,554,Very Poor
3528,38,39697.66,0.3,2.2,4,0.178,0.175,1,60,2,0,509,Risky
3529,47,41855.89,13.4,3.5,12,0.545,0.57,1,120,2,0,461,Risky
3530,36,11600.33,3.1,0.7,9,0.452,0.424,0,0,1,0,528,Risky
3531,41,107753.67,4.0,17.7,8,0.51,0.139,3,0,1,0,648,Poor
3532,54,28437.52,7.6,8.8,10,0.19,0.525,1,30,2,0,518,Risky
3533,62,51328.15,3.2,6.2,7,0.059,0.202,3,0,0,0,578,Very Poor
3534,62,23992.36,15.8,6.0,9,0.19,0.629,0,90,0,1,382,Risky
3535,36,73242.2,10.7,15.3,8,0.152,0.251,2,30,2,0,659,Fair
3536,28,14733.44,11.9,40.0,9,0.525,0.686,2,0,0,0,674,Fair
3537,22,111215.82,1.5,2.8,10,0.311,0.318,0,0,0,0,584,Very Poor
3538,39,104939.26,1.9,0.0,8,0.27,0.237,0,30,0,0,657,Fair
3539,61,50700.14,2.6,9.3,7,0.503,0.477,1,30,0,0,549,Risky
3540,27,15817.26,1.8,0.4,9,0.251,0.426,0,0,0,0,543,Risky
3541,31,15465.33,4.6,36.7,3,0.257,0.246,0,0,4,0,685,Fair
3542,45,54651.14,4.2,0.9,8,0.469,0.195,0,0,4,0,518,Risky
3543,27,68281.33,9.6,6.2,5,0.254,0.316,0,0,2,0,663,Fair
3544,29,268917.87,0.5,20.9,7,0.47,0.337,2,60,5,0,574,Very Poor
3545,41,114822.09,11.5,2.0,10,0.103,0.065,0,90,1,0,594,Very Poor
3546,21,34573.17,3.2,12.4,11,0.416,0.089,2,60,2,0,513,Risky
3547,46,9604.46,9.8,7.4,3,0.293,0.159,0,60,3,0,483,Risky
3548,47,60224.22,7.1,5.8,8,0.092,0.194,1,0,0,0,581,Very Poor
3549,31,52738.78,1.4,9.8,5,0.078,0.276,0,90,0,0,586,Very Poor
3550,61,48039.92,5.1,10.9,6,0.343,0.338,1,0,1,0,579,Very Poor
3551,24,85313.51,7.5,0.4,10,0.261,0.117,1,0,0,0,579,Very Poor
3552,29,65088.68,1.0,8.8,6,0.103,0.263,1,30,1,0,548,Risky
3553,39,180028.29,7.1,11.6,9,0.149,0.337,1,0,0,0,681,Fair
3554,21,64230.84,2.5,1.2,11,0.231,0.173,1,0,0,0,547,Risky
3555,49,58807.71,1.6,2.1,10,0.27,0.235,1,30,0,0,590,Very Poor
3556,49,7502.91,0.7,6.0,8,0.129,0.293,0,0,2,0,527,Risky
3557,35,35979.07,12.6,3.3,8,0.202,0.197,1,60,0,1,462,Risky
3558,41,29362.97,7.9,24.6,8,0.058,0.213,1,0,3,0,633,Poor
3559,56,86347.82,2.9,19.8,8,0.425,0.363,0,30,1,0,642,Poor
3560,28,108483.79,5.9,1.3,13,0.143,0.369,3,0,1,0,581,Very Poor
3561,49,21465.66,2.1,13.3,7,0.068,0.227,1,30,0,0,560,Very Poor
3562,65,119397.07,18.3,1.8,7,0.021,0.221,3,0,0,0,554,Very Poor
3563,44,27523.45,8.6,3.7,4,0.13,0.257,3,0,3,0,427,Risky
3564,44,39236.98,5.1,26.8,10,0.162,0.383,0,60,0,0,689,Fair
3565,36,33372.12,0.4,4.8,5,0.314,0.235,1,0,3,0,547,Risky
3566,24,11400.23,5.9,12.0,13,0.076,0.078,1,0,2,0,552,Very Poor
3567,53,56787.96,1.3,10.5,10,0.122,0.286,1,0,1,0,592,Very Poor
3568,50,47034.98,0.5,8.1,4,0.363,0.372,1,0,1,0,528,Risky
3569,52,29336.53,0.9,11.5,7,0.092,0.541,2,60,2,0,540,Risky
3570,30,26652.0,33.3,13.1,5,0.151,0.224,2,0,2,0,528,Risky
3571,22,28380.77,25.5,0.3,11,0.184,0.403,2,0,3,0,482,Risky
3572,53,25531.94,1.8,25.6,9,0.112,0.357,0,0,1,0,706,Good
3573,43,161464.25,3.9,1.3,8,0.192,0.251,1,60,1,0,565,Very Poor
3574,43,12354.62,1.4,1.7,9,0.197,0.28,1,0,0,0,483,Risky
3575,45,12469.45,3.7,0.2,7,0.401,0.199,0,0,1,0,518,Risky
3576,36,122443.46,2.1,1.0,8,0.306,0.163,0,0,0,0,673,Fair
3577,43,17025.26,4.9,0.6,13,0.257,0.391,3,0,0,0,410,Risky
3578,29,63096.82,1.2,4.4,8,0.509,0.619,0,0,2,0,583,Very Poor
3579,32,27174.06,9.9,0.0,6,0.301,0.318,1,0,2,0,468,Risky
3580,32,10417.15,2.7,10.0,4,0.212,0.209,1,90,1,0,482,Risky
3581,29,53564.74,11.5,11.4,6,0.587,0.425,2,0,0,0,644,Poor
3582,35,207691.98,4.7,8.5,6,0.075,0.236,1,0,1,0,722,Good
3583,36,283766.44,7.1,3.1,4,0.229,0.531,1,0,0,0,663,Fair
3584,34,125788.98,0.3,4.7,7,0.454,0.234,1,30,0,0,614,Poor
3585,28,127973.58,2.3,0.3,8,0.2,0.325,0,30,1,0,628,Poor
3586,58,66125.51,0.2,5.3,11,0.373,0.379,1,30,1,0,565,Very Poor
3587,61,149796.1,1.8,19.4,7,0.313,0.207,1,30,1,0,726,Good
3588,21,27530.39,0.3,5.0,11,0.475,0.22,0,0,1,0,492,Risky
3589,39,35656.6,0.6,30.4,11,0.521,0.343,2,0,1,0,685,Fair
3590,49,21045.48,8.2,27.4,11,0.16,0.162,0,0,0,0,735,Good
3591,54,83979.17,1.3,20.8,11,0.236,0.186,2,0,1,0,656,Fair
3592,30,10325.3,2.5,23.4,12,0.412,0.198,5,0,2,1,426,Risky
3593,55,38259.88,7.9,4.3,10,0.084,0.164,0,0,0,0,591,Very Poor
3594,24,25601.58,17.4,5.5,8,0.071,0.266,1,0,1,0,499,Risky
3595,57,40088.78,0.7,22.9,13,0.448,0.478,1,0,2,0,629,Poor
3596,35,18018.23,10.4,12.9,7,0.102,0.12,1,120,1,0,469,Risky
3597,56,7307.92,1.9,7.6,6,0.13,0.362,0,0,1,0,518,Risky
3598,55,74270.27,9.4,9.4,6,0.122,0.271,1,30,0,0,629,Poor
3599,47,192429.9,3.2,4.0,11,0.337,0.324,2,90,1,0,502,Risky
3600,29,27515.82,0.7,10.6,7,0.35,0.087,0,0,1,0,631,Poor
3601,26,186411.64,4.4,16.4,12,0.077,0.059,0,0,2,0,742,Good
3602,35,39871.98,10.1,0.3,7,0.231,0.333,1,0,1,0,529,Risky
3603,42,35684.51,10.1,6.9,8,0.44,0.326,0,90,1,0,557,Very Poor
3604,49,40773.71,3.5,3.2,14,0.226,0.41,1,0,1,0,569,Very Poor
3605,45,32631.66,4.8,6.9,5,0.211,0.417,0,0,0,0,616,Poor
3606,32,33908.74,12.1,3.8,10,0.7,0.172,0,90,1,0,503,Risky
3607,37,195961.48,1.7,5.9,15,0.158,0.096,2,0,0,0,597,Very Poor
3608,37,18296.44,6.3,0.9,9,0.176,0.626,0,0,0,0,508,Risky
3609,25,199167.13,2.5,15.1,7,0.592,0.249,1,0,1,0,675,Fair
3610,38,29027.04,7.7,2.1,8,0.287,0.355,1,30,1,0,528,Risky
3611,26,146009.7,2.3,2.6,12,0.188,0.156,1,0,0,0,660,Fair
3612,35,21846.11,4.1,2.2,9,0.171,0.214,2,0,0,0,515,Risky
3613,57,90746.16,2.0,11.7,14,0.235,0.289,0,0,3,0,677,Fair
3614,30,52092.89,4.0,5.1,13,0.231,0.353,0,0,1,0,603,Poor
3615,35,25605.41,6.3,12.9,9,0.108,0.226,1,0,0,0,587,Very Poor
3616,52,80217.93,0.0,12.8,10,0.445,0.287,0,0,0,0,697,Fair
3617,32,23200.23,23.7,9.7,11,0.413,0.187,1,0,0,0,558,Very Poor
3618,38,195133.91,0.5,3.7,7,0.268,0.47,2,0,0,0,649,Poor
3619,49,275047.6,1.7,4.9,9,0.106,0.276,0,0,1,0,644,Poor
3620,53,85687.21,2.6,15.1,10,0.505,0.379,0,0,1,0,665,Fair
3621,41,62229.27,3.7,4.7,3,0.175,0.061,1,0,1,0,674,Fair
3622,50,20425.38,4.7,4.1,8,0.403,0.576,1,0,0,1,426,Risky
3623,47,103064.81,8.1,1.7,8,0.586,0.19,1,0,1,0,540,Risky
3624,34,16234.12,3.4,21.2,11,0.129,0.266,1,0,2,0,598,Very Poor
3625,25,56854.01,13.9,0.1,5,0.287,0.584,1,0,0,0,524,Risky
3626,39,65561.11,4.7,9.5,8,0.151,0.359,0,60,0,0,638,Poor
3627,49,111492.69,2.9,2.8,8,0.116,0.172,0,0,1,0,662,Fair
3628,25,105914.47,7.8,8.3,6,0.523,0.138,0,0,1,0,648,Poor
3629,38,58638.11,3.4,8.3,2,0.266,0.443,0,60,1,0,557,Very Poor
3630,39,50510.95,15.7,6.1,7,0.557,0.243,2,0,1,0,558,Very Poor
3631,52,85129.5,11.6,11.3,13,0.073,0.163,2,0,0,0,647,Poor
3632,45,57461.05,5.0,4.1,10,0.335,0.146,1,30,1,0,544,Risky
3633,48,31623.48,3.7,2.0,14,0.17,0.147,0,120,4,0,523,Risky
3634,31,46794.49,2.8,10.6,4,0.115,0.262,1,30,2,0,563,Very Poor
3635,44,35109.19,8.7,7.6,7,0.096,0.441,0,0,0,0,587,Very Poor
3636,28,30473.95,4.0,6.5,1,0.252,0.427,0,0,0,0,584,Very Poor
3637,35,67765.11,19.8,8.2,6,0.266,0.284,0,30,1,0,615,Poor
3638,52,160013.62,2.0,1.9,8,0.506,0.28,1,0,0,0,621,Poor
3639,31,125952.78,2.7,1.1,10,0.283,0.19,1,0,1,0,605,Poor
3640,32,126277.79,3.1,4.4,7,0.233,0.465,1,0,0,0,675,Fair
3641,28,41225.89,15.3,0.6,5,0.267,0.478,0,90,0,0,587,Very Poor
3642,42,51823.3,4.5,0.5,8,0.303,0.25,2,90,0,0,538,Risky
3643,57,58854.1,0.7,29.0,6,0.308,0.436,1,0,2,0,698,Fair
3644,48,53907.82,1.3,7.0,5,0.102,0.13,2,0,0,0,612,Poor
3645,45,12153.12,8.3,11.0,4,0.359,0.563,1,0,2,0,495,Risky
3646,36,33687.65,0.4,8.0,6,0.253,0.431,3,60,0,0,474,Risky
3647,51,46632.49,2.6,7.2,7,0.199,0.22,0,0,1,0,588,Very Poor
3648,23,148569.34,5.2,2.8,9,0.296,0.28,2,0,0,0,617,Poor
3649,56,86225.25,5.4,1.7,6,0.317,0.442,1,0,0,0,641,Poor
3650,40,50498.43,4.3,18.9,11,0.274,0.204,0,30,1,0,628,Poor
3651,34,75987.31,3.2,0.6,14,0.516,0.31,1,0,2,0,556,Very Poor
3652,56,44861.03,2.2,2.2,10,0.239,0.186,1,0,0,0,625,Poor
3653,50,59398.15,10.2,8.4,8,0.163,0.336,1,0,1,0,625,Poor
3654,39,33225.96,0.1,2.6,6,0.163,0.406,1,0,2,0,509,Risky
3655,49,30188.29,5.5,5.6,9,0.477,0.241,4,0,2,0,478,Risky
3656,62,45436.91,3.6,1.7,7,0.68,0.255,2,0,3,0,517,Risky
3657,22,57627.36,0.9,20.3,5,0.49,0.097,0,0,1,0,665,Fair
3658,46,64701.81,1.9,0.3,7,0.038,0.718,1,0,0,0,562,Very Poor
3659,50,11560.08,8.4,9.3,11,0.599,0.521,2,0,0,0,545,Risky
3660,59,31590.81,1.1,6.3,6,0.2,0.048,2,30,0,0,552,Very Poor
3661,32,15276.19,3.8,1.4,9,0.428,0.249,2,0,0,0,484,Risky
3662,41,189949.6,15.6,5.8,5,0.52,0.649,1,30,0,0,677,Fair
3663,59,36137.31,1.0,1.7,11,0.302,0.389,0,0,1,0,540,Risky
3664,40,25458.66,3.6,25.7,6,0.092,0.222,1,0,1,0,621,Poor
3665,21,42936.01,0.6,3.4,6,0.177,0.237,0,60,1,0,525,Risky
3666,29,63256.92,1.9,2.3,10,0.156,0.216,3,0,1,0,522,Risky
3667,45,39327.82,0.5,2.4,9,0.513,0.202,3,0,0,0,493,Risky
3668,45,25938.38,3.1,5.2,10,0.602,0.592,3,0,0,0,476,Risky
3669,41,49804.95,6.4,0.3,15,0.184,0.138,1,0,1,0,544,Risky
3670,42,49666.87,4.2,8.0,10,0.233,0.373,1,30,1,0,524,Risky
3671,37,157358.83,1.5,5.1,3,0.619,0.147,0,0,0,0,631,Poor
3672,34,38063.27,2.5,29.3,7,0.456,0.197,2,0,2,0,616,Poor
3673,42,85533.56,1.7,5.6,5,0.239,0.166,0,30,1,0,608,Poor
3674,39,48412.37,8.1,6.1,6,0.275,0.265,1,0,1,0,554,Very Poor
3675,36,33191.99,2.0,3.0,12,0.085,0.154,1,90,4,0,500,Risky
3676,67,48670.49,3.1,14.8,1,0.725,0.127,1,0,1,0,585,Very Poor
3677,21,161843.63,5.9,8.6,3,0.145,0.332,2,30,2,0,617,Poor
3678,41,82620.63,0.8,27.6,10,0.211,0.393,2,0,1,0,623,Poor
3679,45,21870.41,8.3,4.0,18,0.146,0.308,2,0,1,0,538,Risky
3680,26,33532.92,6.3,9.0,6,0.446,0.301,0,0,0,0,593,Very Poor
3681,38,16731.73,14.7,0.1,8,0.587,0.337,0,0,1,0,507,Risky
3682,51,23653.9,2.5,6.1,10,0.117,0.352,1,0,1,0,532,Risky
3683,37,22584.36,2.0,0.5,6,0.136,0.226,0,0,1,0,543,Risky
3684,39,239098.35,1.7,1.5,11,0.446,0.294,1,90,2,0,540,Risky
3685,36,62163.17,29.2,4.9,8,0.348,0.295,0,0,1,0,585,Very Poor
3686,33,86620.25,13.4,0.2,7,0.412,0.411,0,30,3,0,614,Poor
3687,26,14724.24,5.3,10.1,14,0.127,0.418,0,60,1,0,532,Risky
3688,34,128280.01,6.7,0.1,6,0.143,0.132,0,30,1,0,652,Fair
3689,21,146345.61,7.9,0.1,8,0.337,0.29,1,0,2,0,610,Poor
3690,35,85748.88,4.9,11.3,3,0.363,0.313,1,0,0,0,612,Poor
3691,34,29910.54,15.4,12.6,11,0.535,0.337,2,0,3,0,537,Risky
3692,30,104179.05,1.3,4.6,6,0.163,0.446,1,120,1,0,576,Very Poor
3693,31,30515.42,1.0,19.1,6,0.047,0.335,2,0,2,0,591,Very Poor
3694,40,61512.47,0.2,9.8,7,0.233,0.104,1,0,1,0,610,Poor
3695,25,87547.09,7.4,4.7,8,0.154,0.733,0,0,1,0,644,Poor
3696,39,37554.19,1.9,1.7,7,0.36,0.464,2,30,2,0,490,Risky
3697,44,308425.47,9.4,3.2,8,0.17,0.247,1,30,0,0,625,Poor
3698,50,31732.49,1.7,1.5,3,0.258,0.37,1,30,0,0,511,Risky
3699,39,42887.92,7.5,2.8,6,0.098,0.297,1,30,1,0,509,Risky
3700,30,88525.59,8.6,2.1,8,0.328,0.108,2,0,1,0,607,Poor
3701,23,18389.05,12.0,0.1,8,0.513,0.282,2,0,0,0,557,Very Poor
3702,32,33848.32,1.7,5.7,6,0.319,0.37,3,30,0,0,522,Risky
3703,36,352493.43,1.9,1.0,9,0.232,0.468,1,0,1,0,579,Very Poor
3704,43,39276.12,10.1,10.6,6,0.721,0.365,2,0,1,0,550,Risky
3705,58,56184.65,5.7,1.3,7,0.277,0.497,3,0,1,0,458,Risky
3706,54,65639.33,2.6,3.8,9,0.447,0.26,2,0,3,0,584,Very Poor
3707,42,81609.55,5.7,7.5,5,0.385,0.083,0,0,1,0,644,Poor
3708,37,62957.38,1.2,0.0,9,0.383,0.227,0,60,1,0,553,Very Poor
3709,34,60373.72,0.9,3.3,8,0.191,0.397,0,0,4,0,558,Very Poor
3710,30,50809.69,2.3,7.7,7,0.325,0.116,0,0,0,0,598,Very Poor
3711,44,131040.37,0.1,0.6,8,0.343,0.536,1,90,1,0,567,Very Poor
3712,38,114509.24,1.1,14.3,7,0.41,0.22,1,30,1,0,637,Poor
3713,43,16166.75,0.9,0.6,9,0.161,0.401,3,0,1,0,488,Risky
3714,56,27199.58,2.6,2.9,4,0.143,0.317,0,0,0,0,556,Very Poor
3715,46,46840.51,3.8,8.0,4,0.425,0.339,2,0,0,0,553,Very Poor
3716,39,41341.77,20.2,15.6,2,0.104,0.346,3,0,1,0,549,Risky
3717,67,17079.66,4.2,5.5,6,0.295,0.453,2,0,1,0,521,Risky
3718,43,51588.53,3.4,18.5,6,0.113,0.16,1,30,1,0,678,Fair
3719,21,109168.17,7.3,16.4,8,0.181,0.207,1,60,0,0,628,Poor
3720,63,57260.61,0.2,15.7,11,0.365,0.255,1,0,3,0,587,Very Poor
3721,42,42733.42,7.7,0.5,9,0.689,0.119,0,30,0,0,540,Risky
3722,21,49392.75,4.0,4.0,5,0.106,0.187,1,60,1,1,405,Risky
3723,51,96995.58,1.2,9.2,13,0.21,0.299,1,30,1,0,610,Poor
3724,32,9898.27,4.4,11.3,6,0.355,0.132,0,0,0,0,585,Very Poor
3725,42,165865.6,2.2,6.1,11,0.24,0.555,3,90,3,0,519,Risky
3726,47,41971.43,4.6,10.2,5,0.325,0.473,2,90,1,0,510,Risky
3727,54,20197.28,1.1,1.8,11,0.104,0.356,0,0,2,0,545,Risky
3728,36,53154.66,2.5,1.1,7,0.42,0.46,0,120,1,0,486,Risky
3729,32,93342.06,20.8,3.3,12,0.097,0.301,1,30,0,0,602,Poor
3730,43,66974.6,1.4,8.3,6,0.214,0.255,4,0,1,0,560,Very Poor
3731,21,99810.33,4.7,0.1,10,0.365,0.118,0,0,0,0,644,Poor
3732,33,115750.63,7.2,4.2,10,0.056,0.395,1,60,1,0,587,Very Poor
3733,42,231543.89,0.4,0.0,7,0.468,0.476,0,0,1,0,632,Poor
3734,50,63987.68,3.6,5.2,10,0.466,0.458,1,60,0,1,446,Risky
3735,50,100845.45,2.4,3.6,11,0.284,0.165,2,0,2,0,587,Very Poor
3736,21,14960.62,4.3,28.4,9,0.391,0.504,0,0,1,0,562,Very Poor
3737,39,43337.36,1.6,1.5,6,0.351,0.113,0,0,0,0,595,Very Poor
3738,52,90362.04,0.3,3.4,6,0.393,0.196,1,0,3,0,600,Very Poor
3739,38,24818.8,37.1,4.1,11,0.213,0.342,0,0,0,0,561,Very Poor
3740,47,62412.18,1.9,9.0,7,0.392,0.273,2,0,0,1,496,Risky
3741,63,32632.56,0.3,21.8,5,0.247,0.648,1,0,2,0,640,Poor
3742,42,13377.98,14.8,16.2,9,0.432,0.152,0,60,1,0,506,Risky
3743,37,10965.19,4.6,7.1,7,0.305,0.381,2,0,1,0,480,Risky
3744,55,104148.25,0.8,1.4,5,0.267,0.173,1,60,1,0,567,Very Poor
3745,50,8602.34,2.9,11.7,8,0.119,0.157,1,0,1,0,545,Risky
3746,39,58132.09,0.3,1.0,6,0.056,0.325,3,0,1,0,546,Risky
3747,29,47644.03,7.7,7.5,7,0.363,0.234,0,60,0,0,555,Very Poor
3748,64,60730.97,1.7,1.6,11,0.427,0.318,0,0,0,0,593,Very Poor
3749,37,75590.47,2.0,11.2,9,0.38,0.385,1,0,1,0,599,Very Poor
3750,33,44389.06,7.1,1.9,10,0.613,0.6,0,0,1,0,540,Risky
3751,46,25027.18,0.7,2.5,5,0.693,0.167,3,0,0,0,438,Risky
3752,30,54374.77,1.1,11.0,9,0.181,0.205,1,60,0,0,605,Poor
3753,40,60316.58,0.7,3.7,4,0.357,0.553,1,30,0,0,524,Risky
3754,21,100721.71,4.5,3.9,13,0.182,0.225,0,0,2,0,577,Very Poor
3755,44,46305.17,5.0,18.4,7,0.342,0.225,1,0,1,0,620,Poor
3756,43,14608.6,0.1,5.2,5,0.452,0.258,1,90,1,0,447,Risky
3757,49,34775.3,0.2,9.7,4,0.36,0.192,0,0,1,0,579,Very Poor
3758,59,58796.25,0.9,3.3,11,0.266,0.439,1,30,1,0,589,Very Poor
3759,38,22872.46,3.5,3.0,5,0.087,0.721,1,0,1,1,407,Risky
3760,30,253218.33,1.3,14.7,4,0.247,0.271,0,0,2,0,759,Excellent
3761,48,257918.65,0.9,0.3,9,0.346,0.384,1,60,1,0,648,Poor
3762,54,23303.79,6.5,5.2,10,0.422,0.177,0,0,1,0,591,Very Poor
3763,30,37061.59,9.7,0.2,8,0.185,0.255,1,90,0,0,531,Risky
3764,46,37745.03,7.9,9.2,9,0.144,0.493,0,0,1,0,571,Very Poor
3765,34,36714.17,0.4,9.9,10,0.321,0.234,0,0,0,0,639,Poor
3766,48,144446.7,5.0,17.7,7,0.386,0.216,3,0,0,0,680,Fair
3767,34,47831.61,0.5,5.4,4,0.04,0.269,1,0,1,0,569,Very Poor
3768,44,63572.86,2.3,7.5,5,0.33,0.128,3,0,1,0,515,Risky
3769,29,47608.47,3.5,15.2,13,0.341,0.115,3,0,0,0,540,Risky
3770,36,132796.1,4.2,5.2,8,0.101,0.485,0,0,1,0,631,Poor
3771,43,22389.56,1.0,0.7,7,0.194,0.2,1,0,4,0,497,Risky
3772,25,16237.64,6.8,10.9,6,0.081,0.44,0,0,2,0,563,Very Poor
3773,57,63619.73,9.4,3.4,8,0.192,0.257,1,0,1,0,571,Very Poor
3774,55,158209.98,6.3,2.7,8,0.413,0.397,1,30,2,0,557,Very Poor
3775,43,41379.37,0.1,0.1,10,0.127,0.345,1,0,1,0,564,Very Poor
3776,53,19493.03,0.1,12.5,8,0.197,0.161,0,0,1,1,458,Risky
3777,27,19932.58,1.3,11.3,12,0.262,0.152,1,0,1,0,570,Very Poor
3778,54,96254.42,1.7,1.9,14,0.293,0.438,0,0,1,0,600,Very Poor
3779,40,6930.97,1.4,0.5,5,0.585,0.475,1,0,1,0,475,Risky
3780,49,107647.72,16.5,4.3,7,0.259,0.447,0,30,0,0,629,Poor
3781,44,138719.52,8.8,5.5,6,0.148,0.19,3,0,0,0,572,Very Poor
3782,37,25421.99,2.4,2.7,9,0.513,0.372,5,60,0,0,428,Risky
3783,24,417581.75,0.1,21.2,8,0.292,0.273,0,60,2,0,742,Good
3784,48,18395.59,1.6,19.0,7,0.362,0.175,1,30,1,0,558,Very Poor
3785,33,17393.38,1.0,0.6,9,0.336,0.224,1,30,0,0,514,Risky
3786,47,28820.67,9.0,4.5,11,0.41,0.219,1,60,1,0,448,Risky
3787,47,29068.38,5.8,29.5,11,0.513,0.275,0,0,1,0,690,Fair
3788,51,8192.02,5.5,3.1,10,0.06,0.553,1,0,0,0,516,Risky
3789,21,60941.93,7.4,1.3,8,0.528,0.253,1,0,1,0,518,Risky
3790,38,37305.44,7.5,3.7,3,0.166,0.136,0,0,3,0,582,Very Poor
3791,39,66205.22,8.2,4.1,2,0.404,0.4,1,0,2,0,605,Poor
3792,48,108375.79,0.1,0.8,7,0.078,0.155,1,0,1,0,545,Risky
3793,40,64037.24,13.5,2.8,6,0.514,0.048,2,0,0,0,571,Very Poor
3794,24,96622.82,14.5,0.4,10,0.309,0.17,3,0,0,0,660,Fair
3795,41,10988.51,11.1,14.6,8,0.269,0.132,1,0,0,0,597,Very Poor
3796,65,26388.06,5.9,2.1,7,0.199,0.319,2,0,0,0,530,Risky
3797,25,41178.18,0.8,2.1,2,0.108,0.459,0,30,2,0,525,Risky
3798,36,28097.86,0.1,27.5,12,0.644,0.2,1,60,1,0,636,Poor
3799,41,12819.83,4.2,12.5,14,0.656,0.277,0,0,1,1,440,Risky
3800,36,50696.92,1.3,1.1,6,0.1,0.352,0,30,1,0,555,Very Poor
3801,35,83060.52,20.4,5.8,2,0.423,0.198,1,0,1,0,621,Poor
3802,39,23879.6,1.3,3.3,9,0.382,0.279,1,0,0,0,515,Risky
3803,38,66862.63,5.3,1.4,13,0.235,0.319,1,0,0,0,583,Very Poor
3804,32,29798.9,0.8,0.7,5,0.168,0.351,1,120,0,0,530,Risky
3805,49,43538.81,7.6,8.9,8,0.534,0.068,1,0,3,0,586,Very Poor
3806,43,218031.81,3.7,32.2,7,0.217,0.329,1,0,0,0,818,Excellent
3807,33,46954.96,2.9,6.7,3,0.23,0.182,0,0,0,0,608,Poor
3808,21,27145.05,4.0,12.9,9,0.37,0.387,1,0,1,0,552,Very Poor
3809,35,42880.92,2.4,7.5,7,0.098,0.161,0,30,0,0,573,Very Poor
3810,44,19030.52,12.5,29.6,9,0.223,0.605,1,0,2,0,590,Very Poor
3811,38,80443.46,1.6,1.2,9,0.416,0.154,0,0,0,0,562,Very Poor
3812,35,258990.86,2.4,39.7,6,0.184,0.458,1,30,0,1,683,Fair
3813,36,44469.83,0.6,9.9,8,0.239,0.078,0,0,0,0,668,Fair
3814,27,50191.32,6.8,6.6,8,0.149,0.361,1,30,3,0,541,Risky
3815,36,23197.25,2.2,8.3,4,0.045,0.469,0,0,1,0,612,Poor
3816,68,36168.12,7.0,0.8,3,0.537,0.462,2,30,0,0,498,Risky
3817,50,22817.54,13.5,6.3,13,0.149,0.22,5,0,1,0,505,Risky
3818,42,15613.69,19.7,18.4,8,0.182,0.228,1,90,2,0,554,Very Poor
3819,48,74708.54,3.5,1.3,14,0.242,0.14,0,120,2,0,557,Very Poor
3820,45,37902.44,4.1,1.8,7,0.378,0.256,1,0,2,0,501,Risky
3821,35,37925.27,1.2,0.2,4,0.306,0.273,0,60,0,1,459,Risky
3822,35,68801.67,4.1,0.2,5,0.209,0.447,3,30,3,0,497,Risky
3823,29,24770.1,0.7,5.1,11,0.423,0.587,1,0,1,0,540,Risky
3824,38,40816.95,1.2,8.7,10,0.179,0.358,1,30,1,0,576,Very Poor
3825,37,27483.31,2.9,5.9,11,0.232,0.231,2,0,1,0,571,Very Poor
3826,44,73537.97,4.1,5.3,8,0.633,0.203,0,90,2,0,586,Very Poor
3827,36,5899.26,1.6,4.3,14,0.305,0.438,0,30,1,0,443,Risky
3828,37,29517.89,2.7,2.0,4,0.111,0.565,1,0,1,0,551,Very Poor
3829,24,73187.91,1.1,8.3,7,0.527,0.189,1,0,2,0,564,Very Poor
3830,52,80606.43,8.5,2.1,15,0.055,0.637,1,30,0,0,603,Poor
3831,21,44771.23,0.6,9.9,12,0.412,0.277,1,120,0,0,568,Very Poor
3832,35,16604.38,0.0,17.2,7,0.123,0.03,1,90,0,1,426,Risky
3833,26,69876.8,0.7,2.4,11,0.523,0.41,1,0,1,0,516,Risky
3834,61,226972.37,4.1,3.2,5,0.539,0.175,2,90,0,0,600,Very Poor
3835,26,38389.86,0.6,20.3,11,0.189,0.165,0,30,0,0,629,Poor
3836,43,85785.82,6.3,1.4,10,0.426,0.155,2,0,2,0,524,Risky
3837,32,129842.9,3.9,20.9,6,0.345,0.122,2,0,3,0,683,Fair
3838,42,136095.7,0.8,1.6,9,0.132,0.628,0,0,3,0,573,Very Poor
3839,29,60867.92,0.7,4.9,8,0.14,0.057,1,0,1,0,563,Very Poor
3840,21,116675.23,0.4,0.0,10,0.343,0.143,0,60,1,0,601,Poor
3841,21,13302.8,1.0,4.4,14,0.64,0.161,1,30,1,0,451,Risky
3842,22,29409.8,4.2,5.8,12,0.099,0.208,3,0,0,0,552,Very Poor
3843,39,25009.61,14.6,14.4,5,0.257,0.305,2,60,2,0,458,Risky
3844,35,21651.28,1.0,12.1,10,0.375,0.503,2,120,0,1,353,Risky
3845,41,23290.69,9.2,12.7,5,0.386,0.24,1,0,4,0,552,Very Poor
3846,41,35682.63,2.1,9.2,4,0.28,0.349,0,30,1,0,589,Very Poor
3847,50,166441.88,1.9,2.3,12,0.07,0.401,0,0,0,0,601,Poor
3848,51,24132.1,4.2,9.3,10,0.613,0.494,3,60,0,0,512,Risky
3849,40,98758.01,31.6,5.1,8,0.216,0.326,1,0,2,0,629,Poor
3850,31,124543.93,0.8,9.3,6,0.185,0.243,1,0,0,0,692,Fair
3851,62,13144.03,0.7,7.1,6,0.19,0.065,1,0,2,0,538,Risky
3852,35,73220.66,14.0,2.4,9,0.425,0.341,1,0,2,0,563,Very Poor
3853,41,43231.64,1.9,1.3,11,0.162,0.171,1,0,1,0,525,Risky
3854,25,37354.02,6.5,9.0,6,0.032,0.376,3,0,1,0,562,Very Poor
3855,61,20943.1,8.2,3.6,6,0.16,0.188,0,0,1,0,589,Very Poor
3856,35,17517.93,7.3,9.7,11,0.272,0.453,2,0,1,0,561,Very Poor
3857,55,29752.18,6.4,16.7,7,0.098,0.479,2,0,1,1,539,Risky
3858,34,39201.94,0.2,1.7,7,0.434,0.172,1,0,0,0,575,Very Poor
3859,25,15157.89,0.4,5.2,10,0.365,0.456,0,0,0,0,542,Risky
3860,54,36940.15,1.7,6.7,12,0.132,0.177,1,0,1,0,560,Very Poor
3861,54,27813.73,6.9,7.2,8,0.473,0.117,1,0,0,1,452,Risky
3862,40,65444.54,3.3,4.9,6,0.494,0.454,0,0,2,0,574,Very Poor
3863,60,86945.62,6.3,5.2,7,0.273,0.099,2,0,0,0,634,Poor
3864,28,182681.86,4.2,1.4,15,0.217,0.159,1,0,0,0,596,Very Poor
3865,37,47787.69,7.0,21.8,13,0.011,0.475,2,0,1,0,673,Fair
3866,35,71293.2,1.7,4.9,8,0.075,0.573,0,0,0,0,627,Poor
3867,31,14755.64,7.1,16.1,3,0.47,0.236,1,0,0,0,554,Very Poor
3868,33,75830.64,1.0,5.8,11,0.148,0.233,1,90,1,1,429,Risky
3869,43,31565.36,5.2,11.1,5,0.455,0.197,0,0,1,0,537,Risky
3870,31,72997.97,1.3,1.7,7,0.119,0.368,0,0,3,0,563,Very Poor
3871,56,64955.02,9.6,6.5,8,0.327,0.178,0,60,1,0,644,Poor
3872,40,35896.44,1.4,40.0,10,0.128,0.22,0,0,0,0,802,Excellent
3873,28,48673.37,4.5,2.7,4,0.023,0.259,2,30,0,0,553,Very Poor
3874,39,112265.55,4.4,2.6,9,0.316,0.556,0,0,0,0,670,Fair
3875,30,224256.97,27.4,5.3,9,0.288,0.165,1,30,0,0,646,Poor
3876,45,48815.53,0.4,0.0,9,0.262,0.459,0,30,1,0,553,Very Poor
3877,28,30101.89,1.1,4.5,9,0.02,0.379,0,0,1,0,595,Very Poor
3878,54,40087.32,0.0,9.0,9,0.303,0.165,2,0,2,0,516,Risky
3879,36,49122.22,1.2,6.2,9,0.321,0.218,0,60,0,0,586,Very Poor
3880,60,29457.82,11.4,3.3,8,0.373,0.366,0,0,0,0,531,Risky
3881,38,64069.25,5.6,1.4,5,0.155,0.445,2,0,0,0,518,Risky
3882,39,96693.42,8.2,0.9,10,0.348,0.124,0,0,1,0,639,Poor
3883,42,33346.47,5.0,3.4,10,0.29,0.279,1,0,0,0,548,Risky
3884,42,106107.83,1.1,0.3,11,0.135,0.309,0,0,2,0,606,Poor
3885,38,19770.59,10.2,18.2,6,0.179,0.403,2,0,2,0,548,Risky
3886,26,19486.89,13.0,19.7,5,0.119,0.171,1,0,2,1,586,Very Poor
3887,29,50390.86,1.8,2.5,15,0.558,0.371,0,0,2,0,600,Very Poor
3888,49,34946.5,11.3,3.9,6,0.178,0.414,2,120,2,0,475,Risky
3889,69,20409.88,4.3,8.6,6,0.406,0.389,1,30,0,0,462,Risky
3890,59,61472.14,1.8,10.7,10,0.215,0.282,1,0,1,0,645,Poor
3891,40,105999.9,18.1,11.6,12,0.054,0.523,1,0,1,0,645,Poor
3892,39,68506.01,1.9,5.7,10,0.365,0.214,1,0,0,0,553,Very Poor
3893,37,15378.42,2.2,2.2,5,0.22,0.283,1,0,1,1,355,Risky
3894,43,21878.18,1.9,2.1,8,0.462,0.463,1,90,0,0,452,Risky
3895,61,129849.36,0.3,4.4,9,0.471,0.153,0,0,1,0,617,Poor
3896,34,59062.76,3.6,13.0,7,0.33,0.149,5,0,0,0,556,Very Poor
3897,36,292234.68,24.7,16.4,7,0.506,0.604,0,0,2,0,750,Good
3898,46,15924.87,1.0,0.7,9,0.397,0.519,0,0,1,1,390,Risky
3899,31,36597.5,4.1,16.5,5,0.204,0.131,0,30,1,0,653,Fair
3900,40,148549.01,7.3,5.4,6,0.148,0.233,0,0,0,0,707,Good
3901,50,33934.38,0.4,2.5,10,0.576,0.227,1,0,0,1,464,Risky
3902,29,545400.34,0.5,2.5,8,0.194,0.057,1,30,0,0,695,Fair
3903,48,22683.34,0.3,3.5,9,0.167,0.319,0,0,0,0,510,Risky
3904,56,306282.26,1.7,0.2,7,0.244,0.505,0,30,1,0,681,Fair
3905,64,48443.15,3.2,3.2,10,0.153,0.384,2,0,0,0,530,Risky
3906,53,18469.99,0.3,2.4,10,0.331,0.237,1,0,2,0,501,Risky
3907,36,88834.95,0.8,3.6,8,0.501,0.452,0,0,2,0,546,Risky
3908,42,38159.56,2.2,10.3,4,0.136,0.168,3,0,3,0,523,Risky
3909,49,21607.89,16.4,11.7,10,0.336,0.484,0,0,2,0,630,Poor
3910,41,87283.06,2.7,9.0,13,0.227,0.363,1,0,3,0,615,Poor
3911,31,31080.76,6.3,1.2,13,0.308,0.2,1,0,1,0,514,Risky
3912,45,48585.54,11.3,15.6,13,0.297,0.621,1,0,2,1,533,Risky
3913,37,68410.86,8.7,10.1,9,0.241,0.183,1,90,0,0,597,Very Poor
3914,41,22716.55,3.1,7.2,10,0.571,0.458,1,0,0,1,415,Risky
3915,44,67980.05,5.0,9.5,8,0.738,0.486,1,0,0,0,648,Poor
3916,21,13784.89,2.8,13.3,11,0.439,0.346,1,30,0,0,576,Very Poor
3917,27,26465.85,2.3,8.2,7,0.31,0.312,4,90,1,0,496,Risky
3918,41,198053.49,16.8,10.3,9,0.21,0.655,1,90,0,0,596,Very Poor
3919,35,81725.53,2.1,0.6,4,0.514,0.398,1,30,3,0,517,Risky
3920,44,68201.34,1.6,1.7,7,0.24,0.122,0,30,3,0,515,Risky
3921,33,37856.19,5.4,40.0,7,0.308,0.349,0,0,1,0,754,Excellent
3922,46,63821.1,7.8,1.5,7,0.047,0.548,2,0,1,0,596,Very Poor
3923,26,14117.55,0.4,11.7,10,0.153,0.453,1,30,2,0,465,Risky
3924,39,98024.05,6.4,0.6,10,0.084,0.212,0,0,1,0,632,Poor
3925,26,34796.53,5.4,15.2,7,0.186,0.337,0,0,0,0,585,Very Poor
3926,39,18454.04,10.3,0.3,14,0.346,0.06,1,0,2,0,489,Risky
3927,40,64664.55,1.4,8.9,7,0.227,0.531,0,0,1,0,619,Poor
3928,35,34347.94,1.8,11.3,12,0.288,0.508,1,90,1,0,496,Risky
3929,34,39923.71,10.3,2.5,7,0.075,0.367,1,0,0,1,416,Risky
3930,52,16027.98,0.1,1.7,11,0.608,0.292,0,120,1,0,428,Risky
3931,21,171722.57,4.9,1.9,9,0.12,0.217,0,30,1,0,613,Poor
3932,33,24021.59,9.0,0.8,7,0.228,0.323,1,0,1,0,460,Risky
3933,29,35879.25,3.2,2.4,7,0.214,0.229,0,0,1,0,567,Very Poor
3934,42,26768.39,0.0,3.4,13,0.257,0.173,1,0,2,0,538,Risky
3935,35,53796.49,1.7,0.1,10,0.094,0.254,1,0,1,0,520,Risky
3936,21,110926.54,6.5,6.1,7,0.116,0.41,1,0,1,0,633,Poor
3937,35,13313.4,0.4,17.6,6,0.289,0.216,2,90,1,0,501,Risky
3938,36,17408.74,1.5,11.4,5,0.019,0.173,0,30,0,0,560,Very Poor
3939,50,52960.09,1.7,2.2,12,0.291,0.309,0,30,2,0,561,Very Poor
3940,47,99918.42,12.6,7.2,8,0.383,0.23,1,60,4,0,588,Very Poor
3941,44,74946.9,13.0,1.1,5,0.2,0.296,1,0,1,0,597,Very Poor
3942,32,54516.37,1.2,4.1,8,0.742,0.191,5,0,2,0,435,Risky
3943,47,44030.18,1.1,3.7,7,0.501,0.09,1,90,2,0,497,Risky
3944,23,15951.46,8.0,3.0,16,0.373,0.379,1,0,1,0,500,Risky
3945,33,24081.86,1.1,6.6,8,0.327,0.287,1,0,1,0,506,Risky
3946,33,173316.05,20.1,2.1,12,0.523,0.665,1,90,0,0,613,Poor
3947,60,62457.65,0.2,13.4,15,0.366,0.235,0,30,0,1,579,Very Poor
3948,54,27429.09,0.4,6.3,4,0.474,0.213,0,0,1,0,521,Risky
3949,42,27682.22,1.8,2.7,10,0.134,0.199,1,0,1,0,537,Risky
3950,55,126854.82,6.7,2.0,7,0.704,0.458,1,30,0,0,583,Very Poor
3951,32,9817.61,1.1,2.6,12,0.28,0.284,1,0,1,0,461,Risky
3952,50,37801.41,2.3,11.4,5,0.402,0.224,0,0,2,0,612,Poor
3953,39,57675.78,16.3,0.5,9,0.453,0.212,2,0,1,0,527,Risky
3954,28,64262.23,0.9,3.4,10,0.35,0.296,1,0,4,0,589,Very Poor
3955,47,153464.52,21.2,10.0,6,0.338,0.204,1,0,2,0,580,Very Poor
3956,50,32354.53,7.3,4.2,7,0.375,0.13,2,0,2,0,519,Risky
3957,31,94066.68,10.8,3.6,9,0.327,0.259,0,0,1,0,568,Very Poor
3958,41,93367.17,4.4,18.2,7,0.343,0.208,1,0,1,0,669,Fair
3959,37,51159.63,4.1,27.3,9,0.11,0.383,1,30,0,0,667,Fair
3960,43,26669.6,0.8,1.1,10,0.247,0.391,0,0,0,0,592,Very Poor
3961,34,101332.61,0.4,2.2,10,0.096,0.159,0,0,0,0,678,Fair
3962,23,60932.02,2.2,6.5,5,0.522,0.16,2,0,1,1,464,Risky
3963,32,47184.51,3.0,3.0,4,0.245,0.352,0,0,2,0,530,Risky
3964,22,139320.81,1.8,10.1,7,0.275,0.226,1,0,1,0,660,Fair
3965,21,17923.14,3.4,4.6,7,0.255,0.467,1,0,1,0,500,Risky
3966,54,38846.58,0.2,7.5,7,0.542,0.37,1,0,1,0,596,Very Poor
3967,44,43853.47,1.1,8.0,7,0.202,0.247,2,30,1,0,578,Very Poor
3968,32,14548.1,0.3,10.6,5,0.216,0.516,0,0,0,0,602,Poor
3969,56,42656.45,11.5,4.8,7,0.359,0.441,0,0,1,0,545,Risky
3970,33,84675.78,4.1,2.0,6,0.085,0.215,1,0,0,0,610,Poor
3971,47,106629.01,3.9,1.5,9,0.16,0.24,1,0,2,0,577,Very Poor
3972,25,112695.73,4.3,2.1,4,0.204,0.234,2,0,3,0,526,Risky
3973,39,77019.76,0.3,11.4,8,0.08,0.255,1,0,0,0,690,Fair
3974,33,41760.67,5.2,8.7,8,0.327,0.313,0,0,1,0,560,Very Poor
3975,31,14729.44,2.0,5.9,11,0.285,0.228,1,0,1,1,444,Risky
3976,25,22603.5,2.9,10.1,9,0.522,0.273,1,0,0,0,490,Risky
3977,39,100443.06,2.9,19.0,10,0.237,0.324,1,0,1,0,714,Good
3978,40,9444.99,0.9,2.4,6,0.17,0.452,0,0,2,0,428,Risky
3979,21,19705.51,4.3,18.6,9,0.282,0.269,0,60,2,0,575,Very Poor
3980,43,74958.91,7.9,0.4,10,0.198,0.226,1,0,1,0,523,Risky
3981,45,18643.22,3.6,3.9,9,0.122,0.563,0,0,2,0,576,Very Poor
3982,45,38284.97,0.2,40.0,9,0.252,0.138,2,0,0,0,730,Good
3983,50,43275.55,4.8,2.3,5,0.323,0.514,1,0,0,0,543,Risky
3984,44,41056.54,2.4,1.1,8,0.532,0.537,4,30,1,0,437,Risky
3985,70,107281.54,1.5,11.7,9,0.206,0.265,0,30,1,0,719,Good
3986,44,39408.36,9.0,1.0,12,0.077,0.146,1,60,1,0,541,Risky
3987,22,121818.14,10.0,8.9,9,0.186,0.335,0,0,0,0,674,Fair
3988,48,132908.54,8.4,6.6,10,0.24,0.53,0,0,2,0,665,Fair
3989,54,6584.26,18.7,11.5,17,0.408,0.232,0,0,0,0,502,Risky
3990,30,33751.31,12.6,5.6,6,0.377,0.476,4,90,0,0,486,Risky
3991,33,232917.7,1.1,1.3,6,0.249,0.294,2,0,0,0,619,Poor
3992,39,33380.02,4.8,4.9,12,0.352,0.535,1,0,0,1,524,Risky
3993,47,5462.2,0.4,1.2,15,0.162,0.096,1,0,2,0,430,Risky
3994,26,105074.66,1.0,0.5,3,0.426,0.354,0,0,3,0,606,Poor
3995,28,92520.53,6.0,6.2,9,0.316,0.371,1,0,1,0,598,Very Poor
3996,29,18146.19,0.2,2.1,8,0.205,0.296,0,60,1,0,461,Risky
3997,44,51701.97,5.1,4.2,14,0.204,0.14,0,30,0,0,614,Poor
3998,30,116149.42,11.9,0.3,5,0.473,0.55,3,0,3,0,545,Risky
3999,39,62250.84,0.4,3.4,7,0.186,0.233,2,90,0,0,493,Risky
4000,37,14078.98,3.0,18.6,7,0.417,0.229,0,0,0,0,585,Very Poor
4001,50,63376.24,11.1,5.0,7,0.6,0.088,0,0,1,0,547,Risky
4002,70,86612.17,6.0,3.8,8,0.441,0.354,0,120,2,0,568,Very Poor
4003,37,142904.24,1.2,3.6,10,0.244,0.22,1,60,0,0,614,Poor
4004,53,148742.21,0.2,14.8,9,0.203,0.482,0,0,1,0,701,Good
4005,32,76779.83,1.7,10.2,2,0.145,0.423,1,60,0,0,549,Risky
4006,53,138498.3,4.9,12.0,11,0.35,0.371,0,0,0,0,700,Fair
4007,53,74126.78,2.8,7.3,8,0.365,0.374,1,0,1,0,560,Very Poor
4008,52,22273.65,4.2,13.6,8,0.273,0.408,0,0,1,0,600,Very Poor
4009,40,33362.55,4.5,12.4,7,0.267,0.496,1,0,0,0,596,Very Poor
4010,34,45946.63,14.8,8.6,11,0.156,0.325,0,0,1,0,620,Poor
4011,39,9759.62,6.2,10.5,11,0.229,0.248,0,30,1,0,550,Risky
4012,36,114066.04,6.7,4.4,5,0.362,0.28,1,0,0,0,652,Fair
4013,48,23357.61,0.3,1.9,14,0.256,0.235,3,0,1,0,479,Risky
4014,43,19134.79,12.6,0.4,13,0.662,0.36,0,0,1,0,563,Very Poor
4015,40,58095.35,1.3,3.9,14,0.174,0.295,2,0,1,0,567,Very Poor
4016,31,109291.11,3.4,40.0,5,0.685,0.273,1,0,1,0,811,Excellent
4017,36,44927.33,17.6,2.8,9,0.461,0.422,0,60,0,0,527,Risky
4018,51,21039.25,8.9,2.6,5,0.483,0.204,3,0,1,1,403,Risky
4019,41,49319.56,20.9,3.3,11,0.167,0.38,3,30,2,0,511,Risky
4020,40,5886.6,10.2,10.8,7,0.112,0.42,2,0,1,0,468,Risky
4021,36,15986.54,11.1,4.6,9,0.036,0.308,0,30,0,0,566,Very Poor
4022,49,60759.88,0.9,5.1,9,0.347,0.481,1,0,1,0,629,Poor
4023,37,17808.46,3.4,0.3,12,0.187,0.271,0,0,0,0,487,Risky
4024,66,42921.88,1.1,14.4,8,0.238,0.395,1,0,1,0,568,Very Poor
4025,44,12093.41,0.1,2.5,7,0.154,0.468,1,0,1,0,467,Risky
4026,60,40092.83,1.3,0.8,4,0.257,0.194,1,0,1,0,576,Very Poor
4027,48,62515.95,0.7,5.2,12,0.555,0.197,0,30,0,0,630,Poor
4028,36,25372.4,6.4,33.0,8,0.144,0.188,1,0,0,0,698,Fair
4029,39,88103.85,20.0,3.2,6,0.284,0.165,2,0,1,0,627,Poor
4030,49,44299.31,1.2,1.3,9,0.321,0.137,3,0,0,0,485,Risky
4031,25,31807.86,9.1,17.3,6,0.388,0.189,3,0,1,0,626,Poor
4032,44,10837.03,5.3,7.6,6,0.261,0.19,0,0,0,0,535,Risky
4033,36,7899.52,4.7,15.2,5,0.245,0.389,1,60,0,0,548,Risky
4034,70,59836.58,2.6,0.3,5,0.41,0.312,0,90,0,0,501,Risky
4035,22,108082.17,0.8,6.4,4,0.267,0.409,1,120,1,0,562,Very Poor
4036,42,62927.15,10.8,4.6,9,0.277,0.464,0,60,1,0,603,Poor
4037,43,126835.06,5.4,18.0,8,0.3,0.279,1,60,1,0,665,Fair
4038,47,18280.75,13.8,32.9,9,0.235,0.08,0,60,1,0,615,Poor
4039,44,175429.31,5.6,14.2,10,0.025,0.346,0,30,0,0,756,Excellent
4040,33,27045.27,4.3,12.2,6,0.036,0.49,3,0,2,0,539,Risky
4041,41,62404.89,5.2,0.5,8,0.34,0.197,1,0,0,1,488,Risky
4042,31,52595.67,7.8,3.3,7,0.323,0.102,3,90,1,0,499,Risky
4043,44,28619.81,2.7,0.3,6,0.278,0.363,1,0,2,0,564,Very Poor
4044,21,44818.55,3.1,19.3,5,0.473,0.291,1,0,1,0,623,Poor
4045,48,10920.18,7.7,19.3,7,0.226,0.376,0,30,0,0,567,Very Poor
4046,48,20161.44,6.5,8.7,6,0.185,0.313,0,0,1,0,569,Very Poor
4047,49,63696.2,11.3,0.1,3,0.43,0.437,1,0,0,1,486,Risky
4048,22,68304.0,0.6,35.1,13,0.204,0.132,0,0,2,0,769,Excellent
4049,51,46051.33,10.3,2.5,6,0.121,0.228,0,30,1,0,603,Poor
4050,54,136111.43,8.5,0.5,5,0.132,0.178,1,0,2,0,613,Poor
4051,50,75004.93,3.7,2.9,9,0.069,0.302,1,0,1,0,587,Very Poor
4052,21,31368.26,0.6,5.3,9,0.422,0.371,2,120,2,0,474,Risky
4053,40,8102.6,3.7,2.3,9,0.647,0.314,1,30,1,0,464,Risky
4054,69,67093.98,9.9,8.5,7,0.399,0.159,1,0,1,0,650,Poor
4055,46,25038.14,6.0,14.3,4,0.052,0.399,1,30,0,0,581,Very Poor
4056,37,82695.88,2.4,1.5,9,0.366,0.371,0,0,1,0,584,Very Poor
4057,33,45496.2,1.0,0.6,4,0.538,0.332,0,0,2,0,600,Very Poor
4058,43,41574.61,2.8,0.6,9,0.161,0.41,0,0,1,0,577,Very Poor
4059,21,29409.55,0.8,14.9,8,0.368,0.37,1,0,0,0,591,Very Poor
4060,37,148018.62,1.2,15.3,10,0.029,0.199,0,0,0,0,793,Excellent
4061,21,106017.18,3.6,1.3,10,0.158,0.296,2,0,0,0,576,Very Poor
4062,37,47847.18,11.1,8.5,4,0.179,0.123,1,0,1,0,597,Very Poor
4063,31,111249.01,1.2,5.7,6,0.402,0.101,1,0,3,1,491,Risky
4064,34,63554.75,10.5,2.7,11,0.057,0.29,0,0,2,0,561,Very Poor
4065,67,22509.57,15.6,2.6,11,0.201,0.119,1,0,0,0,562,Very Poor
4066,29,24527.18,5.5,12.3,4,0.385,0.33,0,30,1,0,512,Risky
4067,65,23290.8,0.1,5.3,9,0.14,0.546,0,0,0,0,560,Very Poor
4068,21,20956.11,4.3,3.8,8,0.592,0.237,0,0,1,0,547,Risky
4069,44,246612.14,9.6,9.0,5,0.139,0.218,2,0,2,0,657,Fair
4070,21,21069.03,2.5,0.6,5,0.168,0.038,0,30,2,0,529,Risky
4071,42,15322.71,0.9,10.8,5,0.447,0.604,1,0,0,0,588,Very Poor
4072,34,65525.17,3.8,0.1,3,0.209,0.132,1,0,2,0,560,Very Poor
4073,64,39056.66,1.1,3.8,6,0.294,0.353,0,0,1,0,577,Very Poor
4074,40,49294.18,10.0,2.4,17,0.485,0.211,0,30,2,0,518,Risky
4075,43,63895.23,1.2,1.7,5,0.19,0.486,2,0,0,0,522,Risky
4076,37,28157.15,1.9,3.5,4,0.095,0.194,2,0,2,0,527,Risky
4077,47,46521.39,3.1,5.2,11,0.284,0.092,1,0,4,0,547,Risky
4078,59,33012.63,10.9,6.9,4,0.481,0.101,1,0,1,0,610,Poor
4079,22,34518.4,5.4,0.9,8,0.339,0.163,0,0,3,0,573,Very Poor
4080,37,63839.45,4.6,4.1,10,0.151,0.43,2,0,2,0,539,Risky
4081,46,7150.51,0.2,1.2,9,0.441,0.504,0,30,0,0,526,Risky
4082,35,42363.85,7.1,7.2,6,0.314,0.554,0,0,3,1,506,Risky
4083,34,85184.32,1.5,5.4,7,0.496,0.179,0,0,0,0,602,Poor
4084,30,50878.74,2.2,8.5,8,0.169,0.094,2,0,3,0,557,Very Poor
4085,55,53692.53,7.8,1.9,7,0.181,0.176,1,0,2,0,621,Poor
4086,32,35907.51,1.2,1.7,8,0.04,0.256,0,0,1,0,583,Very Poor
4087,30,85141.82,4.8,5.0,4,0.379,0.277,1,90,0,0,554,Very Poor
4088,37,50123.25,0.1,3.0,8,0.232,0.259,1,60,1,0,541,Risky
4089,45,68535.98,11.5,0.2,13,0.311,0.329,2,30,2,0,547,Risky
4090,33,74075.86,13.0,23.5,5,0.231,0.096,4,0,1,0,548,Risky
4091,50,71251.04,5.0,5.6,9,0.466,0.206,1,0,0,0,574,Very Poor
4092,55,40925.31,3.3,6.3,4,0.202,0.403,0,0,1,0,588,Very Poor
4093,42,68589.21,2.6,4.0,12,0.718,0.29,0,0,1,0,604,Poor
4094,37,83534.37,4.9,2.2,10,0.154,0.054,3,0,1,0,544,Risky
4095,27,91895.84,0.9,13.9,10,0.563,0.483,2,30,0,0,548,Risky
4096,44,46821.07,1.9,4.6,7,0.489,0.35,1,30,3,1,420,Risky
4097,21,59668.23,6.6,27.4,5,0.136,0.475,3,0,1,0,611,Poor
4098,31,119675.59,3.4,6.9,5,0.168,0.335,1,60,1,0,622,Poor
4099,58,75281.89,3.4,0.1,8,0.386,0.584,1,0,1,0,539,Risky
4100,42,21439.87,3.2,8.3,7,0.179,0.249,1,0,1,0,537,Risky
4101,45,56659.86,5.9,10.9,9,0.197,0.037,0,0,1,0,624,Poor
4102,66,17010.75,3.4,14.9,10,0.081,0.076,1,60,1,0,529,Risky
4103,46,91003.4,1.1,11.6,7,0.208,0.142,1,0,1,0,669,Fair
4104,40,35385.34,5.0,2.4,4,0.204,0.129,6,30,0,0,475,Risky
4105,26,75888.7,6.9,7.4,11,0.712,0.354,1,0,0,0,622,Poor
4106,56,58851.96,1.5,0.2,7,0.178,0.399,1,0,1,0,526,Risky
4107,70,34451.93,3.8,6.4,7,0.28,0.166,2,0,1,0,604,Poor
4108,70,29940.3,3.3,9.5,3,0.234,0.78,0,0,1,0,596,Very Poor
4109,44,37891.61,0.3,10.8,9,0.088,0.466,1,0,1,0,632,Poor
4110,21,28006.55,1.8,4.3,10,0.093,0.35,2,0,1,0,543,Risky
4111,46,27432.08,0.4,1.3,5,0.451,0.325,3,0,1,0,445,Risky
4112,49,89326.05,1.1,16.4,6,0.269,0.206,6,0,0,0,584,Very Poor
4113,36,56120.5,2.0,3.9,10,0.351,0.454,3,90,1,0,493,Risky
4114,55,10142.31,2.0,10.7,7,0.16,0.211,2,30,1,0,543,Risky
4115,29,24616.84,17.4,19.3,7,0.332,0.452,0,30,0,0,599,Very Poor
4116,58,116644.6,4.6,15.7,10,0.637,0.256,2,60,0,0,612,Poor
4117,32,28397.34,7.0,2.4,4,0.411,0.308,0,30,2,0,530,Risky
4118,22,79012.0,0.8,11.6,6,0.09,0.468,3,60,3,0,498,Risky
4119,28,71908.07,5.9,20.2,9,0.277,0.397,1,0,1,0,667,Fair
4120,48,24958.45,1.1,1.6,9,0.036,0.586,2,0,0,1,431,Risky
4121,25,49210.23,2.7,2.1,8,0.17,0.1,2,30,3,0,546,Risky
4122,34,29322.51,13.6,1.2,5,0.151,0.206,1,30,0,0,552,Very Poor
4123,53,54495.38,9.7,14.4,6,0.392,0.165,1,0,0,1,535,Risky
4124,60,69922.71,10.7,0.1,10,0.311,0.384,0,0,2,0,547,Risky
4125,33,161331.71,5.0,8.2,7,0.296,0.17,0,0,1,0,660,Fair
4126,37,34729.69,12.3,1.9,7,0.047,0.384,2,0,1,0,577,Very Poor
4127,41,65340.57,0.3,4.4,6,0.285,0.043,0,0,0,0,621,Poor
4128,47,31842.78,19.3,14.2,12,0.249,0.485,1,90,0,0,537,Risky
4129,21,113966.42,2.9,2.8,3,0.168,0.063,0,0,0,0,660,Fair
4130,41,122591.39,1.0,8.3,9,0.095,0.483,1,30,1,0,605,Poor
4131,35,45553.24,6.8,7.1,8,0.234,0.256,1,60,0,0,566,Very Poor
4132,45,59072.67,0.8,1.2,6,0.485,0.639,0,60,0,0,524,Risky
4133,50,37981.27,3.2,32.0,9,0.276,0.497,2,0,1,0,640,Poor
4134,56,25586.27,9.1,0.8,9,0.081,0.145,0,30,1,0,515,Risky
4135,34,18370.62,5.0,2.7,14,0.263,0.332,0,0,2,0,552,Very Poor
4136,50,51817.51,1.5,0.1,7,0.16,0.204,2,30,1,0,523,Risky
4137,21,48286.95,5.6,2.2,13,0.059,0.251,0,0,0,0,575,Very Poor
4138,32,38275.62,0.3,15.4,6,0.294,0.501,2,0,3,0,584,Very Poor
4139,25,17809.49,0.4,16.2,9,0.098,0.114,0,0,0,0,603,Poor
4140,25,79793.04,2.6,0.0,3,0.56,0.067,2,0,1,0,558,Very Poor
4141,41,116741.85,3.0,2.9,10,0.446,0.169,2,0,1,0,577,Very Poor
4142,51,23896.44,9.3,3.5,8,0.144,0.302,1,60,1,0,520,Risky
4143,30,14364.33,0.9,4.6,8,0.123,0.462,0,0,1,0,536,Risky
4144,35,136174.73,0.9,6.4,4,0.478,0.263,0,60,2,0,599,Very Poor
4145,34,50700.97,21.8,15.0,5,0.298,0.285,0,90,1,0,616,Poor
4146,32,26096.6,1.2,7.2,11,0.335,0.678,1,30,0,0,545,Risky
4147,21,216909.28,2.3,9.7,4,0.324,0.362,1,90,0,0,635,Poor
4148,43,69249.38,3.9,4.4,5,0.218,0.333,2,0,1,0,606,Poor
4149,40,500021.93,0.8,0.6,9,0.183,0.221,0,0,0,0,715,Good
4150,54,17749.52,1.5,1.7,10,0.395,0.354,2,60,1,0,440,Risky
4151,34,77390.42,7.0,6.3,7,0.111,0.376,1,0,0,0,655,Fair
4152,35,88984.2,3.2,7.9,11,0.611,0.212,3,0,0,0,621,Poor
4153,31,46153.21,1.3,0.1,12,0.33,0.207,2,0,1,0,504,Risky
4154,57,36663.56,5.6,0.5,7,0.513,0.243,0,30,2,0,554,Very Poor
4155,35,27711.59,4.5,17.7,9,0.042,0.276,1,0,0,0,596,Very Poor
4156,65,14302.5,3.9,10.1,5,0.351,0.306,1,0,0,0,514,Risky
4157,47,145969.27,0.6,3.8,5,0.533,0.276,0,0,0,0,688,Fair
4158,42,33403.74,0.0,4.1,9,0.081,0.571,3,90,0,0,486,Risky
4159,38,46812.92,10.8,5.2,12,0.354,0.119,1,0,1,0,576,Very Poor
4160,32,49861.92,17.3,5.5,1,0.359,0.244,0,0,2,0,647,Poor
4161,44,30610.29,2.8,11.4,8,0.126,0.267,0,0,2,0,608,Poor
4162,40,83780.23,4.2,4.8,7,0.115,0.328,3,30,2,0,486,Risky
4163,39,59707.93,12.1,4.6,6,0.214,0.38,1,0,0,0,574,Very Poor
4164,30,191855.1,0.1,5.8,12,0.06,0.134,1,60,2,0,605,Poor
4165,46,52483.32,3.3,0.8,10,0.222,0.465,2,30,0,0,498,Risky
4166,35,79190.56,5.7,15.2,5,0.56,0.569,1,30,1,0,653,Fair
4167,39,57003.73,2.8,8.3,14,0.111,0.163,0,30,4,0,558,Very Poor
4168,63,79648.06,1.7,2.9,3,0.161,0.41,2,0,0,0,629,Poor
4169,43,44837.73,0.2,10.6,9,0.125,0.384,1,90,1,0,519,Risky
4170,44,73694.33,1.6,14.2,8,0.165,0.178,0,0,1,0,657,Fair
4171,38,44903.84,12.2,3.0,8,0.121,0.224,1,0,2,0,534,Risky
4172,50,36614.22,0.8,1.7,5,0.375,0.314,2,0,2,0,503,Risky
4173,43,18882.38,4.5,0.1,6,0.168,0.483,2,0,2,0,455,Risky
4174,39,162230.39,5.1,10.1,8,0.023,0.325,2,0,3,0,677,Fair
4175,66,20104.71,2.3,11.9,10,0.082,0.442,3,0,1,0,517,Risky
4176,26,37465.41,2.3,7.5,13,0.438,0.221,2,0,1,0,598,Very Poor
4177,33,39095.97,12.4,4.6,9,0.162,0.271,1,30,3,0,523,Risky
4178,29,26110.51,0.2,0.0,12,0.238,0.085,1,0,1,0,566,Very Poor
4179,35,73138.17,12.1,0.8,10,0.165,0.289,1,0,2,0,531,Risky
4180,32,42847.52,3.8,1.7,7,0.328,0.532,1,0,0,0,567,Very Poor
4181,41,61354.65,7.8,0.6,17,0.043,0.107,0,60,0,1,481,Risky
4182,33,23705.65,6.4,3.2,11,0.101,0.227,1,0,4,0,515,Risky
4183,50,86138.17,7.4,1.6,11,0.556,0.385,0,0,0,0,592,Very Poor
4184,32,46043.6,3.3,29.8,6,0.114,0.13,3,0,2,0,590,Very Poor
4185,28,235361.14,1.5,21.5,4,0.309,0.337,0,0,1,0,750,Good
4186,35,187946.36,0.9,3.1,4,0.255,0.217,1,30,3,0,601,Poor
4187,51,80505.86,0.9,8.1,5,0.123,0.315,0,0,0,0,652,Fair
4188,37,51286.34,6.1,17.6,10,0.378,0.388,0,0,0,0,600,Very Poor
4189,35,23596.52,6.5,9.1,9,0.375,0.476,2,30,1,0,588,Very Poor
4190,45,126780.71,8.3,2.4,8,0.314,0.246,0,0,2,0,621,Poor
4191,41,14855.63,2.8,3.3,11,0.103,0.189,0,30,1,0,509,Risky
4192,52,29711.24,3.5,2.6,10,0.095,0.2,1,0,1,0,538,Risky
4193,21,42985.69,3.5,2.2,12,0.164,0.148,0,0,1,0,585,Very Poor
4194,29,40176.68,3.3,1.9,9,0.539,0.301,0,90,1,0,521,Risky
4195,41,169351.3,1.0,8.3,11,0.376,0.199,0,0,2,0,640,Poor
4196,21,51052.65,11.6,0.2,12,0.607,0.31,0,0,1,0,514,Risky
4197,22,25829.13,14.5,3.8,6,0.261,0.269,1,0,1,0,520,Risky
4198,30,27228.26,1.2,0.4,8,0.23,0.404,1,0,0,0,533,Risky
4199,35,231836.73,15.7,15.1,11,0.072,0.339,2,0,3,0,693,Fair
4200,47,61681.43,1.9,3.6,8,0.142,0.327,0,0,2,0,549,Risky
4201,33,41140.96,7.6,4.7,7,0.078,0.382,0,0,1,0,654,Fair
4202,41,152078.81,0.7,6.2,10,0.602,0.475,0,0,0,0,639,Poor
4203,34,74249.39,15.4,2.1,8,0.17,0.142,1,0,3,0,573,Very Poor
4204,31,39192.46,2.3,0.2,8,0.692,0.152,2,0,0,0,537,Risky
4205,29,31564.37,5.5,3.6,10,0.436,0.262,0,90,0,0,543,Risky
4206,37,18677.48,0.5,0.2,6,0.113,0.653,2,0,2,0,451,Risky
4207,55,67743.84,1.6,0.4,5,0.252,0.664,2,0,0,0,553,Very Poor
4208,47,88781.87,2.9,11.2,7,0.501,0.106,2,0,3,0,645,Poor
4209,38,38170.54,2.9,13.2,9,0.381,0.345,1,0,1,0,616,Poor
4210,35,21270.45,3.1,0.9,13,0.276,0.486,0,0,3,1,394,Risky
4211,57,106359.47,0.5,1.2,8,0.7,0.273,1,0,2,0,557,Very Poor
4212,37,29675.49,0.9,4.9,6,0.359,0.438,1,30,1,1,403,Risky
4213,61,56671.68,6.3,0.6,5,0.482,0.712,3,0,0,0,537,Risky
4214,30,95041.06,9.5,10.8,11,0.289,0.262,0,0,2,0,660,Fair
4215,39,154719.71,7.1,4.3,6,0.315,0.239,0,0,2,0,616,Poor
4216,23,71772.12,0.2,5.2,3,0.434,0.229,1,0,1,0,637,Poor
4217,38,101045.42,0.5,10.7,9,0.102,0.384,2,60,1,0,601,Poor
4218,37,12271.61,10.1,33.0,6,0.319,0.369,2,0,1,0,644,Poor
4219,46,62816.65,1.0,26.8,8,0.114,0.288,1,0,0,0,677,Fair
4220,59,17700.69,2.2,9.1,15,0.226,0.251,0,0,2,0,583,Very Poor
4221,43,93298.84,1.3,6.6,7,0.41,0.431,1,0,1,0,670,Fair
4222,37,201419.0,2.9,28.5,6,0.048,0.219,2,0,2,0,731,Good
4223,29,19878.07,2.4,6.6,15,0.407,0.167,1,0,1,0,517,Risky
4224,27,46271.79,1.4,10.5,10,0.046,0.588,1,0,1,0,554,Very Poor
4225,29,40521.61,0.6,1.8,10,0.175,0.299,1,30,0,0,569,Very Poor
4226,50,32009.19,7.0,1.9,6,0.347,0.254,0,0,0,0,526,Risky
4227,32,51781.12,21.3,2.1,7,0.451,0.407,1,0,1,0,538,Risky
4228,25,278278.9,2.9,3.0,10,0.253,0.276,1,90,1,0,657,Fair
4229,41,49767.46,0.4,1.7,12,0.401,0.234,4,30,1,1,365,Risky
4230,33,46218.26,10.0,3.5,9,0.14,0.251,0,0,0,0,586,Very Poor
4231,61,113678.3,5.9,2.1,7,0.44,0.213,2,0,0,0,532,Risky
4232,21,17870.87,2.9,8.0,7,0.269,0.294,0,0,0,0,598,Very Poor
4233,51,40452.07,2.5,1.8,8,0.29,0.116,0,60,1,0,565,Very Poor
4234,51,78107.85,0.1,5.3,7,0.777,0.282,0,0,1,0,618,Poor
4235,33,46554.96,5.6,9.0,5,0.387,0.237,0,0,1,0,640,Poor
4236,43,49435.88,7.2,0.2,4,0.317,0.411,7,30,3,0,404,Risky
4237,38,93936.31,19.8,3.6,3,0.412,0.304,1,30,2,0,519,Risky
4238,45,159199.06,1.7,6.4,8,0.354,0.336,1,0,0,0,618,Poor
4239,22,233345.85,4.1,7.9,5,0.596,0.248,2,0,1,0,633,Poor
4240,52,21023.24,3.3,23.2,16,0.713,0.135,0,0,0,0,675,Fair
4241,42,12132.64,6.5,6.6,4,0.447,0.421,1,90,0,0,517,Risky
4242,45,36977.02,3.1,4.0,15,0.416,0.309,1,0,0,0,583,Very Poor
4243,33,92210.51,2.7,0.3,9,0.076,0.177,0,0,1,0,554,Very Poor
4244,39,16633.1,0.3,4.0,8,0.35,0.095,0,90,1,0,501,Risky
4245,48,47673.25,9.4,25.3,4,0.39,0.279,3,30,0,0,575,Very Poor
4246,55,19419.55,0.4,12.0,10,0.472,0.178,2,0,0,0,542,Risky
4247,45,178044.52,0.6,17.0,7,0.196,0.182,1,0,0,0,700,Fair
4248,46,228539.4,3.6,2.9,8,0.129,0.382,0,90,1,0,643,Poor
4249,56,52854.59,12.1,8.2,10,0.461,0.323,0,0,2,0,577,Very Poor
4250,21,102521.39,1.6,0.6,7,0.176,0.118,0,30,0,0,636,Poor
4251,54,64571.05,1.0,11.4,7,0.388,0.196,0,0,2,0,607,Poor
4252,32,74040.13,7.0,31.6,9,0.502,0.35,1,90,2,0,673,Fair
4253,43,64359.03,3.5,15.6,8,0.244,0.413,1,0,2,0,621,Poor
4254,40,66632.6,16.9,17.8,14,0.067,0.299,3,0,2,0,642,Poor
4255,41,130795.0,4.4,4.3,7,0.364,0.262,1,0,0,0,639,Poor
4256,21,87799.65,4.8,29.8,6,0.094,0.373,1,0,1,0,704,Good
4257,39,64664.88,6.9,4.9,15,0.381,0.149,2,0,2,0,543,Risky
4258,21,20189.67,4.7,0.3,5,0.103,0.394,0,60,2,0,460,Risky
4259,21,78299.33,0.2,3.5,7,0.555,0.407,1,0,0,0,600,Very Poor
4260,44,32455.07,1.9,1.4,7,0.559,0.322,0,0,1,0,529,Risky
4261,30,149462.5,3.2,5.3,6,0.515,0.373,0,0,1,0,662,Fair
4262,21,78649.65,12.4,6.6,8,0.091,0.524,0,0,0,0,641,Poor
4263,33,59546.3,4.4,5.9,3,0.64,0.324,1,0,0,0,602,Poor
4264,41,49017.83,4.7,15.9,8,0.357,0.047,1,0,1,0,682,Fair
4265,36,52424.18,3.0,13.4,5,0.401,0.577,1,0,5,0,605,Poor
4266,30,25647.51,0.3,0.5,9,0.439,0.251,1,0,1,0,487,Risky
4267,32,38238.27,0.6,8.9,6,0.258,0.278,1,0,0,0,605,Poor
4268,41,59642.72,4.1,8.2,4,0.002,0.127,4,0,1,0,600,Very Poor
4269,41,111673.37,10.9,17.3,9,0.26,0.398,0,0,0,0,689,Fair
4270,24,28872.9,8.9,5.0,7,0.268,0.418,1,0,2,0,504,Risky
4271,47,32062.63,9.2,13.4,9,0.459,0.347,0,0,2,0,641,Poor
4272,43,66466.39,1.2,3.4,7,0.273,0.53,0,0,0,0,587,Very Poor
4273,31,24284.82,0.0,5.8,8,0.089,0.137,0,0,1,0,568,Very Poor
4274,34,48395.85,2.8,2.5,7,0.313,0.076,0,0,1,0,580,Very Poor
4275,23,26512.91,0.1,11.0,15,0.201,0.24,0,0,0,0,625,Poor
4276,39,37047.86,5.7,6.2,13,0.08,0.208,0,90,1,0,594,Very Poor
4277,50,81450.2,10.4,15.7,11,0.428,0.328,0,0,0,0,684,Fair
4278,41,13451.07,7.8,7.5,13,0.258,0.301,0,0,1,0,567,Very Poor
4279,29,224242.37,3.3,17.7,10,0.155,0.126,0,30,1,0,749,Good
4280,41,110094.62,2.0,8.3,5,0.074,0.1,3,0,2,0,569,Very Poor
4281,31,25396.51,0.7,1.5,11,0.482,0.132,1,0,0,0,514,Risky
4282,64,24982.71,7.8,6.7,7,0.299,0.512,1,90,0,0,451,Risky
4283,57,96119.74,2.7,4.7,10,0.531,0.255,2,90,0,0,560,Very Poor
4284,24,106891.14,6.7,6.5,6,0.319,0.214,1,0,0,0,700,Fair
4285,24,80448.33,7.5,5.3,9,0.346,0.3,1,0,3,0,581,Very Poor
4286,45,50974.4,0.2,13.4,6,0.303,0.165,2,0,1,0,637,Poor
4287,23,194526.76,1.4,0.0,5,0.289,0.536,2,0,2,0,610,Poor
4288,54,21864.12,3.7,22.3,14,0.481,0.167,1,0,1,0,587,Very Poor
4289,25,14191.12,0.3,10.7,7,0.158,0.295,0,0,2,0,575,Very Poor
4290,50,190734.51,1.6,5.1,10,0.207,0.087,1,0,0,0,639,Poor
4291,38,109989.54,0.3,0.9,11,0.237,0.255,1,0,2,0,562,Very Poor
4292,56,59376.73,10.6,25.4,10,0.208,0.248,0,30,1,0,650,Poor
4293,35,61441.68,4.4,10.5,9,0.045,0.167,2,60,0,0,588,Very Poor
4294,39,46407.16,2.8,1.9,4,0.097,0.416,2,30,1,0,479,Risky
4295,46,63295.17,12.4,15.1,5,0.416,0.372,2,0,1,0,611,Poor
4296,52,8647.58,0.4,0.9,18,0.048,0.222,0,0,2,0,467,Risky
4297,38,23719.51,0.3,13.1,8,0.538,0.083,0,0,1,0,663,Fair
4298,30,17525.16,3.4,13.2,4,0.544,0.257,1,0,3,0,545,Risky
4299,54,28950.62,2.3,32.9,9,0.236,0.381,2,30,2,0,626,Poor
4300,62,70556.57,0.4,2.5,14,0.295,0.335,0,30,2,1,425,Risky
4301,53,80606.13,6.7,14.9,5,0.198,0.418,1,0,1,0,650,Poor
4302,40,32655.51,6.7,2.2,11,0.539,0.145,2,0,0,0,520,Risky
4303,30,61407.82,1.0,19.9,12,0.626,0.198,1,90,0,0,638,Poor
4304,44,114374.09,6.3,9.5,9,0.122,0.692,1,30,0,0,703,Good
4305,35,39336.0,0.2,1.4,9,0.11,0.511,1,0,0,1,424,Risky
4306,60,228128.71,2.3,9.6,7,0.18,0.336,2,0,0,0,662,Fair
4307,21,111485.28,2.6,8.7,9,0.433,0.456,1,0,0,0,586,Very Poor
4308,32,77271.47,0.1,40.0,4,0.318,0.267,1,0,0,0,748,Good
4309,56,106821.65,2.5,0.2,11,0.236,0.375,0,0,0,0,633,Poor
4310,47,37891.82,4.0,39.2,7,0.398,0.083,2,0,1,0,736,Good
4311,52,206151.28,3.8,3.8,5,0.32,0.189,0,0,0,0,618,Poor
4312,46,5433.39,5.7,12.5,12,0.328,0.424,1,0,1,0,477,Risky
4313,54,48721.0,2.4,1.2,12,0.297,0.282,1,30,1,0,513,Risky
4314,29,55108.25,3.9,0.8,8,0.193,0.409,0,30,1,0,562,Very Poor
4315,44,66783.45,0.7,5.7,12,0.245,0.362,1,0,1,0,605,Poor
4316,41,88062.29,13.9,9.2,11,0.116,0.379,1,0,1,1,494,Risky
4317,49,85828.39,4.7,7.0,8,0.079,0.153,0,90,0,0,619,Poor
4318,42,53892.31,2.7,15.2,10,0.275,0.31,0,0,2,0,624,Poor
4319,21,61198.55,21.4,7.5,11,0.209,0.327,1,0,0,0,633,Poor
4320,35,54181.17,1.8,11.3,8,0.221,0.311,0,0,1,0,700,Fair
4321,46,46802.42,5.1,5.2,5,0.411,0.668,2,0,0,0,545,Risky
4322,43,93913.76,13.5,21.7,5,0.49,0.121,3,0,3,0,581,Very Poor
4323,32,92467.23,5.8,0.2,12,0.103,0.412,1,0,1,0,519,Risky
4324,51,28382.77,2.0,3.5,10,0.604,0.464,0,0,0,0,541,Risky
4325,25,62704.2,13.7,23.6,10,0.246,0.325,0,0,0,0,752,Excellent
4326,46,71911.16,6.1,9.7,9,0.64,0.279,2,0,0,0,633,Poor
4327,50,91148.52,0.3,6.5,11,0.201,0.152,2,60,1,0,574,Very Poor
4328,27,202728.82,9.8,4.5,5,0.259,0.32,3,90,1,1,413,Risky
4329,56,51411.06,2.1,3.0,6,0.106,0.238,1,60,0,1,445,Risky
4330,35,23294.48,1.0,4.2,11,0.545,0.318,0,0,0,0,556,Very Poor
4331,27,33845.05,2.3,5.0,8,0.252,0.347,1,0,0,0,570,Very Poor
4332,37,132588.39,4.4,13.6,9,0.198,0.399,0,0,0,0,687,Fair
4333,41,249455.12,20.4,0.8,9,0.031,0.209,1,0,0,0,687,Fair
4334,47,73686.69,6.9,3.0,10,0.173,0.451,1,0,1,0,592,Very Poor
4335,32,30393.63,2.7,7.5,6,0.23,0.254,3,0,2,1,349,Risky
4336,53,54662.43,4.8,6.3,7,0.4,0.229,0,0,1,0,623,Poor
4337,39,66686.26,1.4,0.0,10,0.371,0.277,1,30,0,0,542,Risky
4338,53,73969.35,5.1,4.3,5,0.538,0.173,0,0,0,0,659,Fair
4339,47,37504.77,15.4,7.6,9,0.433,0.428,0,60,0,0,544,Risky
4340,38,29005.3,0.1,9.3,8,0.308,0.111,2,0,0,0,592,Very Poor
4341,44,17047.68,0.3,2.0,5,0.21,0.18,1,0,3,0,515,Risky
4342,36,89728.67,1.4,16.1,5,0.152,0.348,2,0,0,0,605,Poor
4343,41,132922.2,24.6,1.3,6,0.336,0.275,0,0,0,0,598,Very Poor
4344,36,50395.45,9.1,4.0,11,0.583,0.274,1,0,0,0,538,Risky
4345,53,61650.56,5.4,6.1,9,0.321,0.464,0,0,2,0,628,Poor
4346,46,143374.9,8.0,3.1,14,0.16,0.244,1,0,2,0,609,Poor
4347,21,93230.67,0.9,1.8,1,0.391,0.502,0,0,4,0,526,Risky
4348,35,48292.96,2.0,29.5,7,0.15,0.145,3,0,3,0,669,Fair
4349,62,77180.08,0.1,2.1,6,0.184,0.233,0,30,1,0,602,Poor
4350,31,34248.97,4.0,16.8,9,0.045,0.093,2,30,1,0,591,Very Poor
4351,48,105256.92,2.7,10.8,8,0.087,0.386,1,0,0,0,710,Good
4352,34,99756.02,0.4,1.6,7,0.411,0.121,3,30,0,0,572,Very Poor
4353,36,56753.27,8.3,1.0,3,0.337,0.454,2,0,1,0,549,Risky
4354,31,7215.0,12.4,14.7,12,0.02,0.179,1,0,1,0,502,Risky
4355,46,24757.76,3.2,9.6,10,0.039,0.344,3,0,0,0,523,Risky
4356,35,164306.82,1.7,0.7,5,0.325,0.206,1,0,0,0,661,Fair
4357,42,41297.77,0.3,14.1,6,0.403,0.079,1,0,1,0,638,Poor
4358,51,166935.16,11.5,18.6,8,0.133,0.306,1,30,0,0,690,Fair
4359,42,83216.37,0.5,3.8,9,0.497,0.495,3,0,1,0,576,Very Poor
4360,44,88357.48,3.5,12.4,6,0.111,0.266,2,0,0,0,650,Poor
4361,40,114378.14,2.6,9.6,4,0.262,0.371,2,0,0,0,632,Poor
4362,48,91507.31,1.8,10.4,6,0.181,0.234,1,0,2,0,627,Poor
4363,21,39326.2,14.6,1.1,8,0.333,0.263,1,0,1,0,550,Risky
4364,37,122306.96,2.0,3.1,7,0.172,0.495,0,0,0,0,651,Fair
4365,34,85003.21,7.8,4.1,12,0.216,0.3,1,0,3,0,529,Risky
4366,32,20557.89,6.2,3.4,10,0.43,0.319,0,0,2,0,509,Risky
4367,24,15850.45,3.5,1.4,9,0.082,0.115,2,0,0,0,494,Risky
4368,29,79857.85,0.5,9.2,12,0.295,0.215,0,0,0,0,641,Poor
4369,37,15966.09,0.0,7.2,5,0.275,0.24,1,60,0,0,561,Very Poor
4370,52,39816.04,3.8,2.1,6,0.253,0.419,1,30,2,0,565,Very Poor
4371,46,48139.11,0.0,13.9,8,0.401,0.322,0,0,1,0,630,Poor
4372,52,58745.61,3.1,1.0,8,0.551,0.662,1,90,0,0,530,Risky
4373,40,167205.85,4.9,12.0,6,0.404,0.323,0,0,2,0,683,Fair
4374,46,22687.67,1.8,22.9,9,0.585,0.321,1,0,0,0,624,Poor
4375,45,149647.96,0.5,19.8,8,0.102,0.208,0,0,2,0,757,Excellent
4376,29,29066.97,10.3,0.2,7,0.479,0.388,0,0,0,1,406,Risky
4377,40,74577.89,2.2,1.4,6,0.643,0.348,2,0,1,0,532,Risky
4378,36,141350.07,6.1,1.9,14,0.092,0.18,0,30,1,0,631,Poor
4379,30,14297.5,1.1,0.8,6,0.197,0.19,3,0,1,0,468,Risky
4380,62,38174.13,0.5,1.0,6,0.671,0.197,2,30,0,0,547,Risky
4381,21,24046.4,9.6,1.2,3,0.511,0.545,0,90,0,0,421,Risky
4382,50,170309.46,2.2,8.5,5,0.319,0.232,1,30,0,0,688,Fair
4383,62,56792.24,1.8,5.1,9,0.166,0.4,0,30,2,1,503,Risky
4384,39,24506.76,1.6,11.5,9,0.344,0.412,0,0,2,1,470,Risky
4385,38,66587.88,4.6,3.9,11,0.402,0.699,0,0,0,0,630,Poor
4386,30,56547.35,3.3,20.3,3,0.243,0.402,3,0,1,0,632,Poor
4387,38,92396.45,4.0,4.3,6,0.197,0.332,0,0,2,0,603,Poor
4388,21,59376.52,1.8,2.1,9,0.323,0.514,0,0,3,0,556,Very Poor
4389,50,83427.29,5.6,1.1,8,0.246,0.507,4,30,0,0,496,Risky
4390,41,44578.4,4.8,3.6,11,0.116,0.08,1,0,0,0,626,Poor
4391,38,35323.31,6.9,1.6,11,0.101,0.337,1,0,2,0,474,Risky
4392,49,56146.34,5.8,4.0,8,0.462,0.64,1,0,2,0,567,Very Poor
4393,30,49108.72,9.3,13.7,4,0.097,0.299,0,30,3,0,583,Very Poor
4394,62,46832.23,1.1,7.4,8,0.357,0.488,4,30,0,0,536,Risky
4395,21,215307.15,3.0,14.0,4,0.11,0.191,3,0,0,0,686,Fair
4396,43,300504.09,7.9,11.0,5,0.249,0.145,2,0,1,0,698,Fair
4397,22,71474.85,0.8,10.5,6,0.267,0.252,2,0,1,0,603,Poor
4398,26,29997.64,7.6,26.8,7,0.141,0.388,0,0,3,0,693,Fair
4399,53,75446.07,4.1,3.1,3,0.326,0.272,1,30,1,0,518,Risky
4400,55,27595.36,6.7,11.2,9,0.392,0.133,0,60,1,0,571,Very Poor
4401,70,7889.65,12.4,7.7,3,0.114,0.48,1,0,0,0,511,Risky
4402,34,16152.2,6.7,0.3,2,0.067,0.112,3,0,0,0,473,Risky
4403,44,92219.17,7.3,1.3,6,0.09,0.173,0,0,2,0,559,Very Poor
4404,51,33933.48,0.9,2.8,11,0.242,0.038,2,30,1,0,486,Risky
4405,52,40181.78,3.2,11.0,7,0.129,0.489,1,90,2,0,529,Risky
4406,46,90150.11,10.5,6.6,6,0.492,0.282,1,0,2,0,550,Risky
4407,43,30920.86,2.9,4.8,12,0.037,0.256,0,0,0,0,586,Very Poor
4408,40,90378.14,5.9,3.8,5,0.469,0.155,0,0,0,0,629,Poor
4409,40,14720.35,32.7,32.5,6,0.319,0.157,0,60,0,0,663,Fair
4410,49,89865.95,0.7,9.5,8,0.192,0.273,0,0,0,0,657,Fair
4411,26,20950.38,1.9,5.7,14,0.248,0.201,0,60,1,0,576,Very Poor
4412,54,54283.64,6.3,7.3,9,0.527,0.356,0,0,2,0,624,Poor
4413,32,74594.28,0.6,14.7,8,0.525,0.178,2,0,0,0,643,Poor
4414,58,134477.87,0.3,2.7,9,0.331,0.424,1,30,1,0,559,Very Poor
4415,33,140494.31,3.3,4.8,9,0.428,0.283,2,90,0,0,593,Very Poor
4416,48,66061.53,11.7,10.5,7,0.154,0.249,1,0,2,0,616,Poor
4417,43,31485.13,7.9,23.2,8,0.606,0.355,0,0,1,0,635,Poor
4418,45,73239.91,0.1,7.3,4,0.161,0.489,1,0,0,0,606,Poor
4419,54,86127.14,21.8,21.7,8,0.423,0.115,1,0,0,0,636,Poor
4420,29,72766.58,1.7,14.6,12,0.512,0.465,0,0,0,0,678,Fair
4421,28,12275.34,5.1,2.9,4,0.321,0.419,1,0,1,0,471,Risky
4422,37,38223.72,14.3,13.4,4,0.231,0.574,2,0,0,0,598,Very Poor
4423,37,157827.91,7.9,21.6,11,0.272,0.218,0,0,1,0,716,Good
4424,40,134038.98,21.3,7.5,10,0.063,0.238,0,0,2,0,665,Fair
4425,46,53459.58,8.8,1.2,9,0.128,0.248,0,0,0,0,574,Very Poor
4426,32,24451.45,1.7,9.0,4,0.245,0.484,1,0,0,0,561,Very Poor
4427,50,23392.37,2.1,17.0,9,0.328,0.178,0,0,2,0,573,Very Poor
4428,32,83876.12,0.7,0.4,9,0.328,0.438,1,30,2,0,570,Very Poor
4429,58,44360.3,1.3,1.9,13,0.521,0.167,1,0,1,0,563,Very Poor
4430,47,36913.78,0.3,19.6,10,0.262,0.315,2,0,0,0,665,Fair
4431,38,51616.0,5.6,18.1,5,0.248,0.354,1,0,2,0,677,Fair
4432,31,36291.34,4.8,6.0,9,0.062,0.386,2,30,2,0,532,Risky
4433,31,52319.0,0.8,16.7,5,0.135,0.399,0,60,0,0,579,Very Poor
4434,21,15451.72,3.2,6.5,6,0.495,0.1,0,0,0,0,526,Risky
4435,49,42203.46,5.4,2.5,4,0.084,0.212,1,0,0,0,572,Very Poor
4436,57,48984.3,0.1,3.2,3,0.149,0.278,1,0,0,0,560,Very Poor
4437,41,43283.79,1.9,3.2,10,0.295,0.203,1,120,0,0,485,Risky
4438,33,157898.29,1.2,4.1,8,0.441,0.455,0,0,0,0,634,Poor
4439,21,40474.43,7.7,4.4,9,0.45,0.189,0,0,0,0,600,Very Poor
4440,49,82482.0,3.6,6.5,7,0.207,0.341,1,90,0,0,597,Very Poor
4441,59,132442.89,1.5,0.1,6,0.183,0.105,1,0,1,0,625,Poor
4442,45,39855.4,13.2,2.6,10,0.273,0.099,1,0,0,0,609,Poor
4443,55,9383.7,0.1,2.9,8,0.114,0.203,1,0,0,0,510,Risky
4444,22,35454.98,0.1,6.0,11,0.156,0.273,1,0,0,0,552,Very Poor
4445,32,11462.11,1.1,7.6,6,0.097,0.192,0,0,0,0,532,Risky
4446,22,64451.22,9.0,11.5,7,0.311,0.446,0,0,1,0,645,Poor
4447,58,16448.44,20.6,36.7,6,0.258,0.186,2,0,0,0,665,Fair
4448,25,32040.24,21.4,5.3,9,0.141,0.397,1,60,1,0,549,Risky
4449,55,91257.6,1.4,5.9,6,0.253,0.401,0,0,2,1,525,Risky
4450,39,28879.66,8.4,9.4,5,0.295,0.508,2,0,1,0,583,Very Poor
4451,41,52584.08,12.5,3.6,12,0.084,0.502,0,0,0,0,627,Poor
4452,51,33142.89,23.3,0.8,11,0.184,0.476,3,90,0,0,472,Risky
4453,44,140070.44,13.9,2.6,11,0.221,0.121,0,30,1,0,600,Very Poor
4454,44,69930.8,0.2,4.7,8,0.696,0.107,0,0,2,1,509,Risky
4455,32,45839.82,0.7,8.0,4,0.391,0.546,3,0,2,0,567,Very Poor
4456,58,67437.27,0.8,0.3,7,0.197,0.129,0,60,1,0,580,Very Poor
4457,26,38379.15,1.3,1.1,5,0.359,0.114,2,60,0,0,491,Risky
4458,41,52592.0,5.8,1.8,8,0.139,0.11,1,0,2,0,622,Poor
4459,46,78973.95,1.1,8.5,8,0.276,0.726,1,30,1,0,603,Poor
4460,55,45754.91,6.7,6.9,7,0.326,0.086,1,0,0,0,622,Poor
4461,54,99994.2,8.1,12.3,12,0.562,0.578,1,0,1,0,600,Very Poor
4462,42,51548.39,1.8,39.4,4,0.291,0.214,0,30,0,0,747,Good
4463,43,22037.58,6.7,8.0,6,0.186,0.167,2,30,2,0,552,Very Poor
4464,37,24795.78,0.4,0.1,6,0.301,0.126,1,0,2,0,522,Risky
4465,36,153972.69,0.1,24.1,5,0.302,0.532,2,0,0,0,725,Good
4466,51,55401.66,11.6,7.0,9,0.427,0.128,0,0,0,0,596,Very Poor
4467,50,123683.3,0.2,3.1,10,0.378,0.368,1,0,0,0,606,Poor
4468,41,333132.1,3.5,8.8,8,0.31,0.238,0,0,1,0,733,Good
4469,39,84153.14,4.9,4.3,10,0.085,0.217,0,0,1,0,572,Very Poor
4470,39,27050.0,1.5,7.9,9,0.259,0.443,0,0,1,0,522,Risky
4471,21,82413.01,8.1,4.7,9,0.159,0.305,0,0,1,0,619,Poor
4472,49,25089.31,2.4,16.6,13,0.233,0.432,2,0,0,0,545,Risky
4473,30,40634.06,7.2,18.3,4,0.266,0.244,0,0,4,0,580,Very Poor
4474,46,154124.09,1.0,2.5,3,0.07,0.227,1,0,2,0,565,Very Poor
4475,62,28187.82,5.4,0.9,9,0.263,0.134,0,0,0,0,575,Very Poor
4476,29,82590.39,5.6,2.9,11,0.201,0.248,0,0,0,0,654,Fair
4477,52,33765.75,1.7,2.9,7,0.679,0.118,0,0,1,0,581,Very Poor
4478,39,29972.52,0.2,5.4,5,0.296,0.437,0,0,1,0,529,Risky
4479,34,23841.52,3.3,9.3,11,0.07,0.484,3,0,1,0,569,Very Poor
4480,38,93966.44,1.7,1.0,7,0.581,0.574,2,0,1,0,584,Very Poor
4481,56,93462.72,10.4,1.9,9,0.163,0.126,0,0,2,0,597,Very Poor
4482,49,14094.4,5.5,3.0,8,0.372,0.409,1,0,1,0,498,Risky
4483,32,11236.42,9.4,1.2,8,0.408,0.217,0,60,0,0,507,Risky
4484,35,175787.59,1.3,12.9,10,0.1,0.312,1,0,0,0,695,Fair
4485,34,143662.94,6.2,6.8,13,0.304,0.153,2,0,1,0,627,Poor
4486,37,115978.6,6.4,1.3,10,0.535,0.212,1,30,1,0,560,Very Poor
4487,33,44032.51,0.6,7.9,6,0.118,0.642,1,30,0,0,601,Poor
4488,44,32795.7,0.2,2.6,5,0.343,0.574,0,0,3,0,552,Very Poor
4489,52,48706.36,5.1,4.6,9,0.278,0.253,1,0,2,0,577,Very Poor
4490,35,100216.09,11.0,6.3,7,0.149,0.322,1,0,2,0,590,Very Poor
4491,23,128795.61,0.3,10.4,8,0.06,0.652,0,60,0,0,633,Poor
4492,41,30026.83,2.8,0.8,6,0.042,0.263,1,0,1,0,534,Risky
4493,35,47909.65,4.4,24.9,5,0.402,0.276,1,0,0,0,727,Good
4494,42,49270.99,4.2,0.5,15,0.146,0.227,2,0,0,0,548,Risky
4495,36,63970.92,15.5,1.9,5,0.118,0.222,2,0,0,1,472,Risky
4496,30,69454.94,1.3,7.6,9,0.238,0.335,0,0,0,0,629,Poor
4497,59,10266.11,7.4,7.5,8,0.195,0.282,0,60,0,0,586,Very Poor
4498,47,17020.03,0.0,1.8,8,0.331,0.325,0,0,0,0,522,Risky
4499,53,25134.44,1.1,16.5,11,0.372,0.391,2,0,2,0,542,Risky
4500,36,98717.71,10.0,3.0,8,0.204,0.215,2,30,2,0,537,Risky
4501,62,16498.18,2.2,16.8,6,0.327,0.242,1,90,0,0,542,Risky
4502,29,18270.79,1.3,25.8,8,0.732,0.26,0,90,6,0,543,Risky
4503,42,51511.3,6.8,1.4,6,0.182,0.286,0,0,1,0,567,Very Poor
4504,28,31022.84,1.4,2.3,11,0.473,0.235,1,0,0,0,516,Risky
4505,32,95438.89,10.6,1.3,5,0.433,0.409,1,30,1,0,570,Very Poor
4506,36,50314.79,6.2,1.6,10,0.139,0.506,3,0,3,0,495,Risky
4507,49,72281.78,33.1,13.5,13,0.189,0.188,3,0,0,0,667,Fair
4508,33,74451.73,10.1,5.8,7,0.206,0.414,3,0,0,0,605,Poor
4509,47,16029.15,1.8,0.6,9,0.57,0.105,1,0,1,0,532,Risky
4510,30,5541.57,3.1,0.7,4,0.134,0.298,0,30,1,0,492,Risky
4511,39,31853.8,1.1,2.2,4,0.515,0.34,1,0,0,0,561,Very Poor
4512,39,80633.7,0.2,9.4,10,0.257,0.155,2,0,1,0,675,Fair
4513,26,30055.89,7.7,0.7,6,0.205,0.31,2,0,0,0,524,Risky
4514,21,13040.65,5.3,23.5,6,0.167,0.307,0,0,0,0,601,Poor
4515,54,55773.51,2.4,15.9,5,0.115,0.182,0,120,1,0,634,Poor
4516,38,51864.44,4.6,10.8,9,0.206,0.376,0,30,0,0,669,Fair
4517,38,20708.83,12.2,2.5,5,0.404,0.147,2,0,1,0,522,Risky
4518,52,26050.54,3.0,1.9,10,0.044,0.33,0,0,0,0,527,Risky
4519,28,132962.65,7.0,11.9,10,0.394,0.262,1,30,0,0,612,Poor
4520,42,19852.99,0.3,2.0,11,0.325,0.439,0,0,2,0,555,Very Poor
4521,46,165912.41,0.6,11.4,12,0.343,0.333,3,30,1,0,657,Fair
4522,51,34958.05,6.2,3.7,12,0.246,0.244,0,0,1,0,590,Very Poor
4523,45,103711.58,0.3,3.5,11,0.576,0.401,1,0,0,0,599,Very Poor
4524,42,74535.04,5.3,2.4,8,0.242,0.228,1,0,3,0,523,Risky
4525,38,74838.56,3.8,9.2,9,0.099,0.522,1,30,1,0,680,Fair
4526,40,148320.79,22.5,0.4,9,0.313,0.33,0,120,1,0,583,Very Poor
4527,37,22445.07,1.9,17.7,8,0.378,0.11,2,60,2,0,574,Very Poor
4528,35,52916.81,11.5,6.9,8,0.242,0.358,2,0,1,0,597,Very Poor
4529,62,38174.98,2.3,11.0,12,0.559,0.373,1,0,0,0,600,Very Poor
4530,21,56677.57,13.8,9.8,9,0.145,0.073,2,30,1,0,573,Very Poor
4531,46,66726.06,4.4,4.1,13,0.263,0.267,0,30,0,0,586,Very Poor
4532,32,48306.27,7.4,12.4,9,0.228,0.238,0,0,1,0,599,Very Poor
4533,31,30274.54,25.0,4.4,5,0.351,0.419,1,0,2,0,538,Risky
4534,42,48920.81,2.0,4.8,15,0.334,0.154,2,90,3,0,557,Very Poor
4535,28,75699.4,7.2,0.7,10,0.538,0.344,3,0,2,0,483,Risky
4536,57,19857.05,1.6,4.8,10,0.363,0.083,2,0,1,0,529,Risky
4537,47,19287.65,3.8,7.8,11,0.113,0.444,3,0,0,0,543,Risky
4538,35,34819.13,4.6,3.5,6,0.093,0.382,3,0,1,0,515,Risky
4539,30,14055.35,4.4,40.0,10,0.28,0.245,0,0,3,0,681,Fair
4540,29,37008.1,9.1,7.0,9,0.424,0.243,0,0,1,0,602,Poor
4541,34,20462.21,3.2,31.5,13,0.59,0.178,0,30,0,0,662,Fair
4542,40,130060.32,17.6,12.2,10,0.085,0.223,1,0,2,0,678,Fair
4543,49,37875.39,13.6,14.0,15,0.306,0.316,2,0,4,0,554,Very Poor
4544,48,145747.55,8.4,4.0,5,0.445,0.416,0,0,3,0,639,Poor
4545,30,105327.0,3.6,3.1,13,0.388,0.134,0,0,1,0,627,Poor
4546,23,124214.79,2.7,0.6,6,0.165,0.346,0,0,3,0,640,Poor
4547,39,21408.66,4.3,0.7,10,0.113,0.204,0,0,1,0,564,Very Poor
4548,24,136564.13,2.3,1.6,5,0.146,0.663,2,0,0,0,566,Very Poor
4549,45,25579.39,0.9,9.9,9,0.416,0.393,3,0,2,0,508,Risky
4550,22,114457.16,10.4,3.0,8,0.43,0.317,0,30,2,0,592,Very Poor
4551,31,38083.94,1.9,3.0,11,0.504,0.416,2,0,1,0,519,Risky
4552,34,21191.55,0.2,8.0,3,0.497,0.389,3,120,1,0,428,Risky
4553,41,73554.9,2.9,8.2,10,0.629,0.388,0,30,3,0,546,Risky
4554,40,113060.46,9.8,3.2,9,0.262,0.452,1,60,0,0,573,Very Poor
4555,21,99527.97,6.4,15.8,5,0.167,0.291,1,60,0,0,608,Poor
4556,49,56391.78,1.0,28.8,9,0.5,0.453,1,0,0,0,721,Good
4557,65,77049.13,0.1,2.9,9,0.497,0.168,2,0,1,0,599,Very Poor
4558,44,45280.48,1.0,6.3,5,0.272,0.452,1,0,1,0,555,Very Poor
4559,49,84826.01,2.5,3.2,7,0.415,0.275,0,60,2,0,525,Risky
4560,44,43393.1,13.4,6.6,9,0.134,0.23,0,0,1,0,616,Poor
4561,44,70238.48,16.0,20.6,6,0.456,0.247,2,0,0,0,682,Fair
4562,58,15282.28,12.4,7.8,5,0.205,0.507,0,0,3,0,551,Very Poor
4563,40,28135.47,0.4,9.9,13,0.354,0.417,3,0,1,1,518,Risky
4564,60,206645.23,3.6,12.0,4,0.175,0.178,1,0,1,0,677,Fair
4565,27,100840.06,7.6,0.0,6,0.446,0.235,3,0,3,0,503,Risky
4566,24,58580.89,0.4,4.8,10,0.453,0.18,1,30,1,0,587,Very Poor
4567,32,22286.1,1.2,14.7,10,0.154,0.189,1,0,0,0,577,Very Poor
4568,23,12605.84,5.3,4.6,4,0.096,0.137,0,0,3,0,484,Risky
4569,70,12835.29,16.0,1.6,7,0.201,0.155,0,0,1,1,427,Risky
4570,49,29568.9,2.5,2.4,7,0.408,0.225,0,0,1,0,545,Risky
4571,59,11243.4,0.4,0.9,7,0.271,0.369,1,0,2,0,495,Risky
4572,27,48528.12,5.0,0.2,9,0.417,0.227,3,30,0,0,527,Risky
4573,29,86596.64,0.5,0.3,2,0.33,0.194,3,0,2,0,564,Very Poor
4574,32,29767.87,12.0,10.0,13,0.061,0.452,2,60,1,0,570,Very Poor
4575,30,23222.3,4.3,2.5,4,0.113,0.286,0,0,0,0,541,Risky
4576,28,420039.23,25.8,13.6,3,0.163,0.197,1,0,0,0,766,Excellent
4577,25,92029.88,6.5,21.7,7,0.663,0.408,0,0,0,0,675,Fair
4578,50,37356.03,3.5,10.3,7,0.445,0.617,1,0,1,0,580,Very Poor
4579,25,72285.5,11.2,4.3,6,0.163,0.399,1,0,3,0,512,Risky
4580,43,124758.56,7.3,1.2,6,0.213,0.089,1,0,2,0,740,Good
4581,30,110572.07,2.4,0.2,5,0.091,0.358,2,30,0,0,570,Very Poor
4582,27,104154.06,1.2,1.7,7,0.199,0.394,2,0,0,1,482,Risky
4583,39,75505.51,0.9,9.5,6,0.458,0.199,1,0,0,0,605,Poor
4584,48,64886.75,3.9,4.9,8,0.319,0.376,0,0,0,0,663,Fair
4585,40,27027.96,1.2,4.3,7,0.239,0.267,1,90,2,0,480,Risky
4586,33,34168.1,1.8,7.1,14,0.69,0.169,2,0,1,0,566,Very Poor
4587,37,79641.44,4.2,2.2,8,0.355,0.22,1,30,1,0,548,Risky
4588,40,32889.1,0.1,10.0,5,0.199,0.412,2,0,1,0,493,Risky
4589,21,108079.49,1.2,1.8,11,0.057,0.202,2,0,1,0,623,Poor
4590,26,84453.29,13.1,7.8,8,0.174,0.124,1,0,2,0,597,Very Poor
4591,39,41138.31,4.8,5.8,9,0.066,0.247,1,0,2,0,599,Very Poor
4592,49,67820.25,5.9,1.2,8,0.239,0.127,0,0,1,0,575,Very Poor
4593,31,106740.01,8.9,2.1,13,0.366,0.529,3,0,1,0,539,Risky
4594,56,34096.35,3.0,1.6,7,0.133,0.252,1,30,1,0,503,Risky
4595,61,18964.36,0.2,6.2,6,0.102,0.601,1,0,0,0,514,Risky
4596,39,15174.12,2.1,4.5,8,0.053,0.405,1,60,1,0,499,Risky
4597,29,243947.45,1.5,6.0,7,0.201,0.38,0,0,0,0,723,Good
4598,26,96511.25,8.8,4.4,7,0.176,0.253,1,0,1,0,649,Poor
4599,27,40399.93,10.5,1.4,6,0.257,0.428,3,0,1,0,520,Risky
4600,46,92275.7,3.2,29.7,8,0.076,0.292,0,60,1,0,747,Good
4601,44,83069.21,14.4,21.2,5,0.21,0.355,2,0,0,0,645,Poor
4602,41,85142.17,11.1,3.4,11,0.212,0.151,0,30,1,0,645,Poor
4603,50,160862.41,10.8,0.4,6,0.353,0.234,2,0,0,0,605,Poor
4604,53,12199.71,12.0,9.7,4,0.02,0.372,1,0,0,0,544,Risky
4605,28,28694.04,5.7,20.5,5,0.75,0.444,1,0,1,0,552,Very Poor
4606,44,36296.18,0.6,0.6,10,0.59,0.142,0,0,1,0,547,Risky
4607,28,8778.16,0.2,5.2,12,0.185,0.46,1,0,1,0,467,Risky
4608,26,5526.42,7.7,3.6,11,0.22,0.332,2,30,1,0,391,Risky
4609,37,90633.79,0.8,9.7,8,0.324,0.158,1,0,1,0,691,Fair
4610,26,6055.28,0.4,4.8,12,0.283,0.297,1,0,2,0,430,Risky
4611,40,74243.58,9.8,0.6,9,0.403,0.305,0,0,0,0,571,Very Poor
4612,51,31293.95,4.0,9.2,10,0.538,0.14,1,0,1,0,605,Poor
4613,44,148145.41,6.9,11.2,7,0.071,0.129,0,60,0,0,693,Fair
4614,46,47289.99,3.7,26.5,4,0.084,0.419,0,0,3,1,605,Poor
4615,50,134427.32,1.1,1.3,10,0.559,0.189,1,0,0,0,660,Fair
4616,56,43912.72,3.7,0.7,6,0.416,0.407,0,0,1,0,558,Very Poor
4617,50,180160.95,2.4,4.5,9,0.41,0.211,2,0,0,0,600,Very Poor
4618,43,49489.28,0.7,0.2,4,0.222,0.444,1,60,1,0,510,Risky
4619,26,60509.22,1.9,2.6,5,0.146,0.132,1,0,2,0,545,Risky
4620,23,47561.87,6.1,9.1,9,0.216,0.276,0,0,2,0,631,Poor
4621,45,44917.17,16.4,13.2,11,0.069,0.264,1,0,0,0,622,Poor
4622,49,65225.59,0.4,10.3,9,0.256,0.376,3,0,0,0,606,Poor
4623,39,39097.83,8.6,4.5,6,0.197,0.278,5,0,0,0,503,Risky
4624,44,28177.97,1.8,3.5,8,0.231,0.085,1,0,1,0,512,Risky
4625,30,20306.76,5.2,2.0,4,0.389,0.219,2,0,0,0,448,Risky
4626,31,120571.14,5.2,3.1,8,0.464,0.118,1,0,0,0,605,Poor
4627,35,28072.18,12.4,2.2,9,0.389,0.395,2,0,2,0,467,Risky
4628,70,10958.74,18.2,2.7,6,0.012,0.235,1,0,0,0,531,Risky
4629,47,69164.39,9.3,5.1,10,0.069,0.223,0,0,1,0,544,Risky
4630,40,32433.57,0.5,5.9,6,0.528,0.262,1,0,2,0,568,Very Poor
4631,44,20022.61,5.2,3.2,7,0.284,0.103,0,0,0,0,513,Risky
4632,60,27935.26,1.3,7.9,3,0.459,0.332,0,0,0,0,579,Very Poor
4633,22,153652.85,4.8,17.8,9,0.049,0.415,1,0,0,0,674,Fair
4634,32,276273.75,5.8,6.1,5,0.063,0.165,1,0,1,0,699,Fair
4635,21,46466.36,7.2,20.2,6,0.38,0.158,0,0,0,0,704,Good
4636,26,135125.82,14.6,0.0,14,0.157,0.523,0,60,1,0,597,Very Poor
4637,26,53963.01,1.3,32.7,4,0.341,0.488,0,0,0,0,760,Excellent
4638,49,27237.11,4.6,1.4,9,0.378,0.339,1,0,2,0,571,Very Poor
4639,24,76261.76,1.2,3.4,6,0.437,0.168,2,30,2,0,519,Risky
4640,28,19862.62,0.3,11.2,8,0.251,0.324,0,30,1,0,555,Very Poor
4641,36,40168.53,9.4,11.7,7,0.478,0.229,1,60,1,0,586,Very Poor
4642,54,22503.2,23.1,12.4,9,0.075,0.429,0,0,0,0,659,Fair
4643,21,28087.94,8.0,0.3,9,0.469,0.21,2,0,0,0,528,Risky
4644,54,92666.6,6.1,0.9,4,0.496,0.418,1,0,3,0,600,Very Poor
4645,37,34967.04,5.6,2.1,14,0.054,0.247,0,0,1,0,554,Very Poor
4646,42,41404.13,0.9,0.4,8,0.376,0.204,0,30,1,0,490,Risky
4647,34,123423.94,6.7,1.1,4,0.772,0.456,1,0,1,0,568,Very Poor
4648,44,46731.74,13.0,8.6,10,0.583,0.164,0,0,1,0,642,Poor
4649,28,142355.71,0.9,2.1,13,0.426,0.323,1,30,1,0,625,Poor
4650,50,37241.95,1.7,13.4,6,0.263,0.166,1,0,0,0,620,Poor
4651,29,36566.31,4.0,4.9,8,0.115,0.107,0,0,1,0,609,Poor
4652,26,9977.97,6.6,4.5,13,0.243,0.655,1,0,2,0,460,Risky
4653,41,46876.38,2.8,13.2,5,0.178,0.136,1,0,0,0,620,Poor
4654,51,28131.35,2.7,15.8,10,0.223,0.365,1,60,1,0,599,Very Poor
4655,56,205298.88,14.9,4.0,15,0.043,0.323,3,0,0,0,616,Poor
4656,46,247740.97,3.4,4.5,8,0.31,0.11,0,0,0,0,701,Good
4657,36,17814.13,1.3,7.1,7,0.194,0.292,0,30,1,0,538,Risky
4658,46,60921.55,8.1,8.2,6,0.384,0.1,0,60,0,0,556,Very Poor
4659,38,17798.04,5.4,3.0,4,0.059,0.55,1,0,3,0,475,Risky
4660,46,67515.2,39.2,6.2,8,0.241,0.1,2,0,1,0,604,Poor
4661,50,29523.03,9.9,4.9,8,0.204,0.327,2,0,2,0,529,Risky
4662,22,43171.26,9.6,12.4,13,0.4,0.585,2,0,2,0,508,Risky
4663,43,72653.2,3.6,7.6,5,0.553,0.334,0,0,1,0,545,Risky
4664,40,123472.35,1.1,14.3,8,0.264,0.091,0,0,3,0,721,Good
4665,22,79184.79,7.3,8.3,15,0.128,0.313,0,0,1,0,663,Fair
4666,38,24197.8,7.6,15.3,3,0.163,0.654,1,0,2,0,543,Risky
4667,46,42278.66,0.1,2.7,13,0.804,0.116,1,0,3,0,560,Very Poor
4668,46,14452.69,6.3,9.8,9,0.472,0.277,2,0,1,0,464,Risky
4669,47,66507.22,0.2,0.4,7,0.079,0.23,0,0,1,0,599,Very Poor
4670,33,20533.32,1.9,2.3,7,0.314,0.315,0,0,1,0,510,Risky
4671,50,16493.1,0.2,7.4,3,0.302,0.304,1,30,1,0,527,Risky
4672,39,60392.44,10.1,1.3,6,0.134,0.217,1,30,1,0,583,Very Poor
4673,22,130157.84,8.2,9.9,7,0.086,0.596,1,0,3,0,592,Very Poor
4674,33,152448.11,1.0,7.9,7,0.253,0.182,1,0,1,0,636,Poor
4675,32,74555.24,4.6,7.2,8,0.184,0.306,0,0,2,0,615,Poor
4676,39,64834.84,6.6,14.1,3,0.422,0.563,1,0,1,0,635,Poor
4677,22,115337.28,5.5,5.3,6,0.153,0.472,0,0,1,0,657,Fair
4678,54,35547.64,3.2,0.6,8,0.469,0.517,2,0,0,0,462,Risky
4679,39,273032.73,10.0,4.9,9,0.423,0.48,1,0,1,0,657,Fair
4680,63,33958.89,8.0,11.2,8,0.241,0.31,1,0,1,0,585,Very Poor
4681,54,42034.79,5.0,13.9,9,0.423,0.196,2,0,1,0,635,Poor
4682,53,129561.11,7.9,12.3,13,0.17,0.291,0,0,0,0,673,Fair
4683,29,77781.68,2.1,0.9,5,0.174,0.043,0,120,1,0,558,Very Poor
4684,48,37703.48,19.3,23.4,6,0.382,0.097,1,120,0,0,568,Very Poor
4685,35,87296.8,3.5,6.2,4,0.353,0.15,0,0,0,0,655,Fair
4686,48,134550.63,1.2,14.1,10,0.2,0.13,1,0,3,1,578,Very Poor
4687,28,47064.06,0.3,8.1,7,0.309,0.157,3,0,2,0,493,Risky
4688,41,64911.31,8.1,4.8,8,0.413,0.242,1,0,0,0,582,Very Poor
4689,23,14405.58,4.4,6.6,4,0.066,0.366,1,0,0,0,585,Very Poor
4690,38,79175.37,6.0,8.3,4,0.29,0.39,1,0,2,0,574,Very Poor
4691,37,93404.69,1.3,6.3,11,0.055,0.428,2,60,1,0,566,Very Poor
4692,49,58543.63,5.4,15.2,8,0.206,0.251,0,0,2,0,658,Fair
4693,60,44855.02,3.1,1.7,10,0.05,0.125,0,0,0,0,603,Poor
4694,21,245617.22,4.5,0.7,11,0.504,0.343,2,0,0,0,680,Fair
4695,21,162309.31,2.4,8.2,5,0.512,0.594,0,0,0,0,662,Fair
4696,59,50462.18,2.9,0.5,9,0.159,0.177,1,30,3,0,495,Risky
4697,51,13463.3,5.4,6.2,8,0.174,0.084,1,0,2,0,530,Risky
4698,49,79639.36,2.0,6.3,6,0.345,0.24,0,90,1,0,581,Very Poor
4699,46,30491.51,0.5,0.5,5,0.552,0.358,1,0,1,0,523,Risky
4700,52,155300.28,0.2,3.3,7,0.124,0.344,2,0,1,0,633,Poor
4701,45,47606.67,11.7,4.9,9,0.256,0.407,1,0,1,0,533,Risky
4702,47,52234.36,1.0,0.5,5,0.167,0.546,2,30,1,0,564,Very Poor
4703,26,33429.51,2.9,5.2,8,0.452,0.054,2,0,2,0,531,Risky
4704,34,43459.87,1.7,0.4,10,0.391,0.275,0,0,0,0,602,Poor
4705,44,31705.43,1.2,2.7,7,0.384,0.239,2,0,2,0,521,Risky
4706,30,43763.37,2.3,12.2,5,0.048,0.169,1,0,1,0,658,Fair
4707,35,45226.15,9.2,7.4,7,0.656,0.663,2,0,2,0,554,Very Poor
4708,33,17864.99,5.2,5.8,6,0.245,0.19,0,0,1,0,528,Risky
4709,41,39571.88,0.2,8.4,8,0.153,0.603,0,0,0,0,630,Poor
4710,31,113883.72,13.4,15.0,11,0.278,0.334,1,0,2,0,663,Fair
4711,39,75517.99,6.0,6.1,6,0.295,0.397,1,0,4,0,573,Very Poor
4712,34,85178.57,7.0,4.7,12,0.203,0.524,1,0,1,0,592,Very Poor
4713,21,37177.82,1.3,3.2,6,0.273,0.307,1,30,0,0,510,Risky
4714,28,119078.56,4.2,8.2,7,0.411,0.229,0,0,3,0,608,Poor
4715,46,79930.29,1.2,2.0,11,0.188,0.334,0,0,1,0,654,Fair
4716,49,108496.14,12.0,1.4,10,0.379,0.207,1,0,1,0,540,Risky
4717,39,35304.13,4.6,0.9,5,0.104,0.446,0,0,0,0,580,Very Poor
4718,40,81122.74,1.5,1.1,6,0.281,0.264,3,0,3,0,578,Very Poor
4719,36,32011.6,10.8,3.2,8,0.299,0.345,0,0,2,0,511,Risky
4720,47,13879.73,0.9,12.5,5,0.313,0.362,2,0,1,0,553,Very Poor
4721,21,41304.4,2.5,37.7,10,0.405,0.098,1,60,1,0,695,Fair
4722,41,16438.2,2.1,4.0,2,0.247,0.11,1,30,1,0,479,Risky
4723,43,62914.74,0.5,1.7,10,0.269,0.246,0,0,1,0,554,Very Poor
4724,46,37001.6,2.9,6.9,8,0.082,0.199,1,0,1,0,582,Very Poor
4725,29,22803.75,3.8,1.6,9,0.556,0.255,1,0,1,0,529,Risky
4726,42,17195.37,21.0,3.3,7,0.236,0.293,0,0,1,0,542,Risky
4727,64,31854.18,2.7,1.1,13,0.217,0.358,0,90,2,0,494,Risky
4728,33,50487.32,2.2,2.9,8,0.318,0.064,0,0,1,0,604,Poor
4729,43,107658.92,0.9,12.6,6,0.437,0.247,2,0,1,0,650,Poor
4730,48,39749.27,10.8,2.0,4,0.465,0.358,2,0,1,0,562,Very Poor
4731,38,51365.55,6.5,13.9,11,0.649,0.362,2,0,1,0,585,Very Poor
4732,47,22439.05,3.9,12.2,11,0.225,0.419,3,30,1,0,482,Risky
4733,33,128875.27,4.0,4.3,9,0.59,0.464,1,0,3,0,580,Very Poor
4734,63,36377.01,25.1,2.2,4,0.224,0.304,0,0,1,0,588,Very Poor
4735,44,41533.1,0.5,10.1,15,0.252,0.171,2,0,0,0,585,Very Poor
4736,40,25107.12,0.6,1.1,8,0.082,0.139,3,30,0,0,513,Risky
4737,45,145771.2,9.7,0.6,5,0.117,0.095,3,0,1,0,601,Poor
4738,34,129538.65,1.9,4.2,12,0.37,0.152,1,0,2,0,651,Fair
4739,21,24459.56,3.8,0.8,8,0.435,0.367,0,0,0,0,480,Risky
4740,41,49180.68,0.7,0.0,8,0.213,0.308,1,0,3,1,415,Risky
4741,55,11030.34,1.3,8.7,7,0.426,0.155,0,0,1,0,538,Risky
4742,28,35921.91,6.9,4.6,2,0.038,0.238,1,60,4,0,519,Risky
4743,53,150940.81,0.1,6.5,9,0.105,0.117,2,0,0,0,656,Fair
4744,61,48622.48,0.5,0.9,12,0.266,0.306,1,0,1,0,570,Very Poor
4745,26,37582.94,16.1,8.9,10,0.106,0.279,1,0,0,0,570,Very Poor
4746,34,34799.69,5.0,2.7,7,0.147,0.293,0,0,3,0,539,Risky
4747,35,83218.92,2.3,1.5,6,0.385,0.374,3,30,1,0,461,Risky
4748,40,64826.5,0.1,28.4,5,0.138,0.321,0,0,1,0,701,Good
4749,42,12714.69,11.0,16.3,7,0.466,0.367,0,0,3,0,536,Risky
4750,38,46772.22,6.9,1.5,6,0.445,0.244,2,0,3,0,530,Risky
4751,37,74033.77,7.6,2.0,9,0.42,0.295,0,30,0,0,547,Risky
4752,39,45635.29,1.0,0.6,10,0.213,0.529,2,60,0,0,490,Risky
4753,29,52831.6,5.4,37.1,5,0.23,0.402,0,0,0,0,758,Excellent
4754,21,111120.0,0.9,9.6,7,0.01,0.276,0,0,4,0,639,Poor
4755,32,50954.23,7.8,6.1,10,0.164,0.243,0,0,3,0,624,Poor
4756,53,56442.6,38.5,4.9,8,0.081,0.275,4,0,2,0,572,Very Poor
4757,42,19371.05,11.9,14.6,6,0.266,0.358,0,0,0,0,599,Very Poor
4758,33,10916.32,0.1,0.6,12,0.142,0.211,0,0,2,0,516,Risky
4759,38,50974.1,0.4,13.5,10,0.441,0.644,1,0,1,0,628,Poor
4760,35,300344.33,2.4,4.8,4,0.328,0.162,2,0,0,0,649,Poor
4761,39,63401.7,17.8,6.0,14,0.296,0.129,1,0,1,0,630,Poor
4762,41,33752.67,1.5,0.7,10,0.037,0.156,3,0,1,0,505,Risky
4763,42,27591.41,40.0,12.0,6,0.226,0.308,2,0,3,0,558,Very Poor
4764,46,44445.54,0.3,2.9,9,0.055,0.276,0,60,0,0,554,Very Poor
4765,38,33409.29,0.2,7.3,14,0.084,0.088,0,0,0,0,622,Poor
4766,42,11460.57,9.2,3.9,9,0.216,0.476,0,0,1,0,475,Risky
4767,36,55453.89,6.7,20.4,6,0.342,0.312,2,0,3,0,644,Poor
4768,32,27884.23,4.0,0.9,12,0.143,0.172,0,0,0,0,558,Very Poor
4769,57,63051.24,8.5,6.7,7,0.505,0.425,0,0,0,1,504,Risky
4770,22,103652.07,1.6,2.5,13,0.057,0.289,0,0,1,0,606,Poor
4771,33,45600.98,0.5,13.5,6,0.534,0.076,0,0,0,0,645,Poor
4772,32,86920.08,5.7,7.6,6,0.369,0.188,3,30,1,0,563,Very Poor
4773,26,31851.91,8.5,3.0,2,0.629,0.308,3,0,0,0,480,Risky
4774,47,13916.63,5.7,22.2,7,0.218,0.243,2,0,3,0,533,Risky
4775,21,23991.57,3.7,10.5,12,0.296,0.13,0,60,1,0,588,Very Poor
4776,43,381271.55,14.9,9.6,13,0.303,0.192,1,30,0,0,722,Good
4777,25,285440.2,8.8,2.3,12,0.366,0.188,2,0,1,0,674,Fair
4778,31,30545.29,4.3,2.4,6,0.556,0.297,0,90,2,0,470,Risky
4779,57,19382.72,15.0,40.0,13,0.135,0.251,0,0,2,0,699,Fair
4780,51,89325.61,1.3,5.3,6,0.002,0.29,0,0,5,0,627,Poor
4781,30,14122.81,6.2,18.5,10,0.391,0.084,2,0,0,0,559,Very Poor
4782,33,21781.53,2.2,1.6,11,0.234,0.279,2,0,2,0,484,Risky
4783,26,29747.05,2.3,1.6,7,0.291,0.224,2,0,1,0,494,Risky
4784,24,14690.27,10.9,22.3,6,0.463,0.145,0,0,0,0,599,Very Poor
4785,25,60543.93,3.8,0.5,10,0.219,0.503,0,60,0,0,591,Very Poor
4786,21,68043.95,4.5,1.7,1,0.238,0.186,1,0,1,0,604,Poor
4787,37,103855.91,8.9,11.5,7,0.019,0.25,0,60,1,0,585,Very Poor
4788,35,33065.59,2.2,5.2,9,0.38,0.379,1,30,2,0,576,Very Poor
4789,40,31906.58,3.3,0.5,7,0.407,0.423,0,0,3,0,480,Risky
4790,31,85245.88,6.3,3.7,9,0.149,0.432,2,0,3,0,526,Risky
4791,52,67868.73,1.6,5.9,6,0.386,0.242,3,90,2,0,506,Risky
4792,37,14195.72,2.5,2.8,7,0.292,0.227,1,0,0,0,503,Risky
4793,29,132952.47,13.3,11.8,8,0.04,0.308,0,0,1,0,653,Fair
4794,39,36272.12,12.2,3.9,10,0.468,0.359,1,60,1,0,513,Risky
4795,45,104104.43,2.0,20.5,6,0.37,0.282,2,0,0,0,668,Fair
4796,52,19078.59,1.5,1.3,5,0.602,0.459,1,0,1,0,507,Risky
4797,27,80327.28,4.1,2.5,11,0.341,0.345,1,0,0,0,628,Poor
4798,59,24616.94,7.5,22.4,8,0.097,0.142,4,60,1,0,579,Very Poor
4799,21,89745.95,1.0,7.0,7,0.133,0.412,0,0,0,0,619,Poor
4800,44,72953.45,3.2,4.4,6,0.173,0.373,0,0,0,0,662,Fair
4801,37,19451.18,0.8,3.4,12,0.591,0.228,2,0,1,0,474,Risky
4802,27,10413.68,3.1,11.5,4,0.421,0.41,3,0,0,0,464,Risky
4803,47,41291.37,1.4,1.5,8,0.057,0.187,1,120,2,0,462,Risky
4804,31,60953.71,1.7,0.6,5,0.393,0.105,1,0,2,0,597,Very Poor
4805,36,37503.12,18.7,0.1,7,0.288,0.22,0,30,0,1,485,Risky
4806,43,114844.07,0.7,3.6,10,0.036,0.464,1,0,2,0,590,Very Poor
4807,50,25997.04,10.1,40.0,3,0.498,0.235,3,0,1,0,711,Good
4808,33,297919.04,1.0,2.9,6,0.365,0.302,1,30,3,0,620,Poor
4809,28,45020.92,7.8,5.6,11,0.233,0.201,0,0,0,0,609,Poor
4810,35,49747.24,1.2,8.0,6,0.305,0.131,1,0,0,0,599,Very Poor
4811,39,51087.57,3.9,2.8,7,0.275,0.245,3,60,0,0,498,Risky
4812,29,148161.97,8.3,14.5,8,0.086,0.216,0,0,3,0,637,Poor
4813,24,49939.36,5.1,4.5,5,0.124,0.448,1,0,0,0,613,Poor
4814,44,54487.26,4.9,0.2,9,0.68,0.082,0,0,2,1,492,Risky
4815,35,32165.01,1.4,1.5,6,0.506,0.335,2,0,0,0,529,Risky
4816,21,55850.84,1.9,23.2,5,0.073,0.115,2,0,1,0,646,Poor
4817,49,69372.49,19.1,2.7,5,0.576,0.113,2,0,2,0,568,Very Poor
4818,39,66147.6,12.2,31.6,12,0.766,0.054,0,90,0,0,738,Good
4819,63,34349.63,8.7,0.1,7,0.098,0.399,0,90,1,0,465,Risky
4820,42,41332.62,1.4,3.6,10,0.119,0.436,2,0,2,0,549,Risky
4821,46,18665.97,7.1,13.6,11,0.287,0.305,0,30,1,0,563,Very Poor
4822,41,16006.0,8.4,3.2,14,0.22,0.508,2,30,0,0,479,Risky
4823,52,20714.59,7.4,16.8,15,0.135,0.477,1,60,2,0,523,Risky
4824,47,92736.57,2.1,2.8,9,0.278,0.312,0,0,0,1,559,Very Poor
4825,43,147114.55,13.2,6.3,4,0.522,0.329,2,60,1,0,584,Very Poor
4826,21,38968.16,6.7,3.7,16,0.207,0.096,0,60,3,0,517,Risky
4827,60,15014.84,4.5,5.4,12,0.098,0.277,1,0,0,0,525,Risky
4828,45,55238.15,2.4,1.9,12,0.237,0.315,3,0,1,0,536,Risky
4829,44,40073.49,7.2,0.3,7,0.07,0.186,2,0,2,0,518,Risky
4830,36,168045.13,8.9,6.5,9,0.091,0.34,0,0,1,0,693,Fair
4831,56,96755.68,2.8,1.7,6,0.359,0.298,0,0,0,0,630,Poor
4832,21,35256.83,19.3,7.5,8,0.16,0.186,1,0,0,0,590,Very Poor
4833,39,23293.21,5.5,11.6,5,0.235,0.171,0,0,0,0,657,Fair
4834,66,155437.71,10.6,5.6,15,0.252,0.263,2,0,1,0,608,Poor
4835,21,22570.9,3.0,8.2,8,0.166,0.214,1,30,1,1,433,Risky
4836,59,18382.31,22.0,12.6,6,0.34,0.25,0,0,1,0,579,Very Poor
4837,47,58656.54,2.5,2.1,5,0.08,0.109,3,0,1,0,571,Very Poor
4838,40,93349.34,3.6,5.9,6,0.245,0.634,1,60,2,0,516,Risky
4839,30,16766.39,0.2,9.2,5,0.535,0.127,0,30,0,0,542,Risky
4840,26,79724.32,5.3,5.5,5,0.537,0.28,0,0,0,0,596,Very Poor
4841,29,24832.6,1.8,6.7,11,0.199,0.138,2,0,1,0,499,Risky
4842,24,55484.61,9.1,15.1,13,0.078,0.292,2,0,0,0,569,Very Poor
4843,50,16290.18,2.1,27.8,11,0.166,0.559,1,0,0,0,637,Poor
4844,48,91235.36,5.5,4.0,10,0.198,0.411,0,0,2,1,474,Risky
4845,41,50982.9,2.1,19.9,8,0.141,0.333,1,30,0,0,658,Fair
4846,40,85409.12,2.6,9.1,9,0.501,0.479,0,30,2,0,580,Very Poor
4847,54,92049.14,2.6,20.6,5,0.654,0.171,1,0,0,1,575,Very Poor
4848,44,66015.14,1.9,5.8,2,0.277,0.054,1,0,3,0,474,Risky
4849,25,29628.29,2.2,1.2,9,0.602,0.026,1,0,3,0,461,Risky
4850,33,140189.32,1.2,0.1,8,0.158,0.354,0,0,0,0,641,Poor
4851,21,47480.41,6.0,10.2,8,0.274,0.226,0,0,0,0,620,Poor
4852,57,42330.45,3.4,2.7,6,0.402,0.315,1,0,0,0,615,Poor
4853,36,28297.2,1.4,1.2,7,0.351,0.311,1,90,0,0,463,Risky
4854,31,65667.04,0.2,0.7,5,0.375,0.436,2,0,0,1,472,Risky
4855,52,123434.44,3.8,0.1,6,0.308,0.191,1,30,0,0,665,Fair
4856,39,14478.51,1.2,12.2,10,0.551,0.254,1,60,1,0,493,Risky
4857,39,85324.48,2.8,2.6,5,0.437,0.16,0,30,1,0,600,Very Poor
4858,30,268702.42,6.1,7.8,3,0.241,0.158,2,0,2,0,629,Poor
4859,29,71954.87,9.7,22.7,12,0.559,0.248,1,0,0,1,577,Very Poor
4860,32,149085.83,0.6,3.4,3,0.23,0.572,0,120,0,0,579,Very Poor
4861,30,32012.3,3.2,22.6,3,0.133,0.606,0,30,1,0,658,Fair
4862,59,21556.88,3.2,6.1,10,0.597,0.211,0,0,1,0,527,Risky
4863,29,49339.94,6.1,1.2,9,0.135,0.271,0,0,0,0,598,Very Poor
4864,53,46273.23,7.7,7.5,10,0.072,0.18,2,30,0,0,622,Poor
4865,49,48148.99,12.7,23.8,6,0.046,0.378,2,0,0,0,662,Fair
4866,49,18337.26,4.2,7.2,10,0.248,0.131,0,30,2,0,561,Very Poor
4867,50,25432.82,15.0,0.5,7,0.212,0.601,2,0,1,0,531,Risky
4868,31,77942.49,0.1,3.0,9,0.047,0.291,1,0,1,0,562,Very Poor
4869,43,49233.32,1.6,3.6,12,0.18,0.112,2,0,0,0,529,Risky
4870,54,67259.65,0.5,3.6,8,0.036,0.399,1,0,3,1,461,Risky
4871,44,54789.82,1.8,27.5,7,0.121,0.38,0,30,0,0,721,Good
4872,43,211094.85,0.7,11.5,6,0.554,0.319,0,0,2,0,687,Fair
4873,23,71087.19,2.1,3.7,3,0.271,0.254,1,0,1,0,624,Poor
4874,40,24458.17,2.1,7.4,6,0.129,0.521,1,0,2,1,411,Risky
4875,50,25428.18,3.3,6.1,7,0.312,0.238,5,0,0,0,419,Risky
4876,62,134995.68,8.2,0.9,6,0.097,0.545,3,30,0,0,533,Risky
4877,35,42060.45,1.2,4.7,4,0.453,0.249,0,30,0,0,546,Risky
4878,40,26504.55,2.3,0.1,11,0.166,0.321,3,0,1,0,535,Risky
4879,25,56158.45,9.0,0.1,8,0.239,0.09,1,60,1,1,428,Risky
4880,24,198661.83,4.0,18.4,9,0.542,0.125,0,30,2,1,639,Poor
4881,37,80375.0,5.7,12.6,9,0.135,0.202,0,0,0,0,709,Good
4882,37,33575.0,5.8,5.7,14,0.529,0.065,1,30,4,0,497,Risky
4883,45,10570.69,6.0,1.1,10,0.348,0.169,1,0,1,0,451,Risky
4884,24,27644.49,0.8,24.9,9,0.304,0.069,0,120,0,0,647,Poor
4885,41,31562.99,2.9,9.3,10,0.188,0.266,0,60,3,0,584,Very Poor
4886,36,19961.14,0.1,8.4,7,0.34,0.185,1,0,2,0,524,Risky
4887,29,13206.28,8.7,40.0,5,0.168,0.383,0,0,0,1,587,Very Poor
4888,35,39036.76,0.8,6.5,9,0.54,0.391,0,0,0,0,566,Very Poor
4889,52,31378.29,1.1,0.8,5,0.039,0.517,1,0,1,0,511,Risky
4890,44,32969.26,3.2,10.7,5,0.418,0.201,0,0,0,0,631,Poor
4891,28,345268.27,7.0,21.1,10,0.314,0.307,1,0,0,0,785,Excellent
4892,57,139929.33,6.8,4.4,7,0.135,0.266,0,0,1,0,618,Poor
4893,53,125682.38,10.8,5.1,8,0.28,0.482,0,0,2,0,593,Very Poor
4894,39,100008.4,2.9,5.0,7,0.29,0.202,0,0,0,0,651,Fair
4895,44,40282.81,2.0,12.1,5,0.577,0.221,1,0,1,0,618,Poor
4896,39,55443.05,2.6,2.5,9,0.168,0.142,3,0,0,0,590,Very Poor
4897,55,95011.65,0.3,2.3,6,0.342,0.146,1,0,1,0,557,Very Poor
4898,69,45186.64,4.5,2.9,6,0.142,0.307,1,0,2,0,573,Very Poor
4899,22,240265.95,0.6,8.1,3,0.248,0.284,0,0,1,0,675,Fair
4900,41,26822.97,6.9,5.1,4,0.098,0.154,0,60,1,0,571,Very Poor
4901,57,63616.68,2.2,7.8,5,0.375,0.186,1,0,2,0,591,Very Poor
4902,42,12012.84,0.0,2.7,9,0.49,0.454,0,0,2,0,453,Risky
4903,35,17365.65,12.3,8.1,9,0.438,0.222,1,60,2,0,471,Risky
4904,53,60100.84,5.3,5.6,8,0.508,0.253,1,90,3,0,524,Risky
4905,54,32932.89,3.0,12.3,9,0.033,0.632,1,30,1,0,614,Poor
4906,44,71122.9,0.4,3.8,6,0.129,0.381,0,30,1,0,591,Very Poor
4907,28,19620.78,0.9,5.7,10,0.217,0.446,0,60,1,0,527,Risky
4908,66,13868.76,1.7,5.9,8,0.228,0.457,3,90,1,0,420,Risky
4909,27,33819.79,14.2,2.3,6,0.233,0.365,0,30,1,0,602,Poor
4910,35,127139.13,2.3,0.9,10,0.344,0.487,1,0,0,0,644,Poor
4911,41,54913.6,2.6,4.7,8,0.333,0.509,2,60,1,0,549,Risky
4912,47,25286.98,0.2,8.3,13,0.622,0.163,0,90,0,0,544,Risky
4913,47,181405.25,0.2,0.2,9,0.217,0.205,1,0,0,0,603,Poor
4914,46,101362.42,1.5,2.7,7,0.068,0.373,0,0,1,0,629,Poor
4915,37,63583.91,0.1,23.7,8,0.014,0.249,1,0,0,0,697,Fair
4916,49,29840.9,8.5,9.8,11,0.284,0.315,2,0,2,0,531,Risky
4917,29,54510.79,9.5,3.3,4,0.228,0.373,1,0,0,0,583,Very Poor
4918,49,55527.54,5.6,10.6,11,0.204,0.323,0,0,0,0,655,Fair
4919,27,54128.96,4.8,5.0,11,0.492,0.286,3,0,4,0,492,Risky
4920,38,32489.54,0.2,6.7,4,0.587,0.552,1,0,2,0,567,Very Poor
4921,30,23297.58,26.4,3.2,4,0.09,0.232,1,0,1,0,540,Risky
4922,36,23710.05,2.3,0.0,4,0.188,0.153,1,0,1,1,426,Risky
4923,26,22921.36,9.0,22.3,1,0.367,0.233,2,60,0,0,571,Very Poor
4924,32,111531.4,2.2,0.3,8,0.129,0.19,0,30,1,0,625,Poor
4925,21,48609.69,0.6,1.5,6,0.127,0.419,1,30,1,0,556,Very Poor
4926,27,41771.73,5.8,1.0,5,0.546,0.363,1,60,0,0,551,Very Poor
4927,29,52406.41,0.3,5.7,8,0.077,0.247,0,0,2,0,550,Risky
4928,65,15799.23,0.3,18.5,8,0.325,0.296,1,0,2,0,637,Poor
4929,41,15421.66,9.6,1.4,8,0.087,0.153,3,30,1,0,444,Risky
4930,41,23543.86,14.5,1.6,12,0.156,0.29,1,0,0,0,558,Very Poor
4931,41,62546.37,0.6,3.1,10,0.339,0.205,2,0,1,0,526,Risky
4932,62,57603.63,1.7,27.7,3,0.055,0.234,1,0,1,0,705,Good
4933,40,22853.21,8.6,6.4,10,0.334,0.426,0,0,1,0,565,Very Poor
4934,40,81444.65,9.8,0.6,6,0.432,0.235,0,0,0,0,588,Very Poor
4935,61,31387.73,0.1,0.3,4,0.089,0.448,1,90,3,0,457,Risky
4936,44,67372.04,4.2,0.1,7,0.451,0.332,0,60,2,0,573,Very Poor
4937,27,73427.76,3.3,3.0,6,0.06,0.501,0,0,1,0,614,Poor
4938,41,29918.64,22.7,4.9,7,0.321,0.488,4,0,2,0,500,Risky
4939,39,64090.37,5.1,33.0,4,0.459,0.39,1,0,0,0,749,Good
4940,31,72686.47,4.4,4.8,3,0.336,0.325,1,0,2,0,589,Very Poor
4941,41,43476.47,7.8,7.3,8,0.447,0.22,6,30,0,0,479,Risky
4942,28,24869.14,13.2,3.6,2,0.189,0.185,1,30,0,0,551,Very Poor
4943,37,48547.55,11.6,1.8,8,0.14,0.767,2,0,0,0,530,Risky
4944,53,63833.4,5.6,1.7,8,0.113,0.27,1,0,2,0,586,Very Poor
4945,30,36735.17,2.9,11.0,10,0.115,0.238,0,30,0,0,617,Poor
4946,61,17390.95,1.3,8.7,6,0.071,0.234,0,0,1,1,471,Risky
4947,46,53778.28,22.9,6.4,9,0.411,0.489,2,0,1,0,555,Very Poor
4948,55,87589.07,0.1,10.7,9,0.399,0.255,0,0,1,0,660,Fair
4949,57,48881.12,0.7,3.5,9,0.254,0.518,2,0,0,0,553,Very Poor
4950,33,18598.11,4.1,1.5,9,0.302,0.185,2,0,0,0,489,Risky
4951,55,110390.29,1.4,4.5,10,0.156,0.474,2,30,0,0,541,Risky
4952,52,70312.73,24.3,1.2,3,0.566,0.338,0,0,0,0,555,Very Poor
4953,37,237721.41,0.3,14.0,9,0.178,0.508,1,0,0,0,652,Fair
4954,52,99527.77,14.6,4.8,14,0.29,0.265,0,0,2,0,565,Very Poor
4955,61,10073.63,7.0,6.2,8,0.443,0.091,2,60,2,0,408,Risky
4956,31,28391.48,10.3,5.4,11,0.374,0.099,2,0,0,0,587,Very Poor
4957,35,57567.41,6.7,3.1,9,0.224,0.215,1,30,0,0,610,Poor
4958,48,33695.99,2.9,10.1,2,0.354,0.167,2,0,1,0,551,Very Poor
4959,41,75896.93,7.6,8.8,9,0.055,0.172,0,0,1,0,684,Fair
4960,29,22019.37,11.8,3.8,3,0.356,0.304,1,0,0,0,480,Risky
4961,31,17293.03,5.6,14.2,10,0.322,0.428,0,0,1,0,585,Very Poor
4962,28,63475.41,13.6,3.4,9,0.269,0.201,1,30,0,0,564,Very Poor
4963,61,82817.51,10.4,4.4,10,0.222,0.659,0,30,1,0,609,Poor
4964,35,112951.54,4.3,21.4,12,0.167,0.11,0,30,0,0,690,Fair
4965,51,71111.65,8.1,1.6,6,0.451,0.186,0,0,0,0,593,Very Poor
4966,53,42790.01,11.1,3.1,10,0.073,0.491,2,0,2,0,485,Risky
4967,30,134135.25,3.8,8.4,9,0.469,0.424,0,90,2,0,637,Poor
4968,38,42372.41,1.7,2.6,9,0.354,0.045,0,30,2,0,584,Very Poor
4969,44,16272.57,8.2,14.8,14,0.212,0.275,0,0,1,0,587,Very Poor
4970,52,64790.93,1.2,1.6,10,0.565,0.178,1,0,0,0,565,Very Poor
4971,33,70475.85,5.2,12.2,5,0.347,0.413,3,0,1,0,540,Risky
4972,48,86214.83,2.9,10.2,9,0.18,0.65,0,90,0,0,588,Very Poor
4973,44,25860.07,7.8,0.4,9,0.179,0.548,1,0,3,0,525,Risky
4974,51,180227.07,9.4,40.0,7,0.288,0.645,0,0,1,0,809,Excellent
4975,34,43103.23,1.0,9.8,8,0.318,0.56,0,30,0,0,560,Very Poor
4976,45,131447.7,7.8,0.5,11,0.07,0.284,1,60,1,0,569,Very Poor
4977,39,27481.36,0.9,0.3,7,0.325,0.169,2,30,0,0,452,Risky
4978,39,210767.27,0.4,6.9,7,0.05,0.36,1,60,1,0,618,Poor
4979,21,47839.73,0.3,4.6,9,0.238,0.125,1,0,0,0,538,Risky
4980,46,25355.08,9.0,3.6,15,0.068,0.326,1,60,0,0,573,Very Poor
4981,46,46920.69,6.1,9.7,6,0.296,0.498,0,0,0,0,617,Poor
4982,35,73659.69,8.2,1.8,7,0.599,0.454,1,0,0,0,526,Risky
4983,35,60968.05,12.0,3.2,7,0.097,0.298,0,0,4,0,579,Very Poor
4984,38,64240.11,6.0,8.9,7,0.044,0.299,1,0,1,0,594,Very Poor
4985,34,14967.74,7.2,2.7,5,0.079,0.334,0,0,2,0,486,Risky
4986,38,102856.65,4.6,19.6,16,0.075,0.255,1,0,1,0,716,Good
4987,40,43862.15,4.4,2.0,7,0.33,0.343,1,30,1,0,589,Very Poor
4988,37,27534.3,5.5,16.1,10,0.6,0.438,0,0,5,1,462,Risky
4989,21,52985.69,3.0,1.6,12,0.547,0.351,1,30,0,0,510,Risky
4990,43,16767.42,0.7,3.6,12,0.164,0.121,3,0,0,0,478,Risky
4991,39,124169.52,2.1,4.1,6,0.349,0.292,0,0,1,0,657,Fair
4992,39,23611.31,6.9,16.8,10,0.223,0.157,1,0,3,0,564,Very Poor
4993,52,45709.05,4.2,10.9,9,0.391,0.26,3,60,0,0,524,Risky
4994,21,70701.39,0.2,0.5,4,0.148,0.56,0,0,1,0,522,Risky
4995,33,85428.97,11.0,2.1,7,0.09,0.255,3,0,1,0,629,Poor
4996,35,25334.98,4.6,11.3,10,0.249,0.415,0,0,0,1,466,Risky
4997,21,18531.01,0.9,21.5,5,0.595,0.327,5,0,0,0,532,Risky
4998,27,50561.84,15.3,2.2,9,0.067,0.087,3,60,2,0,550,Risky
4999,40,270594.32,2.9,4.3,13,0.176,0.104,1,0,3,0,681,Fair
5000,27,69908.82,2.0,15.8,8,0.263,0.135,1,0,1,0,639,Poor
5001,32,46077.28,11.1,10.4,9,0.131,0.445,1,0,0,0,581,Very Poor
5002,55,60930.1,19.2,3.1,6,0.334,0.347,1,60,2,0,560,Very Poor
5003,25,8688.95,4.3,1.4,9,0.091,0.226,3,0,1,0,426,Risky
5004,39,16526.74,1.3,11.7,8,0.193,0.488,0,0,0,0,647,Poor
5005,41,51255.02,4.9,3.4,4,0.114,0.379,1,0,0,0,558,Very Poor
5006,50,36076.39,0.3,0.6,8,0.464,0.325,2,0,0,0,517,Risky
5007,34,43813.2,3.5,17.9,8,0.661,0.287,3,0,0,0,627,Poor
5008,23,14520.01,5.2,4.6,7,0.145,0.38,1,30,0,0,527,Risky
5009,51,20724.46,5.4,9.5,7,0.196,0.217,0,0,2,0,551,Very Poor
5010,59,36998.68,6.1,6.6,5,0.333,0.228,1,120,1,0,552,Very Poor
5011,30,28260.12,0.6,2.1,4,0.486,0.504,1,90,3,0,452,Risky
5012,21,230343.41,6.5,0.2,3,0.228,0.23,2,0,1,0,533,Risky
5013,44,10285.13,9.2,3.1,9,0.073,0.364,1,0,2,0,512,Risky
5014,56,173939.28,3.1,4.4,11,0.186,0.422,1,30,0,0,614,Poor
5015,30,34074.39,9.6,0.4,9,0.351,0.234,1,0,1,0,552,Very Poor
5016,36,214688.84,6.0,3.8,8,0.303,0.187,1,0,4,0,610,Poor
5017,32,68874.99,3.5,3.0,4,0.154,0.42,2,0,0,1,486,Risky
5018,47,14444.34,7.8,8.9,8,0.35,0.222,0,60,2,0,525,Risky
5019,32,29544.35,1.2,1.0,5,0.067,0.314,1,0,0,0,579,Very Poor
5020,32,59493.45,13.5,0.7,6,0.441,0.329,0,30,1,0,580,Very Poor
5021,33,74042.86,2.2,1.3,7,0.266,0.258,1,0,1,0,598,Very Poor
5022,40,120048.74,5.8,5.4,9,0.264,0.207,2,0,3,0,537,Risky
5023,43,88240.46,8.2,7.1,5,0.444,0.317,2,30,2,0,530,Risky
5024,48,12558.35,2.1,7.8,11,0.023,0.258,3,0,1,0,497,Risky
5025,40,37125.9,4.4,33.2,7,0.171,0.195,2,0,0,0,639,Poor
5026,45,238864.72,0.4,4.1,11,0.558,0.149,0,90,0,0,597,Very Poor
5027,37,90339.42,7.6,14.1,5,0.371,0.479,0,0,1,0,672,Fair
5028,49,141502.57,0.6,1.6,8,0.405,0.459,1,0,0,0,604,Poor
5029,38,14633.51,13.2,7.6,11,0.772,0.159,0,60,2,0,496,Risky
5030,47,37890.3,3.9,2.5,4,0.363,0.256,1,0,2,0,528,Risky
5031,55,130528.4,3.8,23.0,3,0.11,0.181,3,0,0,0,659,Fair
5032,24,120122.46,0.4,1.0,14,0.2,0.154,1,0,0,0,613,Poor
5033,35,32983.25,7.0,0.9,9,0.167,0.34,1,30,1,0,558,Very Poor
5034,34,44572.91,4.9,22.9,11,0.239,0.164,0,60,0,0,665,Fair
5035,49,277215.95,5.3,15.2,4,0.449,0.142,1,0,2,0,772,Excellent
5036,21,22494.41,7.7,3.6,11,0.487,0.389,3,0,1,0,465,Risky
5037,43,64267.09,5.2,13.8,9,0.294,0.29,2,90,0,0,593,Very Poor
5038,53,30431.89,3.4,2.7,8,0.492,0.263,1,0,0,0,562,Very Poor
5039,56,63783.59,4.6,4.5,7,0.391,0.28,0,60,0,0,574,Very Poor
5040,58,26605.0,6.7,2.7,9,0.263,0.321,1,0,2,0,531,Risky
5041,32,100851.49,19.3,4.8,7,0.305,0.203,1,0,0,0,634,Poor
5042,35,383832.01,3.1,5.3,5,0.144,0.126,1,0,3,0,611,Poor
5043,21,88963.69,0.6,0.3,7,0.278,0.2,2,30,0,0,537,Risky
5044,25,26074.22,13.2,9.1,7,0.427,0.384,1,0,2,0,540,Risky
5045,63,174903.16,20.0,9.7,4,0.273,0.219,1,0,0,1,640,Poor
5046,40,18671.08,7.2,10.5,10,0.106,0.53,1,0,2,0,542,Risky
5047,31,76108.84,0.7,0.8,8,0.08,0.178,1,0,1,0,583,Very Poor
5048,28,75131.43,9.2,29.5,7,0.15,0.348,1,0,2,0,645,Poor
5049,52,37006.5,1.9,3.8,8,0.141,0.339,1,0,0,0,565,Very Poor
5050,35,65554.38,9.0,5.6,11,0.122,0.342,2,0,3,0,583,Very Poor
5051,21,54724.48,4.5,4.0,7,0.274,0.275,1,0,3,0,570,Very Poor
5052,43,87044.48,4.3,7.8,4,0.285,0.389,2,0,1,0,653,Fair
5053,36,38629.69,1.9,4.0,9,0.3,0.316,0,0,1,0,575,Very Poor
5054,25,165199.31,3.6,17.7,7,0.579,0.345,1,30,0,1,573,Very Poor
5055,61,21720.33,2.6,4.0,7,0.194,0.279,1,0,1,0,551,Very Poor
5056,34,73390.97,4.5,6.1,10,0.48,0.136,1,60,1,0,551,Very Poor
5057,40,72759.18,4.6,4.4,6,0.215,0.264,0,0,0,0,657,Fair
5058,45,144520.96,15.1,2.6,10,0.264,0.179,0,0,0,0,608,Poor
5059,63,81649.7,5.0,0.6,6,0.172,0.464,1,60,1,0,467,Risky
5060,43,45115.41,6.2,9.8,7,0.386,0.424,0,0,0,0,652,Fair
5061,21,39244.8,13.5,0.7,10,0.5,0.384,1,60,1,0,454,Risky
5062,43,17433.46,0.6,2.8,10,0.526,0.543,1,0,0,0,511,Risky
5063,40,39029.09,3.4,2.3,8,0.348,0.055,0,30,1,0,579,Very Poor
5064,53,61675.58,3.5,11.5,4,0.301,0.502,0,30,1,0,569,Very Poor
5065,41,58835.91,2.4,16.2,1,0.528,0.252,0,0,0,0,636,Poor
5066,54,52241.9,1.6,23.6,11,0.066,0.291,0,0,3,0,712,Good
5067,28,137079.28,1.5,37.1,8,0.445,0.291,1,0,1,1,709,Good
5068,50,40773.11,10.9,0.5,8,0.135,0.169,0,0,0,0,535,Risky
5069,39,33108.12,2.3,13.9,3,0.733,0.297,2,0,3,0,582,Very Poor
5070,29,96871.87,19.1,4.9,6,0.331,0.276,0,0,2,0,633,Poor
5071,45,32230.44,5.7,7.0,7,0.422,0.197,1,0,0,1,480,Risky
5072,21,80170.33,2.0,2.5,11,0.071,0.328,0,0,1,0,596,Very Poor
5073,32,21776.19,0.3,3.2,8,0.357,0.218,1,60,0,0,533,Risky
5074,57,24313.11,1.3,6.1,6,0.07,0.474,2,30,0,0,529,Risky
5075,50,23482.88,1.1,38.0,11,0.092,0.352,0,0,1,0,727,Good
5076,31,64719.74,5.0,0.3,10,0.258,0.404,0,30,1,0,583,Very Poor
5077,33,9462.05,2.0,11.6,8,0.189,0.262,0,0,1,0,565,Very Poor
5078,46,73228.31,23.0,1.1,9,0.209,0.15,1,0,3,0,542,Risky
5079,43,40613.31,31.9,1.0,8,0.446,0.248,1,0,2,0,529,Risky
5080,38,41040.68,1.8,2.9,5,0.148,0.156,1,0,0,0,538,Risky
5081,51,98694.14,26.2,16.1,7,0.54,0.206,3,0,1,0,634,Poor
5082,33,21505.17,6.4,2.8,11,0.262,0.476,3,0,2,0,429,Risky
5083,44,72185.43,0.1,2.4,11,0.018,0.311,3,120,0,0,500,Risky
5084,36,33565.58,1.7,7.0,10,0.338,0.556,0,0,3,0,555,Very Poor
5085,35,69831.41,7.1,3.8,7,0.224,0.19,0,0,1,0,638,Poor
5086,43,17495.83,1.7,7.8,13,0.33,0.155,0,0,0,0,644,Poor
5087,44,67094.16,4.5,0.8,9,0.162,0.276,2,0,1,0,574,Very Poor
5088,52,53965.46,6.2,14.6,5,0.236,0.594,0,0,1,0,679,Fair
5089,31,17124.26,12.6,18.8,12,0.399,0.228,0,30,1,0,598,Very Poor
5090,38,26842.14,4.4,1.4,10,0.05,0.353,1,0,0,0,572,Very Poor
5091,33,33925.63,1.0,2.4,13,0.563,0.377,2,0,1,0,506,Risky
5092,39,233828.86,3.3,14.4,6,0.498,0.252,0,60,0,0,659,Fair
5093,26,29555.67,3.4,4.1,9,0.1,0.326,1,0,0,0,531,Risky
5094,39,31670.87,4.9,0.0,8,0.463,0.086,2,0,1,0,469,Risky
5095,38,47275.97,6.8,3.5,8,0.216,0.296,1,0,1,0,634,Poor
5096,30,94779.0,1.2,0.2,5,0.281,0.344,1,0,2,0,553,Very Poor
5097,52,43327.41,17.9,14.4,5,0.069,0.226,1,0,2,1,577,Very Poor
5098,42,162759.64,1.5,0.5,7,0.584,0.375,3,0,3,0,507,Risky
5099,42,85340.54,3.9,2.4,5,0.203,0.317,0,0,1,0,628,Poor
5100,24,58026.69,1.6,4.0,9,0.273,0.133,0,30,0,0,599,Very Poor
5101,42,26392.01,2.4,3.3,11,0.46,0.067,0,0,0,0,570,Very Poor
5102,43,40869.92,0.5,20.4,4,0.405,0.234,0,0,0,0,639,Poor
5103,42,72707.46,7.4,7.4,9,0.376,0.423,4,0,1,0,597,Very Poor
5104,28,20472.75,1.8,0.3,10,0.101,0.399,2,30,1,0,415,Risky
5105,38,62430.95,17.9,4.4,15,0.624,0.276,1,30,3,0,530,Risky
5106,35,41023.85,16.8,15.4,7,0.166,0.333,1,0,0,0,624,Poor
5107,51,18154.24,5.4,0.3,13,0.085,0.157,1,0,0,0,523,Risky
5108,48,22207.45,0.1,8.4,9,0.594,0.25,0,0,3,0,556,Very Poor
5109,36,41154.15,1.3,2.0,7,0.358,0.352,0,0,2,0,567,Very Poor
5110,21,53816.85,7.0,8.4,6,0.158,0.271,1,0,1,0,608,Poor
5111,33,34084.92,1.2,11.8,16,0.399,0.219,0,30,1,0,576,Very Poor
5112,29,35058.43,1.1,20.9,8,0.643,0.226,0,0,0,0,645,Poor
5113,31,82505.8,0.5,15.7,9,0.224,0.221,2,0,0,0,621,Poor
5114,46,33423.92,3.7,14.4,10,0.206,0.433,2,0,3,0,543,Risky
5115,37,85775.38,8.5,11.1,7,0.45,0.384,1,90,0,0,542,Risky
5116,45,22284.03,0.5,7.5,6,0.397,0.283,0,90,1,0,533,Risky
5117,25,47347.76,3.3,8.8,10,0.356,0.214,1,30,0,0,571,Very Poor
5118,39,69412.84,4.4,2.1,6,0.604,0.288,1,0,1,0,555,Very Poor
5119,36,18101.67,25.1,10.0,9,0.413,0.164,1,0,1,0,541,Risky
5120,51,72300.54,1.1,0.0,6,0.609,0.223,0,30,3,0,580,Very Poor
5121,63,35984.41,0.3,9.2,9,0.118,0.439,3,0,2,0,544,Risky
5122,42,95139.08,3.0,5.9,7,0.145,0.454,0,0,0,0,649,Poor
5123,35,28858.38,4.6,7.0,11,0.262,0.156,2,90,0,0,485,Risky
5124,39,22749.93,7.8,0.5,4,0.333,0.528,0,0,1,0,522,Risky
5125,56,62240.44,8.0,0.3,14,0.316,0.725,0,0,1,0,546,Risky
5126,33,79940.19,1.4,0.3,4,0.264,0.245,1,0,1,0,570,Very Poor
5127,39,39008.28,2.7,0.8,5,0.098,0.53,0,0,0,1,480,Risky
5128,52,124540.4,2.7,2.1,7,0.096,0.341,1,0,1,0,591,Very Poor
5129,39,42577.69,7.9,7.5,4,0.465,0.438,0,60,0,0,542,Risky
5130,40,15757.99,3.1,4.8,7,0.213,0.295,0,0,0,0,606,Poor
5131,37,53381.73,1.9,1.3,9,0.377,0.241,1,0,3,0,596,Very Poor
5132,40,40326.74,0.9,3.7,9,0.297,0.508,1,30,1,0,562,Very Poor
5133,43,162563.26,1.0,2.3,8,0.18,0.595,0,0,1,0,692,Fair
5134,29,75360.85,7.5,2.4,5,0.403,0.466,0,0,1,0,554,Very Poor
5135,30,44359.26,2.5,3.4,12,0.126,0.427,2,30,2,1,392,Risky
5136,49,50587.92,0.7,0.7,8,0.044,0.278,0,0,1,0,561,Very Poor
5137,37,60704.39,0.6,18.4,11,0.049,0.299,1,0,0,0,696,Fair
5138,32,56108.47,3.3,3.0,5,0.227,0.489,3,30,1,0,516,Risky
5139,38,12769.65,1.5,6.4,4,0.277,0.142,2,0,1,0,496,Risky
5140,21,151667.87,0.1,5.9,9,0.179,0.278,1,0,0,0,634,Poor
5141,48,417800.39,6.0,1.4,8,0.139,0.389,0,30,1,0,687,Fair
5142,46,27590.39,9.3,12.9,6,0.567,0.389,1,0,0,0,618,Poor
5143,51,77751.5,0.9,8.1,10,0.407,0.334,3,0,1,0,571,Very Poor
5144,21,108608.39,1.9,23.8,5,0.302,0.219,0,60,0,0,665,Fair
5145,30,29549.85,5.0,5.9,2,0.344,0.433,1,0,1,0,529,Risky
5146,36,51079.9,1.3,2.4,9,0.262,0.204,0,0,0,0,622,Poor
5147,43,371756.87,7.0,1.0,6,0.199,0.485,0,0,2,0,647,Poor
5148,44,35325.98,0.6,3.5,7,0.28,0.074,2,0,0,0,540,Risky
5149,31,33650.08,1.6,7.4,5,0.148,0.289,1,0,1,0,563,Very Poor
5150,33,40387.18,4.3,16.0,8,0.317,0.209,0,30,1,0,602,Poor
5151,35,150982.65,1.0,17.0,8,0.273,0.222,1,0,2,1,617,Poor
5152,33,57364.0,20.6,4.2,9,0.243,0.487,1,0,1,0,606,Poor
5153,35,234818.94,9.1,13.5,11,0.104,0.289,0,0,1,1,656,Fair
5154,31,25932.36,7.6,10.8,9,0.264,0.308,0,0,2,0,533,Risky
5155,44,7522.42,3.2,6.9,6,0.173,0.157,0,30,2,0,512,Risky
5156,47,243832.69,7.4,10.0,7,0.236,0.405,2,0,1,0,679,Fair
5157,37,30280.68,16.4,2.8,8,0.484,0.318,2,60,1,0,502,Risky
5158,31,151103.32,3.6,0.6,7,0.135,0.276,0,0,1,0,603,Poor
5159,22,20003.3,7.1,14.8,13,0.104,0.261,0,0,1,0,560,Very Poor
5160,42,29491.84,3.5,2.7,8,0.479,0.341,1,60,2,0,440,Risky
5161,35,25243.04,6.9,3.2,6,0.015,0.43,3,0,1,0,495,Risky
5162,35,24984.6,5.7,5.1,4,0.212,0.397,1,30,0,0,523,Risky
5163,64,7125.51,0.0,0.7,7,0.554,0.284,3,0,0,0,445,Risky
5164,45,57745.33,10.3,2.3,10,0.382,0.543,1,0,1,0,550,Risky
5165,21,122810.2,0.9,34.8,12,0.088,0.195,1,120,3,0,680,Fair
5166,50,67757.24,0.0,1.3,7,0.259,0.344,2,30,0,0,579,Very Poor
5167,50,23021.31,0.0,3.3,7,0.116,0.698,1,0,0,0,541,Risky
5168,52,71047.68,0.5,6.2,6,0.085,0.108,2,0,2,0,603,Poor
5169,21,108427.82,5.0,18.4,7,0.177,0.178,0,90,0,0,648,Poor
5170,33,50011.86,0.3,3.8,7,0.365,0.485,1,60,1,0,547,Risky
5171,50,12305.62,2.6,12.4,6,0.696,0.34,1,0,1,0,523,Risky
5172,60,26433.06,5.1,15.0,10,0.534,0.36,1,0,3,0,582,Very Poor
5173,41,27333.96,2.7,6.4,6,0.026,0.466,1,0,1,0,526,Risky
5174,41,20607.84,0.1,4.6,10,0.486,0.362,1,0,0,0,565,Very Poor
5175,37,15328.74,2.4,10.1,4,0.202,0.255,2,0,0,0,562,Very Poor
5176,40,10503.31,5.1,14.7,13,0.301,0.688,1,90,3,0,488,Risky
5177,36,42871.4,1.7,0.8,14,0.347,0.319,1,60,1,0,468,Risky
5178,28,73139.37,4.4,4.6,7,0.088,0.339,3,0,1,0,520,Risky
5179,34,13663.72,16.2,1.3,7,0.229,0.142,2,0,1,0,514,Risky
5180,43,13659.45,7.0,0.1,14,0.332,0.179,0,0,0,0,467,Risky
5181,42,60778.23,1.6,9.4,7,0.228,0.126,0,0,2,0,593,Very Poor
5182,45,94263.23,1.4,5.2,6,0.371,0.369,0,0,2,0,605,Poor
5183,38,15723.08,8.3,9.4,8,0.178,0.368,0,0,1,0,537,Risky
5184,27,90230.36,21.4,8.5,4,0.252,0.488,0,0,3,1,575,Very Poor
5185,49,35701.82,2.0,1.8,5,0.289,0.367,2,0,0,0,473,Risky
5186,30,9188.61,6.7,6.2,4,0.325,0.312,1,60,1,0,443,Risky
5187,39,28889.87,3.4,0.8,5,0.202,0.334,3,0,1,0,480,Risky
5188,34,119501.13,20.3,20.2,3,0.24,0.354,3,0,0,0,624,Poor
5189,32,23855.03,3.4,4.1,13,0.419,0.26,1,0,2,0,564,Very Poor
5190,36,97651.39,1.0,19.9,6,0.104,0.344,0,30,1,0,694,Fair
5191,46,65277.61,5.1,18.4,9,0.547,0.374,2,0,0,0,614,Poor
5192,34,8967.5,7.5,2.5,9,0.138,0.289,1,30,1,0,425,Risky
5193,23,36484.54,4.4,13.2,4,0.351,0.392,0,0,2,0,621,Poor
5194,40,81237.42,2.6,0.2,5,0.367,0.136,2,60,2,0,539,Risky
5195,40,112803.21,5.5,0.1,8,0.144,0.202,4,0,1,0,497,Risky
5196,33,43531.21,0.1,1.5,9,0.493,0.497,2,0,2,0,550,Risky
5197,42,105589.16,0.2,11.6,4,0.157,0.549,2,0,1,0,574,Very Poor
5198,39,173454.38,7.2,23.6,9,0.066,0.182,2,0,0,0,770,Excellent
5199,50,87039.42,10.8,6.6,12,0.209,0.267,1,0,0,0,609,Poor
5200,49,57098.02,1.6,4.8,9,0.288,0.138,1,0,0,0,573,Very Poor
5201,36,34507.12,4.6,4.4,7,0.192,0.549,1,0,0,0,495,Risky
5202,44,8209.16,3.4,8.1,5,0.366,0.227,0,0,0,0,556,Very Poor
5203,24,29373.16,0.2,0.0,12,0.638,0.234,2,0,1,0,499,Risky
5204,22,23493.06,1.9,4.6,9,0.152,0.164,0,30,1,0,557,Very Poor
5205,60,165170.66,9.6,25.0,8,0.365,0.148,1,0,1,0,774,Excellent
5206,53,153277.66,1.9,4.0,5,0.299,0.512,3,0,1,0,609,Poor
5207,52,129115.29,4.5,1.9,18,0.115,0.333,2,0,1,0,582,Very Poor
5208,25,16546.22,13.7,0.8,7,0.157,0.576,3,60,3,0,358,Risky
5209,27,16502.21,10.2,1.5,9,0.092,0.312,0,0,2,0,516,Risky
5210,42,70850.74,19.4,6.6,7,0.352,0.182,3,90,2,0,517,Risky
5211,43,49340.96,0.1,3.4,6,0.122,0.305,0,60,2,0,499,Risky
5212,21,145021.1,0.2,0.4,6,0.119,0.503,1,0,0,0,646,Poor
5213,50,62040.64,17.8,27.0,5,0.258,0.026,1,0,2,0,673,Fair
5214,37,86635.53,7.3,16.9,5,0.154,0.438,0,60,1,0,648,Poor
5215,48,79550.15,2.2,3.0,9,0.31,0.13,1,0,1,0,602,Poor
5216,49,25287.9,3.2,0.5,11,0.156,0.112,1,0,2,0,547,Risky
5217,53,143672.64,9.4,5.1,8,0.164,0.077,0,90,2,0,591,Very Poor
5218,56,35160.86,23.7,10.7,13,0.348,0.319,0,0,0,0,643,Poor
5219,37,32920.39,7.6,0.3,13,0.417,0.357,1,0,1,0,555,Very Poor
5220,53,15018.69,6.7,3.9,6,0.401,0.283,2,0,2,0,468,Risky
5221,24,72896.5,5.6,17.4,6,0.496,0.483,3,0,0,0,562,Very Poor
5222,54,49966.01,11.3,29.0,6,0.339,0.346,0,0,0,0,698,Fair
5223,32,30869.91,7.1,0.7,5,0.496,0.588,0,30,1,0,482,Risky
5224,40,56742.81,1.0,9.6,15,0.33,0.266,2,0,1,0,561,Very Poor
5225,51,113430.44,0.1,10.1,7,0.172,0.094,2,0,1,0,609,Poor
5226,60,32295.05,1.7,0.9,11,0.072,0.348,1,0,0,1,481,Risky
5227,49,26715.78,0.7,14.1,18,0.047,0.195,2,60,2,0,571,Very Poor
5228,61,69268.68,0.9,9.9,9,0.101,0.274,0,0,0,0,708,Good
5229,39,86010.54,4.7,12.6,6,0.197,0.34,2,0,1,0,611,Poor
5230,64,309578.32,10.7,5.4,7,0.115,0.351,0,0,0,0,741,Good
5231,27,38022.95,8.6,29.1,9,0.405,0.394,1,0,0,0,700,Fair
5232,59,36729.53,1.1,17.6,5,0.502,0.436,0,0,1,0,567,Very Poor
5233,38,188206.51,2.1,3.5,14,0.51,0.229,2,60,0,0,541,Risky
5234,39,25324.32,0.6,6.5,19,0.122,0.266,0,0,0,0,588,Very Poor
5235,35,75331.52,4.3,2.1,8,0.645,0.332,1,0,1,0,575,Very Poor
5236,43,8119.52,0.2,6.4,6,0.305,0.368,0,0,1,0,464,Risky
5237,21,48283.09,0.3,18.5,10,0.428,0.248,0,0,2,0,680,Fair
5238,56,44584.7,7.4,6.7,5,0.242,0.525,0,0,2,0,595,Very Poor
5239,42,127371.52,6.9,2.6,7,0.503,0.484,1,0,0,0,575,Very Poor
5240,28,55775.12,3.8,0.0,4,0.186,0.459,0,0,0,0,607,Poor
5241,37,10688.41,7.1,4.3,5,0.574,0.56,3,0,2,0,388,Risky
5242,56,101109.31,5.4,8.1,8,0.236,0.167,1,90,1,0,592,Very Poor
5243,48,70720.71,0.4,2.0,10,0.168,0.361,0,0,0,0,594,Very Poor
5244,62,118959.89,5.1,4.1,14,0.159,0.206,2,30,2,0,547,Risky
5245,51,55939.33,7.2,9.4,8,0.367,0.309,4,0,0,0,534,Risky
5246,45,51644.35,7.1,13.6,14,0.478,0.478,0,120,0,0,573,Very Poor
5247,49,59705.4,0.0,3.0,8,0.114,0.198,0,30,0,0,608,Poor
5248,41,61882.08,0.7,2.2,9,0.316,0.328,0,0,1,0,574,Very Poor
5249,21,81510.82,0.8,3.7,3,0.127,0.338,0,0,1,0,549,Risky
5250,43,71242.64,3.4,15.4,6,0.093,0.46,1,0,1,0,665,Fair
5251,40,85979.5,2.1,4.8,11,0.274,0.344,3,30,4,0,515,Risky
5252,33,22362.16,0.9,2.9,5,0.224,0.289,1,0,2,0,507,Risky
5253,46,34217.14,3.4,7.2,14,0.399,0.431,2,0,2,0,533,Risky
5254,36,14429.28,3.3,1.0,12,0.351,0.383,0,0,2,0,501,Risky
5255,43,77408.54,2.0,17.7,4,0.111,0.202,2,0,2,0,624,Poor
5256,21,13599.33,5.6,13.5,12,0.029,0.112,0,0,2,0,558,Very Poor
5257,60,44964.65,3.1,0.1,6,0.139,0.106,4,0,0,0,525,Risky
5258,61,22891.7,2.6,1.8,5,0.339,0.34,0,0,4,0,496,Risky
5259,66,83644.91,21.6,0.8,16,0.16,0.368,0,0,2,0,634,Poor
5260,42,35799.83,2.2,1.1,9,0.293,0.413,0,0,1,0,566,Very Poor
5261,36,24597.47,4.3,1.6,9,0.542,0.256,1,0,1,0,485,Risky
5262,36,41102.99,12.9,30.1,10,0.606,0.188,2,60,2,0,632,Poor
5263,29,20784.22,0.1,1.5,7,0.346,0.422,1,60,0,0,478,Risky
5264,58,20378.08,24.7,7.6,8,0.331,0.23,0,0,0,0,607,Poor
5265,43,44505.9,8.2,1.6,13,0.26,0.349,0,0,1,0,589,Very Poor
5266,61,46738.46,6.8,12.1,11,0.337,0.037,1,0,1,0,628,Poor
5267,26,104939.63,5.8,20.7,11,0.164,0.197,0,60,0,0,669,Fair
5268,55,15799.5,6.0,8.7,14,0.448,0.078,0,30,2,0,544,Risky
5269,45,31106.13,0.8,7.8,5,0.582,0.258,0,90,1,0,507,Risky
5270,48,25172.12,6.4,7.2,3,0.304,0.256,1,0,0,0,574,Very Poor
5271,30,101933.19,1.2,3.4,8,0.131,0.574,0,0,0,0,622,Poor
5272,35,306536.71,1.4,2.0,8,0.327,0.15,1,0,0,0,666,Fair
5273,39,32319.0,0.1,1.0,7,0.403,0.241,2,0,2,0,466,Risky
5274,26,139060.74,3.2,9.0,9,0.368,0.24,0,120,2,0,588,Very Poor
5275,28,37005.56,1.2,3.6,10,0.138,0.4,1,90,2,0,478,Risky
5276,30,97294.39,11.4,11.3,9,0.278,0.193,2,30,1,0,632,Poor
5277,51,100140.6,0.7,9.9,10,0.483,0.413,5,0,0,0,584,Very Poor
5278,36,59972.21,2.1,1.6,3,0.771,0.418,0,0,1,0,594,Very Poor
5279,45,17137.95,7.0,3.5,11,0.765,0.428,0,0,1,0,526,Risky
5280,58,4463.05,0.6,5.0,4,0.352,0.341,1,30,1,0,458,Risky
5281,55,63419.15,3.8,8.6,5,0.339,0.219,1,0,2,0,563,Very Poor
5282,43,72325.65,5.1,0.5,9,0.266,0.226,0,0,1,0,620,Poor
5283,61,16016.89,1.1,5.5,9,0.327,0.115,2,0,1,0,548,Risky
5284,21,14750.74,3.3,0.2,8,0.171,0.417,1,30,2,0,450,Risky
5285,36,187874.49,10.2,9.7,8,0.263,0.382,0,30,2,0,646,Poor
5286,44,43250.81,8.5,26.5,7,0.188,0.29,0,30,0,0,693,Fair
5287,70,85555.52,6.2,1.0,11,0.359,0.228,1,0,0,0,615,Poor
5288,40,36853.04,2.4,4.8,17,0.284,0.516,0,60,1,0,520,Risky
5289,36,11979.68,1.6,0.8,6,0.033,0.325,0,0,1,0,533,Risky
5290,59,4080.82,6.3,17.2,8,0.364,0.221,1,0,1,0,521,Risky
5291,50,40926.74,1.2,21.1,9,0.146,0.347,3,0,0,0,589,Very Poor
5292,32,64655.63,4.5,0.7,12,0.172,0.183,2,90,2,0,533,Risky
5293,49,76359.65,0.5,5.6,9,0.012,0.113,0,0,0,0,661,Fair
5294,28,29926.9,7.4,7.2,12,0.04,0.382,1,0,1,0,585,Very Poor
5295,39,43069.66,14.5,13.2,5,0.708,0.122,0,120,0,0,557,Very Poor
5296,26,14835.51,4.7,6.5,8,0.303,0.102,0,0,1,0,509,Risky
5297,49,41229.21,0.1,2.8,7,0.087,0.198,1,0,0,0,546,Risky
5298,37,93058.61,4.3,4.1,10,0.216,0.424,1,90,1,0,563,Very Poor
5299,61,52973.62,0.1,18.2,8,0.32,0.29,0,90,0,0,664,Fair
5300,42,156033.91,3.2,16.8,9,0.104,0.317,1,0,1,0,732,Good
5301,22,46599.32,1.1,20.8,8,0.264,0.162,1,0,3,0,611,Poor
5302,46,141158.72,7.8,39.6,4,0.37,0.151,0,0,0,0,850,Excellent
5303,34,36175.53,4.2,1.9,6,0.189,0.581,1,0,0,0,540,Risky
5304,33,35678.33,5.9,6.7,6,0.066,0.365,1,0,1,1,480,Risky
5305,21,30461.97,0.2,4.2,11,0.138,0.224,1,0,1,0,618,Poor
5306,21,25706.57,3.0,22.6,11,0.237,0.232,0,30,2,0,656,Fair
5307,45,50155.95,3.0,9.5,10,0.252,0.222,1,0,0,0,591,Very Poor
5308,25,60743.0,0.4,30.1,7,0.213,0.164,2,0,1,0,722,Good
5309,42,79510.53,2.1,11.8,16,0.311,0.165,1,90,0,0,625,Poor
5310,41,31558.31,0.0,11.2,6,0.101,0.173,0,0,0,0,651,Fair
5311,24,24566.46,9.8,10.9,5,0.142,0.203,0,30,1,0,567,Very Poor
5312,50,68503.59,15.6,3.0,7,0.359,0.363,1,60,2,0,503,Risky
5313,22,99624.81,0.4,3.1,7,0.184,0.173,0,30,1,0,581,Very Poor
5314,41,43536.59,5.9,1.0,11,0.254,0.245,2,30,1,0,523,Risky
5315,21,75329.8,3.6,4.1,9,0.26,0.332,4,0,0,0,497,Risky
5316,32,62562.42,0.7,2.9,4,0.389,0.106,1,30,3,0,544,Risky
5317,46,214771.28,1.2,12.9,6,0.146,0.303,1,0,1,0,750,Good
5318,52,39875.32,5.7,4.6,6,0.288,0.326,0,0,2,0,604,Poor
5319,56,206735.13,0.9,14.7,5,0.228,0.557,3,0,2,0,619,Poor
5320,70,31760.95,0.4,8.8,9,0.215,0.5,2,30,0,0,524,Risky
5321,32,32866.34,2.7,7.9,4,0.367,0.452,1,0,1,0,532,Risky
5322,51,46961.95,6.6,0.4,6,0.146,0.37,0,0,2,0,561,Very Poor
5323,32,24598.28,0.7,3.9,8,0.157,0.364,2,0,0,0,529,Risky
5324,49,79402.58,2.0,6.3,6,0.35,0.359,0,0,0,0,597,Very Poor
5325,39,42523.44,3.2,1.0,5,0.242,0.39,2,0,0,0,498,Risky
5326,62,50039.58,0.4,6.6,7,0.459,0.478,0,0,0,0,609,Poor
5327,49,65085.33,1.5,2.1,7,0.06,0.278,0,0,1,0,615,Poor
5328,34,22041.83,5.1,2.2,5,0.26,0.37,0,0,0,0,557,Very Poor
5329,67,32309.04,6.7,1.8,8,0.18,0.195,3,0,0,0,528,Risky
5330,41,45806.82,0.2,0.2,15,0.166,0.313,1,0,0,0,524,Risky
5331,48,63821.03,0.7,9.0,11,0.287,0.223,1,0,1,0,575,Very Poor
5332,47,13956.36,0.4,7.2,10,0.239,0.251,3,0,1,0,460,Risky
5333,39,6877.6,6.3,9.1,3,0.098,0.516,2,0,0,0,447,Risky
5334,39,24386.82,6.5,14.8,11,0.377,0.404,0,30,3,0,561,Very Poor
5335,35,22358.2,0.1,5.9,10,0.251,0.298,0,0,0,0,555,Very Poor
5336,56,23290.32,4.7,16.3,7,0.315,0.198,2,0,0,0,547,Risky
5337,39,71880.44,0.6,2.0,6,0.32,0.274,0,60,1,0,576,Very Poor
5338,40,32368.13,4.5,2.2,4,0.152,0.531,0,60,0,0,534,Risky
5339,55,24810.88,5.8,2.8,4,0.192,0.072,1,0,0,0,606,Poor
5340,29,180960.44,2.5,13.7,4,0.414,0.14,1,90,2,0,622,Poor
5341,57,10597.33,10.7,2.0,10,0.304,0.34,4,0,1,1,307,Risky
5342,43,37254.32,2.9,14.9,9,0.485,0.074,1,0,0,0,578,Very Poor
5343,51,20361.68,19.9,18.1,8,0.408,0.097,1,0,0,0,623,Poor
5344,54,22358.27,8.1,5.2,10,0.124,0.369,1,0,1,0,485,Risky
5345,55,50398.22,6.2,1.6,3,0.247,0.439,0,0,0,0,586,Very Poor
5346,34,115947.27,2.4,0.5,6,0.226,0.358,0,30,0,0,570,Very Poor
5347,41,45750.04,1.0,8.1,7,0.511,0.279,0,30,1,0,577,Very Poor
5348,37,41616.48,3.6,2.7,10,0.381,0.244,0,0,0,0,582,Very Poor
5349,21,196102.28,0.2,24.9,3,0.076,0.756,0,30,1,0,746,Good
5350,58,64423.35,2.2,3.9,11,0.084,0.512,0,0,1,0,607,Poor
5351,26,26271.22,15.8,6.5,6,0.008,0.295,1,30,0,0,529,Risky
5352,55,81371.26,4.9,0.8,6,0.231,0.292,2,0,0,0,596,Very Poor
5353,28,82316.49,7.4,14.8,6,0.252,0.22,1,0,3,0,647,Poor
5354,46,141532.78,6.9,22.2,6,0.312,0.406,0,0,2,0,742,Good
5355,40,33123.45,11.0,3.5,7,0.426,0.138,3,0,1,0,501,Risky
5356,46,40304.6,4.0,2.0,7,0.293,0.287,5,0,0,0,502,Risky
5357,30,37090.69,4.9,14.9,13,0.332,0.367,1,0,0,0,630,Poor
5358,34,62601.99,0.0,0.9,8,0.606,0.109,2,0,0,0,536,Risky
5359,21,46710.57,5.2,0.9,5,0.242,0.288,0,0,1,0,560,Very Poor
5360,27,36237.93,3.6,9.4,4,0.431,0.367,1,30,1,0,549,Risky
5361,42,68648.56,12.0,40.0,4,0.256,0.328,1,0,2,0,770,Excellent
5362,54,142974.54,1.1,20.1,6,0.091,0.506,0,0,0,0,701,Good
5363,25,188360.71,1.8,5.9,6,0.216,0.446,1,90,1,0,597,Very Poor
5364,43,32238.49,9.8,6.8,10,0.178,0.217,1,0,2,0,547,Risky
5365,41,79563.3,6.1,2.4,6,0.102,0.33,1,30,3,0,571,Very Poor
5366,56,16264.97,2.2,3.7,10,0.304,0.386,1,0,1,0,494,Risky
5367,47,113299.62,2.2,0.4,9,0.216,0.286,0,0,1,0,610,Poor
5368,50,41461.72,1.9,1.6,9,0.309,0.231,1,0,3,0,465,Risky
5369,28,141889.05,28.3,0.3,6,0.365,0.325,1,120,1,1,412,Risky
5370,53,12299.62,0.9,5.7,9,0.121,0.324,0,0,3,0,484,Risky
5371,49,10212.13,13.6,12.1,8,0.373,0.52,0,90,0,0,482,Risky
5372,29,45571.32,3.5,6.1,8,0.378,0.18,3,30,3,0,500,Risky
5373,51,45330.3,9.9,11.8,9,0.197,0.295,1,30,2,0,607,Poor
5374,40,17547.89,0.1,8.0,7,0.494,0.23,2,0,2,0,534,Risky
5375,45,27512.22,7.1,2.6,8,0.186,0.19,0,0,3,0,533,Risky
5376,37,43356.6,0.9,4.7,6,0.329,0.025,2,0,0,0,580,Very Poor
5377,25,13982.9,1.5,1.3,5,0.14,0.17,1,0,1,1,430,Risky
5378,48,31072.42,1.0,7.8,4,0.195,0.295,0,30,0,0,559,Very Poor
5379,34,60502.47,0.7,11.5,8,0.086,0.371,3,0,1,0,595,Very Poor
5380,21,74136.56,5.6,1.2,7,0.176,0.124,1,0,2,0,579,Very Poor
5381,54,41960.34,6.8,7.5,6,0.353,0.394,1,30,1,0,530,Risky
5382,37,41487.66,7.1,0.7,11,0.294,0.464,0,0,1,0,604,Poor
5383,55,58276.11,2.5,6.9,6,0.302,0.23,1,0,0,0,598,Very Poor
5384,29,51457.86,3.9,14.5,2,0.201,0.112,2,0,0,0,630,Poor
5385,40,100372.34,15.5,6.5,3,0.46,0.328,3,0,0,0,577,Very Poor
5386,48,135978.23,12.3,8.6,5,0.334,0.298,1,0,1,0,612,Poor
5387,29,36870.95,13.1,0.7,16,0.222,0.251,0,0,0,0,573,Very Poor
5388,21,95737.97,0.6,9.2,9,0.153,0.435,0,60,0,0,547,Risky
5389,38,167207.01,5.4,0.7,8,0.466,0.146,1,30,0,0,635,Poor
5390,43,23693.15,10.7,15.8,5,0.087,0.271,1,0,0,0,595,Very Poor
5391,41,26553.95,3.5,1.1,15,0.302,0.26,0,0,0,0,500,Risky
5392,26,149284.36,0.5,4.7,5,0.344,0.501,1,0,0,0,595,Very Poor
5393,45,111513.25,2.5,8.9,5,0.039,0.36,0,0,1,0,667,Fair
5394,37,34326.35,0.9,5.8,5,0.341,0.192,1,0,0,0,575,Very Poor
5395,39,86958.92,3.1,5.8,8,0.027,0.246,1,0,4,0,585,Very Poor
5396,40,22925.69,11.2,2.8,4,0.316,0.194,0,0,2,0,542,Risky
5397,34,33744.26,16.0,19.6,5,0.258,0.038,0,60,3,0,581,Very Poor
5398,35,60860.13,12.6,1.7,12,0.074,0.334,0,0,0,0,654,Fair
5399,26,38737.75,4.7,1.8,11,0.322,0.415,3,30,1,0,491,Risky
5400,24,35841.18,6.9,4.1,5,0.043,0.512,1,60,3,1,368,Risky
5401,42,60848.08,5.9,9.1,3,0.228,0.397,3,0,1,0,554,Very Poor
5402,24,43629.84,0.3,3.6,12,0.236,0.341,1,0,0,0,545,Risky
5403,32,21404.64,8.3,19.2,5,0.49,0.254,3,0,0,0,521,Risky
5404,40,49510.41,0.6,7.5,6,0.247,0.282,2,0,0,0,587,Very Poor
5405,47,26511.17,0.3,2.2,6,0.099,0.377,1,30,1,0,545,Risky
5406,35,83431.65,3.9,9.2,12,0.139,0.111,1,0,1,0,671,Fair
5407,31,64945.6,0.7,16.9,7,0.175,0.143,1,60,1,0,607,Poor
5408,34,32914.47,2.7,40.0,3,0.096,0.228,0,0,3,0,728,Good
5409,50,91264.89,10.4,13.0,5,0.691,0.527,5,0,3,0,499,Risky
5410,31,24741.84,1.8,20.3,8,0.213,0.666,0,0,0,0,646,Poor
5411,24,28685.48,10.5,1.3,4,0.678,0.338,2,0,2,0,462,Risky
5412,24,66512.56,5.5,4.8,8,0.253,0.223,0,0,1,0,584,Very Poor
5413,39,10122.43,0.7,8.2,8,0.488,0.279,0,0,1,0,520,Risky
5414,42,24576.24,2.3,10.0,9,0.24,0.226,0,0,1,1,524,Risky
5415,33,40942.03,1.3,13.5,8,0.556,0.337,0,30,0,0,655,Fair
5416,31,34045.12,2.5,1.5,8,0.714,0.351,1,0,0,0,476,Risky
5417,57,98030.98,6.3,0.3,13,0.371,0.477,0,30,0,0,576,Very Poor
5418,44,23982.09,17.3,19.1,11,0.063,0.3,0,0,3,0,675,Fair
5419,51,44476.1,3.9,17.4,9,0.252,0.391,1,0,1,0,598,Very Poor
5420,40,37379.9,4.7,8.0,6,0.512,0.386,0,0,1,0,616,Poor
5421,56,100436.97,3.9,15.3,1,0.419,0.18,0,30,0,0,638,Poor
5422,22,97300.85,7.6,18.0,8,0.086,0.246,1,0,1,0,671,Fair
5423,40,58835.03,4.4,9.3,9,0.161,0.132,0,0,2,0,644,Poor
5424,36,178729.76,8.9,0.7,9,0.33,0.246,0,60,1,0,561,Very Poor
5425,44,106438.32,6.8,1.2,7,0.16,0.576,0,0,2,0,565,Very Poor
5426,21,23672.19,1.3,11.3,9,0.544,0.385,1,120,1,0,504,Risky
5427,46,109562.33,6.0,2.7,11,0.376,0.45,0,0,0,0,613,Poor
5428,48,44555.02,1.7,0.2,10,0.417,0.27,1,0,1,0,467,Risky
5429,38,68317.54,3.9,12.9,8,0.119,0.214,1,30,3,1,517,Risky
5430,32,96417.64,2.1,0.5,3,0.088,0.085,1,60,4,0,520,Risky
5431,56,117250.67,4.3,2.3,7,0.044,0.299,1,0,0,0,623,Poor
5432,47,90188.63,0.4,13.0,10,0.173,0.406,0,0,0,0,651,Fair
5433,54,8265.04,22.8,20.0,9,0.342,0.416,0,30,0,0,571,Very Poor
5434,35,80126.07,3.6,22.2,5,0.038,0.343,0,90,1,0,642,Poor
5435,29,62109.86,0.5,16.4,9,0.229,0.53,1,0,0,0,637,Poor
5436,47,25511.13,0.2,2.9,7,0.108,0.405,0,0,0,0,540,Risky
5437,21,26070.25,4.5,22.8,8,0.596,0.236,2,30,6,0,536,Risky
5438,47,67830.42,6.4,4.7,10,0.288,0.309,1,0,2,0,601,Poor
5439,50,12885.99,6.4,5.5,13,0.059,0.112,2,30,2,0,477,Risky
5440,31,24936.48,1.1,5.0,10,0.161,0.288,2,0,0,0,520,Risky
5441,33,58375.99,6.5,10.6,9,0.356,0.248,1,0,2,0,584,Very Poor
5442,21,111958.34,7.5,21.0,8,0.107,0.183,1,0,0,0,680,Fair
5443,37,17212.78,1.3,8.8,7,0.362,0.372,2,0,0,0,481,Risky
5444,29,81701.37,0.1,21.4,5,0.327,0.129,2,0,1,1,571,Very Poor
5445,66,51326.54,4.7,5.8,3,0.067,0.471,2,90,0,0,497,Risky
5446,34,61151.26,6.9,4.0,9,0.104,0.397,0,0,1,0,603,Poor
5447,25,79400.59,0.2,0.7,3,0.206,0.222,1,120,1,0,554,Very Poor
5448,35,143172.48,1.5,4.6,6,0.371,0.292,1,0,1,0,570,Very Poor
5449,36,108963.72,0.4,40.0,7,0.226,0.068,0,90,0,0,768,Excellent
5450,42,164573.27,2.5,2.3,11,0.647,0.182,1,0,1,0,645,Poor
5451,43,16223.52,5.7,11.6,6,0.523,0.364,2,90,2,0,432,Risky
5452,25,75071.32,9.5,0.2,6,0.051,0.222,0,0,1,0,531,Risky
5453,21,26719.44,6.0,14.9,7,0.216,0.214,0,0,0,0,625,Poor
5454,32,7856.78,1.2,11.5,9,0.113,0.239,1,0,1,0,505,Risky
5455,47,59709.23,2.3,5.0,3,0.327,0.38,0,30,1,0,649,Poor
5456,21,53396.46,4.6,1.5,6,0.333,0.253,2,60,2,0,526,Risky
5457,50,202448.98,14.7,1.4,8,0.115,0.146,2,0,0,0,627,Poor
5458,41,34555.36,0.7,2.4,11,0.492,0.477,1,30,0,0,564,Very Poor
5459,42,46775.39,2.2,1.2,9,0.439,0.326,0,30,1,0,576,Very Poor
5460,38,82034.63,2.1,5.4,9,0.071,0.374,1,30,0,0,605,Poor
5461,36,8823.94,1.5,9.3,5,0.432,0.169,1,0,1,0,512,Risky
5462,29,11188.18,3.7,3.6,7,0.339,0.052,1,0,1,0,488,Risky
5463,28,25971.47,4.8,6.2,10,0.289,0.233,0,0,0,0,560,Very Poor
5464,31,16303.08,18.1,0.9,6,0.113,0.307,0,0,0,0,521,Risky
5465,44,12416.01,7.5,23.5,7,0.302,0.252,4,90,1,0,434,Risky
5466,47,111635.22,2.0,4.8,13,0.102,0.503,1,60,1,0,606,Poor
5467,30,167404.29,1.2,8.9,4,0.37,0.452,0,0,0,0,695,Fair
5468,53,42485.46,0.8,8.0,11,0.232,0.195,0,0,2,0,644,Poor
5469,57,19680.28,5.1,13.4,5,0.213,0.133,1,0,2,0,604,Poor
5470,52,19213.41,2.5,8.4,6,0.28,0.173,0,0,1,0,569,Very Poor
5471,56,85384.69,28.4,16.9,5,0.39,0.39,1,0,1,0,686,Fair
5472,21,18613.21,5.9,14.3,9,0.683,0.255,3,0,0,0,534,Risky
5473,52,29298.04,20.1,6.9,5,0.243,0.509,2,0,4,0,561,Very Poor
5474,58,47662.36,15.1,3.3,6,0.306,0.395,2,0,0,0,575,Very Poor
5475,43,33768.73,3.3,5.7,13,0.132,0.38,0,0,0,0,629,Poor
5476,62,82862.43,3.1,14.8,6,0.199,0.053,1,0,1,0,700,Fair
5477,38,77723.61,9.6,4.5,6,0.25,0.334,2,0,2,0,588,Very Poor
5478,32,82253.02,7.7,7.7,8,0.224,0.402,1,0,0,0,613,Poor
5479,21,207650.74,5.7,1.9,3,0.29,0.085,0,60,2,0,618,Poor
5480,54,5560.53,1.3,14.1,6,0.195,0.64,1,0,0,0,502,Risky
5481,39,114510.0,5.1,0.5,11,0.334,0.167,1,0,1,0,637,Poor
5482,44,14816.78,2.7,4.3,6,0.508,0.489,0,0,0,0,613,Poor
5483,27,52274.46,0.7,8.2,10,0.163,0.262,0,60,1,0,591,Very Poor
5484,29,98189.0,3.5,0.5,9,0.296,0.522,1,0,1,0,539,Risky
5485,42,12828.11,1.7,6.4,6,0.797,0.441,0,0,0,0,549,Risky
5486,21,90778.01,6.6,40.0,11,0.143,0.295,2,0,0,0,725,Good
5487,24,110277.49,11.3,16.3,10,0.23,0.173,3,0,0,0,675,Fair
5488,48,31202.23,5.7,11.9,4,0.435,0.458,1,30,2,0,497,Risky
5489,47,43693.1,7.2,3.8,11,0.133,0.128,1,30,1,1,446,Risky
5490,51,160042.89,5.5,8.7,8,0.18,0.207,1,30,0,0,632,Poor
5491,38,142421.66,1.1,2.3,10,0.267,0.257,0,0,1,0,632,Poor
5492,26,29215.48,0.8,16.1,9,0.139,0.359,1,0,2,1,454,Risky
5493,21,11580.35,0.9,3.2,9,0.146,0.193,1,0,1,0,462,Risky
5494,38,104062.73,12.5,2.0,12,0.208,0.239,0,0,2,0,618,Poor
5495,51,111092.41,10.1,1.1,9,0.163,0.577,3,30,1,0,517,Risky
5496,21,108875.04,0.5,11.0,14,0.094,0.126,0,30,2,0,687,Fair
5497,40,177509.31,7.3,8.8,3,0.052,0.21,1,0,1,0,681,Fair
5498,42,118890.12,4.3,3.5,9,0.489,0.46,2,0,2,0,558,Very Poor
5499,46,56304.62,8.4,3.0,8,0.57,0.125,1,60,1,0,528,Risky
5500,32,55553.27,0.3,6.2,11,0.179,0.202,2,0,1,0,570,Very Poor
5501,46,29063.27,3.0,0.4,6,0.263,0.336,2,120,0,0,463,Risky
5502,41,7410.18,1.9,5.2,14,0.439,0.308,1,0,2,0,440,Risky
5503,35,11305.75,5.5,1.8,4,0.422,0.094,1,120,0,0,461,Risky
5504,42,43670.2,1.1,0.6,7,0.377,0.328,1,30,1,0,570,Very Poor
5505,53,85768.21,20.0,0.3,4,0.148,0.52,0,0,0,0,602,Poor
5506,48,60359.96,3.5,12.5,7,0.108,0.262,0,0,3,0,593,Very Poor
5507,25,103166.45,0.8,15.3,5,0.283,0.147,0,30,1,0,622,Poor
5508,34,109730.11,2.8,4.7,3,0.212,0.443,2,60,1,0,555,Very Poor
5509,35,45734.76,1.6,4.8,8,0.212,0.399,1,30,2,0,568,Very Poor
5510,44,24078.89,3.2,16.0,7,0.12,0.274,0,0,0,0,704,Good
5511,39,16859.63,1.6,2.7,10,0.248,0.197,2,0,1,0,512,Risky
5512,41,24130.97,14.7,8.7,11,0.531,0.33,1,0,2,0,545,Risky
5513,50,26989.5,13.6,0.3,7,0.309,0.184,0,30,1,0,530,Risky
5514,45,33980.02,2.0,19.1,10,0.417,0.252,0,0,0,1,503,Risky
5515,21,34153.21,3.4,0.5,9,0.192,0.153,2,0,0,0,543,Risky
5516,50,19018.63,1.5,13.7,4,0.53,0.444,1,0,2,0,606,Poor
5517,35,275000.19,1.9,6.8,5,0.183,0.438,0,0,1,0,698,Fair
5518,30,147714.43,2.1,1.0,9,0.338,0.216,1,0,1,0,633,Poor
5519,47,16560.69,4.7,6.1,9,0.315,0.254,1,0,0,0,591,Very Poor
5520,21,220940.62,13.6,2.4,5,0.315,0.221,0,0,1,0,653,Fair
5521,26,62683.95,12.2,12.6,9,0.139,0.373,0,30,1,0,615,Poor
5522,43,23716.84,1.3,1.9,8,0.144,0.361,0,0,1,0,547,Risky
5523,39,14137.85,0.5,10.4,8,0.176,0.467,0,90,0,0,561,Very Poor
5524,40,31370.71,6.6,7.1,8,0.146,0.246,3,0,2,0,534,Risky
5525,52,32248.88,3.2,7.6,10,0.471,0.461,0,30,3,0,518,Risky
5526,21,23546.41,6.9,10.6,6,0.34,0.58,0,0,2,0,527,Risky
5527,51,15061.05,11.3,11.0,10,0.246,0.191,2,0,0,0,497,Risky
5528,43,19830.45,1.5,17.3,6,0.196,0.348,3,30,2,0,534,Risky
5529,21,91716.96,0.6,15.7,3,0.036,0.307,2,90,3,0,574,Very Poor
5530,24,60961.6,6.0,0.6,5,0.386,0.145,3,0,1,0,526,Risky
5531,47,89608.5,25.5,3.0,8,0.175,0.424,0,0,0,0,673,Fair
5532,42,73235.9,0.1,1.3,7,0.009,0.197,1,0,3,0,577,Very Poor
5533,41,50398.1,0.5,0.3,4,0.102,0.115,0,30,2,0,566,Very Poor
5534,52,30534.37,10.3,7.9,11,0.431,0.275,3,90,1,0,469,Risky
5535,44,105354.05,10.2,11.4,4,0.072,0.207,0,30,1,0,666,Fair
5536,51,81724.72,8.6,9.2,11,0.075,0.409,0,90,1,0,596,Very Poor
5537,36,42209.1,7.0,1.7,7,0.36,0.473,2,0,0,0,569,Very Poor
5538,48,10753.65,0.4,3.3,5,0.329,0.162,2,0,2,0,474,Risky
5539,36,12585.15,1.9,1.2,7,0.299,0.15,2,120,0,0,422,Risky
5540,45,55722.86,7.4,12.2,9,0.354,0.233,1,0,0,0,638,Poor
5541,39,72823.47,3.8,1.8,4,0.049,0.363,0,0,0,0,584,Very Poor
5542,58,50121.47,2.3,6.8,10,0.233,0.398,0,0,2,0,561,Very Poor
5543,42,56096.06,11.1,5.8,9,0.55,0.271,0,90,2,0,549,Risky
5544,30,22627.28,3.0,17.6,4,0.362,0.391,1,0,1,0,577,Very Poor
5545,46,57975.34,21.8,4.0,8,0.501,0.339,1,0,3,0,515,Risky
5546,26,124761.33,10.9,4.9,8,0.818,0.208,2,90,2,0,553,Very Poor
5547,44,50227.57,5.2,7.6,4,0.404,0.306,1,0,0,0,554,Very Poor
5548,61,29274.82,7.0,11.4,8,0.234,0.09,1,0,2,0,586,Very Poor
5549,32,46048.89,2.9,6.5,4,0.698,0.35,2,0,0,0,547,Risky
5550,41,55915.71,1.5,9.1,4,0.339,0.423,0,0,4,0,582,Very Poor
5551,40,57748.76,3.1,0.3,15,0.426,0.273,1,0,2,0,561,Very Poor
5552,42,46145.36,6.6,0.0,13,0.333,0.209,1,0,0,0,553,Very Poor
5553,43,51695.13,3.4,8.8,10,0.328,0.331,1,90,3,0,493,Risky
5554,53,347715.2,2.5,10.0,9,0.287,0.471,1,0,0,0,727,Good
5555,29,106074.01,13.2,12.5,7,0.197,0.099,0,0,1,0,702,Good
5556,21,51104.39,2.0,0.6,6,0.188,0.216,0,60,0,0,545,Risky
5557,45,23530.04,2.2,1.5,8,0.263,0.431,1,0,1,0,479,Risky
5558,32,18760.2,1.6,1.7,8,0.178,0.226,3,0,0,0,505,Risky
5559,40,43371.05,5.4,9.0,9,0.608,0.189,0,0,2,0,593,Very Poor
5560,29,34016.63,3.5,2.3,8,0.245,0.407,1,0,1,0,550,Risky
5561,44,45113.76,13.6,9.3,6,0.226,0.229,2,120,0,0,498,Risky
5562,47,90434.93,6.9,8.0,6,0.187,0.136,1,0,1,0,635,Poor
5563,32,18681.23,4.4,8.6,5,0.261,0.271,0,0,1,0,565,Very Poor
5564,52,51326.07,8.2,0.1,4,0.22,0.312,1,0,0,0,531,Risky
5565,21,75625.05,6.0,2.4,10,0.366,0.287,0,0,2,0,608,Poor
5566,21,25082.02,1.9,6.8,9,0.056,0.248,2,0,1,0,527,Risky
5567,48,43585.01,0.6,7.9,6,0.304,0.169,2,0,0,0,571,Very Poor
5568,37,86900.96,1.8,4.4,9,0.167,0.46,2,60,2,0,552,Very Poor
5569,21,27672.37,0.2,5.7,13,0.393,0.274,0,0,0,0,558,Very Poor
5570,35,19265.24,6.9,26.2,7,0.228,0.253,1,60,0,0,599,Very Poor
5571,28,49975.17,4.4,0.7,6,0.27,0.295,2,0,4,1,402,Risky
5572,28,49662.63,10.4,2.6,8,0.108,0.355,5,0,1,0,457,Risky
5573,53,58799.71,5.5,9.3,11,0.205,0.145,0,90,0,0,671,Fair
5574,38,6041.47,4.9,13.0,10,0.093,0.404,0,0,1,0,599,Very Poor
5575,58,64618.98,29.9,4.3,6,0.054,0.121,1,0,1,0,636,Poor
5576,64,64875.88,1.5,6.1,7,0.2,0.196,0,0,2,0,615,Poor
5577,43,14619.91,3.5,2.8,8,0.049,0.255,1,90,0,0,496,Risky
5578,59,17273.61,1.3,1.1,10,0.22,0.544,3,0,0,0,496,Risky
5579,49,38290.79,10.9,1.5,3,0.301,0.553,1,0,0,0,530,Risky
5580,45,17447.9,2.7,2.9,6,0.106,0.212,2,0,3,0,425,Risky
5581,38,27751.44,3.9,15.7,16,0.144,0.346,0,0,0,1,521,Risky
5582,21,10529.77,1.2,7.9,12,0.577,0.208,0,30,1,0,444,Risky
5583,36,242466.4,1.2,8.5,7,0.043,0.332,2,0,0,0,708,Good
5584,22,204713.17,5.2,12.9,7,0.227,0.26,2,0,0,0,670,Fair
5585,70,8582.62,4.2,6.6,10,0.355,0.397,1,120,1,0,457,Risky
5586,37,197887.65,19.1,17.2,9,0.319,0.285,2,0,0,0,651,Fair
5587,34,114904.3,5.7,15.0,4,0.454,0.113,1,0,1,0,694,Fair
5588,35,45791.16,2.5,4.7,9,0.369,0.155,2,60,1,0,573,Very Poor
5589,35,29874.46,0.6,5.3,8,0.185,0.128,0,90,0,0,494,Risky
5590,48,115906.61,9.7,4.9,12,0.092,0.337,3,0,1,0,546,Risky
5591,36,30291.22,9.3,2.4,13,0.3,0.349,0,60,0,0,548,Risky
5592,53,140122.64,16.3,9.0,11,0.053,0.573,3,0,2,0,603,Poor
5593,28,54244.26,7.5,3.5,5,0.43,0.276,3,30,2,0,539,Risky
5594,21,196332.94,7.8,3.9,7,0.354,0.092,0,0,0,0,699,Fair
5595,50,66483.58,8.3,2.6,6,0.22,0.185,1,0,1,0,605,Poor
5596,44,63174.14,7.4,6.2,10,0.357,0.302,1,0,1,0,597,Very Poor
5597,48,41063.75,6.9,3.6,2,0.116,0.274,0,30,0,0,554,Very Poor
5598,39,62516.42,2.6,3.4,6,0.232,0.278,1,30,1,0,581,Very Poor
5599,53,119249.37,3.4,17.2,5,0.105,0.093,0,30,2,1,624,Poor
5600,47,36240.56,0.4,9.9,4,0.203,0.409,1,120,2,0,559,Very Poor
5601,66,31406.49,12.4,9.7,9,0.323,0.26,1,0,0,0,619,Poor
5602,38,177271.72,1.4,5.3,5,0.327,0.273,1,0,0,0,630,Poor
5603,34,15879.95,12.2,2.3,5,0.362,0.076,1,0,1,0,426,Risky
5604,51,54967.22,1.7,10.2,5,0.347,0.088,0,0,1,0,566,Very Poor
5605,53,34435.53,1.4,9.6,11,0.264,0.321,4,0,0,0,636,Poor
5606,36,26322.19,12.7,3.9,6,0.273,0.362,2,0,1,0,475,Risky
5607,21,61438.94,0.8,16.5,8,0.29,0.378,1,0,1,0,648,Poor
5608,21,47608.98,2.1,0.5,14,0.643,0.271,0,0,2,0,590,Very Poor
5609,41,16775.65,2.0,2.6,4,0.289,0.356,0,0,2,0,483,Risky
5610,32,26043.52,13.5,2.1,4,0.369,0.336,3,0,0,0,482,Risky
5611,42,31589.92,12.4,0.1,8,0.241,0.306,0,0,0,0,574,Very Poor
5612,55,45121.36,7.6,8.1,4,0.485,0.275,1,0,1,0,591,Very Poor
5613,46,132640.43,0.3,40.0,7,0.438,0.116,2,0,1,0,747,Good
5614,32,22955.19,2.4,4.4,5,0.27,0.221,1,0,3,0,496,Risky
5615,49,35581.75,1.5,7.3,12,0.445,0.339,0,0,2,0,562,Very Poor
5616,43,53998.69,4.7,19.1,6,0.388,0.198,0,0,0,0,676,Fair
5617,51,8362.07,1.6,1.5,6,0.089,0.186,1,30,0,0,448,Risky
5618,29,585497.35,8.2,19.5,9,0.51,0.428,0,0,0,0,809,Excellent
5619,45,197012.79,9.3,7.6,11,0.248,0.204,2,0,1,0,622,Poor
5620,21,94102.49,5.7,0.0,8,0.245,0.227,1,30,2,0,554,Very Poor
5621,25,48573.48,6.9,6.0,8,0.172,0.194,2,30,1,0,537,Risky
5622,59,153165.77,13.1,5.3,6,0.638,0.11,1,90,1,0,603,Poor
5623,45,33881.52,0.6,19.2,5,0.459,0.143,1,0,0,0,676,Fair
5624,45,56864.28,5.1,5.4,9,0.324,0.124,4,0,1,1,409,Risky
5625,57,46763.98,19.1,0.8,13,0.533,0.357,3,0,1,0,539,Risky
5626,21,66999.24,6.5,14.7,5,0.022,0.507,0,0,2,0,660,Fair
5627,26,124814.44,1.3,35.5,9,0.492,0.175,1,90,2,0,658,Fair
5628,34,86805.77,4.4,29.6,5,0.534,0.109,0,0,0,0,711,Good
5629,55,43897.77,10.1,2.1,10,0.171,0.175,0,0,0,0,598,Very Poor
5630,53,55160.52,8.8,5.7,9,0.208,0.309,0,30,3,0,583,Very Poor
5631,48,72871.88,11.8,1.4,5,0.323,0.156,1,0,1,0,595,Very Poor
5632,21,66976.71,0.7,2.9,11,0.503,0.11,0,0,0,0,630,Poor
5633,51,164648.71,0.1,0.5,9,0.091,0.206,1,0,0,0,644,Poor
5634,38,49408.07,0.7,0.9,10,0.421,0.196,0,0,0,0,556,Very Poor
5635,32,36067.46,0.4,4.3,4,0.044,0.46,0,0,0,0,595,Very Poor
5636,32,106070.97,9.0,0.7,6,0.406,0.032,0,0,0,0,638,Poor
5637,53,29053.3,7.7,17.9,13,0.403,0.3,0,60,1,0,615,Poor
5638,45,81059.33,9.7,10.2,10,0.266,0.196,2,0,2,1,526,Risky
5639,41,33683.9,0.1,1.6,10,0.253,0.367,1,0,0,0,551,Very Poor
5640,70,49498.12,1.1,31.6,5,0.308,0.341,1,0,2,0,696,Fair
5641,21,29118.36,4.5,0.5,7,0.321,0.207,1,0,2,0,526,Risky
5642,45,54474.3,6.4,2.2,8,0.265,0.406,0,0,2,0,556,Very Poor
5643,21,69014.69,1.5,1.0,11,0.612,0.324,0,0,0,0,536,Risky
5644,47,514897.27,3.6,13.8,10,0.254,0.264,1,0,1,0,749,Good
5645,51,86866.2,1.6,23.1,7,0.133,0.336,1,0,2,0,671,Fair
5646,50,10510.18,6.2,17.2,17,0.054,0.464,0,0,1,1,480,Risky
5647,46,108457.04,12.8,11.4,10,0.033,0.345,0,0,1,1,616,Poor
5648,52,65012.84,4.6,11.0,8,0.291,0.346,1,0,0,0,664,Fair
5649,50,97113.45,0.9,25.5,6,0.198,0.417,1,90,1,0,622,Poor
5650,45,30443.52,5.7,13.8,5,0.856,0.19,0,0,0,0,597,Very Poor
5651,34,57978.36,0.9,2.0,13,0.167,0.57,0,30,0,0,612,Poor
5652,62,35965.58,3.4,21.2,14,0.304,0.191,1,30,1,0,618,Poor
5653,55,24567.26,4.5,18.4,12,0.296,0.325,0,0,0,0,680,Fair
5654,40,72720.68,1.7,1.6,4,0.097,0.396,0,0,1,0,556,Very Poor
5655,46,84921.12,15.0,4.2,10,0.163,0.471,1,0,0,0,561,Very Poor
5656,54,14878.41,4.4,10.6,8,0.204,0.122,1,0,1,0,571,Very Poor
5657,39,27902.39,3.0,12.6,10,0.419,0.364,0,0,0,0,602,Poor
5658,36,29993.75,3.3,7.2,3,0.185,0.212,1,0,0,1,440,Risky
5659,36,49552.68,1.0,0.9,9,0.326,0.408,3,30,0,0,511,Risky
5660,45,122250.91,3.3,3.8,7,0.198,0.174,2,0,0,0,642,Poor
5661,33,57757.19,1.9,11.3,12,0.541,0.403,1,0,2,0,620,Poor
5662,27,118041.48,22.1,2.0,4,0.071,0.213,1,60,0,0,627,Poor
5663,42,88528.96,30.2,30.0,9,0.191,0.251,0,0,1,0,780,Excellent
5664,63,47839.97,0.1,6.9,8,0.116,0.534,0,0,2,0,550,Risky
5665,58,27618.14,13.0,8.9,4,0.503,0.094,2,90,1,0,479,Risky
5666,63,39070.37,2.1,7.9,8,0.436,0.315,1,60,2,0,562,Very Poor
5667,29,22654.81,5.4,13.2,3,0.252,0.224,0,0,0,0,556,Very Poor
5668,41,61320.1,1.5,8.5,9,0.323,0.282,0,0,1,0,595,Very Poor
5669,47,14465.62,13.2,13.0,9,0.466,0.233,4,0,1,0,484,Risky
5670,31,34479.86,0.4,19.8,5,0.228,0.494,1,0,1,0,617,Poor
5671,38,52939.68,0.5,5.8,7,0.413,0.412,3,0,1,0,480,Risky
5672,65,145819.5,4.3,2.3,13,0.479,0.377,2,0,0,0,603,Poor
5673,36,153356.89,13.7,7.2,11,0.281,0.282,0,90,1,0,632,Poor
5674,57,109531.14,1.4,9.5,13,0.371,0.151,1,0,0,0,677,Fair
5675,46,54285.64,1.2,2.0,5,0.162,0.312,1,60,2,0,472,Risky
5676,39,80720.55,3.5,9.3,11,0.528,0.332,2,0,0,0,678,Fair
5677,42,59271.03,0.5,17.0,14,0.082,0.388,0,0,2,0,645,Poor
5678,34,63351.35,0.2,13.2,11,0.34,0.104,2,30,0,0,628,Poor
5679,21,19688.72,1.2,3.0,10,0.182,0.088,2,0,1,0,478,Risky
5680,60,86523.94,10.8,3.7,4,0.271,0.184,2,60,2,0,514,Risky
5681,21,41490.74,8.5,10.1,2,0.196,0.543,0,0,1,0,539,Risky
5682,36,27485.19,5.7,37.3,8,0.239,0.139,0,0,0,0,713,Good
5683,23,15328.56,3.0,1.4,9,0.28,0.464,0,0,1,0,572,Very Poor
5684,23,83373.52,5.1,2.7,7,0.296,0.359,1,60,0,0,568,Very Poor
5685,37,97690.66,0.6,0.1,7,0.155,0.295,2,30,0,0,556,Very Poor
5686,50,37884.01,1.0,3.5,3,0.191,0.108,1,0,1,0,543,Risky
5687,48,15397.56,0.2,17.6,5,0.722,0.446,1,30,4,0,482,Risky
5688,48,84043.89,4.0,26.0,4,0.254,0.16,3,0,1,0,707,Good
5689,46,331665.4,0.5,8.9,8,0.557,0.204,0,0,2,1,621,Poor
5690,45,23756.41,7.7,9.2,7,0.396,0.261,1,0,0,0,599,Very Poor
5691,21,86683.74,4.1,4.5,11,0.284,0.319,0,30,2,0,607,Poor
5692,35,268237.29,0.9,1.4,2,0.246,0.076,1,90,5,0,543,Risky
5693,24,41819.89,1.2,10.2,7,0.597,0.083,2,0,2,0,521,Risky
5694,40,30838.48,0.0,7.6,13,0.573,0.291,0,0,0,0,595,Very Poor
5695,60,22175.25,5.8,6.6,7,0.173,0.195,1,0,0,0,589,Very Poor
5696,62,72210.41,0.7,12.5,7,0.614,0.408,0,0,1,0,637,Poor
5697,45,70766.85,2.9,0.1,10,0.259,0.483,0,30,0,0,592,Very Poor
5698,36,33363.26,4.7,7.5,13,0.031,0.401,1,30,0,0,573,Very Poor
5699,59,44607.36,15.6,7.2,9,0.08,0.136,0,30,0,0,621,Poor
5700,21,32812.5,0.1,21.9,9,0.384,0.345,0,0,0,0,639,Poor
5701,40,37167.57,2.3,17.6,5,0.268,0.313,0,0,1,0,695,Fair
5702,24,98988.24,2.0,1.7,14,0.27,0.26,0,0,1,0,604,Poor
5703,21,86278.21,5.5,14.8,9,0.298,0.251,4,30,0,0,593,Very Poor
5704,39,78877.54,0.4,1.0,11,0.535,0.223,1,0,2,0,543,Risky
5705,52,181650.09,0.2,11.3,7,0.223,0.238,0,0,0,0,690,Fair
5706,45,166008.0,0.9,3.2,8,0.463,0.25,6,90,2,0,427,Risky
5707,31,67559.28,6.7,5.4,5,0.156,0.227,1,30,1,0,612,Poor
5708,24,44947.99,4.6,6.6,2,0.449,0.179,2,0,1,0,546,Risky
5709,49,20223.51,2.3,9.1,12,0.42,0.266,0,0,1,0,584,Very Poor
5710,40,81516.07,6.2,1.1,6,0.219,0.185,0,60,0,0,545,Risky
5711,55,48696.66,24.6,15.4,11,0.466,0.446,1,30,1,1,502,Risky
5712,30,56789.97,4.0,11.0,7,0.123,0.255,1,0,1,0,655,Fair
5713,30,51827.16,8.4,4.5,5,0.129,0.206,2,0,1,0,591,Very Poor
5714,52,142306.53,6.7,1.3,5,0.307,0.303,1,0,1,0,614,Poor
5715,27,177316.36,6.7,0.2,9,0.225,0.41,0,120,0,0,590,Very Poor
5716,38,39094.39,2.8,9.0,7,0.132,0.39,0,0,1,0,632,Poor
5717,31,650823.74,0.6,2.0,4,0.295,0.148,2,0,1,0,681,Fair
5718,65,122212.75,2.6,7.7,6,0.388,0.284,1,30,1,0,611,Poor
5719,21,292649.65,2.6,3.2,10,0.088,0.217,0,0,0,0,703,Good
5720,43,97756.12,1.2,0.5,4,0.329,0.334,1,0,1,0,613,Poor
5721,37,64132.2,5.9,5.7,9,0.176,0.419,2,0,2,0,530,Risky
5722,56,13579.45,3.7,2.9,10,0.461,0.191,0,0,2,1,439,Risky
5723,53,38288.27,2.7,13.2,7,0.025,0.43,1,0,4,1,434,Risky
5724,31,64372.16,4.3,8.8,7,0.219,0.231,1,60,0,0,586,Very Poor
5725,30,39349.3,9.6,6.3,7,0.387,0.33,0,0,1,0,640,Poor
5726,45,48065.13,8.1,28.8,5,0.095,0.629,0,0,0,0,700,Fair
5727,42,13472.24,18.0,8.7,10,0.202,0.105,2,90,1,1,402,Risky
5728,39,161050.71,0.4,21.9,12,0.19,0.304,0,0,0,0,773,Excellent
5729,34,32771.95,4.8,13.3,5,0.308,0.258,1,30,1,0,570,Very Poor
5730,25,12287.66,2.3,15.5,5,0.247,0.188,1,0,0,0,586,Very Poor
5731,60,39180.93,3.6,18.8,12,0.294,0.045,0,0,1,0,672,Fair
5732,28,82724.41,12.6,13.6,11,0.476,0.349,1,0,0,1,542,Risky
5733,35,48223.39,8.6,8.7,8,0.109,0.514,0,0,0,0,600,Very Poor
5734,23,573376.65,4.2,5.0,9,0.014,0.486,4,0,0,0,707,Good
5735,21,58175.38,3.6,1.2,9,0.336,0.397,1,0,0,0,560,Very Poor
5736,33,50586.85,2.6,7.0,10,0.407,0.207,1,0,3,0,562,Very Poor
5737,24,28107.92,1.8,12.7,9,0.622,0.165,0,0,3,0,548,Risky
5738,40,24201.45,0.2,3.8,7,0.681,0.106,1,90,2,0,441,Risky
5739,44,3995.31,4.4,17.8,3,0.511,0.281,3,0,0,0,486,Risky
5740,50,90068.9,0.2,0.5,15,0.703,0.233,1,0,1,0,615,Poor
5741,31,14989.15,0.7,1.0,9,0.475,0.116,0,0,0,0,545,Risky
5742,36,53689.8,5.4,2.5,6,0.158,0.439,2,0,2,0,579,Very Poor
5743,29,103465.0,1.0,0.4,10,0.61,0.318,3,0,0,0,505,Risky
5744,24,20420.05,1.4,3.7,8,0.454,0.393,1,0,2,0,508,Risky
5745,36,143233.24,0.6,7.0,9,0.329,0.103,1,60,1,0,560,Very Poor
5746,28,37563.6,1.6,20.3,9,0.225,0.047,1,0,2,0,613,Poor
5747,28,30340.56,4.0,0.2,9,0.431,0.497,0,90,0,0,531,Risky
5748,51,129665.4,7.0,22.5,14,0.292,0.521,0,0,3,1,546,Risky
5749,23,53841.93,0.4,20.3,10,0.32,0.289,2,0,1,0,606,Poor
5750,28,41587.65,12.0,1.4,7,0.565,0.324,0,0,0,0,524,Risky
5751,39,5407.53,8.2,1.2,10,0.464,0.498,2,0,2,0,370,Risky
5752,37,29219.28,0.1,35.0,10,0.225,0.203,2,0,0,0,694,Fair
5753,35,96586.57,2.5,1.4,6,0.098,0.22,2,90,0,0,568,Very Poor
5754,31,24027.23,0.0,1.1,7,0.422,0.253,2,90,0,0,372,Risky
5755,45,20254.11,3.8,1.1,3,0.22,0.202,0,0,0,0,496,Risky
5756,42,37435.68,1.3,1.4,15,0.153,0.425,1,60,3,0,494,Risky
5757,45,19596.25,12.8,7.5,11,0.575,0.219,2,0,0,0,618,Poor
5758,33,136637.14,3.4,1.4,6,0.029,0.435,1,60,1,0,657,Fair
5759,45,236840.44,2.2,5.1,11,0.614,0.454,0,0,0,0,655,Fair
5760,46,88689.93,7.9,15.0,4,0.125,0.206,2,0,1,0,629,Poor
5761,21,196521.24,5.6,6.0,9,0.534,0.089,0,0,0,0,684,Fair
5762,37,30951.33,9.2,0.8,4,0.414,0.243,3,120,1,0,398,Risky
5763,52,215561.65,5.9,4.5,5,0.254,0.238,0,60,0,0,661,Fair
5764,39,119571.94,5.1,4.2,11,0.093,0.494,0,0,4,0,584,Very Poor
5765,36,33653.49,20.0,4.0,12,0.13,0.473,1,0,2,0,528,Risky
5766,43,57760.11,6.2,2.7,7,0.278,0.284,0,0,1,0,587,Very Poor
5767,26,34842.71,2.1,1.8,12,0.348,0.131,0,0,0,0,588,Very Poor
5768,61,38740.39,1.9,3.4,5,0.112,0.353,3,0,1,0,524,Risky
5769,36,106786.87,0.9,2.4,4,0.438,0.261,1,0,0,0,584,Very Poor
5770,50,40575.18,5.6,10.7,6,0.544,0.251,1,30,2,0,574,Very Poor
5771,35,53271.27,2.9,6.5,9,0.181,0.079,1,90,0,0,532,Risky
5772,22,48140.33,0.6,3.6,6,0.075,0.385,0,0,0,0,552,Very Poor
5773,58,70491.99,2.6,12.6,11,0.568,0.183,3,0,1,0,585,Very Poor
5774,55,31497.34,23.0,15.9,5,0.577,0.051,1,0,0,0,594,Very Poor
5775,54,110031.99,1.2,4.7,9,0.356,0.332,1,0,0,0,618,Poor
5776,52,64879.25,1.7,4.4,6,0.343,0.383,1,30,0,0,592,Very Poor
5777,34,47834.06,21.4,0.1,8,0.094,0.135,2,0,0,0,549,Risky
5778,38,8722.28,4.3,5.5,7,0.317,0.094,3,120,0,1,354,Risky
5779,45,6264.7,6.5,2.1,6,0.277,0.568,2,0,0,0,460,Risky
5780,36,13843.01,3.7,0.3,5,0.037,0.371,4,0,0,0,449,Risky
5781,42,82119.95,9.4,14.2,13,0.341,0.198,0,0,0,1,568,Very Poor
5782,47,87886.08,0.6,4.0,8,0.648,0.36,2,0,1,0,531,Risky
5783,45,40529.47,0.6,29.5,2,0.529,0.307,0,0,0,1,587,Very Poor
5784,21,38767.87,6.4,4.4,7,0.151,0.305,1,0,2,1,414,Risky
5785,50,39697.38,0.5,4.4,7,0.408,0.39,1,0,2,0,550,Risky
5786,56,85726.23,1.0,14.1,7,0.213,0.147,5,0,2,0,637,Poor
5787,26,20336.64,4.0,6.1,12,0.325,0.45,0,0,0,0,635,Poor
5788,37,19128.98,11.9,3.1,13,0.369,0.124,0,0,2,0,520,Risky
5789,44,167615.92,3.8,1.3,10,0.059,0.534,1,0,1,0,626,Poor
5790,47,82610.07,0.1,5.1,7,0.275,0.147,0,0,0,0,632,Poor
5791,43,30380.98,6.0,3.4,5,0.325,0.171,1,30,0,0,537,Risky
5792,25,44398.43,8.2,12.5,5,0.157,0.247,1,30,2,0,555,Very Poor
5793,32,36893.81,6.6,9.0,5,0.416,0.281,0,0,0,0,578,Very Poor
5794,53,63240.46,1.6,0.6,3,0.132,0.228,0,120,0,0,537,Risky
5795,50,49012.41,1.6,5.2,5,0.214,0.424,1,0,1,0,555,Very Poor
5796,46,23991.54,2.4,2.9,5,0.211,0.314,1,60,0,0,495,Risky
5797,33,12725.35,1.3,1.7,9,0.479,0.18,0,0,3,0,514,Risky
5798,36,66605.27,3.9,2.4,5,0.358,0.4,1,0,2,0,555,Very Poor
5799,57,16784.37,1.6,10.4,4,0.144,0.439,0,0,0,0,610,Poor
5800,53,61938.52,2.5,0.5,8,0.278,0.167,2,0,3,0,500,Risky
5801,48,18555.44,5.1,11.2,12,0.077,0.214,0,0,0,0,589,Very Poor
5802,39,21724.17,5.5,17.4,10,0.354,0.199,1,0,1,0,572,Very Poor
5803,42,48184.15,1.2,0.4,12,0.129,0.394,1,0,1,0,572,Very Poor
5804,40,38759.22,6.6,1.0,11,0.279,0.364,0,0,0,0,573,Very Poor
5805,35,47895.53,7.0,0.3,3,0.656,0.454,1,0,0,0,559,Very Poor
5806,41,92215.64,3.8,8.1,8,0.211,0.234,1,0,1,0,674,Fair
5807,24,245603.57,0.1,1.9,9,0.499,0.184,1,90,1,0,592,Very Poor
5808,43,74061.62,1.1,4.7,8,0.368,0.375,1,0,2,0,577,Very Poor
5809,23,52887.86,1.0,6.7,8,0.308,0.295,2,0,0,0,619,Poor
5810,61,51567.31,0.0,2.2,16,0.072,0.441,1,0,1,0,558,Very Poor
5811,34,34119.62,2.9,9.1,8,0.25,0.232,2,60,1,0,531,Risky
5812,38,34540.62,7.2,6.0,7,0.591,0.134,2,30,0,0,572,Very Poor
5813,36,37789.4,7.1,6.7,12,0.153,0.389,2,0,1,0,529,Risky
5814,42,193614.49,1.5,0.5,6,0.258,0.155,1,60,0,0,594,Very Poor
5815,39,57446.8,1.8,19.1,5,0.253,0.373,0,0,1,0,677,Fair
5816,43,55849.2,5.8,6.2,6,0.555,0.24,0,30,0,0,556,Very Poor
5817,32,36156.47,0.1,0.2,6,0.42,0.631,0,0,0,1,439,Risky
5818,27,22334.92,4.8,7.5,6,0.272,0.247,3,0,0,0,511,Risky
5819,48,181070.0,6.6,4.4,5,0.129,0.312,1,0,0,0,683,Fair
5820,55,122822.02,4.9,13.9,11,0.231,0.625,2,30,0,0,668,Fair
5821,51,71384.31,7.5,3.6,2,0.333,0.274,1,0,2,0,587,Very Poor
5822,34,39296.4,8.0,9.0,5,0.28,0.302,0,0,1,0,548,Risky
5823,46,29495.11,11.6,1.6,6,0.456,0.304,1,30,0,0,548,Risky
5824,38,73668.08,4.7,10.2,8,0.173,0.211,2,0,2,0,589,Very Poor
5825,44,58598.0,5.1,1.0,6,0.367,0.468,0,0,0,0,570,Very Poor
5826,31,68871.95,6.3,1.4,11,0.331,0.363,0,0,1,0,636,Poor
5827,33,129136.63,3.9,2.3,12,0.062,0.373,1,0,2,0,615,Poor
5828,28,13521.37,0.8,14.9,7,0.269,0.366,2,0,1,0,527,Risky
5829,48,78519.98,2.1,2.6,5,0.244,0.116,2,0,0,0,545,Risky
5830,43,60114.9,0.2,29.6,7,0.367,0.223,0,30,2,0,695,Fair
5831,32,28543.4,1.2,0.8,9,0.074,0.38,1,0,1,0,540,Risky
5832,47,5109.99,2.2,5.5,4,0.332,0.295,0,30,2,0,488,Risky
5833,44,58621.94,2.7,5.3,12,0.306,0.372,1,0,0,0,659,Fair
5834,30,36607.37,7.3,0.0,8,0.417,0.121,1,0,0,0,538,Risky
5835,44,72353.29,6.6,5.7,5,0.347,0.27,2,0,0,0,568,Very Poor
5836,50,16962.63,11.3,1.1,6,0.24,0.346,2,0,0,0,514,Risky
5837,44,67770.17,1.9,19.7,5,0.138,0.35,1,0,0,0,689,Fair
5838,39,62052.85,13.8,11.9,8,0.304,0.466,2,0,1,0,594,Very Poor
5839,28,20954.42,6.3,3.4,2,0.317,0.257,0,0,1,0,562,Very Poor
5840,45,240248.3,2.2,2.2,9,0.103,0.098,2,30,1,0,651,Fair
5841,27,23773.61,0.0,9.6,10,0.432,0.5,0,30,1,0,530,Risky
5842,33,81443.73,9.7,3.3,10,0.126,0.473,0,0,0,1,503,Risky
5843,44,39420.73,7.3,8.6,9,0.041,0.51,1,90,2,0,491,Risky
5844,29,21902.74,0.0,8.6,11,0.114,0.374,1,0,2,1,474,Risky
5845,39,59516.09,6.4,2.7,13,0.588,0.408,1,0,1,0,492,Risky
5846,49,100061.86,11.6,0.1,6,0.5,0.494,1,0,2,0,559,Very Poor
5847,35,325119.61,3.7,14.1,13,0.219,0.252,0,60,1,0,668,Fair
5848,34,96830.47,4.3,6.2,4,0.299,0.396,0,0,3,0,586,Very Poor
5849,53,30135.24,10.1,2.0,8,0.253,0.377,0,60,0,0,554,Very Poor
5850,30,71742.64,1.1,20.9,7,0.417,0.133,2,90,2,0,581,Very Poor
5851,55,109710.29,1.5,7.6,7,0.117,0.247,2,0,5,0,556,Very Poor
5852,52,148555.9,5.9,13.9,5,0.071,0.483,0,0,1,1,587,Very Poor
5853,46,455063.9,12.6,11.8,6,0.475,0.362,1,0,0,0,734,Good
5854,33,48584.45,1.4,0.6,11,0.275,0.146,2,0,1,0,581,Very Poor
5855,40,47180.03,3.2,0.2,5,0.186,0.44,0,0,0,0,554,Very Poor
5856,52,74362.28,19.2,6.0,11,0.365,0.325,1,30,2,0,608,Poor
5857,26,78002.69,0.1,4.4,7,0.328,0.187,2,0,0,0,581,Very Poor
5858,37,37055.11,13.1,0.6,6,0.236,0.298,1,0,1,0,557,Very Poor
5859,26,24968.96,1.0,2.9,2,0.587,0.42,0,0,3,0,497,Risky
5860,33,94512.89,0.4,6.3,6,0.188,0.451,2,30,0,0,567,Very Poor
5861,36,188846.5,7.0,12.4,5,0.128,0.233,0,0,0,0,707,Good
5862,70,29514.92,2.5,9.6,8,0.428,0.592,1,30,0,0,586,Very Poor
5863,34,55112.85,18.6,7.6,10,0.254,0.335,0,0,0,0,668,Fair
5864,53,82805.82,4.7,9.5,8,0.317,0.33,2,60,0,0,570,Very Poor
5865,32,72582.75,3.5,3.8,3,0.419,0.391,2,0,1,0,588,Very Poor
5866,70,355714.8,2.9,6.4,6,0.526,0.464,1,60,0,0,564,Very Poor
5867,41,52567.21,6.5,3.3,13,0.164,0.359,3,0,0,0,557,Very Poor
5868,44,83747.6,10.1,4.2,10,0.116,0.484,1,120,2,0,535,Risky
5869,38,20244.73,0.2,7.6,5,0.547,0.164,0,0,1,0,626,Poor
5870,57,32667.69,0.1,11.1,8,0.259,0.122,1,0,1,0,617,Poor
5871,38,46621.07,0.7,38.5,11,0.105,0.232,0,90,0,1,619,Poor
5872,23,39400.84,1.6,3.8,6,0.152,0.55,1,0,0,0,518,Risky
5873,57,67892.83,1.9,15.9,6,0.477,0.142,0,90,0,0,649,Poor
5874,53,44880.04,0.8,1.5,7,0.515,0.317,2,0,1,0,507,Risky
5875,35,12520.59,5.2,3.8,7,0.044,0.217,3,0,2,0,466,Risky
5876,27,9283.62,7.0,11.6,8,0.245,0.09,2,30,0,0,486,Risky
5877,47,72675.39,1.1,9.1,6,0.153,0.188,1,30,1,0,585,Very Poor
5878,31,41907.72,1.6,24.3,11,0.317,0.498,0,30,6,0,615,Poor
5879,24,44274.31,0.7,5.2,11,0.536,0.389,1,0,1,0,581,Very Poor
5880,46,22291.3,1.3,7.3,7,0.063,0.388,1,0,2,0,473,Risky
5881,44,17351.09,4.8,2.2,11,0.381,0.385,1,0,1,0,553,Very Poor
5882,39,75832.75,9.3,3.0,6,0.209,0.379,3,0,3,1,411,Risky
5883,23,45953.49,0.1,3.2,5,0.192,0.265,2,30,3,0,523,Risky
5884,21,12196.31,17.1,18.9,5,0.554,0.175,0,30,1,0,592,Very Poor
5885,39,23541.81,13.2,16.3,6,0.329,0.228,0,60,0,0,569,Very Poor
5886,32,18469.16,4.0,10.0,12,0.302,0.053,0,0,0,0,558,Very Poor
5887,54,22033.5,2.8,0.1,11,0.383,0.402,3,0,0,0,476,Risky
5888,37,19922.13,4.5,5.0,6,0.084,0.096,0,30,0,0,581,Very Poor
5889,24,155426.2,0.9,1.4,7,0.467,0.198,1,30,1,0,585,Very Poor
5890,36,18044.07,1.3,12.9,15,0.358,0.399,1,0,1,0,550,Risky
5891,27,179755.01,5.4,12.4,10,0.209,0.075,0,0,0,0,770,Excellent
5892,43,42157.46,4.9,3.7,4,0.533,0.268,1,30,0,0,538,Risky
5893,49,65257.71,6.8,0.3,7,0.367,0.209,1,0,2,1,487,Risky
5894,49,10083.2,12.6,9.1,4,0.355,0.033,1,0,0,0,532,Risky
5895,24,91220.81,0.4,7.6,8,0.034,0.129,2,0,2,0,606,Poor
5896,31,29301.14,7.3,9.3,9,0.153,0.183,1,0,0,0,613,Poor
5897,47,69146.48,0.4,1.5,12,0.225,0.209,1,30,1,0,537,Risky
5898,35,19492.0,3.7,14.6,9,0.283,0.182,0,0,1,0,639,Poor
5899,21,68546.63,6.2,19.9,10,0.453,0.212,1,30,2,0,589,Very Poor
5900,48,11698.12,1.5,14.3,8,0.132,0.269,0,0,3,0,579,Very Poor
5901,58,62067.76,3.9,0.3,9,0.046,0.081,2,0,0,0,557,Very Poor
5902,48,48710.59,2.1,23.5,5,0.042,0.051,0,0,0,0,701,Good
5903,33,43256.32,8.3,9.8,4,0.501,0.111,1,30,1,0,590,Very Poor
5904,31,36840.21,2.8,21.5,6,0.142,0.382,0,0,1,0,629,Poor
5905,44,85782.8,4.5,19.1,8,0.181,0.306,3,0,1,0,646,Poor
5906,33,46246.78,2.6,15.9,10,0.153,0.307,2,0,0,0,644,Poor
5907,52,113991.7,2.5,6.6,5,0.367,0.358,1,0,3,0,656,Fair
5908,42,40809.86,1.7,2.6,2,0.351,0.289,0,60,1,0,501,Risky
5909,42,99272.81,13.5,11.0,9,0.082,0.28,3,0,1,0,587,Very Poor
5910,31,103423.65,11.4,4.4,8,0.232,0.489,0,30,2,0,561,Very Poor
5911,40,15377.14,2.0,1.9,3,0.252,0.054,1,0,2,0,520,Risky
5912,50,38182.11,5.7,16.3,6,0.284,0.539,3,0,2,0,589,Very Poor
5913,58,380574.58,6.6,4.1,2,0.623,0.195,1,0,2,0,648,Poor
5914,31,88040.86,5.3,9.2,11,0.05,0.457,0,0,2,0,588,Very Poor
5915,52,167954.53,3.7,7.3,5,0.136,0.332,1,0,2,1,521,Risky
5916,21,33968.2,0.1,13.4,12,0.338,0.385,1,0,1,0,581,Very Poor
5917,33,45315.0,0.4,3.9,7,0.074,0.2,0,0,1,1,459,Risky
5918,47,22262.81,9.4,0.1,11,0.307,0.053,0,60,0,0,515,Risky
5919,52,10875.6,6.6,2.3,8,0.442,0.199,0,0,2,0,470,Risky
5920,41,138444.11,2.9,7.4,9,0.16,0.384,1,0,0,0,602,Poor
5921,39,21468.15,27.9,2.0,11,0.133,0.261,0,90,1,0,477,Risky
5922,32,407631.22,0.2,1.5,12,0.381,0.538,0,0,4,0,617,Poor
5923,48,69645.36,0.0,9.5,8,0.17,0.264,1,0,0,0,584,Very Poor
5924,54,29757.69,5.1,17.3,13,0.365,0.438,0,0,0,0,646,Poor
5925,23,39416.29,2.9,6.7,10,0.17,0.333,0,0,2,0,566,Very Poor
5926,60,79416.89,2.3,11.4,6,0.363,0.203,2,60,3,0,553,Very Poor
5927,50,281572.31,4.0,7.4,9,0.094,0.099,0,30,1,0,678,Fair
5928,39,44188.04,1.9,2.0,7,0.267,0.131,1,0,1,0,581,Very Poor
5929,25,25218.22,0.6,16.5,7,0.275,0.387,1,0,6,0,498,Risky
5930,52,24682.95,4.2,22.3,12,0.138,0.498,0,60,0,0,635,Poor
5931,41,109978.05,1.0,2.0,11,0.681,0.418,2,30,1,0,578,Very Poor
5932,66,171587.3,10.6,7.8,11,0.463,0.257,2,0,0,0,677,Fair
5933,48,104592.73,7.0,0.7,10,0.099,0.375,1,0,1,0,598,Very Poor
5934,36,56263.46,2.4,24.3,8,0.321,0.63,2,90,2,1,509,Risky
5935,50,35634.83,5.2,29.3,4,0.113,0.509,1,0,1,0,700,Fair
5936,28,23803.57,3.3,7.8,11,0.052,0.464,2,0,1,0,522,Risky
5937,29,56905.83,0.1,12.9,9,0.495,0.084,0,30,0,0,666,Fair
5938,29,20191.6,1.3,3.0,9,0.133,0.431,1,30,2,0,491,Risky
5939,42,78316.93,1.1,7.8,8,0.227,0.268,1,0,1,0,652,Fair
5940,44,45573.85,12.7,9.1,7,0.207,0.214,1,0,0,0,679,Fair
5941,70,180535.24,11.0,2.6,12,0.291,0.258,0,0,1,0,654,Fair
5942,43,17655.08,3.9,6.8,7,0.298,0.157,3,30,3,0,479,Risky
5943,34,81996.89,5.3,13.9,6,0.098,0.343,2,0,1,0,617,Poor
5944,32,208932.59,3.7,7.2,9,0.085,0.365,1,30,0,0,627,Poor
5945,61,25879.7,2.1,23.7,6,0.627,0.537,1,0,0,0,609,Poor
5946,50,141901.54,7.4,17.7,9,0.087,0.238,1,0,0,0,701,Good
5947,39,44165.31,6.5,11.1,8,0.217,0.251,1,0,0,0,611,Poor
5948,56,199232.34,3.1,19.4,7,0.56,0.373,1,0,1,0,687,Fair
5949,34,18225.96,1.6,7.2,14,0.045,0.468,0,30,2,0,501,Risky
5950,25,44805.59,3.4,4.5,10,0.69,0.192,2,60,0,0,474,Risky
5951,32,16142.53,9.6,14.0,8,0.294,0.239,0,0,1,0,607,Poor
5952,41,11766.44,2.0,11.4,5,0.274,0.143,1,0,0,0,515,Risky
5953,56,56958.99,7.7,26.1,6,0.19,0.286,1,0,3,0,754,Excellent
5954,60,44913.39,11.6,0.2,9,0.255,0.259,1,0,1,0,496,Risky
5955,30,23166.02,1.8,2.7,8,0.396,0.344,1,0,2,0,506,Risky
5956,38,26036.89,25.3,0.2,8,0.266,0.183,0,0,1,0,510,Risky
5957,37,38576.52,2.1,3.7,8,0.153,0.232,1,0,1,0,547,Risky
5958,25,18828.99,10.9,3.8,6,0.247,0.282,0,0,0,0,565,Very Poor
5959,50,129745.75,0.9,0.2,7,0.113,0.083,1,90,1,0,584,Very Poor
5960,31,57607.92,4.6,1.3,9,0.483,0.57,0,0,0,0,556,Very Poor
5961,51,59746.44,2.0,4.1,12,0.293,0.069,1,90,1,0,562,Very Poor
5962,42,105120.41,1.8,4.0,10,0.412,0.039,0,0,1,0,630,Poor
5963,48,162644.29,12.0,1.7,9,0.147,0.214,2,0,2,0,606,Poor
5964,39,74362.03,13.9,4.3,5,0.309,0.371,1,30,1,0,562,Very Poor
5965,33,97345.54,0.5,3.0,12,0.458,0.254,1,60,1,0,582,Very Poor
5966,21,74971.32,10.3,0.9,7,0.073,0.28,4,30,3,0,500,Risky
5967,35,54526.1,4.0,4.8,8,0.407,0.098,0,60,0,0,555,Very Poor
5968,34,31722.21,3.7,40.0,12,0.824,0.299,2,60,1,0,635,Poor
5969,21,36250.64,0.7,11.4,11,0.239,0.353,4,0,0,0,477,Risky
5970,47,19177.75,10.5,9.3,5,0.212,0.229,0,30,0,0,561,Very Poor
5971,27,66629.27,1.4,1.3,9,0.202,0.309,2,0,0,0,555,Very Poor
5972,41,46290.02,3.0,10.0,8,0.311,0.614,2,0,2,0,596,Very Poor
5973,37,69394.52,0.2,5.1,16,0.621,0.502,0,0,1,0,556,Very Poor
5974,63,30678.59,5.0,4.4,9,0.256,0.086,0,0,1,0,631,Poor
5975,44,49046.45,2.8,8.0,7,0.247,0.344,0,0,0,1,489,Risky
5976,50,30075.34,0.4,15.1,5,0.211,0.098,1,0,0,0,604,Poor
5977,47,42990.32,6.8,1.5,14,0.35,0.344,2,0,2,0,530,Risky
5978,33,56690.81,7.8,2.9,5,0.454,0.587,2,0,0,0,527,Risky
5979,48,34432.15,18.8,0.2,6,0.347,0.287,1,30,1,0,463,Risky
5980,54,46447.51,4.5,21.7,6,0.245,0.349,0,0,1,1,554,Very Poor
5981,37,110683.17,8.6,34.2,12,0.352,0.284,0,0,3,0,800,Excellent
5982,39,263468.37,0.5,3.9,6,0.392,0.17,1,0,2,0,614,Poor
5983,45,38597.34,4.4,5.1,6,0.374,0.171,2,0,1,0,531,Risky
5984,52,113495.12,7.4,31.7,11,0.133,0.231,1,0,1,0,764,Excellent
5985,45,178579.68,2.1,1.2,12,0.102,0.437,1,0,0,0,648,Poor
5986,62,32621.69,6.1,24.2,8,0.452,0.347,1,0,0,0,639,Poor
5987,31,358399.83,0.4,0.9,9,0.119,0.269,1,30,1,0,667,Fair
5988,42,23298.36,26.3,0.4,4,0.243,0.26,0,60,2,0,499,Risky
5989,48,60560.44,1.9,11.4,12,0.414,0.388,1,0,0,0,610,Poor
5990,37,162043.28,7.2,1.0,9,0.492,0.106,0,0,3,0,642,Poor
5991,46,105029.71,4.3,22.8,5,0.137,0.576,1,0,0,0,690,Fair
5992,21,54231.67,3.5,1.0,7,0.303,0.109,0,120,0,0,493,Risky
5993,34,32186.91,3.4,10.0,8,0.182,0.279,1,0,0,0,605,Poor
5994,59,16089.21,0.8,11.4,11,0.393,0.475,2,0,1,0,547,Risky
5995,49,38163.01,2.5,0.3,14,0.192,0.21,0,0,2,0,570,Very Poor
5996,65,92001.85,2.1,11.9,13,0.293,0.322,3,0,0,0,642,Poor
5997,28,28750.69,1.3,8.0,10,0.091,0.383,0,30,1,0,536,Risky
5998,63,97492.14,16.8,3.0,8,0.255,0.12,0,30,0,0,617,Poor
5999,36,36844.71,7.9,0.8,11,0.063,0.401,2,0,1,0,527,Risky
6000,49,74059.44,6.1,2.6,14,0.56,0.232,1,0,0,0,610,Poor
6001,53,100947.36,3.9,1.5,6,0.297,0.211,0,0,0,0,692,Fair
6002,31,45151.64,4.5,5.5,10,0.36,0.063,0,0,0,0,560,Very Poor
6003,31,49974.17,7.1,1.7,10,0.086,0.186,0,0,1,0,647,Poor
6004,31,116339.05,2.0,4.8,8,0.094,0.224,2,0,0,0,627,Poor
6005,35,12657.52,2.0,0.5,8,0.28,0.483,1,0,1,0,496,Risky
6006,38,61576.0,0.2,9.8,7,0.058,0.415,3,0,1,0,555,Very Poor
6007,56,35039.24,1.7,10.3,13,0.336,0.542,0,0,1,0,571,Very Poor
6008,53,19033.29,0.6,2.8,9,0.093,0.516,0,0,2,0,569,Very Poor
6009,47,75231.45,1.0,3.2,6,0.115,0.348,2,30,1,1,447,Risky
6010,32,30128.79,0.4,3.5,10,0.193,0.45,1,30,0,0,548,Risky
6011,21,105085.92,13.8,4.7,5,0.231,0.561,0,60,2,0,560,Very Poor
6012,36,84834.2,2.4,5.0,6,0.356,0.354,2,90,2,0,555,Very Poor
6013,38,36844.54,6.1,15.4,8,0.491,0.343,1,30,4,0,572,Very Poor
6014,39,123996.49,12.3,6.1,7,0.096,0.357,1,90,2,0,580,Very Poor
6015,29,17059.95,9.2,10.5,7,0.45,0.37,1,0,0,0,577,Very Poor
6016,30,61814.45,2.1,1.5,10,0.376,0.435,0,0,1,0,575,Very Poor
6017,27,38538.29,6.1,10.1,10,0.383,0.42,2,0,1,0,584,Very Poor
6018,50,35504.92,2.2,13.6,12,0.133,0.486,0,0,2,0,602,Poor
6019,54,41911.33,9.9,9.7,4,0.154,0.057,0,30,3,0,598,Very Poor
6020,25,110084.84,3.6,4.6,10,0.011,0.332,1,0,1,0,581,Very Poor
6021,39,30834.35,7.1,20.1,10,0.154,0.313,0,0,1,0,663,Fair
6022,43,21566.39,0.9,1.4,6,0.34,0.282,2,0,0,0,423,Risky
6023,27,68617.55,5.7,8.0,12,0.198,0.089,0,60,0,1,473,Risky
6024,21,53284.94,9.2,2.3,9,0.292,0.188,0,0,0,0,525,Risky
6025,48,52651.79,5.2,13.5,9,0.119,0.187,2,60,1,0,545,Risky
6026,28,29274.08,3.7,21.5,6,0.234,0.489,0,0,0,0,628,Poor
6027,42,97285.74,7.8,8.0,8,0.342,0.304,1,0,1,0,612,Poor
6028,64,65320.23,14.3,0.0,4,0.524,0.156,1,120,1,0,519,Risky
6029,33,39531.05,0.6,3.3,12,0.34,0.346,3,0,2,0,523,Risky
6030,33,10829.75,8.6,1.5,15,0.178,0.43,0,0,2,0,429,Risky
6031,61,46920.8,4.7,14.0,6,0.296,0.248,0,0,1,0,633,Poor
6032,23,41997.29,2.7,0.6,9,0.113,0.181,1,0,0,0,572,Very Poor
6033,52,43899.46,0.0,6.6,9,0.232,0.214,0,0,1,0,620,Poor
6034,36,26617.69,7.3,14.8,7,0.185,0.171,0,0,1,0,640,Poor
6035,51,28691.32,2.7,10.9,13,0.499,0.223,0,0,4,0,577,Very Poor
6036,35,56033.1,8.4,18.5,5,0.283,0.169,2,0,1,0,569,Very Poor
6037,32,43271.08,4.8,2.3,8,0.46,0.557,0,0,2,0,586,Very Poor
6038,33,10213.26,3.7,0.0,8,0.442,0.392,0,30,1,0,512,Risky
6039,51,46293.93,4.9,6.9,12,0.469,0.27,0,90,2,0,568,Very Poor
6040,49,72773.55,0.1,0.8,13,0.212,0.637,2,0,1,1,394,Risky
6041,43,103662.47,12.3,5.5,8,0.562,0.366,0,0,2,0,637,Poor
6042,54,53331.06,4.5,2.7,12,0.417,0.408,0,0,0,0,580,Very Poor
6043,54,71800.05,1.2,34.6,8,0.355,0.412,2,0,1,0,688,Fair
6044,32,36639.99,1.8,5.7,5,0.39,0.256,1,90,1,0,536,Risky
6045,39,28224.75,1.0,2.9,7,0.308,0.434,2,0,2,0,519,Risky
6046,27,45821.45,1.1,14.3,9,0.478,0.29,1,30,2,0,670,Fair
6047,26,49812.07,1.6,9.3,3,0.141,0.19,1,0,4,0,603,Poor
6048,23,53981.37,2.3,4.8,10,0.313,0.417,0,0,1,0,615,Poor
6049,26,28955.22,4.2,5.4,7,0.279,0.34,2,0,3,0,473,Risky
6050,35,136773.57,1.7,8.8,4,0.17,0.143,1,0,0,0,713,Good
6051,33,3446.97,9.8,1.1,5,0.442,0.146,3,0,2,0,384,Risky
6052,47,24026.66,2.3,0.3,15,0.207,0.323,0,90,0,0,454,Risky
6053,21,61105.08,4.5,8.1,6,0.514,0.108,0,0,3,0,614,Poor
6054,43,26854.44,0.3,8.0,6,0.228,0.193,1,30,2,0,579,Very Poor
6055,23,52311.52,3.0,2.0,9,0.144,0.389,0,60,0,0,536,Risky
6056,37,37439.79,0.8,0.2,11,0.488,0.268,2,0,0,0,503,Risky
6057,21,110531.97,0.9,4.8,7,0.295,0.403,0,0,0,0,655,Fair
6058,37,44465.32,4.7,11.6,6,0.346,0.324,0,0,2,0,539,Risky
6059,42,127496.82,5.0,2.9,9,0.291,0.14,0,90,1,0,614,Poor
6060,48,27683.73,3.0,10.8,13,0.143,0.299,0,0,2,0,544,Risky
6061,42,18065.88,0.7,21.1,10,0.611,0.23,1,0,1,0,627,Poor
6062,47,186229.3,4.5,11.2,9,0.139,0.126,2,0,1,0,645,Poor
6063,50,31062.18,3.7,0.1,14,0.414,0.388,1,0,1,0,505,Risky
6064,23,32325.9,3.3,13.2,7,0.216,0.073,1,0,0,0,601,Poor
6065,21,38065.69,0.5,2.1,11,0.085,0.278,1,0,0,0,553,Very Poor
6066,47,17120.82,2.6,1.6,8,0.221,0.538,1,30,0,0,406,Risky
6067,59,81399.32,2.6,24.9,10,0.27,0.26,2,0,0,0,666,Fair
6068,48,200827.22,11.1,12.7,7,0.116,0.296,2,30,1,0,590,Very Poor
6069,54,77785.93,0.2,13.6,4,0.266,0.203,0,30,1,0,584,Very Poor
6070,62,25751.4,4.8,13.5,8,0.334,0.237,1,0,1,0,630,Poor
6071,28,45257.93,3.3,10.5,6,0.366,0.409,1,0,0,0,603,Poor
6072,36,45213.97,2.0,10.8,4,0.213,0.489,2,30,3,1,455,Risky
6073,51,20007.81,1.4,2.8,8,0.17,0.27,0,0,0,0,590,Very Poor
6074,48,31857.21,3.1,9.5,2,0.793,0.463,1,0,0,0,514,Risky
6075,43,36687.1,0.1,3.9,11,0.116,0.388,1,90,1,0,539,Risky
6076,45,45166.09,10.2,10.9,8,0.064,0.428,1,0,2,0,631,Poor
6077,44,32603.44,0.0,1.7,6,0.157,0.11,0,30,2,0,508,Risky
6078,53,31271.11,0.2,7.9,6,0.507,0.351,3,0,0,0,516,Risky
6079,55,171204.78,1.3,0.6,6,0.022,0.289,1,0,2,1,479,Risky
6080,23,37915.99,0.8,9.1,5,0.305,0.1,0,0,2,0,603,Poor
6081,48,52559.23,7.5,11.3,7,0.105,0.465,0,30,1,0,650,Poor
6082,43,11163.23,0.1,5.6,11,0.41,0.508,1,90,2,0,419,Risky
6083,61,42649.73,10.8,10.1,5,0.279,0.537,1,120,1,1,404,Risky
6084,53,16363.23,5.2,6.0,7,0.18,0.414,0,30,2,0,572,Very Poor
6085,36,9352.13,0.8,12.5,5,0.308,0.512,0,90,0,0,514,Risky
6086,31,9759.97,1.6,0.1,8,0.18,0.244,1,0,1,0,490,Risky
6087,30,57216.09,0.3,1.8,5,0.243,0.125,1,0,1,1,513,Risky
6088,31,43188.7,4.1,9.9,1,0.155,0.294,1,90,3,0,456,Risky
6089,39,3994.4,4.4,6.1,10,0.288,0.303,0,0,1,0,496,Risky
6090,29,10076.66,1.9,7.1,10,0.652,0.268,0,0,0,0,560,Very Poor
6091,59,11692.36,1.6,3.4,10,0.255,0.385,0,60,0,0,517,Risky
6092,23,82803.9,21.7,1.2,4,0.234,0.433,0,0,2,0,575,Very Poor
6093,43,25477.58,1.2,2.1,5,0.204,0.091,3,0,0,0,537,Risky
6094,52,10684.74,10.0,1.5,3,0.292,0.245,0,0,1,0,461,Risky
6095,41,27630.97,5.8,2.6,3,0.288,0.49,0,0,2,0,538,Risky
6096,33,16276.44,1.3,4.4,13,0.214,0.094,2,0,1,0,509,Risky
6097,45,55292.7,7.3,5.9,8,0.473,0.396,2,0,0,0,537,Risky
6098,38,24141.53,1.7,8.3,8,0.178,0.552,1,0,0,0,558,Very Poor
6099,35,105470.4,15.4,0.1,4,0.11,0.408,0,0,0,0,617,Poor
6100,42,24602.12,0.8,4.1,8,0.194,0.283,2,0,0,0,553,Very Poor
6101,25,80919.41,0.0,12.1,10,0.241,0.256,0,30,2,0,614,Poor
6102,37,50981.08,2.8,1.2,10,0.088,0.212,0,0,1,0,580,Very Poor
6103,56,25260.71,6.2,5.6,6,0.334,0.237,5,60,3,0,407,Risky
6104,39,50361.61,1.5,5.7,5,0.367,0.47,0,0,1,0,526,Risky
6105,21,54229.29,11.8,24.7,9,0.299,0.159,2,0,0,0,643,Poor
6106,42,11842.47,5.8,0.8,10,0.235,0.247,0,0,0,0,500,Risky
6107,59,30369.63,6.7,16.8,8,0.357,0.339,1,90,0,0,526,Risky
6108,41,13963.01,6.5,7.8,10,0.421,0.561,0,0,1,0,506,Risky
6109,46,77077.58,2.9,3.0,11,0.042,0.604,1,0,0,0,625,Poor
6110,41,31265.68,1.4,7.5,11,0.387,0.228,1,0,1,0,554,Very Poor
6111,41,22784.75,1.1,10.7,7,0.486,0.209,0,90,0,0,552,Very Poor
6112,49,73639.15,1.1,1.5,9,0.15,0.77,1,0,0,0,561,Very Poor
6113,47,45543.74,1.6,23.7,9,0.463,0.258,1,0,2,0,618,Poor
6114,24,15624.82,1.3,10.1,5,0.306,0.21,1,0,1,0,582,Very Poor
6115,34,52374.48,8.7,12.6,11,0.697,0.177,1,0,3,1,469,Risky
6116,47,16307.69,2.8,0.8,7,0.309,0.093,0,0,1,0,559,Very Poor
6117,41,43765.13,3.0,5.0,9,0.127,0.594,1,0,2,0,476,Risky
6118,51,19278.64,3.3,7.7,9,0.546,0.226,2,30,1,0,532,Risky
6119,51,129122.91,11.1,1.6,7,0.386,0.379,1,30,0,0,635,Poor
6120,43,30810.92,14.6,7.4,15,0.318,0.563,2,30,0,0,533,Risky
6121,43,43809.34,0.5,18.8,4,0.216,0.188,1,60,0,0,599,Very Poor
6122,46,16798.66,4.4,1.9,12,0.314,0.179,1,90,2,0,469,Risky
6123,36,35400.06,1.5,4.4,6,0.409,0.49,1,0,0,0,606,Poor
6124,56,43464.83,7.4,3.6,11,0.238,0.563,2,30,1,0,519,Risky
6125,43,20069.55,8.3,17.8,4,0.154,0.196,1,30,1,0,554,Very Poor
6126,56,59221.03,4.0,1.0,11,0.119,0.314,3,0,2,0,483,Risky
6127,21,14621.31,0.6,4.4,8,0.151,0.225,0,0,0,0,548,Risky
6128,39,16755.5,2.7,3.4,7,0.228,0.203,3,120,1,0,426,Risky
6129,29,55943.67,0.5,11.8,12,0.248,0.233,1,0,1,0,664,Fair
6130,42,124489.32,4.0,9.7,8,0.077,0.321,1,60,1,0,603,Poor
6131,22,41549.25,0.5,2.4,12,0.364,0.373,4,0,1,0,523,Risky
6132,55,33581.17,8.6,1.3,6,0.156,0.354,3,0,1,0,535,Risky
6133,39,54827.36,6.6,0.2,5,0.587,0.147,0,0,1,0,551,Very Poor
6134,21,29755.0,0.1,2.1,9,0.161,0.191,0,0,1,0,571,Very Poor
6135,46,28448.38,5.0,3.6,6,0.27,0.253,0,90,2,0,541,Risky
6136,28,112992.45,2.4,15.5,7,0.422,0.312,1,0,5,0,623,Poor
6137,23,16881.08,6.6,23.2,8,0.338,0.311,1,30,0,0,570,Very Poor
6138,42,34273.14,0.0,11.1,13,0.185,0.198,1,0,2,0,620,Poor
6139,40,105440.5,6.0,3.6,5,0.058,0.363,0,0,4,0,630,Poor
6140,26,114992.32,3.6,11.9,9,0.569,0.213,0,0,2,0,678,Fair
6141,44,39304.38,1.2,12.5,7,0.168,0.413,0,0,0,0,621,Poor
6142,47,149750.76,4.8,8.2,10,0.195,0.608,1,60,2,0,551,Very Poor
6143,36,44008.22,6.4,2.6,9,0.261,0.37,0,0,1,0,597,Very Poor
6144,44,21132.65,2.5,10.6,13,0.522,0.184,0,60,0,0,575,Very Poor
6145,46,54143.53,1.8,4.9,5,0.371,0.24,2,0,0,0,581,Very Poor
6146,34,95522.78,1.5,2.0,6,0.372,0.153,2,30,3,0,501,Risky
6147,56,57634.17,2.4,9.1,8,0.65,0.295,3,0,0,0,570,Very Poor
6148,36,53323.34,1.1,8.8,2,0.13,0.374,0,0,1,0,626,Poor
6149,39,45917.79,1.3,2.6,7,0.151,0.21,1,0,1,0,579,Very Poor
6150,26,148371.29,6.5,1.6,10,0.379,0.069,4,0,2,0,556,Very Poor
6151,63,27371.18,9.5,16.2,7,0.146,0.123,2,120,0,0,570,Very Poor
6152,37,30830.36,4.3,11.5,10,0.044,0.425,0,0,2,0,620,Poor
6153,43,1199961.44,4.7,19.0,7,0.527,0.286,1,60,1,0,842,Excellent
6154,44,13782.05,0.8,1.3,8,0.127,0.462,0,90,1,0,485,Risky
6155,37,19890.44,3.7,8.9,10,0.02,0.186,1,0,0,0,567,Very Poor
6156,58,46850.32,1.4,0.0,11,0.365,0.389,0,0,0,0,563,Very Poor
6157,43,46941.64,0.9,3.8,9,0.26,0.316,0,0,0,0,570,Very Poor
6158,39,44491.96,2.6,6.6,8,0.407,0.396,0,30,0,0,600,Very Poor
6159,21,126411.61,8.4,6.4,14,0.358,0.239,1,90,2,0,517,Risky
6160,44,171011.05,5.9,7.0,3,0.465,0.233,0,120,1,0,583,Very Poor
6161,54,220735.09,4.3,10.7,10,0.513,0.171,1,90,0,0,710,Good
6162,63,48374.02,0.8,7.1,6,0.139,0.105,2,0,0,0,605,Poor
6163,34,46278.86,0.2,1.1,8,0.294,0.22,1,30,0,0,535,Risky
6164,28,67178.66,3.3,6.0,7,0.274,0.17,0,0,3,0,595,Very Poor
6165,26,64934.57,1.0,3.4,13,0.245,0.24,0,0,0,0,658,Fair
6166,43,108114.23,10.7,0.6,12,0.338,0.159,1,0,1,0,529,Risky
6167,54,22437.93,7.7,8.9,11,0.128,0.401,2,60,0,0,532,Risky
6168,33,169118.5,10.9,0.1,13,0.51,0.079,0,0,0,0,613,Poor
6169,51,18500.47,2.8,2.1,3,0.35,0.14,2,0,2,0,479,Risky
6170,52,41871.99,11.2,6.4,7,0.464,0.115,1,0,1,0,528,Risky
6171,52,11330.26,5.6,9.0,7,0.653,0.575,1,30,0,0,526,Risky
6172,22,21376.33,1.2,1.9,12,0.315,0.512,0,0,1,0,500,Risky
6173,28,78099.43,0.6,2.6,8,0.255,0.43,3,0,1,0,561,Very Poor
6174,42,63784.44,19.9,13.7,7,0.155,0.291,1,0,0,0,646,Poor
6175,30,56373.47,5.9,6.6,10,0.348,0.291,1,0,0,0,528,Risky
6176,24,54235.84,3.3,11.9,4,0.069,0.189,1,0,0,0,609,Poor
6177,31,412693.0,6.4,2.4,6,0.25,0.349,1,90,3,0,619,Poor
6178,39,14957.88,1.8,5.8,7,0.427,0.493,0,0,1,0,517,Risky
6179,56,23557.12,8.6,5.8,9,0.592,0.112,0,0,2,0,573,Very Poor
6180,67,59141.91,3.6,9.9,9,0.094,0.141,1,0,1,0,629,Poor
6181,32,63101.37,1.1,9.4,12,0.476,0.2,0,90,2,1,474,Risky
6182,49,8211.61,0.5,8.7,12,0.26,0.338,2,90,1,0,433,Risky
6183,44,59628.27,3.4,5.9,7,0.211,0.329,1,60,2,0,557,Very Poor
6184,45,25773.8,0.5,16.0,5,0.403,0.058,3,90,1,1,391,Risky
6185,44,57572.57,2.9,3.3,10,0.225,0.215,0,0,2,0,574,Very Poor
6186,36,29940.95,1.2,5.0,12,0.137,0.38,1,0,4,0,543,Risky
6187,60,28194.44,2.0,5.4,6,0.541,0.342,1,0,0,0,552,Very Poor
6188,41,198524.24,4.6,13.2,8,0.224,0.47,0,0,1,0,678,Fair
6189,63,37790.06,4.9,9.3,10,0.174,0.285,1,60,1,0,568,Very Poor
6190,21,42129.91,1.5,3.3,9,0.531,0.236,0,30,0,0,593,Very Poor
6191,40,119193.91,0.7,2.4,13,0.235,0.358,0,30,1,0,575,Very Poor
6192,32,88184.99,7.2,6.6,10,0.349,0.485,0,0,1,0,602,Poor
6193,37,45408.2,4.6,8.8,7,0.37,0.24,0,30,1,0,622,Poor
6194,50,89661.33,6.9,9.3,9,0.555,0.266,2,30,2,0,515,Risky
6195,38,126490.23,6.4,0.2,12,0.519,0.323,2,0,0,0,609,Poor
6196,47,292389.98,0.3,6.2,6,0.091,0.238,1,90,3,0,587,Very Poor
6197,31,70412.46,2.7,0.7,11,0.095,0.472,1,0,1,0,505,Risky
6198,21,245835.41,6.6,27.8,12,0.152,0.159,2,0,1,0,778,Excellent
6199,44,90925.77,3.6,11.0,8,0.164,0.543,0,0,0,0,731,Good
6200,34,66436.18,1.4,5.3,14,0.462,0.251,2,30,0,0,519,Risky
6201,37,21212.0,3.8,20.4,8,0.097,0.304,1,90,0,0,532,Risky
6202,46,19716.85,8.2,3.7,7,0.376,0.539,0,0,0,0,532,Risky
6203,52,61808.46,0.9,3.6,8,0.5,0.34,2,30,0,0,615,Poor
6204,39,72344.47,7.4,6.7,9,0.712,0.096,0,0,1,0,643,Poor
6205,38,14251.0,0.4,40.0,15,0.153,0.464,0,0,1,0,705,Good
6206,33,45927.27,3.8,1.6,7,0.274,0.294,0,0,0,0,583,Very Poor
6207,58,46686.8,2.8,0.9,9,0.279,0.164,1,0,0,0,562,Very Poor
6208,52,27248.73,3.9,6.3,8,0.139,0.315,0,0,2,0,557,Very Poor
6209,33,71275.4,1.0,1.0,4,0.099,0.309,4,30,1,0,444,Risky
6210,28,53599.35,5.5,2.7,8,0.302,0.302,2,60,0,0,462,Risky
6211,51,13612.21,1.4,0.3,7,0.127,0.227,0,0,2,0,529,Risky
6212,40,40240.93,7.7,29.0,7,0.086,0.458,0,120,1,0,640,Poor
6213,67,64583.83,8.0,2.0,8,0.361,0.261,2,0,0,0,518,Risky
6214,25,178683.0,4.0,2.1,14,0.271,0.328,0,90,2,0,584,Very Poor
6215,34,74032.92,0.2,20.6,5,0.142,0.331,1,0,1,0,700,Fair
6216,62,21068.07,0.6,0.1,4,0.203,0.087,2,0,1,0,512,Risky
6217,51,165432.14,0.2,9.8,6,0.125,0.068,2,0,0,0,659,Fair
6218,46,141721.22,2.8,2.4,6,0.161,0.3,1,0,0,0,671,Fair
6219,21,105931.94,6.5,4.3,9,0.246,0.209,1,0,0,0,553,Very Poor
6220,32,33928.26,3.5,5.5,13,0.276,0.44,0,60,3,1,391,Risky
6221,40,94923.34,1.8,3.5,7,0.088,0.468,3,30,0,1,457,Risky
6222,41,84464.68,7.5,14.3,10,0.06,0.25,0,0,1,0,704,Good
6223,48,19512.95,1.3,11.1,6,0.341,0.144,1,120,2,0,523,Risky
6224,43,31234.69,2.0,13.6,7,0.135,0.132,0,30,1,0,618,Poor
6225,23,106855.46,0.9,4.2,10,0.34,0.694,1,0,1,0,583,Very Poor
6226,42,37254.82,2.0,20.5,6,0.068,0.475,2,0,0,0,639,Poor
6227,21,23355.12,2.0,13.0,8,0.352,0.101,1,0,0,0,567,Very Poor
6228,27,62856.35,5.9,9.6,5,0.512,0.096,1,0,1,0,627,Poor
6229,23,32244.0,0.4,1.3,10,0.356,0.586,0,0,0,0,517,Risky
6230,33,36883.17,5.1,6.6,5,0.167,0.444,0,0,1,0,600,Very Poor
6231,43,215847.48,6.5,3.4,10,0.231,0.488,2,0,1,0,579,Very Poor
6232,23,33609.15,0.6,14.9,7,0.382,0.605,2,0,0,0,588,Very Poor
6233,37,128863.59,11.2,0.7,11,0.085,0.09,1,60,0,0,596,Very Poor
6234,30,18023.02,5.4,4.1,8,0.088,0.261,2,0,0,0,499,Risky
6235,26,27847.19,2.4,3.5,10,0.524,0.163,1,30,0,0,542,Risky
6236,32,60516.23,5.8,1.0,11,0.202,0.262,0,30,0,0,565,Very Poor
6237,41,11536.77,2.6,3.8,8,0.116,0.174,2,0,1,0,472,Risky
6238,52,20748.6,6.1,2.3,9,0.005,0.483,1,0,0,0,562,Very Poor
6239,46,48989.12,4.7,20.6,14,0.539,0.433,0,0,0,0,713,Good
6240,40,111949.6,3.7,5.3,7,0.434,0.147,1,0,2,0,625,Poor
6241,30,88642.28,0.1,1.4,5,0.312,0.343,0,0,1,0,629,Poor
6242,34,42261.44,2.9,6.9,10,0.396,0.251,0,0,0,0,611,Poor
6243,30,50014.37,2.2,0.6,9,0.219,0.25,1,0,1,0,592,Very Poor
6244,35,26603.81,0.4,2.1,8,0.459,0.438,1,0,0,0,464,Risky
6245,55,29982.38,1.4,9.0,7,0.354,0.308,1,0,0,0,622,Poor
6246,22,30133.88,5.6,3.4,8,0.592,0.231,2,0,1,0,544,Risky
6247,46,46086.51,7.4,0.6,9,0.111,0.36,0,60,3,0,562,Very Poor
6248,41,32094.57,0.7,9.0,8,0.298,0.275,2,30,0,0,559,Very Poor
6249,47,73046.26,9.6,6.7,7,0.36,0.308,1,30,1,0,572,Very Poor
6250,48,17360.06,1.0,7.7,9,0.256,0.262,3,30,0,0,483,Risky
6251,40,62562.53,1.0,9.7,11,0.254,0.405,2,30,1,0,550,Risky
6252,48,49294.27,1.1,1.6,8,0.097,0.287,1,0,1,0,537,Risky
6253,46,135870.74,1.0,13.0,9,0.068,0.578,0,0,0,0,683,Fair
6254,42,358478.74,21.3,8.1,6,0.079,0.298,0,120,1,0,634,Poor
6255,25,103811.69,3.2,15.5,16,0.087,0.521,4,0,1,0,632,Poor
6256,21,60516.5,0.4,20.8,1,0.41,0.482,2,0,1,0,682,Fair
6257,55,42849.15,8.2,4.2,12,0.371,0.325,0,60,0,0,586,Very Poor
6258,40,13995.08,0.2,1.4,8,0.427,0.343,0,0,0,0,491,Risky
6259,21,9725.19,14.5,4.1,7,0.118,0.316,0,90,1,0,423,Risky
6260,38,49171.85,1.7,7.3,5,0.236,0.409,0,0,0,0,638,Poor
6261,36,18298.4,1.6,3.9,13,0.263,0.41,0,0,4,0,525,Risky
6262,42,76321.47,3.2,5.5,14,0.068,0.318,0,0,1,0,584,Very Poor
6263,22,67860.9,9.3,1.4,11,0.153,0.423,2,0,1,0,537,Risky
6264,43,67387.14,4.8,14.6,12,0.188,0.186,2,0,2,0,663,Fair
6265,33,364746.02,2.8,3.3,8,0.298,0.324,2,30,0,0,636,Poor
6266,33,63565.27,26.5,12.1,11,0.704,0.305,3,0,0,0,623,Poor
6267,21,9976.82,1.8,7.2,10,0.104,0.201,0,90,1,0,482,Risky
6268,47,26492.32,7.3,18.2,6,0.457,0.152,1,0,3,0,576,Very Poor
6269,29,53612.94,0.3,13.8,7,0.043,0.232,2,0,1,0,592,Very Poor
6270,49,107072.81,16.3,14.6,7,0.462,0.211,2,0,1,0,710,Good
6271,51,13423.72,0.1,1.7,7,0.322,0.434,1,0,3,0,498,Risky
6272,38,56990.68,6.5,17.6,10,0.41,0.136,0,0,1,0,645,Poor
6273,21,107079.07,7.9,7.1,4,0.352,0.124,2,0,3,0,557,Very Poor
6274,37,33922.82,14.9,7.5,6,0.373,0.472,0,0,1,0,598,Very Poor
6275,27,151523.49,7.8,11.4,6,0.703,0.286,0,0,1,1,561,Very Poor
6276,30,61021.57,3.1,4.6,7,0.148,0.393,0,0,0,0,605,Poor
6277,48,35868.21,0.2,18.2,5,0.11,0.309,2,0,1,0,653,Fair
6278,30,87612.57,1.0,1.7,8,0.162,0.577,2,120,1,0,552,Very Poor
6279,60,45355.93,8.4,10.8,10,0.225,0.288,0,0,1,0,600,Very Poor
6280,33,140268.82,0.6,5.9,11,0.469,0.401,1,90,1,1,459,Risky
6281,35,21318.46,4.7,0.5,5,0.199,0.551,0,60,2,0,464,Risky
6282,47,23825.39,5.8,0.7,5,0.16,0.257,0,90,4,0,532,Risky
6283,36,27773.57,3.2,0.0,11,0.529,0.128,6,90,3,0,358,Risky
6284,31,19324.13,0.9,26.3,2,0.181,0.284,1,60,2,0,612,Poor
6285,64,33716.57,10.7,15.3,12,0.372,0.292,2,0,0,0,560,Very Poor
6286,37,31658.76,12.7,0.2,10,0.223,0.48,0,0,0,0,588,Very Poor
6287,40,51598.0,7.6,2.9,13,0.218,0.11,0,90,0,0,567,Very Poor
6288,43,17912.84,3.1,2.0,10,0.444,0.391,2,0,1,0,472,Risky
6289,50,7311.41,1.5,12.3,8,0.527,0.228,2,0,2,0,479,Risky
6290,35,62699.65,0.5,15.2,6,0.172,0.404,1,30,1,0,647,Poor
6291,56,17516.06,8.9,4.1,12,0.492,0.457,2,0,2,0,492,Risky
6292,43,38517.84,10.4,0.6,11,0.798,0.09,1,30,3,0,465,Risky
6293,48,14548.04,13.7,22.8,8,0.491,0.267,1,60,0,0,569,Very Poor
6294,26,58300.64,4.0,10.3,7,0.366,0.198,0,0,1,0,640,Poor
6295,55,18816.15,2.8,0.2,10,0.293,0.161,1,0,2,0,502,Risky
6296,38,114923.73,12.4,1.2,9,0.073,0.38,1,0,0,0,640,Poor
6297,26,28181.45,0.3,0.2,12,0.333,0.067,0,30,1,0,575,Very Poor
6298,27,51207.95,1.2,0.5,10,0.193,0.373,3,30,0,0,530,Risky
6299,36,15907.47,8.1,12.1,5,0.081,0.153,1,0,0,0,558,Very Poor
6300,42,91574.46,0.3,3.3,11,0.191,0.191,2,90,0,0,554,Very Poor
6301,62,33086.95,1.4,3.0,7,0.143,0.295,1,30,0,0,573,Very Poor
6302,27,91983.97,14.3,10.4,8,0.604,0.185,3,0,1,0,596,Very Poor
6303,33,43199.35,10.7,0.1,10,0.113,0.236,1,0,1,0,543,Risky
6304,41,34076.53,0.4,9.0,8,0.132,0.276,0,30,1,0,567,Very Poor
6305,28,83673.02,3.2,9.5,5,0.143,0.488,0,0,3,0,633,Poor
6306,61,37722.85,0.1,0.6,9,0.262,0.208,0,0,0,0,605,Poor
6307,38,87729.64,1.1,20.6,7,0.187,0.247,2,0,3,0,665,Fair
6308,24,1236173.34,1.0,7.4,8,0.432,0.574,1,0,1,0,753,Excellent
6309,41,121674.45,6.7,5.2,9,0.454,0.32,3,120,1,0,489,Risky
6310,61,59795.85,14.2,1.7,7,0.287,0.182,1,0,0,0,582,Very Poor
6311,49,48440.82,4.2,18.1,11,0.312,0.195,0,0,0,0,713,Good
6312,35,52376.98,0.1,0.5,5,0.149,0.154,3,0,1,0,528,Risky
6313,27,15060.96,8.4,30.1,5,0.396,0.239,1,0,1,0,654,Fair
6314,49,31780.03,8.2,4.1,8,0.631,0.062,0,0,0,0,624,Poor
6315,39,112098.89,12.3,1.8,7,0.143,0.036,2,0,1,0,599,Very Poor
6316,29,175017.56,0.0,0.2,4,0.526,0.265,0,0,2,0,603,Poor
6317,53,45724.89,4.5,7.6,10,0.172,0.183,0,90,3,0,514,Risky
6318,33,63554.83,3.1,3.1,7,0.235,0.462,3,30,0,0,584,Very Poor
6319,38,14022.8,1.8,9.8,11,0.061,0.402,1,60,1,0,471,Risky
6320,49,75036.03,0.9,3.0,6,0.123,0.206,1,0,1,0,550,Risky
6321,31,27780.04,5.0,5.7,7,0.587,0.358,0,0,1,0,566,Very Poor
6322,61,68148.86,0.8,16.5,8,0.15,0.331,1,0,2,0,703,Good
6323,46,28658.87,2.0,10.2,13,0.244,0.441,0,0,1,0,581,Very Poor
6324,41,30710.59,0.6,14.1,7,0.273,0.443,2,60,0,0,512,Risky
6325,37,57054.09,4.2,3.0,12,0.434,0.146,1,30,3,0,538,Risky
6326,52,39297.94,2.5,15.2,8,0.419,0.329,0,0,1,0,612,Poor
6327,29,48348.97,15.4,9.0,8,0.155,0.607,1,0,0,0,600,Very Poor
6328,21,15898.16,1.2,1.6,8,0.519,0.091,0,0,0,0,532,Risky
6329,31,45361.44,8.1,7.1,8,0.414,0.547,1,0,0,0,569,Very Poor
6330,48,27748.01,1.0,2.8,10,0.449,0.427,3,60,0,0,487,Risky
6331,42,20708.44,4.6,1.6,6,0.221,0.379,0,60,1,0,494,Risky
6332,64,16686.41,5.3,1.9,10,0.134,0.356,0,0,1,0,461,Risky
6333,31,115920.38,5.8,1.3,9,0.125,0.24,1,0,0,1,552,Very Poor
6334,21,26196.02,3.0,10.7,12,0.419,0.331,1,0,2,0,562,Very Poor
6335,46,46458.0,10.2,1.1,4,0.428,0.089,2,30,0,0,548,Risky
6336,25,39929.66,20.7,10.3,8,0.401,0.172,1,0,1,0,546,Risky
6337,37,77491.36,0.5,19.8,7,0.14,0.253,2,0,3,0,642,Poor
6338,60,171940.43,3.1,0.9,5,0.484,0.204,1,0,1,0,658,Fair
6339,33,220254.67,1.5,14.8,10,0.267,0.353,0,0,0,0,703,Good
6340,37,13229.64,5.2,16.2,6,0.424,0.224,2,0,0,0,554,Very Poor
6341,52,85313.8,3.6,4.4,6,0.155,0.251,0,30,2,0,538,Risky
6342,46,7714.46,0.8,6.3,6,0.137,0.349,0,30,1,0,498,Risky
6343,30,127637.39,1.2,9.3,5,0.152,0.61,1,0,1,0,602,Poor
6344,24,45493.64,3.0,13.2,11,0.323,0.276,1,0,1,0,600,Very Poor
6345,39,32901.68,3.5,10.3,12,0.035,0.494,2,0,1,0,561,Very Poor
6346,43,127170.6,10.0,9.8,8,0.297,0.482,1,0,1,0,654,Fair
6347,59,61848.15,1.3,0.8,10,0.133,0.334,4,60,3,0,473,Risky
6348,40,27098.09,2.2,11.8,5,0.217,0.35,0,0,1,0,559,Very Poor
6349,41,33292.51,1.5,1.8,11,0.156,0.432,0,0,3,1,384,Risky
6350,33,22521.65,5.5,4.9,4,0.165,0.374,0,0,1,0,530,Risky
6351,35,79342.94,11.3,8.3,9,0.213,0.212,0,30,2,0,650,Poor
6352,39,99729.51,12.4,4.1,9,0.366,0.05,1,0,2,0,618,Poor
6353,51,172600.62,0.1,7.6,9,0.204,0.392,1,0,1,0,649,Poor
6354,47,43056.06,9.0,20.7,9,0.057,0.101,1,0,1,0,675,Fair
6355,57,38957.08,11.2,0.2,15,0.291,0.267,1,0,0,0,509,Risky
6356,39,78546.89,0.9,28.3,5,0.473,0.151,1,0,2,1,634,Poor
6357,29,18758.56,2.9,4.4,11,0.031,0.321,0,0,4,0,525,Risky
6358,24,86592.53,3.1,10.6,7,0.308,0.154,0,0,0,0,682,Fair
6359,21,143086.29,4.9,3.0,9,0.048,0.272,0,30,2,0,642,Poor
6360,34,90263.43,8.6,10.0,6,0.307,0.341,0,0,0,0,639,Poor
6361,21,62473.86,3.7,23.1,9,0.396,0.258,0,0,3,0,668,Fair
6362,44,52459.6,5.4,13.3,12,0.142,0.27,2,0,1,0,600,Very Poor
6363,35,41441.75,5.0,13.6,9,0.443,0.154,0,0,0,0,660,Fair
6364,35,197828.65,7.3,3.4,9,0.308,0.343,0,0,1,0,654,Fair
6365,30,60182.59,0.0,23.2,9,0.56,0.039,3,0,0,1,540,Risky
6366,54,35757.67,2.8,0.3,12,0.196,0.315,1,0,1,0,506,Risky
6367,40,100034.55,1.0,13.3,8,0.237,0.674,1,0,2,0,581,Very Poor
6368,49,21246.64,6.6,19.4,8,0.117,0.174,2,0,0,0,589,Very Poor
6369,25,21701.03,5.9,18.9,6,0.221,0.168,1,30,1,0,518,Risky
6370,35,34846.92,3.1,1.1,9,0.422,0.161,1,0,3,0,501,Risky
6371,38,31434.01,11.7,7.1,9,0.294,0.309,1,0,1,0,602,Poor
6372,50,16510.99,6.4,15.8,4,0.168,0.498,1,30,0,0,584,Very Poor
6373,34,42259.26,11.1,13.9,3,0.418,0.385,0,0,1,0,637,Poor
6374,58,39964.55,9.9,9.2,8,0.21,0.305,0,30,3,0,602,Poor
6375,53,44921.59,0.8,2.2,8,0.178,0.56,0,0,1,0,630,Poor
6376,55,182987.99,1.3,6.6,9,0.564,0.342,2,0,0,0,595,Very Poor
6377,21,53613.3,12.2,3.7,12,0.313,0.347,0,0,1,0,591,Very Poor
6378,37,74370.94,1.7,16.0,12,0.395,0.145,1,0,1,0,618,Poor
6379,23,19377.99,1.8,40.0,11,0.171,0.326,2,30,0,0,728,Good
6380,30,108375.73,4.0,7.5,12,0.31,0.266,1,0,0,0,585,Very Poor
6381,33,48857.98,1.8,4.3,5,0.32,0.174,0,0,2,0,623,Poor
6382,22,92673.19,0.2,3.2,9,0.1,0.351,1,0,1,0,615,Poor
6383,46,67650.06,1.2,2.3,10,0.133,0.398,0,0,0,0,613,Poor
6384,64,70300.59,3.7,28.3,7,0.261,0.241,1,0,2,0,712,Good
6385,21,13215.59,10.2,2.9,5,0.323,0.531,0,30,0,0,510,Risky
6386,44,100631.94,3.9,23.7,11,0.228,0.294,1,0,2,0,629,Poor
6387,34,93117.71,12.4,5.7,5,0.249,0.269,2,0,0,0,627,Poor
6388,35,71410.45,8.0,12.1,9,0.147,0.298,2,60,3,0,579,Very Poor
6389,21,109216.54,1.0,4.0,8,0.106,0.375,1,90,3,0,586,Very Poor
6390,43,59676.25,3.9,1.2,17,0.2,0.169,0,0,1,0,566,Very Poor
6391,24,15994.59,1.9,13.5,8,0.619,0.145,1,30,2,0,495,Risky
6392,23,124656.0,1.1,1.8,4,0.086,0.277,0,0,0,0,662,Fair
6393,39,88458.79,3.7,20.2,8,0.374,0.396,1,0,2,0,655,Fair
6394,32,21977.42,6.8,10.7,10,0.129,0.356,1,0,0,0,631,Poor
6395,55,19565.48,7.2,2.0,5,0.14,0.388,1,0,0,0,537,Risky
6396,46,39236.62,2.2,1.3,5,0.093,0.251,0,0,0,0,582,Very Poor
6397,39,16719.81,12.1,0.3,7,0.192,0.135,0,60,1,0,491,Risky
6398,53,194825.0,7.2,9.3,10,0.211,0.239,0,30,0,0,686,Fair
6399,23,99706.18,1.8,1.9,8,0.153,0.413,1,0,0,0,585,Very Poor
6400,47,29230.52,1.1,10.7,9,0.407,0.449,0,0,0,0,563,Very Poor
6401,47,110303.47,7.7,6.1,12,0.249,0.326,0,0,1,0,665,Fair
6402,38,35785.06,3.9,18.5,4,0.112,0.349,0,0,1,0,680,Fair
6403,39,65451.3,2.4,8.7,12,0.582,0.293,1,0,2,0,613,Poor
6404,28,49192.94,5.2,12.9,10,0.1,0.196,0,30,2,0,617,Poor
6405,21,167371.83,1.5,21.4,5,0.405,0.497,1,0,1,0,695,Fair
6406,23,52953.61,7.1,1.7,7,0.193,0.4,0,30,2,0,559,Very Poor
6407,51,84588.2,1.1,6.5,8,0.148,0.141,2,30,1,0,631,Poor
6408,30,22208.91,10.7,5.8,10,0.129,0.334,0,0,0,0,602,Poor
6409,40,37150.21,1.5,6.3,5,0.347,0.151,2,0,0,0,547,Risky
6410,45,23332.15,0.8,2.2,7,0.301,0.471,1,0,2,0,485,Risky
6411,58,33439.13,1.4,1.0,4,0.43,0.375,1,0,0,0,533,Risky
6412,47,28089.71,0.1,2.8,9,0.106,0.31,1,30,1,0,552,Very Poor
6413,47,93350.07,1.9,0.4,8,0.554,0.365,2,0,2,0,595,Very Poor
6414,38,28591.97,6.9,0.4,8,0.094,0.288,0,0,0,0,575,Very Poor
6415,49,80003.47,5.3,25.6,6,0.286,0.341,1,60,1,0,694,Fair
6416,33,33766.58,2.5,5.9,11,0.171,0.333,1,90,1,0,512,Risky
6417,43,9303.87,4.0,2.7,6,0.064,0.252,0,0,0,0,510,Risky
6418,57,43730.07,5.8,4.9,8,0.206,0.421,1,0,2,0,545,Risky
6419,69,53113.69,1.8,4.4,6,0.25,0.296,3,0,0,0,566,Very Poor
6420,47,52312.49,3.3,1.3,11,0.288,0.581,1,0,1,0,610,Poor
6421,61,44496.86,0.3,0.9,8,0.383,0.198,0,90,0,0,559,Very Poor
6422,62,61197.26,1.5,0.6,6,0.385,0.349,0,0,2,0,621,Poor
6423,31,118274.8,1.9,8.9,3,0.068,0.208,0,90,0,0,614,Poor
6424,22,18869.11,5.2,5.8,7,0.276,0.167,2,0,2,0,449,Risky
6425,40,46655.36,11.3,11.9,10,0.327,0.284,1,0,0,0,617,Poor
6426,48,40832.41,2.3,1.0,6,0.662,0.164,2,0,1,0,462,Risky
6427,22,58586.6,6.3,0.9,8,0.522,0.146,1,0,1,0,567,Very Poor
6428,46,14604.12,3.9,0.3,7,0.31,0.205,0,30,0,0,543,Risky
6429,41,22798.41,6.9,16.3,9,0.313,0.253,2,0,2,0,621,Poor
6430,52,36543.1,5.1,4.6,7,0.219,0.435,0,30,1,0,553,Very Poor
6431,51,31396.27,1.7,22.1,15,0.271,0.222,0,0,2,0,636,Poor
6432,44,85663.3,0.3,3.5,10,0.23,0.268,0,60,1,0,631,Poor
6433,38,33514.97,2.0,11.4,7,0.104,0.25,2,0,1,0,590,Very Poor
6434,39,56342.08,0.7,3.4,8,0.476,0.106,0,0,0,0,582,Very Poor
6435,50,444300.42,4.3,12.7,13,0.241,0.239,1,0,0,0,741,Good
6436,38,47731.08,1.7,5.5,6,0.372,0.314,1,0,0,0,587,Very Poor
6437,34,60469.15,1.0,3.5,12,0.467,0.398,0,0,2,0,537,Risky
6438,70,52646.65,2.7,4.5,11,0.085,0.305,1,0,1,0,544,Risky
6439,39,115637.81,1.1,7.6,6,0.28,0.101,2,0,0,0,661,Fair
6440,46,46127.99,3.3,1.8,10,0.354,0.243,1,0,1,0,604,Poor
6441,56,19167.86,5.0,12.5,6,0.23,0.205,0,0,2,0,608,Poor
6442,27,108845.39,1.1,0.3,9,0.114,0.104,1,30,0,0,582,Very Poor
6443,56,114000.96,10.0,0.5,12,0.2,0.465,1,30,4,0,569,Very Poor
6444,57,55750.88,6.0,0.0,2,0.485,0.335,0,0,0,0,617,Poor
6445,33,47946.61,12.3,19.7,12,0.04,0.089,2,0,2,0,628,Poor
6446,50,19422.52,2.4,0.4,6,0.122,0.423,0,0,1,0,496,Risky
6447,29,41144.29,1.2,17.7,8,0.349,0.24,1,30,1,0,619,Poor
6448,28,13316.28,4.5,5.8,8,0.186,0.234,1,30,1,0,526,Risky
6449,25,26428.54,5.4,5.1,11,0.298,0.1,0,0,1,0,511,Risky
6450,51,72680.46,10.6,12.6,9,0.337,0.225,1,0,3,0,609,Poor
6451,34,155661.53,2.8,5.4,5,0.104,0.235,1,30,2,0,687,Fair
6452,30,100581.0,3.6,6.7,6,0.376,0.248,1,0,2,0,634,Poor
6453,48,60716.51,2.8,3.1,7,0.467,0.487,2,0,1,0,516,Risky
6454,42,44690.07,12.5,7.1,14,0.448,0.311,0,0,0,0,637,Poor
6455,53,12107.84,0.4,6.8,8,0.247,0.255,1,0,1,0,562,Very Poor
6456,44,60903.28,10.8,5.2,6,0.232,0.164,1,0,1,0,613,Poor
6457,47,116602.91,0.4,1.3,10,0.311,0.188,1,0,0,0,635,Poor
6458,36,86750.03,1.7,23.1,4,0.466,0.286,2,0,3,0,632,Poor
6459,43,97502.08,1.9,15.7,8,0.638,0.233,2,0,1,0,656,Fair
6460,41,72370.36,2.3,9.4,6,0.177,0.218,1,0,0,0,675,Fair
6461,32,47247.19,7.0,0.1,6,0.205,0.313,1,0,1,0,550,Risky
6462,45,33133.36,12.7,2.4,4,0.43,0.157,1,0,0,0,562,Very Poor
6463,38,18957.63,0.3,0.4,8,0.37,0.285,2,0,0,0,574,Very Poor
6464,39,85432.1,2.1,0.3,11,0.575,0.292,1,0,0,0,604,Poor
6465,41,48993.41,1.4,17.9,11,0.098,0.103,1,0,1,0,701,Good
6466,46,61841.39,2.1,5.2,7,0.348,0.245,2,0,1,1,432,Risky
6467,39,128639.66,2.7,10.1,7,0.112,0.327,1,30,1,0,586,Very Poor
6468,54,28351.38,12.5,28.3,5,0.112,0.154,1,0,1,0,683,Fair
6469,30,60170.11,1.8,9.9,8,0.292,0.053,0,0,1,1,556,Very Poor
6470,43,42730.77,0.5,13.2,9,0.106,0.224,1,0,0,0,582,Very Poor
6471,21,34712.42,4.3,11.5,4,0.183,0.334,1,60,2,0,537,Risky
6472,47,12564.16,2.6,13.7,5,0.436,0.149,2,30,1,0,539,Risky
6473,21,31154.58,12.8,7.9,6,0.4,0.364,0,0,5,0,509,Risky
6474,35,59338.68,2.3,4.6,6,0.1,0.2,1,0,2,0,569,Very Poor
6475,48,13787.56,14.3,4.6,11,0.432,0.321,1,0,4,0,487,Risky
6476,53,78780.35,2.3,9.7,10,0.307,0.249,0,30,0,0,639,Poor
6477,58,145320.11,0.2,5.1,10,0.414,0.415,0,60,2,0,564,Very Poor
6478,56,38703.51,5.6,6.6,9,0.177,0.426,2,30,0,0,525,Risky
6479,52,7534.0,1.5,21.8,8,0.295,0.098,1,0,1,0,633,Poor
6480,42,38513.32,0.8,5.0,8,0.584,0.39,0,0,2,0,524,Risky
6481,50,24151.88,2.6,1.4,7,0.449,0.239,1,60,0,0,528,Risky
6482,54,27879.63,11.6,2.7,4,0.373,0.367,1,0,0,0,573,Very Poor
6483,50,104839.52,2.2,1.9,8,0.732,0.29,0,0,1,0,611,Poor
6484,21,155734.9,0.9,0.7,6,0.085,0.132,1,30,2,0,604,Poor
6485,38,51981.56,5.3,4.2,11,0.29,0.21,2,0,0,0,599,Very Poor
6486,35,25408.72,9.5,7.0,6,0.13,0.063,0,0,0,0,565,Very Poor
6487,64,79693.34,10.6,6.8,14,0.587,0.485,0,90,0,0,545,Risky
6488,44,121410.54,0.4,9.6,8,0.251,0.388,0,0,1,0,695,Fair
6489,36,44342.13,1.9,1.7,8,0.299,0.344,1,0,0,0,548,Risky
6490,37,46679.45,0.8,1.9,11,0.281,0.202,1,0,0,0,606,Poor
6491,27,118003.88,13.8,29.1,12,0.795,0.212,1,0,2,0,748,Good
6492,27,104109.11,4.0,0.3,10,0.383,0.319,1,60,1,0,540,Risky
6493,54,22067.65,4.0,8.3,10,0.474,0.444,0,0,1,0,574,Very Poor
6494,28,57305.67,1.1,1.9,11,0.087,0.213,1,0,1,0,551,Very Poor
6495,66,34217.27,7.6,12.3,4,0.243,0.369,1,0,2,0,568,Very Poor
6496,44,16167.22,2.8,4.0,9,0.267,0.224,0,90,1,0,487,Risky
6497,54,48475.4,5.7,3.7,10,0.329,0.048,2,0,2,0,569,Very Poor
6498,65,106173.17,0.2,1.7,6,0.23,0.214,1,0,2,0,658,Fair
6499,35,55701.11,14.7,5.7,5,0.31,0.128,1,0,1,0,589,Very Poor
6500,35,132811.51,5.4,2.7,9,0.121,0.304,0,0,2,0,594,Very Poor
6501,34,81250.39,15.7,16.5,11,0.333,0.282,2,0,0,0,616,Poor
6502,36,63579.45,4.9,2.1,12,0.239,0.578,2,0,0,0,550,Risky
6503,29,46198.04,1.8,6.3,6,0.347,0.214,1,0,3,0,537,Risky
6504,44,31469.49,8.0,4.9,8,0.276,0.306,2,0,2,0,493,Risky
6505,50,288748.64,3.7,35.1,11,0.063,0.389,1,90,1,0,781,Excellent
6506,53,23971.1,1.2,2.3,5,0.151,0.11,2,30,1,0,517,Risky
6507,32,119117.18,11.3,10.0,10,0.564,0.287,1,0,1,0,619,Poor
6508,43,20670.41,6.1,6.6,13,0.565,0.303,0,0,0,0,573,Very Poor
6509,43,31079.57,4.0,5.2,6,0.217,0.326,1,0,1,0,544,Risky
6510,29,19705.07,4.6,9.4,5,0.395,0.135,1,90,0,0,463,Risky
6511,31,92502.39,3.4,5.6,5,0.216,0.395,2,0,1,0,615,Poor
6512,40,34584.82,9.8,1.3,7,0.553,0.439,1,30,0,0,524,Risky
6513,53,82890.08,10.4,4.5,8,0.383,0.454,0,0,1,0,632,Poor
6514,39,32237.77,14.6,2.2,11,0.291,0.145,2,0,0,0,527,Risky
6515,39,66876.06,11.0,2.3,6,0.208,0.267,1,0,0,0,622,Poor
6516,44,44535.48,0.8,3.4,11,0.187,0.454,0,0,0,0,560,Very Poor
6517,24,65201.72,0.0,17.3,7,0.433,0.382,1,0,0,0,657,Fair
6518,42,13007.7,1.2,5.2,8,0.224,0.575,1,0,3,0,537,Risky
6519,52,45068.45,16.7,3.8,7,0.069,0.382,1,0,0,0,623,Poor
6520,43,97091.54,6.2,10.8,5,0.264,0.419,0,90,2,0,626,Poor
6521,67,24167.77,0.8,3.4,8,0.075,0.312,1,30,1,0,509,Risky
6522,47,62880.0,1.6,13.8,10,0.303,0.162,2,0,0,1,468,Risky
6523,51,127575.28,5.6,4.9,8,0.061,0.216,1,0,1,0,586,Very Poor
6524,27,21952.08,3.1,30.1,9,0.161,0.162,0,30,2,0,675,Fair
6525,36,58726.8,3.0,12.3,9,0.357,0.221,2,0,1,0,626,Poor
6526,31,140660.06,0.3,14.4,4,0.216,0.349,0,90,0,0,642,Poor
6527,46,50432.79,9.8,10.7,13,0.608,0.217,0,0,0,0,618,Poor
6528,34,37388.62,2.7,13.8,10,0.599,0.104,2,30,1,0,512,Risky
6529,29,77079.85,0.4,6.8,8,0.292,0.404,0,0,0,0,657,Fair
6530,45,88604.09,0.1,5.4,9,0.446,0.258,0,0,2,0,638,Poor
6531,38,171067.02,10.6,9.5,8,0.466,0.374,2,0,0,0,620,Poor
6532,41,26863.04,4.3,6.5,8,0.129,0.099,0,0,1,0,551,Very Poor
6533,45,115097.43,6.4,8.5,5,0.08,0.249,2,0,0,0,628,Poor
6534,29,20575.02,3.8,4.1,8,0.386,0.517,1,0,1,0,559,Very Poor
6535,39,29393.09,4.3,2.2,10,0.589,0.4,2,30,0,0,519,Risky
6536,31,81511.23,10.5,1.3,8,0.219,0.28,1,90,2,0,561,Very Poor
6537,38,39695.43,2.7,10.6,4,0.121,0.361,2,0,0,0,589,Very Poor
6538,21,25345.76,0.1,16.5,8,0.277,0.416,1,0,0,0,575,Very Poor
6539,47,159119.23,2.6,1.4,8,0.034,0.158,0,0,3,0,660,Fair
6540,64,7835.6,1.0,3.7,1,0.165,0.258,1,0,0,0,483,Risky
6541,43,8045.77,1.6,25.6,8,0.257,0.192,1,0,0,0,621,Poor
6542,50,161997.54,2.4,1.0,5,0.188,0.427,2,30,2,0,584,Very Poor
6543,25,350316.29,10.6,1.1,9,0.194,0.21,0,0,1,0,726,Good
6544,57,108521.1,0.1,4.7,2,0.065,0.379,1,0,0,0,581,Very Poor
6545,51,19551.05,2.7,2.2,11,0.284,0.327,1,30,0,0,495,Risky
6546,37,34173.29,1.3,40.0,9,0.11,0.147,1,0,0,0,721,Good
6547,26,27854.77,17.4,16.0,4,0.265,0.404,0,0,0,0,686,Fair
6548,51,57698.5,1.9,6.4,11,0.671,0.18,1,0,1,0,588,Very Poor
6549,56,116104.43,3.1,18.3,4,0.152,0.214,0,0,1,0,711,Good
6550,36,84174.57,0.4,11.5,7,0.488,0.29,1,0,0,0,614,Poor
6551,43,78717.92,2.3,0.5,8,0.288,0.321,1,0,1,0,652,Fair
6552,46,19587.41,1.1,18.7,8,0.174,0.063,0,0,0,0,662,Fair
6553,29,15051.49,9.4,2.1,10,0.117,0.404,0,0,1,0,455,Risky
6554,49,170652.09,8.1,3.4,11,0.219,0.179,0,60,1,0,669,Fair
6555,37,14941.05,1.3,5.1,8,0.465,0.113,2,0,3,0,460,Risky
6556,37,51962.12,14.2,18.4,6,0.505,0.288,1,0,0,0,640,Poor
6557,22,199978.82,2.1,5.7,6,0.163,0.321,3,0,0,0,585,Very Poor
6558,43,8983.78,9.2,22.3,8,0.079,0.353,1,0,3,0,518,Risky
6559,51,14126.71,5.3,26.1,3,0.068,0.105,1,0,0,0,687,Fair
6560,48,90591.81,2.6,5.1,9,0.417,0.09,1,30,0,0,607,Poor
6561,42,52814.78,7.6,1.2,5,0.505,0.152,0,0,1,0,537,Risky
6562,58,38669.37,5.4,1.3,7,0.535,0.418,0,0,0,0,579,Very Poor
6563,70,56977.76,0.7,22.3,10,0.694,0.142,1,0,0,0,755,Excellent
6564,37,35061.72,0.2,8.7,8,0.265,0.312,2,0,2,1,395,Risky
6565,38,141966.63,4.6,1.4,7,0.459,0.282,1,0,1,0,605,Poor
6566,29,139422.71,1.6,1.3,12,0.329,0.356,0,60,2,0,555,Very Poor
6567,41,22228.65,18.9,9.7,12,0.068,0.617,1,60,3,0,497,Risky
6568,39,130317.94,15.4,3.7,7,0.316,0.258,1,0,4,0,565,Very Poor
6569,60,88096.84,22.0,8.8,10,0.057,0.513,2,0,0,0,643,Poor
6570,32,18097.35,13.7,4.7,5,0.164,0.177,1,30,2,0,530,Risky
6571,28,108495.41,0.5,0.2,12,0.451,0.385,1,120,1,0,511,Risky
6572,35,138740.33,3.9,0.6,11,0.032,0.271,0,60,0,0,626,Poor
6573,21,129109.14,4.8,4.0,2,0.634,0.497,0,0,1,1,531,Risky
6574,36,56763.43,13.4,5.5,7,0.199,0.444,1,0,1,0,572,Very Poor
6575,35,10649.88,2.1,4.8,8,0.189,0.329,0,0,0,0,532,Risky
6576,46,445751.41,6.1,4.8,12,0.227,0.292,0,0,0,0,721,Good
6577,54,140147.93,18.8,8.4,7,0.256,0.284,0,0,0,1,591,Very Poor
6578,34,106218.41,8.6,2.6,10,0.037,0.335,1,0,1,0,599,Very Poor
6579,21,76222.12,0.6,11.6,8,0.459,0.274,1,0,2,0,590,Very Poor
6580,34,85494.71,6.0,3.9,6,0.052,0.071,1,0,1,0,631,Poor
6581,38,60250.38,0.8,4.4,15,0.306,0.219,0,90,0,0,589,Very Poor
6582,30,27332.27,7.6,3.4,7,0.225,0.243,1,0,0,0,521,Risky
6583,44,106599.33,22.1,8.6,9,0.153,0.115,0,0,2,0,692,Fair
6584,40,57165.54,2.7,11.6,10,0.197,0.253,1,0,0,0,582,Very Poor
6585,58,18919.77,0.7,4.5,12,0.134,0.373,2,30,0,0,508,Risky
6586,42,29214.23,0.4,2.8,4,0.104,0.247,0,0,2,0,538,Risky
6587,35,60861.56,4.4,2.9,8,0.139,0.277,0,0,2,0,528,Risky
6588,57,107032.56,6.3,13.9,9,0.102,0.321,1,0,2,0,699,Fair
6589,31,22118.34,0.7,0.3,5,0.468,0.157,0,0,0,0,568,Very Poor
6590,47,26706.6,3.8,7.0,13,0.441,0.399,1,0,0,0,530,Risky
6591,21,155218.4,4.3,16.3,10,0.037,0.59,2,0,1,0,662,Fair
6592,42,90717.47,0.7,34.7,7,0.132,0.68,0,60,0,0,756,Excellent
6593,68,29116.25,17.2,1.9,8,0.037,0.503,1,30,2,0,501,Risky
6594,53,7382.75,8.1,3.6,10,0.039,0.607,2,0,0,0,429,Risky
6595,36,42666.29,15.5,7.4,6,0.537,0.239,1,0,0,0,593,Very Poor
6596,33,29775.23,3.8,6.3,12,0.178,0.46,0,30,1,0,569,Very Poor
6597,21,16383.66,3.4,1.4,9,0.213,0.181,0,0,0,0,530,Risky
6598,44,21888.65,12.9,6.3,9,0.224,0.284,0,0,1,0,549,Risky
6599,51,35374.92,1.5,9.5,9,0.296,0.255,1,0,0,0,567,Very Poor
6600,58,18585.18,2.5,4.3,4,0.304,0.289,0,0,0,0,582,Very Poor
6601,37,80598.45,2.7,10.4,6,0.194,0.211,0,120,0,0,544,Risky
6602,54,48062.84,0.5,19.7,8,0.119,0.486,0,0,0,0,679,Fair
6603,34,110109.63,4.3,8.6,9,0.263,0.714,1,0,2,0,613,Poor
6604,34,47344.81,4.0,0.8,7,0.115,0.304,1,0,1,0,572,Very Poor
6605,55,80694.51,10.5,1.7,5,0.322,0.462,2,90,0,0,501,Risky
6606,54,18006.09,2.0,1.1,7,0.385,0.341,2,0,0,0,472,Risky
6607,33,10302.5,0.5,3.3,9,0.466,0.105,1,0,2,0,525,Risky
6608,38,45649.75,2.2,6.0,9,0.082,0.385,0,0,2,1,509,Risky
6609,49,104444.4,1.3,3.1,3,0.114,0.318,1,0,3,1,550,Risky
6610,54,40069.2,4.3,3.1,5,0.465,0.364,1,0,2,0,494,Risky
6611,43,127309.47,0.5,8.6,9,0.266,0.26,1,0,2,0,624,Poor
6612,49,31151.69,4.4,8.8,7,0.237,0.452,1,0,0,0,544,Risky
6613,40,36403.86,0.7,3.5,6,0.442,0.693,0,0,2,0,492,Risky
6614,53,19382.68,0.6,4.6,11,0.191,0.23,0,30,3,0,512,Risky
6615,35,45980.78,3.4,40.0,14,0.38,0.203,2,30,0,0,728,Good
6616,40,68828.96,7.1,0.9,2,0.063,0.376,1,0,1,0,593,Very Poor
6617,39,59200.22,1.8,9.9,7,0.365,0.273,0,0,3,0,639,Poor
6618,43,17676.92,2.7,21.5,10,0.189,0.501,2,30,0,0,545,Risky
6619,21,111987.96,5.4,1.3,8,0.252,0.384,0,30,0,0,596,Very Poor
6620,21,92087.57,4.8,1.8,10,0.064,0.296,0,0,0,0,595,Very Poor
6621,43,62939.15,0.9,13.3,12,0.348,0.287,1,0,0,0,661,Fair
6622,36,89253.87,1.9,7.5,4,0.314,0.475,3,0,1,0,617,Poor
6623,40,52684.24,11.6,4.8,9,0.309,0.192,0,30,1,0,612,Poor
6624,57,44903.05,9.1,7.3,6,0.403,0.065,1,0,1,0,567,Very Poor
6625,33,51593.94,7.8,0.6,7,0.335,0.202,2,0,2,0,454,Risky
6626,36,72049.19,1.4,2.2,14,0.276,0.562,0,0,2,0,557,Very Poor
6627,22,24098.3,0.6,13.2,7,0.247,0.368,1,60,1,0,474,Risky
6628,39,21534.71,2.2,2.0,8,0.216,0.184,3,0,0,0,500,Risky
6629,32,56607.88,2.5,6.3,3,0.271,0.163,1,0,1,0,525,Risky
6630,60,79603.0,3.6,1.7,8,0.504,0.206,1,0,1,0,544,Risky
6631,39,34806.19,2.9,6.2,5,0.096,0.34,1,60,2,0,559,Very Poor
6632,41,73381.95,0.9,17.1,3,0.282,0.279,0,0,1,0,667,Fair
6633,43,29862.21,1.3,15.6,9,0.166,0.341,1,0,0,0,571,Very Poor
6634,49,20883.67,0.9,2.4,4,0.045,0.211,1,0,0,0,569,Very Poor
6635,44,68815.08,2.1,1.4,5,0.067,0.484,0,0,0,0,617,Poor
6636,37,39836.46,3.4,4.5,10,0.32,0.275,0,30,1,0,604,Poor
6637,57,173225.32,5.6,0.2,8,0.317,0.199,1,0,1,0,616,Poor
6638,31,55252.67,10.4,3.1,7,0.208,0.458,0,120,0,1,412,Risky
6639,29,95041.98,2.8,2.8,5,0.054,0.42,2,90,1,0,527,Risky
6640,47,27516.64,7.2,11.2,13,0.185,0.396,2,0,0,0,557,Very Poor
6641,38,12607.01,2.9,7.0,6,0.249,0.242,2,0,2,0,483,Risky
6642,36,160008.2,3.8,2.8,12,0.102,0.321,2,60,0,0,597,Very Poor
6643,45,83104.7,1.6,2.4,10,0.212,0.208,0,0,1,0,632,Poor
6644,44,124240.64,0.6,25.8,7,0.289,0.206,1,0,0,0,727,Good
6645,35,35441.22,0.2,10.9,7,0.586,0.11,0,30,2,0,578,Very Poor
6646,31,31060.05,15.6,1.4,7,0.251,0.179,2,90,2,0,493,Risky
6647,38,34695.7,4.4,0.6,8,0.251,0.464,2,0,0,0,500,Risky
6648,40,75580.5,2.8,16.8,7,0.374,0.295,1,0,1,0,606,Poor
6649,41,118452.04,16.7,8.2,9,0.401,0.082,0,30,1,0,594,Very Poor
6650,43,29774.4,10.7,20.3,10,0.255,0.471,0,0,2,0,635,Poor
6651,53,45858.63,6.1,18.7,13,0.548,0.38,0,0,1,0,593,Very Poor
6652,51,57690.14,5.8,0.7,4,0.302,0.496,2,0,1,0,564,Very Poor
6653,42,19330.73,0.5,0.7,8,0.138,0.469,0,0,1,0,570,Very Poor
6654,33,22192.36,1.9,12.5,8,0.22,0.407,0,0,1,0,558,Very Poor
6655,21,84033.81,2.8,9.4,9,0.062,0.205,0,0,0,0,674,Fair
6656,21,360996.64,1.2,10.8,12,0.313,0.24,0,0,2,0,689,Fair
6657,43,5782.81,4.5,0.7,6,0.393,0.229,1,0,1,0,477,Risky
6658,36,26435.64,14.8,2.4,13,0.472,0.222,0,0,0,0,494,Risky
6659,39,23058.76,4.3,3.6,7,0.077,0.199,0,0,1,0,520,Risky
6660,40,41046.99,11.4,2.0,4,0.182,0.129,1,0,0,0,611,Poor
6661,29,99065.14,2.9,14.2,10,0.17,0.143,1,0,1,0,662,Fair
6662,43,56151.86,2.6,11.4,10,0.02,0.173,2,0,1,0,570,Very Poor
6663,21,19873.17,6.4,17.9,11,0.024,0.539,0,0,2,0,613,Poor
6664,33,24813.43,0.8,3.1,9,0.196,0.062,0,0,1,0,563,Very Poor
6665,49,257530.59,3.3,2.6,8,0.17,0.2,0,0,0,0,660,Fair
6666,41,27851.75,4.5,11.6,4,0.298,0.198,2,0,0,0,589,Very Poor
6667,27,4494.45,2.5,1.7,10,0.151,0.351,1,0,0,0,407,Risky
6668,23,37906.15,8.5,3.0,10,0.528,0.164,1,0,2,0,503,Risky
6669,48,34338.17,7.3,5.1,2,0.266,0.233,2,0,0,0,560,Very Poor
6670,56,16235.17,4.1,18.2,8,0.297,0.197,1,0,1,0,566,Very Poor
6671,40,68183.54,18.5,11.5,7,0.359,0.52,0,0,0,0,662,Fair
6672,25,12693.38,2.9,4.8,11,0.391,0.554,1,0,0,0,460,Risky
6673,31,61188.54,2.9,1.9,8,0.472,0.297,0,0,2,0,594,Very Poor
6674,54,13387.12,3.8,15.4,4,0.328,0.285,0,30,0,0,581,Very Poor
6675,21,92816.27,12.3,8.7,8,0.209,0.366,3,0,0,0,577,Very Poor
6676,48,166076.82,3.6,0.1,7,0.228,0.451,1,120,1,0,556,Very Poor
6677,21,27842.73,2.6,1.7,10,0.378,0.408,1,0,1,0,473,Risky
6678,21,19634.59,0.6,4.8,6,0.247,0.141,2,30,1,0,476,Risky
6679,34,71416.08,7.0,3.4,5,0.187,0.289,0,0,0,0,620,Poor
6680,66,47821.48,9.4,14.1,9,0.159,0.328,2,0,3,0,606,Poor
6681,47,33495.32,3.5,6.4,3,0.377,0.387,1,0,2,0,580,Very Poor
6682,43,15465.88,3.9,23.0,6,0.118,0.319,2,0,1,0,595,Very Poor
6683,36,31904.23,11.1,7.3,9,0.112,0.187,0,0,0,0,598,Very Poor
6684,49,165095.69,9.9,20.2,6,0.228,0.38,1,0,2,0,704,Good
6685,39,128508.79,4.4,3.8,11,0.371,0.312,1,0,1,0,589,Very Poor
6686,26,41860.87,3.5,0.4,5,0.533,0.031,1,0,2,0,491,Risky
6687,44,51674.5,2.1,12.8,3,0.542,0.054,2,0,1,0,609,Poor
6688,31,112313.09,1.8,4.0,11,0.177,0.365,1,0,1,0,632,Poor
6689,39,35125.59,0.0,20.1,17,0.098,0.469,0,0,0,0,647,Poor
6690,38,33627.59,7.7,24.1,8,0.285,0.162,1,0,1,1,567,Very Poor
6691,31,21381.48,6.0,9.5,4,0.312,0.199,0,0,1,0,567,Very Poor
6692,32,36777.09,2.4,0.6,5,0.46,0.107,0,0,0,0,587,Very Poor
6693,38,31761.14,3.5,1.4,6,0.124,0.182,1,0,2,0,580,Very Poor
6694,29,49378.19,12.5,2.6,8,0.25,0.637,1,30,0,0,514,Risky
6695,45,7029.73,1.7,2.4,9,0.58,0.192,3,0,1,0,459,Risky
6696,30,48401.1,7.7,1.6,4,0.479,0.402,1,0,0,0,540,Risky
6697,33,736817.66,0.0,12.8,9,0.413,0.389,1,0,0,0,760,Excellent
6698,37,9702.68,1.7,4.0,6,0.265,0.403,2,0,1,0,497,Risky
6699,46,195809.22,1.6,8.4,11,0.382,0.479,1,0,0,0,665,Fair
6700,44,22850.65,5.9,5.7,11,0.083,0.182,1,90,2,0,536,Risky
6701,44,54618.24,9.9,0.7,7,0.548,0.538,1,0,1,0,514,Risky
6702,34,79789.63,7.2,1.8,7,0.01,0.384,0,0,2,0,561,Very Poor
6703,47,105431.39,14.1,15.3,7,0.098,0.581,2,0,0,0,668,Fair
6704,43,180758.68,3.5,0.7,7,0.123,0.214,0,0,1,0,665,Fair
6705,43,41987.74,3.5,14.5,10,0.054,0.116,1,0,1,0,657,Fair
6706,48,134346.98,3.3,11.5,7,0.162,0.455,4,0,2,0,575,Very Poor
6707,21,30670.71,13.4,4.4,13,0.229,0.132,0,30,2,0,545,Risky
6708,24,20207.26,1.2,6.4,11,0.325,0.472,1,30,1,0,462,Risky
6709,44,33966.12,4.0,22.8,6,0.333,0.336,0,0,1,0,688,Fair
6710,48,150231.96,5.3,1.8,5,0.171,0.253,1,0,1,0,666,Fair
6711,31,86222.15,4.8,0.8,7,0.26,0.328,0,30,0,0,555,Very Poor
6712,50,62415.76,2.7,12.2,5,0.248,0.4,1,30,0,0,568,Very Poor
6713,46,45471.09,6.7,8.9,9,0.191,0.423,2,0,0,0,655,Fair
6714,30,155253.62,4.5,1.1,8,0.235,0.167,0,0,0,0,714,Good
6715,33,105648.98,0.4,12.0,4,0.187,0.249,3,30,0,0,614,Poor
6716,35,38041.73,0.5,22.2,4,0.186,0.11,0,60,0,0,644,Poor
6717,21,33545.47,3.8,4.8,9,0.134,0.162,5,0,0,0,512,Risky
6718,48,56679.61,3.8,14.1,10,0.23,0.493,1,0,3,0,642,Poor
6719,43,53391.09,7.3,7.0,8,0.158,0.155,1,60,0,0,613,Poor
6720,22,139258.58,3.7,2.5,7,0.244,0.458,0,0,1,0,653,Fair
6721,32,44887.86,4.9,0.5,7,0.52,0.357,3,0,2,0,475,Risky
6722,48,87209.33,0.9,3.1,10,0.164,0.292,1,0,1,0,602,Poor
6723,53,81865.09,3.7,6.7,10,0.298,0.181,2,0,1,0,553,Very Poor
6724,43,54236.02,12.9,0.6,9,0.337,0.245,1,0,2,0,509,Risky
6725,51,50573.72,17.2,5.6,8,0.04,0.335,2,0,1,0,596,Very Poor
6726,56,32452.8,2.0,14.1,5,0.322,0.554,0,30,1,0,566,Very Poor
6727,34,121410.36,11.7,2.6,6,0.23,0.354,1,0,0,0,622,Poor
6728,42,229334.68,0.9,18.4,10,0.109,0.191,1,0,0,0,726,Good
6729,21,34894.44,2.8,0.0,7,0.216,0.177,0,0,1,0,554,Very Poor
6730,30,33293.48,2.9,16.5,13,0.379,0.296,1,30,1,0,621,Poor
6731,26,13911.96,11.5,16.4,15,0.177,0.373,2,0,1,0,555,Very Poor
6732,33,29557.65,1.7,1.1,6,0.141,0.302,2,90,0,0,485,Risky
6733,40,36904.8,1.2,1.2,6,0.092,0.096,1,0,1,0,535,Risky
6734,40,25507.38,1.4,3.1,10,0.686,0.478,0,0,1,0,591,Very Poor
6735,49,98203.37,9.7,2.0,12,0.439,0.091,0,90,1,0,586,Very Poor
6736,32,34132.68,0.8,7.3,9,0.095,0.356,1,120,0,0,517,Risky
6737,35,81434.58,5.9,1.1,8,0.167,0.227,4,60,1,0,505,Risky
6738,54,36052.0,5.8,29.2,10,0.366,0.39,2,0,2,0,625,Poor
6739,41,27784.68,7.5,23.0,10,0.193,0.202,0,90,1,0,607,Poor
6740,34,62758.7,0.6,5.8,13,0.024,0.553,1,0,2,0,567,Very Poor
6741,53,93674.78,6.6,2.9,9,0.225,0.409,0,0,1,0,679,Fair
6742,38,55414.23,9.0,30.7,8,0.623,0.148,0,60,0,0,696,Fair
6743,36,71201.83,0.2,0.9,7,0.063,0.186,2,60,0,0,588,Very Poor
6744,41,76399.98,3.9,28.8,9,0.216,0.225,2,0,3,0,730,Good
6745,52,52266.83,9.0,0.6,9,0.053,0.33,0,0,1,0,563,Very Poor
6746,49,47902.21,0.7,4.5,8,0.567,0.184,0,0,1,0,551,Very Poor
6747,39,34214.31,11.4,9.9,7,0.151,0.375,1,30,1,0,568,Very Poor
6748,33,26152.31,20.6,0.8,3,0.2,0.386,1,0,3,0,503,Risky
6749,56,12741.58,1.2,11.0,13,0.203,0.138,1,90,0,0,483,Risky
6750,21,153040.22,5.6,2.2,8,0.388,0.314,0,0,0,0,721,Good
6751,53,57338.7,4.7,9.7,10,0.344,0.397,1,0,0,0,607,Poor
6752,33,12517.25,15.2,14.8,13,0.302,0.368,0,90,1,0,581,Very Poor
6753,23,37547.37,2.2,13.5,7,0.11,0.292,1,0,2,0,539,Risky
6754,40,45558.99,3.1,1.9,5,0.34,0.205,0,0,0,0,620,Poor
6755,39,8202.18,0.6,9.7,5,0.205,0.408,2,0,0,0,437,Risky
6756,23,66596.56,6.7,3.1,10,0.111,0.323,2,0,1,0,578,Very Poor
6757,43,23560.63,1.2,8.5,8,0.101,0.198,1,0,0,0,582,Very Poor
6758,30,39661.12,4.9,7.6,7,0.427,0.471,1,0,2,0,567,Very Poor
6759,42,34054.22,1.6,5.8,7,0.23,0.137,1,90,1,0,573,Very Poor
6760,58,13204.24,5.4,10.0,8,0.138,0.181,1,0,1,1,447,Risky
6761,60,28311.9,1.4,1.8,7,0.47,0.275,0,0,0,0,536,Risky
6762,49,28904.88,3.7,5.0,5,0.07,0.213,1,0,0,0,550,Risky
6763,42,69767.06,14.6,3.1,8,0.542,0.075,0,0,1,0,594,Very Poor
6764,59,52031.62,0.7,0.8,5,0.111,0.49,0,60,1,0,497,Risky
6765,70,29834.95,0.5,4.2,7,0.346,0.233,0,60,1,0,538,Risky
6766,25,159816.23,3.8,5.4,5,0.3,0.381,0,0,0,0,682,Fair
6767,47,75330.38,11.7,0.1,14,0.534,0.125,3,90,0,1,384,Risky
6768,59,130120.27,1.0,17.5,8,0.172,0.391,0,0,1,0,711,Good
6769,26,24991.62,12.3,7.1,5,0.47,0.433,2,0,1,0,528,Risky
6770,47,59871.05,6.0,1.4,11,0.274,0.472,1,60,1,0,489,Risky
6771,29,10981.02,4.1,5.7,4,0.343,0.276,0,0,1,0,566,Very Poor
6772,37,58862.61,6.7,10.8,7,0.479,0.115,2,0,0,0,668,Fair
6773,40,76501.1,4.8,4.9,5,0.783,0.32,1,30,0,0,597,Very Poor
6774,42,94320.68,4.5,6.7,5,0.255,0.348,1,0,2,0,584,Very Poor
6775,30,42464.89,0.4,3.3,8,0.135,0.534,0,90,0,0,525,Risky
6776,33,65077.96,2.9,3.0,9,0.176,0.106,1,0,0,0,659,Fair
6777,40,79843.39,22.8,4.0,3,0.185,0.244,1,0,0,0,579,Very Poor
6778,54,28585.91,7.0,10.9,7,0.353,0.33,0,0,0,0,581,Very Poor
6779,50,38511.92,6.4,5.6,12,0.104,0.246,1,30,0,0,598,Very Poor
6780,54,64587.33,1.1,7.5,6,0.213,0.526,2,30,0,0,581,Very Poor
6781,26,23691.38,1.3,5.6,10,0.104,0.24,2,0,1,0,540,Risky
6782,21,62113.6,9.9,10.0,8,0.37,0.154,0,0,5,0,542,Risky
6783,39,30156.89,15.0,2.0,15,0.14,0.372,2,60,3,0,440,Risky
6784,35,41710.42,8.6,2.1,9,0.216,0.216,1,0,0,0,521,Risky
6785,25,18199.93,4.1,0.2,6,0.169,0.127,1,0,0,0,509,Risky
6786,47,140317.68,1.4,3.0,10,0.406,0.241,1,0,0,0,625,Poor
6787,66,228235.07,23.8,5.0,6,0.12,0.19,1,30,0,0,665,Fair
6788,58,69173.51,2.8,4.3,10,0.21,0.234,2,0,0,0,603,Poor
6789,49,26969.03,3.3,0.8,7,0.167,0.18,2,120,0,0,493,Risky
6790,59,51186.52,18.0,7.7,10,0.439,0.157,2,30,1,0,584,Very Poor
6791,30,102764.5,18.4,1.3,7,0.244,0.259,1,0,0,0,565,Very Poor
6792,31,110771.02,5.7,0.5,5,0.223,0.213,1,0,0,0,576,Very Poor
6793,47,41378.2,15.3,2.5,6,0.171,0.558,1,0,1,0,541,Risky
6794,39,43047.02,7.4,11.6,4,0.261,0.466,1,0,0,0,567,Very Poor
6795,62,76994.89,5.3,3.2,3,0.365,0.399,1,30,3,0,600,Very Poor
6796,34,70027.51,6.4,1.3,14,0.108,0.28,2,90,0,0,475,Risky
6797,33,74518.11,11.9,8.3,7,0.308,0.318,2,0,2,0,544,Risky
6798,31,184708.5,1.5,9.5,7,0.035,0.46,1,0,0,0,640,Poor
6799,46,52456.08,1.5,5.7,4,0.088,0.084,0,0,2,0,561,Very Poor
6800,59,90575.71,4.1,2.3,11,0.36,0.17,3,60,1,0,538,Risky
6801,35,41716.43,2.2,0.9,7,0.047,0.392,1,0,0,0,593,Very Poor
6802,29,60738.25,7.0,19.6,11,0.208,0.234,2,0,1,0,634,Poor
6803,35,39550.06,0.8,5.4,9,0.177,0.344,1,30,0,0,518,Risky
6804,55,2958.91,4.7,13.8,5,0.261,0.253,1,30,1,0,465,Risky
6805,40,37545.66,0.5,4.8,4,0.146,0.28,1,0,0,0,596,Very Poor
6806,40,88479.41,0.2,18.9,5,0.382,0.307,1,0,1,0,707,Good
6807,46,122531.79,3.1,5.3,6,0.164,0.277,1,0,2,0,651,Fair
6808,53,146135.35,8.1,14.9,12,0.254,0.239,0,0,1,0,731,Good
6809,21,15217.29,5.2,2.0,13,0.479,0.266,1,60,0,0,466,Risky
6810,56,98277.3,3.2,7.9,7,0.468,0.1,2,0,1,0,606,Poor
6811,59,40401.05,3.2,1.1,5,0.642,0.275,0,30,0,0,516,Risky
6812,48,18870.26,4.7,2.6,15,0.073,0.322,1,0,0,0,538,Risky
6813,35,117212.8,7.7,3.0,6,0.312,0.204,2,120,1,0,553,Very Poor
6814,63,56991.39,2.2,4.0,13,0.102,0.72,0,30,0,0,596,Very Poor
6815,56,23728.97,1.6,3.8,6,0.497,0.161,3,0,0,0,505,Risky
6816,24,59202.34,17.4,0.2,4,0.109,0.248,2,60,2,0,507,Risky
6817,50,33258.49,2.5,0.6,9,0.106,0.56,2,0,1,0,502,Risky
6818,39,108713.65,1.2,25.4,8,0.089,0.246,1,120,0,0,705,Good
6819,51,48902.97,4.6,8.3,9,0.353,0.286,1,0,0,0,610,Poor
6820,48,92715.07,3.7,14.8,6,0.159,0.249,0,90,1,0,559,Very Poor
6821,50,114950.75,8.8,9.0,10,0.085,0.442,0,60,2,0,630,Poor
6822,51,32354.16,3.9,0.5,7,0.377,0.26,0,60,0,0,569,Very Poor
6823,61,16050.1,2.8,1.1,8,0.124,0.111,0,0,0,0,571,Very Poor
6824,47,193726.13,14.2,9.9,13,0.159,0.233,1,0,0,0,692,Fair
6825,22,26879.93,17.2,5.8,9,0.452,0.434,0,0,3,0,561,Very Poor
6826,65,54230.53,1.2,1.4,14,0.406,0.198,3,0,4,0,468,Risky
6827,41,47558.13,2.5,3.0,8,0.176,0.523,0,30,1,0,547,Risky
6828,36,74753.36,0.5,5.4,13,0.306,0.405,2,0,1,0,546,Risky
6829,39,60660.93,3.0,10.8,3,0.167,0.344,1,0,0,0,642,Poor
6830,41,71968.84,1.3,8.8,12,0.168,0.27,2,0,0,0,585,Very Poor
6831,60,101460.82,14.0,15.9,8,0.273,0.258,3,90,1,0,532,Risky
6832,45,34763.87,2.9,6.2,11,0.374,0.386,2,0,0,0,514,Risky
6833,44,31553.6,13.7,3.0,6,0.41,0.375,2,30,0,0,522,Risky
6834,49,92906.32,5.4,10.6,12,0.387,0.33,1,0,2,0,610,Poor
6835,31,13549.7,10.3,12.2,11,0.447,0.515,0,0,0,0,577,Very Poor
6836,44,41536.94,7.8,16.6,8,0.309,0.163,0,0,0,0,658,Fair
6837,40,143653.86,6.5,3.2,5,0.182,0.501,2,30,2,0,553,Very Poor
6838,47,44568.31,1.0,1.3,5,0.243,0.273,1,0,1,0,584,Very Poor
6839,47,108976.66,1.2,5.4,9,0.235,0.245,1,60,2,0,586,Very Poor
6840,41,21323.4,0.8,5.0,5,0.305,0.25,0,0,0,0,562,Very Poor
6841,52,134488.78,0.3,7.7,4,0.346,0.353,1,0,0,0,645,Poor
6842,54,198519.54,1.1,15.1,6,0.082,0.175,0,0,1,0,720,Good
6843,44,144195.54,13.8,2.9,10,0.194,0.305,2,0,1,0,547,Risky
6844,32,47723.92,10.1,13.1,7,0.475,0.279,2,0,0,0,598,Very Poor
6845,27,112136.3,4.2,0.7,5,0.229,0.511,0,30,0,0,651,Fair
6846,47,13209.75,1.7,7.6,5,0.112,0.23,1,0,1,0,472,Risky
6847,22,17692.24,2.7,14.5,11,0.48,0.138,1,30,2,0,513,Risky
6848,34,56032.97,12.0,19.0,11,0.639,0.185,1,90,0,0,586,Very Poor
6849,54,29977.39,0.7,1.2,14,0.282,0.196,1,0,2,0,515,Risky
6850,57,53694.16,20.5,35.6,12,0.567,0.313,1,0,0,0,723,Good
6851,39,63221.69,13.2,10.7,7,0.273,0.283,1,60,1,0,612,Poor
6852,37,50992.83,5.5,2.2,7,0.135,0.265,1,0,1,0,550,Risky
6853,59,133689.07,1.3,12.3,8,0.527,0.273,0,30,2,0,617,Poor
6854,21,92575.72,2.7,3.1,5,0.459,0.16,1,0,0,0,605,Poor
6855,49,16988.36,2.0,0.0,7,0.165,0.274,1,30,4,0,414,Risky
6856,59,15187.13,19.8,2.3,4,0.385,0.242,1,0,3,0,468,Risky
6857,53,79123.81,1.8,0.7,5,0.128,0.376,1,0,0,0,541,Risky
6858,28,223999.79,1.8,5.7,8,0.523,0.38,2,0,2,0,627,Poor
6859,31,53011.37,8.3,4.1,9,0.602,0.314,1,60,0,0,513,Risky
6860,25,17791.22,3.7,6.3,9,0.184,0.439,2,30,0,0,564,Very Poor
6861,32,19832.94,6.9,1.6,5,0.224,0.652,0,0,3,0,444,Risky
6862,50,9396.51,9.3,8.0,6,0.063,0.258,1,30,2,0,556,Very Poor
6863,37,34786.54,1.1,22.0,16,0.22,0.123,1,0,0,0,685,Fair
6864,49,88511.76,3.3,1.1,10,0.268,0.318,2,0,0,0,552,Very Poor
6865,36,103881.97,0.0,8.7,6,0.214,0.372,0,0,1,0,599,Very Poor
6866,27,72887.55,3.2,0.5,9,0.095,0.424,1,0,1,0,577,Very Poor
6867,30,31789.14,8.7,0.2,7,0.619,0.296,0,0,0,0,518,Risky
6868,25,57425.43,0.9,24.7,10,0.425,0.194,1,0,2,0,682,Fair
6869,39,21925.99,4.0,6.7,13,0.312,0.299,2,0,0,0,478,Risky
6870,42,31577.75,4.5,5.5,9,0.299,0.238,0,30,2,0,508,Risky
6871,60,108955.35,3.0,1.4,7,0.269,0.164,4,0,1,0,565,Very Poor
6872,45,154808.51,0.6,3.5,6,0.216,0.171,0,60,3,0,574,Very Poor
6873,35,79744.38,1.3,8.9,4,0.077,0.313,1,0,1,0,649,Poor
6874,45,42812.68,3.4,2.1,3,0.413,0.408,0,30,1,0,525,Risky
6875,42,108396.33,9.5,10.7,9,0.381,0.499,0,0,0,0,670,Fair
6876,21,88236.75,4.0,11.7,10,0.072,0.238,1,0,1,0,649,Poor
6877,42,102083.46,2.8,2.1,4,0.516,0.364,1,0,0,0,533,Risky
6878,46,48870.63,10.5,0.1,7,0.102,0.339,1,0,0,0,516,Risky
6879,30,65911.0,11.2,19.0,10,0.099,0.57,2,0,1,0,613,Poor
6880,26,250853.78,1.0,14.9,6,0.136,0.247,0,0,0,0,727,Good
6881,47,100137.75,10.3,4.3,11,0.379,0.612,1,120,1,0,547,Risky
6882,64,49212.81,1.4,2.4,8,0.326,0.372,1,30,1,0,538,Risky
6883,28,17595.87,4.4,9.2,7,0.467,0.055,0,0,2,0,547,Risky
6884,38,46615.51,0.7,9.0,8,0.332,0.293,1,30,1,1,506,Risky
6885,35,65661.98,4.2,6.8,6,0.397,0.369,0,0,1,0,594,Very Poor
6886,34,19639.2,15.6,12.2,7,0.308,0.145,1,0,2,0,509,Risky
6887,22,20549.01,11.9,6.3,5,0.571,0.116,0,60,2,0,443,Risky
6888,53,50423.11,0.7,3.0,9,0.093,0.146,1,60,0,0,575,Very Poor
6889,42,20970.33,0.7,4.2,4,0.743,0.441,1,0,1,0,487,Risky
6890,61,34013.39,0.1,0.5,10,0.442,0.446,0,60,0,0,514,Risky
6891,28,22350.63,5.9,4.1,11,0.364,0.114,1,30,2,0,526,Risky
6892,57,22360.23,1.3,17.8,3,0.593,0.33,1,30,3,0,544,Risky
6893,41,101890.6,14.5,18.8,5,0.311,0.341,1,30,1,0,658,Fair
6894,41,83805.97,5.8,10.2,10,0.281,0.321,2,0,0,0,581,Very Poor
6895,63,59825.19,3.5,12.8,9,0.491,0.252,1,0,1,0,619,Poor
6896,21,75369.56,4.6,3.3,10,0.415,0.615,2,0,1,1,446,Risky
6897,39,86487.61,1.0,4.7,10,0.059,0.486,1,0,2,0,605,Poor
6898,32,16956.26,10.9,1.3,7,0.179,0.326,3,0,0,0,463,Risky
6899,46,43856.67,5.1,10.3,4,0.151,0.235,0,0,0,0,597,Very Poor
6900,67,35290.54,8.0,0.5,15,0.363,0.187,0,30,2,0,497,Risky
6901,46,102923.66,11.3,1.0,10,0.372,0.07,1,0,1,0,611,Poor
6902,55,44830.11,11.4,0.9,4,0.535,0.36,0,30,0,0,613,Poor
6903,21,70972.44,12.8,24.4,14,0.156,0.469,1,0,1,0,678,Fair
6904,33,27862.81,0.9,6.3,9,0.378,0.248,2,0,1,0,581,Very Poor
6905,28,131449.22,4.0,12.9,6,0.595,0.537,0,60,0,0,639,Poor
6906,37,229539.66,3.4,13.4,5,0.589,0.26,2,60,1,0,606,Poor
6907,54,40473.01,7.5,3.8,10,0.089,0.275,1,30,1,0,518,Risky
6908,28,88350.52,1.4,0.7,8,0.241,0.1,3,30,2,0,548,Risky
6909,23,128741.41,5.7,8.6,10,0.373,0.235,2,0,1,0,617,Poor
6910,27,227730.43,1.8,5.2,10,0.417,0.509,2,30,5,0,536,Risky
6911,31,144409.15,7.1,7.8,5,0.588,0.281,0,0,1,0,648,Poor
6912,32,27062.63,6.8,6.3,5,0.284,0.031,3,0,1,0,532,Risky
6913,39,55995.82,3.2,5.8,10,0.237,0.42,2,0,0,0,570,Very Poor
6914,37,15197.33,0.4,15.2,7,0.206,0.221,1,120,2,0,513,Risky
6915,21,77326.84,22.0,1.6,10,0.311,0.542,1,0,0,0,609,Poor
6916,40,119228.84,4.4,5.4,10,0.341,0.499,2,60,1,0,553,Very Poor
6917,33,375040.26,2.0,15.0,5,0.659,0.297,1,30,0,0,721,Good
6918,48,81127.58,1.9,6.2,4,0.36,0.238,1,0,1,0,631,Poor
6919,49,146706.36,3.1,13.0,7,0.396,0.013,2,60,1,0,675,Fair
6920,36,44526.65,12.8,15.5,6,0.473,0.17,1,0,1,0,558,Very Poor
6921,55,267040.42,4.3,3.3,4,0.478,0.217,0,0,0,0,622,Poor
6922,46,25435.18,0.9,0.1,12,0.565,0.482,1,0,0,0,473,Risky
6923,42,24145.83,9.6,5.3,4,0.033,0.277,0,0,2,0,565,Very Poor
6924,26,27622.07,5.2,10.3,7,0.532,0.373,2,0,1,0,592,Very Poor
6925,26,34092.98,7.4,0.3,8,0.387,0.235,0,30,0,0,575,Very Poor
6926,43,29711.73,2.4,9.5,16,0.198,0.535,1,0,2,0,523,Risky
6927,39,30761.36,5.6,18.0,14,0.358,0.263,1,0,1,0,634,Poor
6928,42,57089.29,0.8,14.2,7,0.235,0.386,0,30,0,0,666,Fair
6929,33,14935.34,0.6,17.6,9,0.039,0.551,1,0,1,0,532,Risky
6930,55,48580.27,20.0,0.7,8,0.398,0.055,2,0,2,0,519,Risky
6931,45,74885.46,12.8,20.9,6,0.096,0.254,0,60,0,0,714,Good
6932,28,114466.06,16.2,12.9,7,0.021,0.187,0,60,0,0,649,Poor
6933,54,80020.02,12.8,3.2,11,0.408,0.324,2,0,0,0,603,Poor
6934,40,58213.76,5.2,2.8,8,0.484,0.317,0,0,1,0,553,Very Poor
6935,42,19858.53,4.5,1.2,8,0.162,0.293,1,30,2,0,447,Risky
6936,37,12999.9,15.9,7.7,3,0.691,0.104,0,0,0,0,523,Risky
6937,52,58978.96,7.7,2.7,6,0.128,0.266,1,0,2,0,587,Very Poor
6938,40,27385.41,1.1,1.7,6,0.185,0.489,0,0,0,0,543,Risky
6939,36,21679.95,27.5,3.6,10,0.101,0.158,3,30,0,0,542,Risky
6940,37,6341.83,8.8,2.7,8,0.121,0.373,2,0,0,0,454,Risky
6941,34,414017.61,2.5,14.2,5,0.316,0.446,1,0,3,0,687,Fair
6942,48,32596.38,0.1,2.1,10,0.246,0.493,2,0,2,0,521,Risky
6943,57,105473.83,2.0,3.7,5,0.546,0.442,1,120,0,0,602,Poor
6944,69,64974.44,9.8,0.5,8,0.27,0.157,0,0,0,0,644,Poor
6945,44,137055.1,1.7,9.7,13,0.264,0.227,1,0,1,0,669,Fair
6946,53,166012.99,20.0,2.1,9,0.213,0.139,1,0,1,0,662,Fair
6947,46,66689.76,13.1,5.0,4,0.114,0.279,0,0,0,0,660,Fair
6948,33,120591.22,7.2,6.8,3,0.308,0.312,2,0,0,0,598,Very Poor
6949,50,24924.49,5.4,9.2,11,0.191,0.285,0,30,0,0,595,Very Poor
6950,36,59587.82,2.6,10.6,7,0.32,0.293,2,0,1,0,567,Very Poor
6951,31,112272.68,20.9,4.4,6,0.422,0.144,0,0,1,0,610,Poor
6952,67,24550.95,6.4,2.8,10,0.104,0.21,1,0,1,0,587,Very Poor
6953,37,173724.85,0.7,2.6,4,0.276,0.422,3,0,1,0,507,Risky
6954,34,157237.39,2.7,0.7,10,0.531,0.375,0,0,2,0,618,Poor
6955,55,61106.94,0.6,8.3,12,0.354,0.408,3,0,1,0,554,Very Poor
6956,55,34421.52,23.0,2.3,11,0.419,0.316,1,60,0,0,468,Risky
6957,48,100730.82,1.9,17.4,9,0.149,0.374,0,0,0,0,723,Good
6958,34,52103.32,5.8,36.8,6,0.613,0.226,2,0,1,0,683,Fair
6959,30,58260.46,3.3,1.1,6,0.49,0.394,2,90,0,0,526,Risky
6960,33,102433.13,31.5,5.6,10,0.168,0.14,2,0,1,0,610,Poor
6961,23,179248.73,5.4,8.0,12,0.296,0.064,0,0,0,0,668,Fair
6962,42,33700.93,2.9,1.4,10,0.009,0.342,1,0,1,0,588,Very Poor
6963,33,16673.66,3.6,3.3,4,0.053,0.218,1,0,1,0,549,Risky
6964,34,79027.09,3.2,0.7,10,0.506,0.377,2,30,1,0,523,Risky
6965,21,24241.09,6.7,3.4,11,0.374,0.137,3,0,1,0,508,Risky
6966,50,13761.89,1.3,22.7,12,0.214,0.191,2,0,0,0,602,Poor
6967,39,67609.84,4.0,12.7,9,0.139,0.05,1,0,1,0,622,Poor
6968,50,19730.22,0.6,11.8,3,0.205,0.379,1,0,1,0,599,Very Poor
6969,47,39253.79,0.6,5.4,8,0.373,0.292,0,0,1,0,548,Risky
6970,25,26049.17,1.3,5.3,9,0.309,0.267,0,60,0,0,538,Risky
6971,50,35249.92,0.8,14.2,7,0.524,0.12,0,0,2,0,603,Poor
6972,47,41981.51,17.2,2.2,6,0.33,0.385,1,0,0,0,519,Risky
6973,47,21643.49,0.4,0.1,12,0.33,0.314,2,0,1,0,466,Risky
6974,32,27690.88,20.3,1.6,6,0.387,0.258,1,0,0,0,467,Risky
6975,29,26544.45,1.3,7.2,11,0.275,0.283,2,0,1,0,525,Risky
6976,31,37646.93,5.9,3.3,14,0.323,0.522,2,0,1,0,483,Risky
6977,29,60572.23,5.5,24.0,5,0.304,0.499,2,60,1,0,631,Poor
6978,25,36190.29,6.7,3.9,9,0.471,0.167,1,0,1,0,522,Risky
6979,44,27527.18,0.9,7.7,8,0.277,0.451,0,0,2,0,537,Risky
6980,35,95124.66,10.2,6.9,8,0.192,0.437,1,0,1,0,584,Very Poor
6981,48,91528.46,4.5,12.3,7,0.59,0.171,0,30,1,0,605,Poor
6982,26,28207.81,0.8,4.3,8,0.316,0.372,0,0,2,0,556,Very Poor
6983,42,25922.43,3.4,3.3,8,0.19,0.329,1,0,0,0,554,Very Poor
6984,35,77692.54,3.7,13.6,7,0.394,0.18,1,0,3,0,643,Poor
6985,37,125006.73,3.1,3.0,7,0.145,0.396,0,0,1,0,641,Poor
6986,47,30813.31,6.3,1.0,7,0.181,0.363,0,30,2,0,518,Risky
6987,39,31784.64,0.2,15.8,10,0.342,0.411,1,0,2,0,614,Poor
6988,31,20283.14,3.1,5.6,9,0.253,0.35,1,0,0,0,548,Risky
6989,45,118302.68,7.1,3.8,6,0.368,0.481,0,0,2,0,625,Poor
6990,21,17258.78,6.9,7.3,2,0.358,0.173,1,0,0,0,518,Risky
6991,42,63973.14,5.4,3.7,7,0.427,0.226,0,0,1,0,596,Very Poor
6992,34,72871.92,8.7,0.5,8,0.401,0.28,1,0,0,0,566,Very Poor
6993,21,16926.98,4.2,4.5,11,0.306,0.439,3,60,1,0,375,Risky
6994,70,92419.36,8.4,9.7,3,0.248,0.481,0,60,2,0,560,Very Poor
6995,34,93983.25,7.2,2.5,8,0.684,0.29,2,30,1,0,556,Very Poor
6996,39,130365.94,0.2,2.1,12,0.192,0.395,1,0,2,0,571,Very Poor
6997,46,44367.78,0.6,2.1,13,0.292,0.544,0,90,0,0,510,Risky
6998,48,92533.57,3.6,12.1,14,0.365,0.186,1,0,2,0,606,Poor
6999,46,65317.87,1.7,4.0,4,0.156,0.37,0,0,0,0,599,Very Poor
7000,39,52295.45,5.8,11.2,7,0.372,0.228,1,0,0,0,621,Poor
7001,40,22763.34,3.0,15.8,7,0.059,0.207,1,0,2,0,646,Poor
7002,45,69332.32,3.4,4.8,9,0.168,0.132,1,0,1,0,531,Risky
7003,32,54865.06,3.8,1.3,6,0.565,0.497,1,120,1,0,452,Risky
7004,61,99389.28,0.5,2.3,13,0.376,0.219,0,0,1,0,617,Poor
7005,43,56115.03,4.4,5.5,8,0.584,0.163,1,0,0,0,596,Very Poor
7006,37,146298.24,8.1,8.6,11,0.2,0.127,3,120,0,0,525,Risky
7007,35,41972.59,1.6,17.7,6,0.201,0.337,1,0,1,0,605,Poor
7008,43,81751.5,4.2,1.9,8,0.372,0.572,0,0,1,0,596,Very Poor
7009,50,31383.71,11.1,11.4,6,0.212,0.365,1,0,1,1,445,Risky
7010,46,70762.78,0.8,5.2,6,0.224,0.242,1,0,2,0,579,Very Poor
7011,51,25599.41,3.1,4.0,6,0.342,0.1,2,0,1,0,587,Very Poor
7012,56,23763.84,3.9,5.2,9,0.1,0.36,1,0,3,0,529,Risky
7013,30,180512.47,1.2,1.2,5,0.412,0.416,3,30,1,0,525,Risky
7014,51,191511.76,14.4,7.0,8,0.516,0.409,0,30,0,0,592,Very Poor
7015,48,18611.38,1.0,9.3,7,0.413,0.185,2,0,2,0,532,Risky
7016,25,177570.68,0.6,5.4,9,0.15,0.522,1,60,0,0,582,Very Poor
7017,36,27825.56,16.3,12.5,10,0.09,0.226,1,30,1,0,524,Risky
7018,46,64618.39,0.2,14.8,7,0.374,0.192,0,0,1,1,548,Risky
7019,44,25698.39,9.2,21.9,8,0.644,0.217,2,0,1,0,574,Very Poor
7020,43,79972.97,14.7,5.5,5,0.081,0.186,1,0,2,0,643,Poor
7021,58,86326.98,9.9,7.1,8,0.2,0.196,0,0,0,0,554,Very Poor
7022,39,24952.98,0.4,8.7,2,0.106,0.102,0,0,0,0,541,Risky
7023,32,46883.86,18.6,7.2,13,0.112,0.367,1,0,0,0,595,Very Poor
7024,43,35342.88,3.0,6.5,7,0.427,0.214,0,0,2,0,533,Risky
7025,43,20501.52,0.2,1.1,12,0.31,0.563,2,0,0,0,483,Risky
7026,25,37947.39,7.2,1.5,5,0.315,0.109,1,0,0,0,547,Risky
7027,51,37717.56,8.8,17.0,10,0.199,0.319,0,0,1,0,654,Fair
7028,32,19211.8,13.8,0.7,9,0.408,0.432,1,60,1,0,474,Risky
7029,21,87604.88,0.7,4.8,6,0.539,0.104,2,90,0,0,581,Very Poor
7030,58,32541.62,3.5,8.1,8,0.219,0.262,0,0,1,0,567,Very Poor
7031,39,46670.7,5.0,1.3,11,0.431,0.158,1,0,0,0,552,Very Poor
7032,42,415027.01,0.8,2.1,5,0.14,0.19,4,0,1,1,514,Risky
7033,47,62416.94,0.5,27.5,6,0.223,0.355,0,0,1,0,777,Excellent
7034,42,16854.52,40.0,4.7,6,0.194,0.383,1,30,3,0,606,Poor
7035,34,112259.21,4.5,6.3,4,0.369,0.399,0,0,2,0,583,Very Poor
7036,31,14316.7,9.0,14.8,9,0.088,0.222,1,0,1,0,579,Very Poor
7037,44,38504.67,16.2,22.7,8,0.261,0.476,0,0,1,0,671,Fair
7038,50,34150.9,1.1,5.0,9,0.209,0.247,2,0,0,0,565,Very Poor
7039,37,76081.06,0.5,0.3,3,0.19,0.079,0,0,2,0,599,Very Poor
7040,24,66013.12,1.7,1.0,8,0.709,0.077,1,30,1,0,516,Risky
7041,21,101583.74,19.5,6.2,9,0.26,0.539,1,0,0,0,598,Very Poor
7042,43,24882.91,0.1,1.8,8,0.664,0.457,1,0,0,0,521,Risky
7043,48,99543.64,4.8,9.4,7,0.251,0.272,2,30,1,0,667,Fair
7044,56,100177.53,1.4,1.5,5,0.117,0.433,1,0,1,0,640,Poor
7045,45,160363.83,9.1,8.6,1,0.257,0.288,0,0,0,0,696,Fair
7046,22,81619.89,8.1,1.6,3,0.231,0.417,1,0,2,0,598,Very Poor
7047,40,76533.68,6.0,21.3,15,0.096,0.227,1,0,1,0,679,Fair
7048,24,81324.0,11.0,5.4,13,0.225,0.215,0,30,0,0,588,Very Poor
7049,24,14473.34,3.9,2.2,5,0.55,0.233,0,0,0,0,523,Risky
7050,47,40481.35,16.8,15.3,8,0.174,0.314,1,0,1,0,618,Poor
7051,21,46624.95,3.5,9.0,7,0.342,0.403,1,0,0,0,612,Poor
7052,29,394441.8,2.2,13.9,8,0.054,0.372,3,30,2,0,648,Poor
7053,44,63570.64,0.2,1.9,8,0.167,0.251,0,0,2,1,493,Risky
7054,42,78626.82,3.4,9.2,11,0.058,0.205,0,0,0,0,684,Fair
7055,38,32709.46,2.7,40.0,3,0.458,0.578,2,0,1,0,665,Fair
7056,21,115552.68,1.7,2.2,6,0.36,0.301,0,30,1,0,586,Very Poor
7057,35,30481.83,4.5,1.5,14,0.111,0.324,2,0,3,0,510,Risky
7058,49,158854.3,3.8,3.6,9,0.28,0.37,1,0,0,0,623,Poor
7059,46,33180.14,3.3,16.4,6,0.303,0.233,1,0,0,0,642,Poor
7060,21,39463.37,2.2,4.2,5,0.305,0.25,0,90,0,0,491,Risky
7061,45,47933.63,2.8,2.3,16,0.438,0.367,1,0,0,0,568,Very Poor
7062,53,41058.83,5.3,5.5,2,0.438,0.294,2,0,1,0,564,Very Poor
7063,28,17516.27,8.5,10.4,7,0.406,0.138,0,0,0,0,545,Risky
7064,47,91819.14,1.9,6.9,11,0.062,0.055,1,30,1,0,668,Fair
7065,44,24526.13,9.0,15.6,6,0.369,0.306,1,0,2,0,538,Risky
7066,41,47989.38,1.6,4.5,8,0.255,0.355,0,0,0,0,569,Very Poor
7067,34,46212.25,3.3,9.6,15,0.533,0.202,0,0,0,0,638,Poor
7068,21,61752.55,4.9,5.4,7,0.249,0.342,1,90,2,1,444,Risky
7069,44,106642.0,10.2,20.7,8,0.229,0.671,1,0,0,0,709,Good
7070,47,84825.79,4.8,40.0,4,0.272,0.342,0,0,0,0,773,Excellent
7071,48,104259.21,18.9,6.4,6,0.406,0.32,3,0,1,0,592,Very Poor
7072,44,131806.06,9.3,8.6,8,0.326,0.333,0,30,0,0,649,Poor
7073,54,32109.08,2.3,2.6,10,0.17,0.407,1,30,1,0,539,Risky
7074,49,61944.86,2.8,9.8,6,0.474,0.671,1,0,0,0,634,Poor
7075,28,234283.53,3.1,15.7,2,0.039,0.487,1,30,2,0,657,Fair
7076,49,364716.42,2.8,2.8,9,0.238,0.304,2,30,2,0,603,Poor
7077,29,84752.92,2.4,14.8,7,0.622,0.505,0,30,1,0,588,Very Poor
7078,39,47938.97,0.3,13.0,11,0.507,0.201,2,0,1,0,684,Fair
7079,55,75306.93,2.2,4.3,11,0.141,0.249,2,0,1,0,515,Risky
7080,34,19858.76,2.2,19.6,6,0.675,0.159,0,0,1,0,663,Fair
7081,28,41188.52,5.4,2.6,9,0.558,0.604,2,0,1,0,510,Risky
7082,43,376325.61,1.8,2.5,8,0.543,0.18,1,90,1,0,597,Very Poor
7083,29,76518.19,3.0,2.5,10,0.593,0.341,0,30,3,0,575,Very Poor
7084,41,73161.73,9.0,1.5,3,0.152,0.495,1,0,1,0,625,Poor
7085,43,58350.69,5.1,0.5,10,0.34,0.288,1,0,0,1,488,Risky
7086,31,162234.8,2.6,0.4,7,0.223,0.483,1,0,1,0,587,Very Poor
7087,58,42173.76,6.5,4.7,9,0.474,0.19,1,0,0,0,571,Very Poor
7088,49,39633.79,6.9,3.5,9,0.291,0.361,0,30,2,0,527,Risky
7089,27,15309.05,2.5,5.0,8,0.248,0.443,2,0,0,0,490,Risky
7090,61,11965.64,4.8,7.6,10,0.172,0.12,2,0,0,0,521,Risky
7091,50,65054.63,9.0,3.5,7,0.346,0.625,3,0,1,0,522,Risky
7092,34,195372.06,8.6,1.9,8,0.343,0.222,2,90,1,0,536,Risky
7093,45,68863.31,1.7,3.8,7,0.402,0.308,1,0,1,0,578,Very Poor
7094,52,69017.44,2.6,6.8,6,0.086,0.108,0,0,1,0,631,Poor
7095,32,89284.66,1.3,9.6,4,0.083,0.184,3,0,0,0,598,Very Poor
7096,34,27197.89,2.4,9.5,9,0.435,0.099,3,0,2,0,519,Risky
7097,56,39894.2,3.7,12.1,7,0.106,0.26,0,90,2,0,573,Very Poor
7098,49,26097.05,10.6,7.6,6,0.292,0.397,0,30,1,0,597,Very Poor
7099,26,68309.73,16.9,1.2,5,0.423,0.503,3,0,2,1,424,Risky
7100,25,8258.07,4.2,1.4,7,0.391,0.327,0,30,0,0,466,Risky
7101,34,225842.28,11.3,12.3,11,0.193,0.378,0,0,1,0,744,Good
7102,51,35748.17,0.6,2.0,9,0.379,0.365,0,0,0,0,597,Very Poor
7103,61,46165.92,0.6,4.8,6,0.171,0.318,1,0,0,0,600,Very Poor
7104,39,20512.83,5.4,11.1,6,0.284,0.317,1,0,1,0,549,Risky
7105,47,42408.24,6.9,5.8,7,0.36,0.472,1,30,2,0,573,Very Poor
7106,38,37462.14,0.6,5.1,11,0.287,0.085,0,0,0,0,619,Poor
7107,57,119922.24,5.9,2.0,10,0.411,0.594,1,30,3,0,519,Risky
7108,28,86948.97,0.8,3.1,10,0.105,0.125,0,0,2,0,641,Poor
7109,22,100924.1,10.4,1.1,7,0.204,0.235,0,0,0,0,708,Good
7110,55,33586.94,9.1,4.4,4,0.462,0.151,1,0,0,0,500,Risky
7111,46,62607.21,3.6,11.7,4,0.578,0.081,2,0,2,0,600,Very Poor
7112,48,15314.69,7.7,6.5,10,0.476,0.429,2,90,1,0,473,Risky
7113,21,210032.49,1.1,7.5,2,0.509,0.262,2,0,0,0,624,Poor
7114,68,24185.52,0.3,19.3,11,0.399,0.515,2,0,1,0,553,Very Poor
7115,31,24874.48,0.4,8.8,7,0.456,0.433,0,0,0,0,578,Very Poor
7116,53,32099.48,4.8,1.0,6,0.178,0.251,2,0,2,0,499,Risky
7117,51,79338.77,2.3,2.3,13,0.019,0.446,1,30,0,0,565,Very Poor
7118,58,104022.92,2.2,3.8,12,0.266,0.29,1,0,1,0,628,Poor
7119,40,9985.37,11.6,0.3,6,0.51,0.336,0,0,0,0,525,Risky
7120,22,9245.63,4.9,2.1,4,0.154,0.189,0,0,2,0,494,Risky
7121,25,163756.41,5.9,0.9,7,0.232,0.09,0,30,2,0,604,Poor
7122,42,59025.5,1.3,6.0,11,0.096,0.214,0,0,0,0,600,Very Poor
7123,34,125526.96,0.0,0.7,12,0.191,0.233,2,90,1,0,541,Risky
7124,27,123536.4,4.5,8.3,10,0.297,0.142,4,0,1,0,587,Very Poor
7125,52,115115.07,4.6,8.5,6,0.338,0.341,0,0,1,0,627,Poor
7126,24,266473.66,7.7,19.5,8,0.075,0.206,1,0,0,0,720,Good
7127,44,90171.56,4.4,3.8,10,0.124,0.144,2,30,3,0,626,Poor
7128,46,39899.76,5.7,2.3,9,0.213,0.298,1,30,2,0,519,Risky
7129,47,36357.52,5.5,1.2,7,0.148,0.507,1,60,0,0,529,Risky
7130,42,57901.19,3.3,2.5,7,0.259,0.55,5,0,2,0,496,Risky
7131,50,77495.9,4.1,13.5,9,0.088,0.078,0,0,1,0,683,Fair
7132,56,14239.0,3.4,16.3,5,0.106,0.333,1,60,2,0,556,Very Poor
7133,40,44025.04,3.7,2.6,5,0.494,0.425,3,0,0,0,552,Very Poor
7134,50,7340.04,4.3,1.4,10,0.416,0.368,1,0,3,0,397,Risky
7135,40,35646.86,5.8,2.0,12,0.41,0.284,1,0,0,0,586,Very Poor
7136,50,265237.14,8.8,10.3,11,0.173,0.64,1,0,2,0,654,Fair
7137,37,36929.57,5.9,2.6,5,0.294,0.359,0,0,0,0,612,Poor
7138,46,136238.16,17.4,2.8,8,0.511,0.255,2,0,2,0,526,Risky
7139,50,12705.31,10.6,12.6,6,0.146,0.362,1,0,4,0,517,Risky
7140,21,34358.73,1.4,0.7,8,0.464,0.404,2,0,1,0,504,Risky
7141,38,146538.01,3.7,4.4,9,0.183,0.125,1,90,4,0,571,Very Poor
7142,32,39654.36,0.3,1.5,7,0.081,0.236,1,0,1,0,508,Risky
7143,21,103742.21,2.4,7.0,8,0.381,0.497,2,0,0,0,623,Poor
7144,36,131767.41,8.3,1.7,4,0.276,0.38,3,0,2,0,563,Very Poor
7145,44,23503.36,2.2,3.3,6,0.411,0.179,0,30,0,0,558,Very Poor
7146,30,58362.69,4.3,2.8,8,0.248,0.076,2,0,1,0,568,Very Poor
7147,46,14592.64,3.7,2.7,8,0.247,0.345,0,30,0,0,544,Risky
7148,34,28574.75,4.3,6.1,13,0.032,0.333,2,0,2,0,477,Risky
7149,21,74410.83,2.8,5.3,6,0.528,0.363,0,120,0,0,534,Risky
7150,28,234125.15,5.5,0.6,6,0.185,0.415,2,0,1,0,608,Poor
7151,45,28837.87,2.1,7.5,5,0.199,0.184,1,0,1,0,580,Very Poor
7152,21,35982.67,2.6,0.8,11,0.294,0.094,2,0,0,0,494,Risky
7153,53,40191.31,0.1,13.6,11,0.654,0.374,2,0,3,1,433,Risky
7154,38,24329.75,4.9,9.9,7,0.474,0.452,1,0,1,0,546,Risky
7155,36,145368.66,9.4,10.9,7,0.116,0.433,0,0,2,0,688,Fair
7156,56,34710.61,0.2,8.4,3,0.104,0.494,3,0,3,0,499,Risky
7157,32,34929.83,6.7,20.1,8,0.49,0.036,1,30,3,0,599,Very Poor
7158,42,60928.58,3.8,8.0,5,0.181,0.335,1,30,1,0,572,Very Poor
7159,32,43137.88,8.6,16.0,6,0.214,0.37,2,0,3,0,614,Poor
7160,24,107810.66,7.6,3.9,10,0.658,0.292,4,0,1,0,589,Very Poor
7161,29,3906.66,1.7,1.8,9,0.296,0.279,1,0,3,0,423,Risky
7162,35,159968.18,2.6,1.0,6,0.149,0.512,0,0,0,0,643,Poor
7163,55,48138.65,4.3,1.2,6,0.11,0.134,1,0,2,0,534,Risky
7164,67,9338.84,3.1,1.8,13,0.138,0.165,0,0,2,0,516,Risky
7165,33,19362.32,11.6,2.0,12,0.162,0.447,0,0,0,0,488,Risky
7166,37,128868.86,4.9,6.0,7,0.261,0.457,1,0,3,0,627,Poor
7167,29,22156.72,21.2,9.3,9,0.32,0.127,0,0,0,0,605,Poor
7168,47,37109.31,2.1,2.4,7,0.615,0.29,0,0,0,0,552,Very Poor
7169,21,57213.06,8.0,15.4,11,0.402,0.556,1,0,1,0,639,Poor
7170,44,134291.4,3.6,0.2,7,0.177,0.599,1,0,0,0,571,Very Poor
7171,70,60563.76,7.4,4.2,4,0.63,0.48,1,0,1,0,572,Very Poor
7172,39,25846.91,1.5,2.6,14,0.268,0.353,0,90,1,0,528,Risky
7173,25,26986.03,0.8,1.4,13,0.271,0.241,1,60,3,0,476,Risky
7174,27,68785.5,1.7,8.8,9,0.213,0.5,1,0,1,0,577,Very Poor
7175,37,87618.17,11.2,12.6,4,0.308,0.568,0,0,1,0,602,Poor
7176,32,107439.21,6.5,16.9,12,0.235,0.311,1,0,0,0,673,Fair
7177,21,33449.54,1.5,3.9,10,0.56,0.167,1,0,1,0,543,Risky
7178,49,38471.8,2.1,10.7,13,0.528,0.391,1,0,1,0,559,Very Poor
7179,37,36262.24,9.1,13.0,6,0.066,0.296,0,30,0,0,625,Poor
7180,46,74790.88,1.9,33.2,4,0.088,0.099,0,0,3,0,761,Excellent
7181,51,28900.27,7.0,6.0,7,0.591,0.097,2,0,0,0,555,Very Poor
7182,42,11025.31,0.2,0.9,10,0.183,0.33,0,0,0,0,525,Risky
7183,58,38392.97,2.3,1.5,13,0.023,0.605,0,0,1,0,542,Risky
7184,30,42731.99,3.8,1.8,8,0.148,0.491,0,0,0,0,564,Very Poor
7185,38,39440.67,1.7,2.5,6,0.168,0.184,1,0,1,0,613,Poor
7186,61,83776.73,2.2,1.2,8,0.219,0.258,3,30,0,0,555,Very Poor
7187,40,109330.78,2.0,2.4,10,0.068,0.404,1,0,1,0,571,Very Poor
7188,55,89512.94,6.1,23.1,5,0.294,0.212,2,0,2,0,659,Fair
7189,26,21574.9,0.1,3.2,11,0.36,0.163,2,60,1,0,507,Risky
7190,31,69993.39,4.8,7.6,7,0.442,0.238,0,0,0,0,613,Poor
7191,54,40980.26,7.0,9.9,7,0.171,0.384,1,30,0,0,569,Very Poor
7192,37,33334.04,0.1,9.5,4,0.172,0.107,3,30,2,0,474,Risky
7193,25,168361.43,1.8,13.7,8,0.266,0.348,0,0,0,0,669,Fair
7194,45,97155.61,2.9,6.3,7,0.096,0.228,1,0,1,0,574,Very Poor
7195,62,33140.94,4.6,5.7,9,0.322,0.331,1,0,1,0,511,Risky
7196,38,173800.91,1.7,3.7,11,0.365,0.231,0,90,1,0,558,Very Poor
7197,50,21513.2,22.8,7.2,8,0.343,0.283,1,90,1,0,516,Risky
7198,22,48745.26,3.8,0.5,8,0.173,0.171,1,30,1,0,600,Very Poor
7199,36,102951.58,0.5,23.3,12,0.559,0.276,2,60,1,0,640,Poor
7200,36,35352.96,1.1,0.6,10,0.224,0.466,1,0,1,1,428,Risky
7201,26,19489.96,1.7,5.4,7,0.341,0.456,1,0,0,0,564,Very Poor
7202,53,74720.35,3.7,3.3,12,0.143,0.269,0,0,2,0,570,Very Poor
7203,36,52716.15,6.6,7.6,4,0.141,0.253,0,0,0,0,609,Poor
7204,29,38324.26,8.0,1.1,13,0.587,0.371,1,0,0,0,547,Risky
7205,24,19640.68,2.4,0.0,5,0.182,0.21,1,0,0,0,505,Risky
7206,33,80260.87,0.6,0.2,12,0.027,0.403,2,0,1,0,565,Very Poor
7207,50,130402.52,4.0,2.1,12,0.327,0.523,0,0,0,0,601,Poor
7208,21,30114.87,3.2,13.1,8,0.158,0.448,1,0,0,0,631,Poor
7209,41,30566.07,4.8,1.6,13,0.186,0.341,1,30,0,0,540,Risky
7210,44,76641.46,2.9,0.3,7,0.108,0.321,1,30,0,1,491,Risky
7211,42,151777.31,3.0,10.4,11,0.233,0.508,0,0,0,0,719,Good
7212,65,19295.41,3.4,5.5,3,0.423,0.408,1,30,1,0,495,Risky
7213,31,22758.99,4.3,3.7,10,0.096,0.23,1,0,2,0,494,Risky
7214,43,98280.22,7.9,2.6,8,0.219,0.445,1,0,2,0,580,Very Poor
7215,31,98735.87,0.3,7.2,7,0.205,0.468,1,0,0,0,570,Very Poor
7216,27,218821.17,16.1,2.5,4,0.119,0.06,3,0,2,1,497,Risky
7217,57,74414.04,1.0,16.1,13,0.526,0.056,0,0,3,0,655,Fair
7218,21,42375.86,2.4,5.8,6,0.15,0.287,2,0,0,0,569,Very Poor
7219,47,24481.7,10.8,21.0,11,0.284,0.301,0,0,2,0,616,Poor
7220,38,15791.57,13.3,6.5,12,0.206,0.135,1,0,1,0,501,Risky
7221,21,66352.9,3.1,4.9,7,0.3,0.322,0,30,1,0,585,Very Poor
7222,32,66129.24,8.1,2.3,7,0.454,0.355,2,30,0,1,489,Risky
7223,21,60542.8,6.3,7.4,12,0.443,0.347,0,0,1,0,635,Poor
7224,45,149024.36,3.1,2.6,10,0.247,0.262,2,60,2,0,569,Very Poor
7225,31,69614.11,6.4,10.8,9,0.524,0.359,3,30,1,0,549,Risky
7226,45,43848.18,2.1,3.0,9,0.18,0.223,0,0,2,0,590,Very Poor
7227,34,70850.27,8.4,6.1,7,0.344,0.263,2,60,2,0,524,Risky
7228,34,146028.85,11.4,1.0,10,0.126,0.515,1,30,0,0,604,Poor
7229,22,10805.71,5.0,1.0,11,0.177,0.692,2,30,1,0,375,Risky
7230,21,33655.23,11.4,1.9,14,0.289,0.082,1,0,0,0,586,Very Poor
7231,24,106177.78,0.7,4.3,1,0.267,0.426,1,0,0,0,625,Poor
7232,21,83436.64,3.8,1.1,9,0.303,0.507,0,0,0,0,583,Very Poor
7233,62,159643.27,0.0,4.6,8,0.238,0.04,2,0,0,0,621,Poor
7234,33,90695.42,1.4,0.9,5,0.393,0.193,1,90,1,0,514,Risky
7235,33,31490.45,6.7,8.3,11,0.176,0.647,1,0,2,0,510,Risky
7236,55,16089.06,0.9,2.7,5,0.475,0.381,1,0,2,0,489,Risky
7237,26,39510.59,19.6,3.9,9,0.067,0.214,1,0,0,0,600,Very Poor
7238,30,276838.24,5.5,20.2,7,0.59,0.404,3,30,2,0,642,Poor
7239,60,146868.5,5.0,10.3,12,0.084,0.467,0,0,0,0,739,Good
7240,21,11342.73,3.8,1.4,9,0.213,0.1,2,30,2,0,458,Risky
7241,60,26099.1,6.8,5.8,3,0.464,0.185,1,30,0,0,575,Very Poor
7242,21,52851.63,2.1,5.8,9,0.167,0.384,1,60,0,0,539,Risky
7243,24,21066.59,6.1,0.4,7,0.482,0.42,0,0,1,0,572,Very Poor
7244,31,85139.5,2.7,6.8,10,0.26,0.047,2,0,0,1,526,Risky
7245,50,62680.41,21.1,0.1,4,0.285,0.328,0,60,3,0,584,Very Poor
7246,32,37841.2,1.9,11.3,6,0.154,0.32,4,0,1,0,520,Risky
7247,55,101342.21,5.4,3.2,8,0.111,0.317,2,30,1,0,630,Poor
7248,40,54788.5,8.2,18.1,4,0.496,0.277,1,0,0,0,681,Fair
7249,38,51043.25,1.4,4.9,4,0.539,0.429,0,0,0,0,556,Very Poor
7250,47,273400.83,4.1,3.4,6,0.24,0.278,3,0,0,0,640,Poor
7251,40,127683.94,3.1,9.2,7,0.238,0.457,0,0,0,0,670,Fair
7252,53,71449.1,3.2,0.2,9,0.19,0.046,1,0,3,0,561,Very Poor
7253,40,48718.57,3.7,19.3,5,0.511,0.578,0,0,1,0,668,Fair
7254,40,41029.29,2.5,16.5,7,0.517,0.206,1,0,1,0,632,Poor
7255,48,20293.63,0.8,1.7,7,0.203,0.527,1,30,0,0,501,Risky
7256,54,20372.21,4.0,11.2,7,0.169,0.14,1,60,2,0,566,Very Poor
7257,49,12448.05,3.1,8.4,4,0.331,0.308,0,0,1,0,511,Risky
7258,37,152494.69,1.3,2.8,9,0.505,0.4,0,0,3,0,606,Poor
7259,55,24705.86,1.2,1.9,4,0.09,0.119,2,0,2,0,580,Very Poor
7260,38,73177.85,0.5,2.8,10,0.197,0.329,1,0,0,0,594,Very Poor
7261,45,115607.72,0.3,5.3,6,0.211,0.255,2,30,2,0,635,Poor
7262,63,22168.98,7.1,4.3,10,0.162,0.294,3,0,1,0,551,Very Poor
7263,63,55056.49,17.2,30.2,9,0.2,0.568,1,60,0,0,693,Fair
7264,34,100392.2,6.7,4.9,3,0.056,0.413,1,0,1,0,613,Poor
7265,24,55255.41,2.4,7.3,6,0.252,0.292,1,30,4,1,481,Risky
7266,43,339276.2,11.0,11.4,10,0.376,0.446,0,0,0,0,748,Good
7267,60,57283.45,0.5,7.0,9,0.274,0.622,1,0,1,0,601,Poor
7268,27,55558.04,3.2,3.0,7,0.083,0.151,0,60,0,0,643,Poor
7269,27,37077.35,26.8,0.8,7,0.461,0.225,1,0,1,0,526,Risky
7270,27,37294.61,13.2,18.1,9,0.423,0.253,0,0,1,0,633,Poor
7271,44,8612.44,17.9,7.5,13,0.283,0.193,1,90,2,0,452,Risky
7272,54,13764.78,7.5,20.2,15,0.314,0.227,1,30,0,0,662,Fair
7273,51,23050.57,9.0,12.4,15,0.226,0.355,1,60,1,0,577,Very Poor
7274,21,48018.82,0.0,0.9,13,0.116,0.358,0,0,0,0,554,Very Poor
7275,50,31946.55,1.9,11.2,8,0.254,0.385,2,0,0,1,471,Risky
7276,54,125662.74,2.1,4.6,9,0.165,0.232,0,0,0,0,615,Poor
7277,65,48433.87,7.0,5.1,10,0.422,0.054,2,0,2,0,529,Risky
7278,27,55470.58,2.0,20.0,10,0.272,0.189,2,0,2,0,609,Poor
7279,49,46980.64,15.5,22.1,9,0.229,0.189,2,60,0,0,622,Poor
7280,52,110186.2,10.4,11.6,6,0.053,0.146,1,0,2,1,575,Very Poor
7281,45,44221.27,0.3,9.9,10,0.28,0.266,1,30,1,0,603,Poor
7282,64,34335.54,1.5,4.6,7,0.075,0.257,1,90,0,0,485,Risky
7283,40,14254.11,2.8,3.7,10,0.515,0.203,0,0,0,0,526,Risky
7284,65,62609.83,3.9,5.4,6,0.47,0.138,1,0,2,0,583,Very Poor
7285,42,144132.22,5.6,0.8,6,0.231,0.082,1,0,0,0,660,Fair
7286,52,88291.83,1.2,9.1,5,0.373,0.346,0,0,1,0,662,Fair
7287,43,26233.99,8.5,12.0,10,0.25,0.127,2,30,0,0,574,Very Poor
7288,32,16204.6,26.4,2.1,7,0.078,0.155,0,0,0,0,553,Very Poor
7289,55,95270.14,2.4,13.0,10,0.233,0.192,3,60,1,0,538,Risky
7290,43,53784.75,6.7,8.7,7,0.272,0.194,1,0,0,0,582,Very Poor
7291,40,13996.79,5.9,1.5,10,0.41,0.446,0,0,0,0,556,Very Poor
7292,37,90198.65,0.8,10.8,10,0.067,0.303,3,30,1,0,609,Poor
7293,70,24207.09,8.7,5.3,8,0.802,0.136,0,0,1,0,559,Very Poor
7294,44,66130.64,0.5,1.8,9,0.409,0.135,3,90,0,0,500,Risky
7295,49,30815.96,7.4,21.9,10,0.598,0.274,3,60,0,0,529,Risky
7296,51,36829.76,3.3,0.0,9,0.322,0.232,1,0,0,0,511,Risky
7297,36,290578.11,5.3,4.5,10,0.467,0.074,1,0,2,0,652,Fair
7298,25,27718.19,7.2,4.4,9,0.319,0.069,2,60,3,0,485,Risky
7299,48,16827.51,3.6,7.2,5,0.261,0.116,0,30,1,0,514,Risky
7300,38,89963.11,4.6,0.6,6,0.143,0.128,3,0,1,0,552,Very Poor
7301,27,202673.07,2.8,26.0,10,0.517,0.476,2,60,0,0,593,Very Poor
7302,35,143300.0,3.0,3.1,6,0.21,0.115,0,0,2,0,608,Poor
7303,51,52372.96,0.0,5.4,8,0.24,0.23,0,0,0,0,604,Poor
7304,36,61360.25,0.1,0.7,7,0.45,0.401,1,0,1,0,524,Risky
7305,25,57842.49,10.0,9.0,9,0.194,0.434,0,0,1,0,575,Very Poor
7306,31,47527.98,7.3,5.8,6,0.103,0.414,0,0,1,0,562,Very Poor
7307,26,89065.23,3.4,0.0,6,0.073,0.424,0,0,3,0,613,Poor
7308,41,162961.26,0.4,11.4,14,0.113,0.492,5,0,1,0,625,Poor
7309,54,54125.88,0.2,12.3,8,0.306,0.166,1,30,2,0,629,Poor
7310,21,52569.53,3.1,17.6,12,0.668,0.347,0,60,2,0,546,Risky
7311,30,40301.78,5.4,9.1,8,0.351,0.169,1,120,0,0,595,Very Poor
7312,42,9987.16,5.7,4.7,9,0.11,0.15,0,0,1,0,496,Risky
7313,47,21460.94,16.1,0.2,3,0.465,0.216,1,30,1,0,499,Risky
7314,52,59645.94,38.3,5.9,6,0.237,0.357,4,0,1,0,585,Very Poor
7315,57,126934.71,9.5,1.7,7,0.221,0.256,0,0,0,0,656,Fair
7316,26,119958.79,24.0,9.0,6,0.317,0.438,1,0,1,0,617,Poor
7317,33,31379.63,3.2,18.5,7,0.188,0.578,0,0,2,0,629,Poor
7318,28,78896.94,0.6,3.0,8,0.321,0.262,1,30,2,0,556,Very Poor
7319,50,53105.33,2.2,9.5,9,0.176,0.248,1,0,3,0,545,Risky
7320,29,95581.54,3.7,4.4,8,0.122,0.304,1,0,0,0,639,Poor
7321,43,23961.04,3.3,7.8,8,0.241,0.177,2,90,1,0,493,Risky
7322,27,28068.96,3.2,8.7,12,0.35,0.355,0,0,1,0,575,Very Poor
7323,38,103525.94,6.0,17.7,14,0.135,0.207,1,30,1,0,688,Fair
7324,40,53763.65,7.4,1.4,9,0.574,0.188,1,0,1,0,576,Very Poor
7325,36,26050.17,5.3,5.2,10,0.165,0.187,0,0,1,0,577,Very Poor
7326,45,18943.62,3.4,3.3,11,0.419,0.446,0,0,1,0,546,Risky
7327,21,49743.11,3.6,6.0,5,0.195,0.094,1,0,1,0,635,Poor
7328,45,61846.04,23.7,6.9,8,0.191,0.382,1,60,0,0,620,Poor
7329,50,26292.12,6.9,0.0,8,0.082,0.419,1,90,0,0,542,Risky
7330,32,54382.12,3.5,6.1,8,0.244,0.371,1,90,0,0,526,Risky
7331,43,51312.55,3.9,19.3,9,0.129,0.282,0,0,1,0,656,Fair
7332,54,87093.66,10.1,15.5,8,0.058,0.117,1,0,0,0,681,Fair
7333,48,20281.04,2.3,5.5,8,0.547,0.32,1,0,0,1,414,Risky
7334,41,117584.46,5.4,0.3,6,0.325,0.259,1,0,1,0,606,Poor
7335,43,42464.41,1.0,2.2,6,0.456,0.496,0,0,3,0,577,Very Poor
7336,51,28102.23,2.5,1.1,7,0.282,0.378,1,0,0,0,539,Risky
7337,34,164857.32,0.5,2.2,7,0.318,0.295,3,30,1,0,501,Risky
7338,40,22685.07,2.3,1.0,10,0.147,0.218,0,0,1,1,446,Risky
7339,39,54575.93,2.0,2.1,4,0.071,0.171,2,0,0,0,566,Very Poor
7340,35,191781.43,1.0,6.4,11,0.593,0.622,2,0,0,0,617,Poor
7341,23,128507.89,3.5,36.8,9,0.215,0.203,1,0,0,0,772,Excellent
7342,42,33770.04,9.8,0.9,6,0.266,0.29,0,60,0,0,565,Very Poor
7343,51,56864.53,1.8,2.5,6,0.485,0.125,0,0,1,0,596,Very Poor
7344,26,64251.77,4.1,7.1,11,0.02,0.239,1,120,0,0,630,Poor
7345,59,134294.97,0.4,8.2,9,0.248,0.371,1,90,1,0,585,Very Poor
7346,31,51927.77,5.7,9.7,11,0.113,0.29,0,30,0,0,636,Poor
7347,40,28195.42,2.8,1.4,10,0.074,0.203,1,0,2,0,492,Risky
7348,58,65432.46,1.1,1.8,4,0.703,0.438,2,0,0,0,527,Risky
7349,30,71662.3,3.3,11.8,7,0.24,0.181,1,0,2,0,573,Very Poor
7350,37,170785.02,3.3,1.8,13,0.601,0.16,0,0,0,0,673,Fair
7351,33,42863.16,2.4,0.5,6,0.268,0.214,1,0,1,0,595,Very Poor
7352,53,81620.25,1.2,22.4,11,0.026,0.067,2,30,1,0,714,Good
7353,47,170697.56,2.6,12.2,8,0.374,0.28,1,0,3,0,626,Poor
7354,43,63255.74,1.3,23.2,8,0.696,0.313,1,90,0,0,653,Fair
7355,53,94656.69,2.2,4.0,7,0.415,0.361,2,0,1,0,581,Very Poor
7356,21,53965.63,8.1,9.0,5,0.316,0.322,1,0,1,1,488,Risky
7357,46,22068.51,1.4,5.7,10,0.138,0.308,1,0,1,0,583,Very Poor
7358,54,33850.24,1.6,8.9,6,0.12,0.147,2,0,0,0,612,Poor
7359,42,100646.71,6.4,0.9,7,0.137,0.493,2,0,1,0,657,Fair
7360,47,26281.44,4.7,4.1,12,0.347,0.224,1,60,1,0,471,Risky
7361,38,104886.83,7.7,3.1,12,0.528,0.121,0,0,0,1,491,Risky
7362,30,73979.46,0.2,2.7,9,0.235,0.356,1,0,0,0,592,Very Poor
7363,31,44220.32,23.8,3.6,11,0.383,0.555,0,30,2,0,507,Risky
7364,35,56676.83,2.4,1.0,5,0.526,0.175,0,120,1,0,530,Risky
7365,53,121198.7,0.2,0.5,4,0.099,0.102,2,0,0,0,560,Very Poor
7366,45,38478.79,1.6,7.8,9,0.356,0.097,0,90,2,0,552,Very Poor
7367,46,18075.74,6.9,5.7,4,0.161,0.211,2,30,0,0,543,Risky
7368,30,97613.99,18.6,7.6,7,0.592,0.236,1,0,0,0,594,Very Poor
7369,56,25534.98,1.5,4.4,3,0.491,0.464,1,0,2,0,492,Risky
7370,39,64768.76,9.8,8.9,11,0.111,0.201,2,0,1,0,574,Very Poor
7371,44,31226.35,0.0,10.1,10,0.351,0.441,2,0,1,0,528,Risky
7372,29,55854.54,8.5,17.8,11,0.237,0.395,1,0,0,0,666,Fair
7373,63,140598.17,0.7,27.7,5,0.163,0.153,2,120,0,0,670,Fair
7374,50,45669.02,1.9,11.8,7,0.164,0.378,3,0,0,0,533,Risky
7375,48,75289.5,11.7,11.7,8,0.07,0.041,1,60,0,0,625,Poor
7376,38,146916.63,7.3,0.3,8,0.281,0.195,1,0,0,0,628,Poor
7377,46,128638.86,0.6,7.0,9,0.134,0.44,3,90,2,0,563,Very Poor
7378,22,114149.25,1.9,3.1,6,0.034,0.348,0,120,0,0,548,Risky
7379,39,39351.12,2.3,0.5,8,0.075,0.457,1,0,0,0,555,Very Poor
7380,52,163466.3,8.9,14.3,4,0.316,0.219,0,0,3,0,797,Excellent
7381,37,19128.24,1.3,15.4,8,0.146,0.332,0,0,1,0,625,Poor
7382,29,53301.93,5.6,3.2,5,0.354,0.215,1,30,3,0,515,Risky
7383,56,107399.22,0.2,3.8,6,0.381,0.325,5,0,2,0,532,Risky
7384,30,51715.55,11.7,4.9,10,0.197,0.215,1,0,0,0,609,Poor
7385,36,62240.97,8.6,3.8,13,0.433,0.164,4,30,0,0,525,Risky
7386,36,8872.75,7.6,8.4,20,0.142,0.312,1,0,1,0,471,Risky
7387,59,93461.07,1.6,0.9,14,0.083,0.425,0,60,0,0,577,Very Poor
7388,34,36140.79,18.3,1.8,10,0.282,0.139,1,0,1,0,567,Very Poor
7389,43,29926.23,2.4,9.8,8,0.687,0.247,1,0,0,0,546,Risky
7390,46,28766.32,0.9,8.2,3,0.195,0.14,0,0,2,1,469,Risky
7391,21,60910.38,7.7,2.3,12,0.364,0.242,0,30,0,0,550,Risky
7392,39,22928.41,3.0,11.7,6,0.139,0.18,0,0,2,0,529,Risky
7393,50,31467.76,0.9,16.2,11,0.4,0.22,1,0,1,0,626,Poor
7394,21,16125.2,0.3,2.6,7,0.282,0.337,0,0,0,0,571,Very Poor
7395,50,50829.52,4.6,1.4,8,0.234,0.301,1,30,1,0,535,Risky
7396,69,47057.87,10.8,2.0,5,0.2,0.196,1,0,0,0,565,Very Poor
7397,38,52245.57,10.4,8.4,10,0.308,0.308,0,30,1,0,638,Poor
7398,45,39227.35,2.5,4.0,9,0.375,0.501,2,0,0,0,552,Very Poor
7399,35,84901.82,11.2,12.2,9,0.333,0.613,4,0,0,0,571,Very Poor
7400,40,75496.16,4.7,4.0,10,0.697,0.28,0,0,1,0,579,Very Poor
7401,51,79781.14,5.3,0.6,8,0.232,0.345,2,30,0,0,553,Very Poor
7402,41,46121.94,4.7,0.9,8,0.037,0.111,1,30,1,1,485,Risky
7403,21,20349.35,6.8,1.3,7,0.683,0.317,2,0,1,0,468,Risky
7404,34,47653.21,1.7,4.4,4,0.318,0.385,1,60,2,0,460,Risky
7405,32,197611.66,7.3,2.5,8,0.223,0.244,0,0,0,1,537,Risky
7406,39,34785.83,0.6,3.4,10,0.275,0.44,2,0,2,0,539,Risky
7407,60,10928.7,3.3,4.2,7,0.375,0.329,1,60,0,0,438,Risky
7408,35,133599.72,1.7,2.2,8,0.232,0.166,1,0,1,0,634,Poor
7409,39,29662.07,4.2,2.7,6,0.247,0.433,2,0,1,0,509,Risky
7410,24,31794.8,4.8,32.1,7,0.03,0.385,1,0,2,0,665,Fair
7411,51,84197.92,17.7,5.3,9,0.396,0.261,2,30,0,0,544,Risky
7412,30,84241.86,16.2,0.4,8,0.33,0.186,0,0,1,0,623,Poor
7413,26,82312.37,6.3,3.8,6,0.032,0.189,2,0,1,0,637,Poor
7414,28,45331.27,5.6,6.6,12,0.311,0.121,1,0,2,0,612,Poor
7415,25,123043.55,2.3,7.4,12,0.239,0.2,0,0,1,0,680,Fair
7416,35,30407.42,0.5,9.5,10,0.451,0.33,0,120,1,1,405,Risky
7417,42,22998.31,1.1,7.2,8,0.157,0.015,0,0,0,1,499,Risky
7418,30,47305.29,4.3,4.1,5,0.267,0.295,2,0,1,0,469,Risky
7419,34,39633.41,2.1,12.1,7,0.415,0.608,1,60,1,0,495,Risky
7420,43,59819.31,3.1,0.9,6,0.158,0.085,1,0,3,0,518,Risky
7421,64,32766.16,3.7,0.0,4,0.291,0.519,1,30,0,0,489,Risky
7422,33,76747.23,5.4,1.3,7,0.103,0.193,3,0,2,0,571,Very Poor
7423,21,37444.12,2.2,6.6,8,0.266,0.433,1,30,0,0,512,Risky
7424,42,35885.6,1.6,19.4,6,0.809,0.115,1,30,0,0,600,Very Poor
7425,56,168528.19,0.3,1.1,7,0.174,0.211,0,0,3,0,621,Poor
7426,21,57366.09,0.8,2.0,8,0.352,0.568,1,0,2,1,456,Risky
7427,46,53252.56,1.2,18.2,10,0.119,0.51,0,30,2,0,669,Fair
7428,31,29227.22,3.8,0.2,4,0.173,0.431,1,0,1,0,527,Risky
7429,40,146759.42,1.5,2.9,7,0.187,0.138,0,0,1,0,647,Poor
7430,39,111839.82,4.0,3.8,7,0.218,0.177,0,0,0,0,620,Poor
7431,24,29932.58,5.2,13.1,7,0.259,0.243,0,0,1,0,625,Poor
7432,43,9951.15,0.2,10.2,6,0.452,0.527,0,0,0,0,541,Risky
7433,43,109003.24,8.3,27.1,12,0.249,0.386,0,0,0,0,820,Excellent
7434,38,21894.63,3.9,0.3,8,0.35,0.256,0,0,0,0,588,Very Poor
7435,42,49065.77,6.5,20.9,14,0.218,0.335,1,60,0,0,600,Very Poor
7436,59,157049.6,3.8,14.0,6,0.115,0.267,0,30,1,0,755,Excellent
7437,26,110894.33,1.3,16.4,9,0.353,0.294,0,0,1,0,669,Fair
7438,21,34099.52,3.8,18.1,10,0.176,0.464,0,0,1,0,602,Poor
7439,33,57186.21,1.1,20.9,8,0.305,0.168,1,0,1,0,685,Fair
7440,37,38889.74,2.6,1.0,8,0.214,0.405,0,0,0,0,571,Very Poor
7441,42,76624.28,7.1,30.2,13,0.427,0.137,1,0,0,0,759,Excellent
7442,33,83876.29,12.9,0.7,4,0.428,0.117,1,0,0,0,583,Very Poor
7443,40,61927.43,0.3,0.2,9,0.554,0.42,2,0,2,0,557,Very Poor
7444,56,40768.33,8.6,12.8,5,0.363,0.333,1,30,2,0,608,Poor
7445,27,27953.11,3.8,10.6,10,0.249,0.489,2,0,1,0,552,Very Poor
7446,41,48943.85,0.4,1.7,13,0.231,0.376,1,0,3,0,519,Risky
7447,40,88437.8,10.4,2.2,11,0.339,0.449,1,30,0,0,543,Risky
7448,44,233520.29,7.3,8.6,7,0.029,0.437,3,0,3,0,625,Poor
7449,50,132392.45,6.5,4.6,15,0.233,0.324,2,0,0,0,567,Very Poor
7450,33,22325.67,0.4,0.2,8,0.208,0.528,1,60,0,0,511,Risky
7451,29,67350.62,6.0,1.9,8,0.298,0.377,0,0,2,0,589,Very Poor
7452,25,84994.25,0.4,9.1,10,0.084,0.234,1,30,0,1,535,Risky
7453,45,49456.84,3.1,0.6,9,0.531,0.339,1,90,0,0,510,Risky
7454,23,34836.23,1.3,27.0,4,0.15,0.163,0,30,0,1,569,Very Poor
7455,53,8770.83,2.6,1.4,7,0.309,0.362,2,0,0,0,424,Risky
7456,49,17709.99,9.2,7.2,9,0.203,0.325,0,0,1,0,554,Very Poor
7457,50,33876.32,0.6,30.8,9,0.184,0.32,2,30,0,0,664,Fair
7458,29,325321.66,5.8,17.8,7,0.296,0.488,0,0,0,0,751,Excellent
7459,30,58014.04,0.2,2.4,13,0.058,0.238,2,0,1,0,521,Risky
7460,28,12838.93,4.7,0.6,5,0.446,0.141,1,0,0,0,470,Risky
7461,33,33411.6,2.0,2.6,7,0.169,0.4,0,0,2,0,596,Very Poor
7462,41,33214.36,9.2,14.0,6,0.046,0.178,0,0,1,0,619,Poor
7463,27,42351.15,1.5,20.7,5,0.146,0.097,0,90,1,0,584,Very Poor
7464,38,107924.09,1.8,2.2,7,0.017,0.297,0,0,0,0,621,Poor
7465,49,7007.55,1.0,5.1,7,0.163,0.253,1,0,0,0,484,Risky
7466,28,89551.92,14.8,0.5,5,0.679,0.083,1,0,0,0,571,Very Poor
7467,57,44396.89,6.4,4.0,11,0.326,0.532,0,60,1,0,564,Very Poor
7468,42,35369.41,8.9,4.1,9,0.576,0.272,0,0,1,0,521,Risky
7469,43,31660.16,1.5,1.0,19,0.101,0.509,2,30,0,0,540,Risky
7470,23,99393.08,5.2,20.3,7,0.09,0.123,0,0,1,0,727,Good
7471,47,154709.11,3.6,4.0,10,0.035,0.231,0,60,0,0,611,Poor
7472,21,106414.1,0.6,1.6,7,0.138,0.068,1,0,2,0,605,Poor
7473,37,46169.41,1.4,6.3,11,0.183,0.343,0,0,2,0,597,Very Poor
7474,24,38050.39,1.0,6.4,7,0.152,0.21,2,0,3,0,510,Risky
7475,27,108343.23,3.3,22.3,9,0.539,0.435,0,30,1,0,689,Fair
7476,30,62204.65,0.6,0.6,6,0.174,0.082,1,0,1,0,550,Risky
7477,52,47187.18,4.6,17.5,8,0.352,0.365,1,0,2,0,594,Very Poor
7478,33,152043.06,1.1,6.2,8,0.438,0.628,0,0,0,0,671,Fair
7479,30,94278.15,1.3,18.2,9,0.407,0.34,1,0,2,0,636,Poor
7480,21,84813.69,4.2,7.8,6,0.495,0.462,3,90,0,0,522,Risky
7481,50,86921.72,5.0,13.7,10,0.27,0.233,1,120,1,0,598,Very Poor
7482,44,90122.83,2.3,2.0,8,0.589,0.241,0,0,0,0,615,Poor
7483,29,14783.85,5.7,2.6,5,0.297,0.322,1,90,2,0,466,Risky
7484,21,104618.84,0.3,40.0,8,0.439,0.288,2,60,1,0,729,Good
7485,24,4097.72,7.3,1.7,10,0.236,0.284,0,0,1,0,421,Risky
7486,25,56015.25,1.2,16.0,16,0.126,0.39,0,0,1,0,634,Poor
7487,21,38753.47,6.3,13.6,12,0.428,0.268,2,0,3,0,571,Very Poor
7488,21,31422.66,14.4,5.9,5,0.483,0.339,1,30,2,0,478,Risky
7489,51,39229.0,1.5,2.6,14,0.145,0.249,3,30,2,0,510,Risky
7490,51,68117.45,1.2,6.0,8,0.276,0.301,1,0,1,0,644,Poor
7491,38,179581.51,12.6,6.1,6,0.301,0.469,0,30,2,0,619,Poor
7492,29,36953.21,5.4,0.3,7,0.732,0.089,0,0,1,0,522,Risky
7493,21,119297.09,10.1,14.9,9,0.169,0.425,0,0,0,0,717,Good
7494,21,47190.32,1.1,7.6,10,0.317,0.459,2,0,2,0,535,Risky
7495,45,39731.11,2.1,8.7,7,0.162,0.169,0,0,0,0,685,Fair
7496,42,26538.6,16.1,28.1,14,0.477,0.449,1,60,0,0,643,Poor
7497,61,34431.61,7.4,9.9,9,0.391,0.254,0,30,1,0,572,Very Poor
7498,59,14549.12,5.5,20.5,10,0.1,0.194,1,30,2,0,574,Very Poor
7499,36,229012.01,0.2,2.4,7,0.068,0.384,0,0,2,0,627,Poor
7500,46,55281.13,2.3,0.4,7,0.187,0.437,0,0,0,0,586,Very Poor
7501,41,31619.23,1.3,22.9,10,0.25,0.097,0,90,2,0,614,Poor
7502,35,43019.29,4.2,6.6,6,0.221,0.159,2,30,0,0,525,Risky
7503,26,52627.6,24.7,7.6,9,0.416,0.277,0,0,0,0,638,Poor
7504,25,116299.69,4.0,7.9,9,0.062,0.335,1,0,1,0,665,Fair
7505,38,29345.43,16.7,14.1,7,0.362,0.447,0,0,2,0,591,Very Poor
7506,36,172220.08,4.2,0.1,10,0.464,0.31,0,0,0,0,613,Poor
7507,28,91406.74,1.2,6.1,7,0.267,0.104,1,0,2,0,593,Very Poor
7508,46,46530.23,4.9,11.2,8,0.177,0.338,1,0,0,0,591,Very Poor
7509,35,53391.31,2.8,8.0,10,0.396,0.193,4,60,1,1,395,Risky
7510,21,27981.96,0.2,1.5,4,0.481,0.421,1,0,3,0,473,Risky
7511,44,3430.12,9.4,0.9,6,0.135,0.26,0,0,0,0,419,Risky
7512,33,23704.03,1.0,7.2,10,0.292,0.259,1,0,3,0,574,Very Poor
7513,38,32614.63,4.1,8.4,12,0.426,0.126,0,30,1,0,588,Very Poor
7514,22,31994.35,9.3,10.5,13,0.476,0.547,2,0,2,0,559,Very Poor
7515,41,838475.76,8.9,9.3,3,0.411,0.265,0,0,0,0,764,Excellent
7516,37,11047.45,4.9,1.1,6,0.367,0.279,2,30,1,1,343,Risky
7517,23,17406.58,1.7,1.7,10,0.391,0.056,1,30,2,0,455,Risky
7518,21,18912.16,7.4,3.6,7,0.099,0.388,0,0,2,0,532,Risky
7519,53,136910.5,3.7,15.4,9,0.37,0.282,2,0,0,0,671,Fair
7520,21,33523.98,1.2,15.8,9,0.247,0.359,0,0,5,0,584,Very Poor
7521,64,62511.46,10.4,18.8,11,0.112,0.174,0,30,0,1,578,Very Poor
7522,23,12249.93,0.2,1.7,6,0.36,0.435,3,30,0,1,370,Risky
7523,21,52035.78,2.6,18.7,8,0.145,0.348,0,0,1,0,647,Poor
7524,39,13922.35,4.8,0.3,11,0.039,0.357,1,0,1,0,468,Risky
7525,29,21251.38,2.8,2.1,8,0.084,0.287,2,0,1,0,461,Risky
7526,32,121445.67,3.3,9.3,10,0.239,0.276,0,0,0,0,660,Fair
7527,37,14852.52,0.1,5.1,7,0.199,0.288,1,0,0,0,601,Poor
7528,21,59273.77,11.4,3.3,11,0.253,0.333,1,0,0,0,598,Very Poor
7529,44,94284.23,8.7,0.1,6,0.01,0.392,0,30,1,1,509,Risky
7530,32,81462.76,1.5,1.6,7,0.318,0.082,1,30,1,1,470,Risky
7531,35,30854.74,5.9,11.5,8,0.379,0.137,1,0,0,0,618,Poor
7532,56,442140.77,4.6,5.4,9,0.386,0.376,0,0,0,0,724,Good
7533,39,25148.82,3.9,7.5,3,0.138,0.232,2,60,0,0,501,Risky
7534,37,91350.07,0.3,10.2,10,0.256,0.131,0,0,0,0,727,Good
7535,46,43359.76,5.9,4.6,5,0.298,0.222,0,0,0,0,560,Very Poor
7536,41,62602.99,0.9,9.8,10,0.399,0.31,1,0,1,0,572,Very Poor
7537,44,43182.75,13.0,1.2,9,0.254,0.38,0,0,0,0,605,Poor
7538,32,47989.88,11.9,40.0,9,0.182,0.317,2,0,1,0,739,Good
7539,44,22991.93,1.5,15.9,9,0.023,0.242,1,0,2,0,605,Poor
7540,66,37631.73,4.2,20.1,9,0.245,0.03,0,0,0,0,652,Fair
7541,35,106382.07,6.6,2.2,13,0.151,0.184,1,0,0,0,629,Poor
7542,43,32368.07,2.0,1.0,13,0.201,0.103,0,0,1,0,560,Very Poor
7543,42,8183.51,3.9,3.4,7,0.04,0.247,2,30,1,0,484,Risky
7544,55,9433.17,1.0,11.8,14,0.348,0.403,2,0,0,0,525,Risky
7545,48,77729.47,1.3,13.1,12,0.409,0.487,1,0,2,0,586,Very Poor
7546,53,80849.64,1.1,19.4,11,0.263,0.165,1,0,0,0,725,Good
7547,35,57207.66,8.1,3.7,13,0.175,0.184,2,0,1,0,562,Very Poor
7548,21,38417.69,9.1,1.8,7,0.256,0.37,0,0,0,0,605,Poor
7549,39,12866.22,2.6,9.5,6,0.612,0.141,0,0,3,0,520,Risky
7550,38,53648.65,3.8,15.9,9,0.463,0.519,1,30,0,0,597,Very Poor
7551,39,74276.5,10.9,6.3,11,0.358,0.173,1,90,1,0,542,Risky
7552,29,48789.69,13.5,11.2,14,0.232,0.193,1,0,1,0,591,Very Poor
7553,24,4866.41,1.9,3.0,7,0.428,0.23,0,0,3,1,308,Risky
7554,42,32380.12,0.8,8.1,9,0.267,0.243,0,30,1,0,553,Very Poor
7555,36,37564.45,5.5,9.7,9,0.327,0.237,0,0,0,0,636,Poor
7556,41,38834.03,2.3,1.7,2,0.247,0.437,1,0,0,0,532,Risky
7557,61,88018.25,0.0,9.1,8,0.123,0.656,4,0,3,0,531,Risky
7558,49,102604.38,5.1,11.5,8,0.221,0.292,0,0,0,0,663,Fair
7559,43,66561.51,0.3,3.1,4,0.494,0.407,0,60,0,0,583,Very Poor
7560,40,91958.24,7.2,3.9,4,0.21,0.388,1,90,3,0,536,Risky
7561,21,49952.35,3.1,1.6,9,0.468,0.523,1,0,2,0,535,Risky
7562,70,60802.55,3.5,11.7,5,0.272,0.404,0,90,1,0,602,Poor
7563,50,61404.67,3.2,2.6,7,0.563,0.417,1,0,1,0,567,Very Poor
7564,34,111623.29,15.7,14.0,9,0.374,0.119,0,0,2,0,685,Fair
7565,56,36163.67,3.4,8.6,9,0.154,0.296,0,0,2,0,553,Very Poor
7566,29,68176.87,13.6,4.2,7,0.177,0.507,1,0,0,0,572,Very Poor
7567,39,38216.68,20.2,7.6,7,0.28,0.467,0,0,3,0,531,Risky
7568,60,35607.6,3.4,3.3,8,0.28,0.17,0,0,1,0,616,Poor
7569,54,22669.01,12.2,8.0,11,0.089,0.242,1,0,2,0,547,Risky
7570,56,27856.46,6.4,1.6,8,0.21,0.083,1,0,0,0,584,Very Poor
7571,21,66387.57,0.5,29.4,8,0.006,0.081,0,60,0,0,745,Good
7572,22,60498.49,1.5,19.8,10,0.054,0.326,1,0,1,0,719,Good
7573,44,115588.3,9.2,1.6,5,0.267,0.461,1,90,5,1,402,Risky
7574,41,38503.81,3.5,8.3,7,0.267,0.273,0,0,0,0,627,Poor
7575,59,131843.44,4.3,1.6,6,0.268,0.617,0,0,1,0,543,Risky
7576,45,35622.5,7.5,8.4,12,0.351,0.086,1,0,1,0,517,Risky
7577,52,99970.42,0.4,7.1,5,0.272,0.136,1,0,2,0,577,Very Poor
7578,27,55600.94,14.0,3.6,7,0.496,0.379,1,0,0,0,555,Very Poor
7579,49,42794.55,1.6,2.2,6,0.448,0.364,0,0,0,0,635,Poor
7580,21,7915.91,0.1,0.3,6,0.159,0.098,5,0,0,0,419,Risky
7581,21,302528.25,1.2,16.2,11,0.437,0.289,1,0,1,1,564,Very Poor
7582,47,41689.25,1.2,10.5,8,0.433,0.307,1,0,1,0,545,Risky
7583,57,14939.24,15.6,10.2,6,0.237,0.362,1,0,2,0,574,Very Poor
7584,49,202190.16,19.3,4.2,6,0.633,0.204,1,0,0,0,651,Fair
7585,38,98626.93,5.5,2.3,9,0.208,0.447,0,60,1,0,599,Very Poor
7586,55,36479.1,2.4,0.3,14,0.07,0.032,1,0,1,0,528,Risky
7587,44,40928.82,1.7,14.0,10,0.32,0.192,0,90,0,0,599,Very Poor
7588,36,26146.35,1.4,0.3,10,0.475,0.389,1,0,1,0,537,Risky
7589,32,14979.03,2.3,5.9,11,0.277,0.196,2,0,0,0,521,Risky
7590,52,31897.57,14.0,3.5,7,0.196,0.475,1,0,1,0,510,Risky
7591,28,129437.38,8.4,32.5,6,0.379,0.191,1,60,1,0,758,Excellent
7592,27,70356.52,4.3,3.3,10,0.205,0.369,5,0,0,0,534,Risky
7593,46,40899.1,2.1,8.6,1,0.108,0.213,0,0,1,0,623,Poor
7594,21,27479.36,1.0,5.6,6,0.126,0.314,1,0,1,0,544,Risky
7595,31,69723.18,3.8,10.5,6,0.055,0.066,1,60,0,0,593,Very Poor
7596,29,71779.66,2.6,17.3,11,0.371,0.17,2,30,1,0,579,Very Poor
7597,21,27509.17,10.6,17.2,6,0.206,0.4,1,0,0,0,561,Very Poor
7598,37,15039.95,1.1,1.1,8,0.165,0.379,2,0,3,0,501,Risky
7599,45,45645.48,15.5,8.9,10,0.396,0.319,0,30,3,0,536,Risky
7600,37,46013.95,2.7,2.6,11,0.123,0.216,0,120,2,0,491,Risky
7601,50,66457.25,2.3,2.2,8,0.308,0.305,2,0,0,0,546,Risky
7602,41,35405.4,2.0,8.8,11,0.013,0.543,0,90,1,0,530,Risky
7603,44,47723.96,24.5,12.6,13,0.143,0.409,0,30,0,0,671,Fair
7604,31,13497.81,0.4,3.4,8,0.092,0.209,1,0,2,0,495,Risky
7605,59,48761.7,2.6,13.9,8,0.148,0.249,2,30,0,0,662,Fair
7606,36,43802.2,0.1,5.9,16,0.057,0.325,3,0,3,0,543,Risky
7607,70,33970.33,12.7,19.3,5,0.038,0.421,4,0,1,0,624,Poor
7608,43,20245.55,7.6,6.8,9,0.245,0.335,4,0,0,0,458,Risky
7609,51,89039.51,5.3,2.3,7,0.546,0.251,1,0,2,0,588,Very Poor
7610,50,31092.33,6.7,2.2,4,0.485,0.396,1,0,2,0,528,Risky
7611,59,57030.88,0.2,0.2,10,0.623,0.179,0,0,1,0,556,Very Poor
7612,46,30592.81,0.0,35.9,6,0.093,0.432,4,0,0,0,660,Fair
7613,21,135063.56,9.1,40.0,11,0.105,0.306,0,30,2,0,801,Excellent
7614,36,55145.19,2.4,12.5,8,0.079,0.354,1,0,0,0,643,Poor
7615,28,33757.15,0.7,1.7,9,0.274,0.52,2,0,0,0,521,Risky
7616,49,32323.12,6.2,18.6,12,0.023,0.392,2,0,1,0,633,Poor
7617,25,23087.71,2.9,2.6,9,0.371,0.104,0,0,0,0,606,Poor
7618,65,48294.23,7.7,1.7,4,0.55,0.359,0,30,0,0,577,Very Poor
7619,41,64629.28,17.2,4.5,15,0.202,0.244,1,90,3,0,524,Risky
7620,43,74945.27,3.8,2.4,6,0.342,0.305,3,0,2,0,490,Risky
7621,35,216327.68,19.7,6.3,8,0.389,0.067,2,30,3,0,613,Poor
7622,38,78499.68,5.4,2.3,9,0.076,0.316,2,0,1,0,533,Risky
7623,33,144641.48,1.5,5.5,12,0.21,0.156,1,0,0,0,682,Fair
7624,27,14013.4,1.0,3.5,7,0.157,0.47,1,0,3,0,505,Risky
7625,52,91158.55,1.6,3.8,15,0.2,0.163,1,90,0,0,578,Very Poor
7626,21,15771.89,7.9,7.6,6,0.29,0.088,1,0,0,0,573,Very Poor
7627,30,51549.47,1.1,6.7,12,0.272,0.222,1,0,2,0,596,Very Poor
7628,45,19621.22,1.4,40.0,4,0.156,0.076,0,0,0,0,736,Good
7629,55,68885.79,4.5,5.6,10,0.235,0.214,0,60,0,0,549,Risky
7630,49,14430.25,0.2,1.3,8,0.331,0.061,1,0,0,0,510,Risky
7631,32,36467.08,0.2,0.1,5,0.33,0.208,0,0,0,0,578,Very Poor
7632,46,105271.63,7.9,1.9,9,0.527,0.181,3,90,1,0,561,Very Poor
7633,31,48895.04,5.0,0.8,9,0.274,0.23,0,30,2,0,582,Very Poor
7634,32,61840.75,7.3,0.9,8,0.265,0.213,1,0,0,0,581,Very Poor
7635,43,51557.96,1.0,1.5,3,0.316,0.471,0,0,1,0,547,Risky
7636,33,22004.69,4.8,2.4,13,0.483,0.036,0,0,2,0,515,Risky
7637,34,48988.02,17.7,1.3,10,0.287,0.29,0,30,0,0,547,Risky
7638,46,94381.08,6.0,13.9,6,0.297,0.329,2,30,0,0,621,Poor
7639,36,262873.19,3.0,8.2,10,0.3,0.121,1,0,1,0,668,Fair
7640,49,36782.05,11.4,12.1,11,0.465,0.217,0,60,2,0,569,Very Poor
7641,32,119461.95,4.7,13.3,9,0.509,0.153,1,90,0,0,586,Very Poor
7642,58,83588.72,7.0,30.3,9,0.119,0.289,0,0,1,0,745,Good
7643,24,284265.66,1.9,11.9,6,0.223,0.31,0,0,2,0,669,Fair
7644,21,53717.43,1.2,1.8,9,0.26,0.108,2,0,0,0,522,Risky
7645,21,102319.9,11.7,2.5,5,0.017,0.349,1,0,1,0,613,Poor
7646,63,33889.76,0.9,4.8,6,0.068,0.428,1,0,0,0,604,Poor
7647,50,81700.99,8.6,14.9,5,0.171,0.6,0,0,1,0,660,Fair
7648,29,19436.08,1.4,33.0,15,0.103,0.063,1,60,2,0,669,Fair
7649,36,34592.22,13.5,8.0,8,0.038,0.074,0,0,1,0,617,Poor
7650,30,16594.13,6.2,1.6,13,0.622,0.396,1,0,0,0,484,Risky
7651,49,172722.64,4.4,0.0,12,0.134,0.116,0,90,0,0,638,Poor
7652,42,191461.12,2.4,4.9,4,0.193,0.41,3,0,1,0,592,Very Poor
7653,40,47030.79,7.3,10.8,6,0.521,0.044,1,0,0,0,609,Poor
7654,70,20220.83,5.9,5.6,10,0.269,0.099,0,0,0,0,549,Risky
7655,23,23866.41,3.3,2.6,5,0.58,0.042,3,0,2,0,420,Risky
7656,62,13141.0,4.8,8.2,9,0.265,0.28,1,90,0,0,452,Risky
7657,60,19750.25,27.4,17.6,9,0.298,0.25,0,30,0,0,596,Very Poor
7658,31,19036.02,1.9,5.0,8,0.217,0.326,0,0,1,0,557,Very Poor
7659,42,48323.91,0.3,4.2,5,0.348,0.415,1,0,3,0,515,Risky
7660,43,67593.86,2.4,4.0,8,0.237,0.207,2,0,1,0,570,Very Poor
7661,50,45914.79,5.7,29.6,9,0.06,0.153,1,0,1,0,683,Fair
7662,37,27782.41,7.2,1.3,6,0.156,0.504,2,30,1,0,498,Risky
7663,24,79101.62,1.7,22.8,11,0.367,0.425,1,0,2,0,678,Fair
7664,43,35346.32,3.5,3.7,7,0.259,0.211,0,60,0,0,568,Very Poor
7665,31,46213.19,3.1,24.0,5,0.367,0.353,1,0,1,0,675,Fair
7666,21,11486.48,0.7,6.4,8,0.2,0.261,1,0,4,0,433,Risky
7667,38,36860.39,7.3,13.8,9,0.245,0.48,1,0,1,0,562,Very Poor
7668,34,60113.28,0.8,4.7,9,0.113,0.216,1,0,0,0,532,Risky
7669,38,41580.38,0.3,1.1,10,0.38,0.49,2,30,0,0,466,Risky
7670,21,26042.06,1.2,1.2,10,0.207,0.287,3,0,1,0,435,Risky
7671,43,123552.72,3.0,0.4,6,0.394,0.311,2,0,1,0,566,Very Poor
7672,28,14623.07,3.0,0.8,13,0.277,0.149,2,0,2,0,551,Very Poor
7673,70,166440.66,1.3,6.3,5,0.303,0.214,1,120,1,0,564,Very Poor
7674,51,42136.32,3.3,1.0,8,0.2,0.194,1,60,1,0,546,Risky
7675,26,162711.13,6.7,1.2,12,0.217,0.387,0,30,0,0,668,Fair
7676,40,59016.79,4.5,0.5,4,0.154,0.365,0,0,2,0,572,Very Poor
7677,41,100809.09,2.6,16.2,7,0.193,0.356,1,0,1,0,662,Fair
7678,34,45176.88,8.8,9.7,11,0.248,0.319,2,0,0,0,571,Very Poor
7679,43,9335.34,2.2,1.2,6,0.448,0.118,1,0,2,0,465,Risky
7680,58,58975.03,2.5,3.0,9,0.034,0.417,0,0,2,0,623,Poor
7681,56,132478.12,14.9,1.1,8,0.066,0.214,0,0,1,0,662,Fair
7682,63,74458.31,1.9,28.5,6,0.198,0.278,1,60,2,1,604,Poor
7683,46,11767.17,1.9,10.1,8,0.513,0.436,0,0,1,0,564,Very Poor
7684,54,41646.96,5.9,6.1,9,0.062,0.226,1,0,3,0,481,Risky
7685,42,11064.26,2.9,16.0,9,0.687,0.443,0,0,1,0,511,Risky
7686,26,14718.26,0.8,7.4,8,0.287,0.345,1,0,1,0,502,Risky
7687,35,21296.4,12.8,19.6,7,0.099,0.248,1,0,1,0,604,Poor
7688,35,40945.34,3.2,14.7,5,0.174,0.336,3,30,5,0,523,Risky
7689,25,57840.05,1.5,13.4,5,0.679,0.321,2,0,1,0,567,Very Poor
7690,55,12420.06,1.3,2.2,8,0.076,0.284,1,0,1,0,514,Risky
7691,42,36520.95,2.3,6.3,7,0.335,0.374,5,0,2,0,472,Risky
7692,29,44304.34,3.9,14.2,7,0.325,0.152,1,0,2,0,602,Poor
7693,40,37882.59,7.5,2.3,7,0.074,0.517,2,30,0,0,549,Risky
7694,21,138831.72,4.7,2.9,10,0.428,0.249,1,0,1,0,565,Very Poor
7695,29,30546.3,11.7,13.8,10,0.069,0.59,1,30,1,0,540,Risky
7696,43,68772.38,10.4,4.0,12,0.493,0.561,1,60,0,0,526,Risky
7697,23,69189.26,1.2,1.8,6,0.149,0.265,3,90,1,0,511,Risky
7698,24,170023.05,3.9,5.5,4,0.524,0.631,1,0,1,0,623,Poor
7699,41,72253.04,4.9,1.8,8,0.128,0.536,0,0,1,0,659,Fair
7700,43,15264.66,10.0,0.2,10,0.411,0.43,2,0,0,0,480,Risky
7701,61,52827.42,3.7,3.8,12,0.573,0.148,1,0,1,0,555,Very Poor
7702,30,14861.23,10.6,0.8,2,0.235,0.182,1,0,1,0,457,Risky
7703,28,16242.59,7.9,6.4,5,0.432,0.539,0,60,3,0,485,Risky
7704,21,152704.94,7.2,7.5,7,0.338,0.197,2,0,1,0,532,Risky
7705,40,62768.65,0.6,10.6,6,0.428,0.135,1,0,0,0,617,Poor
7706,38,30400.38,1.4,2.0,8,0.201,0.308,1,0,1,0,466,Risky
7707,45,33007.39,3.4,12.2,9,0.378,0.593,0,0,0,1,474,Risky
7708,51,63431.37,2.4,6.0,7,0.123,0.461,2,0,1,0,624,Poor
7709,34,29969.17,4.0,3.2,11,0.162,0.192,0,0,0,0,601,Poor
7710,51,70258.82,3.1,10.3,7,0.27,0.287,1,30,2,0,607,Poor
7711,23,168476.25,0.3,10.4,8,0.089,0.362,1,0,1,0,638,Poor
7712,50,115851.02,3.4,0.9,11,0.403,0.272,2,0,0,0,588,Very Poor
7713,50,54749.1,7.3,10.8,10,0.409,0.344,0,30,2,0,606,Poor
7714,45,16575.49,3.3,26.1,5,0.245,0.363,1,0,2,0,573,Very Poor
7715,26,31064.91,5.5,1.2,11,0.053,0.297,1,60,1,0,426,Risky
7716,55,7472.33,0.8,4.0,9,0.111,0.171,0,0,1,0,549,Risky
7717,55,34230.37,3.1,10.9,10,0.235,0.459,1,0,1,0,591,Very Poor
7718,25,82653.42,2.3,1.0,8,0.759,0.136,0,30,2,0,588,Very Poor
7719,33,73547.48,15.4,12.6,8,0.319,0.276,0,0,1,0,661,Fair
7720,23,160031.62,1.9,21.8,6,0.3,0.369,0,0,1,0,707,Good
7721,34,133493.09,2.7,12.9,10,0.274,0.229,0,0,1,0,700,Fair
7722,38,51157.83,3.8,2.5,4,0.146,0.317,0,60,0,1,513,Risky
7723,37,67518.45,0.2,0.9,10,0.143,0.317,1,0,2,0,530,Risky
7724,38,15783.02,1.9,1.5,7,0.594,0.378,3,30,0,0,460,Risky
7725,37,144941.4,0.8,0.9,11,0.392,0.183,0,0,2,0,599,Very Poor
7726,52,6815.68,16.4,0.1,13,0.141,0.121,2,0,1,0,442,Risky
7727,57,74799.31,2.8,0.5,8,0.045,0.185,0,0,0,0,645,Poor
7728,28,51588.21,2.5,6.4,9,0.129,0.222,1,0,0,0,622,Poor
7729,45,318399.78,21.1,6.3,7,0.357,0.131,2,0,2,0,687,Fair
7730,32,35406.09,2.2,3.2,10,0.544,0.166,0,120,1,0,473,Risky
7731,43,31841.04,5.9,5.4,3,0.237,0.256,1,0,1,0,566,Very Poor
7732,21,147555.2,3.0,6.5,8,0.232,0.442,1,30,0,0,624,Poor
7733,27,326822.73,7.7,5.4,5,0.293,0.275,0,0,0,0,698,Fair
7734,21,13735.93,3.7,8.4,9,0.256,0.578,0,0,0,0,563,Very Poor
7735,43,19984.9,2.2,26.5,5,0.035,0.227,0,30,1,0,621,Poor
7736,37,48404.71,16.0,0.6,8,0.466,0.088,1,30,0,0,563,Very Poor
7737,36,50395.51,1.2,6.4,5,0.21,0.385,1,0,1,0,556,Very Poor
7738,35,34837.97,0.3,2.2,12,0.396,0.254,0,0,1,0,571,Very Poor
7739,53,23027.22,5.3,3.5,6,0.434,0.412,1,0,0,0,511,Risky
7740,42,33785.84,1.2,2.6,10,0.161,0.3,0,0,1,0,559,Very Poor
7741,25,84485.34,10.3,11.3,5,0.212,0.479,0,60,1,0,621,Poor
7742,44,117760.22,1.1,4.6,10,0.194,0.199,1,0,1,0,664,Fair
7743,32,34159.73,0.4,2.8,9,0.131,0.511,1,0,2,0,565,Very Poor
7744,47,81693.31,1.5,5.4,9,0.112,0.253,1,0,2,0,569,Very Poor
7745,33,42676.84,0.5,33.6,4,0.424,0.225,0,60,1,0,692,Fair
7746,58,41454.33,4.0,4.0,5,0.168,0.146,0,60,0,0,580,Very Poor
7747,33,49976.58,9.4,13.7,10,0.187,0.289,1,0,1,0,626,Poor
7748,41,39737.44,3.2,7.9,10,0.465,0.287,0,0,0,0,636,Poor
7749,32,49812.66,7.6,3.1,7,0.286,0.399,2,0,1,0,508,Risky
7750,38,27182.12,4.9,2.0,5,0.572,0.086,2,0,2,0,520,Risky
7751,46,24449.77,3.9,0.3,9,0.65,0.336,0,60,3,0,453,Risky
7752,45,36136.79,1.2,16.8,7,0.165,0.171,2,30,3,0,525,Risky
7753,22,66211.4,5.4,1.9,9,0.368,0.205,0,0,1,0,639,Poor
7754,52,165001.57,2.9,6.0,15,0.119,0.469,3,30,1,0,581,Very Poor
7755,36,229705.05,0.0,13.8,7,0.174,0.237,2,0,1,0,697,Fair
7756,57,25999.22,0.8,3.9,3,0.221,0.358,1,30,2,0,486,Risky
7757,37,10870.38,4.6,0.5,7,0.48,0.211,2,0,0,0,438,Risky
7758,37,194192.35,10.7,24.0,10,0.292,0.143,1,0,1,0,709,Good
7759,68,53192.87,2.2,33.9,8,0.21,0.312,1,0,0,0,748,Good
7760,28,18056.71,0.3,0.7,14,0.249,0.357,1,0,0,0,461,Risky
7761,47,32305.53,2.7,28.7,6,0.415,0.427,0,0,0,0,656,Fair
7762,36,61981.89,0.2,1.3,6,0.291,0.348,2,0,0,0,557,Very Poor
7763,35,21286.31,1.0,28.0,18,0.307,0.124,2,0,0,0,686,Fair
7764,49,62081.13,6.3,13.3,7,0.349,0.288,0,0,1,0,672,Fair
7765,41,92838.15,0.3,2.5,5,0.437,0.061,0,0,0,0,552,Very Poor
7766,36,20804.76,4.4,1.2,4,0.222,0.428,2,0,1,0,479,Risky
7767,38,23554.78,5.0,7.1,4,0.193,0.164,2,30,0,0,542,Risky
7768,59,22029.07,4.0,6.4,7,0.257,0.006,2,30,3,0,451,Risky
7769,43,54379.09,2.1,3.4,7,0.382,0.281,2,0,0,0,520,Risky
7770,55,46575.84,2.5,1.4,7,0.315,0.149,2,0,0,0,571,Very Poor
7771,44,23504.94,1.2,32.6,3,0.403,0.389,1,0,0,0,666,Fair
7772,60,208742.01,4.7,1.5,7,0.291,0.156,2,0,1,0,597,Very Poor
7773,24,24553.08,1.2,12.9,7,0.115,0.336,3,0,1,0,552,Very Poor
7774,35,49630.27,1.2,38.2,16,0.065,0.177,0,60,0,0,745,Good
7775,54,297831.7,3.5,40.0,8,0.168,0.303,0,0,1,0,850,Excellent
7776,21,20093.54,10.9,2.4,5,0.312,0.375,2,30,1,0,459,Risky
7777,45,48225.78,2.7,13.4,2,0.204,0.399,0,60,0,0,554,Very Poor
7778,61,49910.03,5.5,6.9,5,0.297,0.115,3,0,0,0,519,Risky
7779,37,97101.61,13.8,2.7,3,0.249,0.164,0,30,1,0,636,Poor
7780,29,99200.87,3.5,18.4,9,0.233,0.722,0,60,0,0,656,Fair
7781,25,23084.61,0.2,10.2,8,0.199,0.311,0,0,0,0,493,Risky
7782,47,81675.52,3.8,0.8,10,0.169,0.342,0,0,1,0,549,Risky
7783,42,53625.94,9.2,5.6,9,0.228,0.434,0,90,0,0,582,Very Poor
7784,52,33706.66,6.6,18.4,6,0.308,0.123,2,30,0,0,577,Very Poor
7785,44,41679.74,17.3,17.0,3,0.812,0.464,0,0,1,0,655,Fair
7786,31,60856.19,0.8,6.7,10,0.398,0.319,0,0,1,1,545,Risky
7787,29,15245.49,2.6,14.2,9,0.101,0.273,2,0,1,0,536,Risky
7788,33,112764.47,1.3,1.0,9,0.147,0.22,1,30,2,0,624,Poor
7789,40,30116.74,3.1,7.0,7,0.201,0.201,1,0,1,0,580,Very Poor
7790,36,44794.5,6.0,3.9,8,0.183,0.083,0,0,1,0,584,Very Poor
7791,35,40901.77,1.1,5.5,8,0.18,0.318,1,0,1,0,539,Risky
7792,42,60261.92,2.1,14.0,7,0.605,0.264,1,30,1,0,623,Poor
7793,46,49445.71,2.7,29.1,10,0.279,0.234,1,0,0,0,679,Fair
7794,21,21569.59,10.8,0.8,7,0.311,0.432,2,0,3,0,445,Risky
7795,51,26900.97,1.6,0.1,9,0.65,0.247,1,0,0,0,480,Risky
7796,32,144181.92,7.3,6.6,5,0.322,0.426,1,120,1,0,588,Very Poor
7797,39,34934.1,12.1,14.1,6,0.222,0.412,2,0,2,0,559,Very Poor
7798,52,17771.15,4.4,25.5,12,0.418,0.219,1,60,1,0,554,Very Poor
7799,37,22957.36,16.3,13.3,8,0.134,0.355,0,0,1,0,639,Poor
7800,41,37311.88,2.2,3.1,2,0.222,0.364,3,0,1,0,447,Risky
7801,38,70579.28,5.7,7.7,11,0.083,0.281,0,0,0,0,650,Poor
7802,38,84203.79,0.6,0.5,11,0.385,0.231,1,0,2,0,575,Very Poor
7803,48,81987.78,2.3,16.2,12,0.608,0.363,1,0,0,0,604,Poor
7804,58,14275.5,9.7,17.3,11,0.114,0.479,0,30,1,0,550,Risky
7805,35,13045.22,0.2,1.8,5,0.148,0.351,1,0,2,0,489,Risky
7806,35,42663.97,11.5,6.2,8,0.452,0.2,2,0,1,0,543,Risky
7807,68,5671.03,9.5,8.4,7,0.462,0.364,1,30,0,0,486,Risky
7808,38,33138.56,9.1,1.6,5,0.203,0.321,1,30,2,0,507,Risky
7809,41,50314.85,2.4,4.5,9,0.186,0.337,0,0,1,0,552,Very Poor
7810,51,139678.37,22.5,3.9,7,0.145,0.396,1,0,0,0,607,Poor
7811,53,167544.48,11.0,4.6,5,0.5,0.366,0,0,1,0,594,Very Poor
7812,48,48278.29,1.4,7.7,6,0.446,0.498,3,30,2,0,495,Risky
7813,28,34049.5,1.1,11.2,7,0.166,0.148,2,30,1,0,567,Very Poor
7814,29,29696.93,1.7,9.8,10,0.32,0.389,1,30,0,0,575,Very Poor
7815,52,32878.49,8.1,0.2,7,0.072,0.419,0,0,1,0,553,Very Poor
7816,28,120059.75,2.3,3.1,8,0.65,0.244,2,0,0,0,586,Very Poor
7817,48,56359.14,0.3,14.3,9,0.227,0.547,2,0,2,0,567,Very Poor
7818,43,9430.2,2.2,7.0,13,0.13,0.166,1,0,0,0,526,Risky
7819,45,56598.2,2.9,1.2,5,0.067,0.663,0,30,2,0,544,Risky
7820,59,44095.79,1.8,15.8,6,0.261,0.241,2,30,1,0,600,Very Poor
7821,30,82024.28,2.0,11.4,4,0.035,0.246,1,90,0,0,582,Very Poor
7822,57,23547.64,16.3,9.8,7,0.219,0.239,0,0,1,0,615,Poor
7823,54,122069.6,11.0,7.2,9,0.289,0.038,2,0,0,0,654,Fair
7824,23,35725.93,4.1,23.5,9,0.353,0.349,0,90,4,0,585,Very Poor
7825,44,53073.43,2.0,9.6,9,0.285,0.346,2,0,1,0,623,Poor
7826,51,197172.26,4.0,5.3,14,0.222,0.2,1,0,0,0,642,Poor
7827,37,30340.02,2.7,2.9,4,0.381,0.274,1,0,0,0,563,Very Poor
7828,36,35437.36,1.6,6.6,7,0.089,0.506,3,90,2,0,492,Risky
7829,43,39645.54,7.4,5.5,6,0.285,0.365,3,0,2,0,535,Risky
7830,51,64644.4,0.3,4.7,7,0.265,0.524,1,0,1,0,605,Poor
7831,29,49487.7,5.8,4.6,9,0.196,0.276,0,30,2,0,570,Very Poor
7832,40,153248.0,2.7,1.5,6,0.125,0.364,0,0,1,0,594,Very Poor
7833,62,114258.77,1.3,8.9,8,0.048,0.201,1,0,2,0,683,Fair
7834,36,136443.53,10.4,8.8,4,0.271,0.29,1,30,1,0,567,Very Poor
7835,43,52920.58,1.3,0.3,4,0.762,0.538,0,0,0,0,547,Risky
7836,43,58835.09,13.7,7.2,10,0.687,0.215,0,0,1,0,649,Poor
7837,35,27385.62,16.0,0.5,11,0.419,0.348,1,0,0,0,509,Risky
7838,65,64715.67,1.7,2.5,8,0.238,0.088,0,0,0,0,610,Poor
7839,21,80662.8,2.9,8.6,6,0.081,0.172,3,0,0,0,606,Poor
7840,35,44779.49,0.6,2.4,2,0.123,0.48,0,30,0,0,541,Risky
7841,37,10899.31,1.9,15.6,12,0.488,0.17,1,0,1,0,585,Very Poor
7842,53,144113.02,1.2,4.9,6,0.316,0.305,0,0,0,0,619,Poor
7843,29,30271.62,5.0,10.6,6,0.229,0.541,0,0,2,0,564,Very Poor
7844,55,89722.72,12.1,16.6,11,0.346,0.151,1,0,1,0,598,Very Poor
7845,46,47182.56,0.4,2.4,9,0.403,0.488,1,0,1,0,567,Very Poor
7846,30,49011.07,1.0,9.4,9,0.288,0.356,0,0,0,0,590,Very Poor
7847,40,9199.09,7.3,28.1,9,0.288,0.331,0,60,1,0,583,Very Poor
7848,41,22710.44,12.8,0.3,11,0.144,0.23,2,30,3,0,449,Risky
7849,41,9396.13,6.8,1.4,13,0.476,0.195,0,0,0,0,512,Risky
7850,29,87019.74,2.8,7.6,4,0.375,0.353,2,0,1,0,570,Very Poor
7851,55,92100.93,5.6,6.6,6,0.307,0.254,1,0,0,0,628,Poor
7852,43,149517.01,0.1,2.5,15,0.269,0.213,0,0,2,0,658,Fair
7853,24,54037.01,7.7,5.9,7,0.168,0.278,0,90,1,0,569,Very Poor
7854,21,33073.51,1.9,9.2,18,0.194,0.243,0,90,0,0,582,Very Poor
7855,39,9792.62,8.1,22.4,7,0.026,0.341,2,0,0,0,523,Risky
7856,61,16285.27,0.9,1.0,11,0.315,0.537,2,30,0,0,446,Risky
7857,49,33746.57,0.7,1.6,13,0.178,0.329,0,90,0,0,515,Risky
7858,59,14669.15,2.4,0.3,11,0.144,0.425,0,0,1,0,510,Risky
7859,39,78427.52,0.6,3.9,7,0.05,0.22,0,30,1,0,589,Very Poor
7860,21,278573.64,6.0,10.1,4,0.208,0.263,0,0,1,0,720,Good
7861,46,80488.87,1.7,1.9,9,0.513,0.615,0,0,0,0,594,Very Poor
7862,53,88149.08,11.3,2.5,7,0.208,0.437,1,0,0,0,569,Very Poor
7863,44,87498.14,5.3,11.0,7,0.498,0.227,1,120,0,0,583,Very Poor
7864,36,64952.59,2.9,3.9,6,0.237,0.28,2,0,2,0,557,Very Poor
7865,26,15203.05,1.3,4.5,6,0.288,0.436,2,30,0,0,483,Risky
7866,32,59205.67,1.3,1.9,7,0.391,0.286,0,0,0,0,583,Very Poor
7867,50,45314.12,1.6,10.0,13,0.503,0.377,0,0,1,0,577,Very Poor
7868,27,135075.24,1.3,10.6,9,0.264,0.27,0,0,2,0,618,Poor
7869,51,35074.9,9.0,2.6,10,0.159,0.226,1,0,3,0,549,Risky
7870,24,18260.46,2.5,0.0,6,0.135,0.194,0,0,1,0,501,Risky
7871,35,31961.61,2.3,3.1,5,0.471,0.164,0,60,1,0,559,Very Poor
7872,29,36586.07,2.3,2.7,5,0.492,0.409,2,0,1,0,502,Risky
7873,28,26006.82,0.1,1.0,10,0.272,0.372,3,60,2,0,466,Risky
7874,33,101323.12,2.2,17.6,6,0.234,0.102,1,90,0,0,622,Poor
7875,47,15308.86,0.8,0.9,3,0.2,0.277,0,0,1,0,482,Risky
7876,32,48171.3,2.7,0.5,8,0.051,0.295,0,0,2,0,535,Risky
7877,35,28147.94,7.3,3.0,12,0.082,0.212,1,0,2,0,486,Risky
7878,54,29863.88,0.9,7.6,7,0.367,0.184,2,0,3,0,494,Risky
7879,38,90404.08,4.5,0.9,5,0.353,0.219,0,0,0,0,603,Poor
7880,25,87539.28,0.5,1.6,5,0.123,0.417,2,0,1,0,519,Risky
7881,55,167827.55,10.4,2.9,10,0.208,0.232,1,0,3,1,484,Risky
7882,38,41175.28,3.0,11.5,10,0.246,0.365,1,0,1,0,634,Poor
7883,35,11713.38,10.5,2.4,8,0.141,0.296,0,0,1,0,548,Risky
7884,41,71244.32,0.7,0.5,10,0.165,0.225,0,60,1,0,591,Very Poor
7885,28,111057.71,5.4,3.0,10,0.377,0.101,1,0,3,0,577,Very Poor
7886,30,23777.45,3.9,1.4,7,0.089,0.201,1,0,2,0,611,Poor
7887,44,73925.98,13.7,17.1,8,0.333,0.08,2,0,0,0,650,Poor
7888,21,127227.73,8.8,12.0,6,0.174,0.174,0,0,2,0,613,Poor
7889,51,24606.71,5.2,7.7,6,0.348,0.269,2,0,1,0,559,Very Poor
7890,43,74531.64,11.6,6.5,8,0.249,0.366,0,90,0,0,585,Very Poor
7891,46,14812.5,6.8,4.1,15,0.371,0.179,0,0,1,0,562,Very Poor
7892,43,169140.5,0.5,15.5,11,0.283,0.441,1,0,0,0,701,Good
7893,39,62052.06,12.4,8.5,13,0.253,0.204,1,30,2,0,615,Poor
7894,21,47690.38,1.2,18.3,9,0.605,0.171,1,90,0,0,586,Very Poor
7895,29,23441.81,1.3,7.7,5,0.226,0.057,2,60,1,0,449,Risky
7896,21,208775.21,6.7,18.0,6,0.396,0.238,2,0,1,0,683,Fair
7897,63,78458.58,0.6,7.4,11,0.464,0.23,1,30,1,0,539,Risky
7898,51,156078.39,1.7,1.5,8,0.164,0.595,2,0,0,0,619,Poor
7899,39,140907.69,0.4,10.2,6,0.101,0.224,0,30,3,0,638,Poor
7900,45,17398.67,8.0,6.1,5,0.459,0.452,0,90,2,0,447,Risky
7901,43,24603.13,4.1,8.5,8,0.284,0.375,1,60,2,0,532,Risky
7902,37,99917.43,0.6,22.7,7,0.286,0.291,2,0,0,0,687,Fair
7903,37,48202.97,8.2,19.8,13,0.283,0.189,0,0,1,0,705,Good
7904,36,42553.39,11.8,0.3,13,0.437,0.341,1,0,0,0,571,Very Poor
7905,55,53043.77,3.2,3.5,11,0.248,0.057,1,0,0,0,625,Poor
7906,33,217030.25,6.2,18.6,9,0.214,0.242,1,0,0,0,745,Good
7907,46,17000.2,5.7,17.0,16,0.198,0.335,1,0,2,0,552,Very Poor
7908,40,28003.29,1.1,20.0,4,0.413,0.288,1,0,0,0,676,Fair
7909,28,45481.79,2.7,1.7,10,0.366,0.159,1,0,2,0,573,Very Poor
7910,43,23540.98,15.5,2.5,14,0.229,0.407,2,60,0,0,482,Risky
7911,59,19603.61,0.6,3.0,6,0.455,0.234,0,60,1,0,546,Risky
7912,43,23537.93,2.3,16.6,12,0.124,0.379,0,30,0,0,586,Very Poor
7913,44,49087.32,0.9,17.3,9,0.342,0.292,1,0,1,0,688,Fair
7914,38,90606.78,7.7,2.0,5,0.437,0.36,1,0,0,0,581,Very Poor
7915,37,85824.5,0.7,8.5,10,0.033,0.19,2,0,1,0,665,Fair
7916,21,70604.94,1.4,0.0,9,0.138,0.329,3,0,0,0,523,Risky
7917,38,69645.25,2.8,4.3,8,0.303,0.4,0,0,0,0,623,Poor
7918,35,200378.14,0.4,15.3,12,0.678,0.178,0,60,2,0,661,Fair
7919,66,29085.05,1.0,0.4,11,0.593,0.187,1,0,0,0,497,Risky
7920,41,96141.63,7.3,5.4,11,0.4,0.483,0,30,0,0,612,Poor
7921,37,23178.3,4.4,17.5,5,0.369,0.416,1,0,1,0,630,Poor
7922,34,44715.89,0.7,13.5,7,0.588,0.399,1,0,2,0,529,Risky
7923,50,30980.89,1.5,1.0,4,0.669,0.367,0,0,1,0,495,Risky
7924,51,64853.23,0.9,2.2,10,0.322,0.336,0,0,4,0,610,Poor
7925,56,49435.55,1.8,16.7,6,0.413,0.509,0,0,1,0,673,Fair
7926,28,84281.38,3.1,34.5,9,0.034,0.232,0,0,0,0,785,Excellent
7927,31,23777.12,4.8,5.8,9,0.133,0.486,1,0,1,0,516,Risky
7928,47,33925.0,24.8,1.7,10,0.125,0.298,1,0,0,0,558,Very Poor
7929,30,23416.02,10.9,4.4,3,0.355,0.138,0,0,0,0,564,Very Poor
7930,40,251856.58,0.8,5.4,8,0.326,0.433,0,0,2,0,652,Fair
7931,56,80617.77,8.4,27.3,9,0.189,0.193,3,30,0,0,698,Fair
7932,41,30956.53,4.8,5.2,8,0.299,0.348,2,30,1,0,542,Risky
7933,30,20621.88,4.2,12.3,5,0.025,0.451,1,30,0,0,554,Very Poor
7934,61,20974.73,3.3,13.4,10,0.352,0.297,2,0,1,0,508,Risky
7935,55,55612.86,2.3,6.8,4,0.084,0.663,0,0,0,0,661,Fair
7936,29,52676.33,0.8,3.0,4,0.202,0.622,0,0,2,0,596,Very Poor
7937,33,28373.51,4.4,4.6,8,0.271,0.348,1,90,0,0,466,Risky
7938,34,83652.57,10.8,21.6,13,0.792,0.16,1,0,3,0,629,Poor
7939,21,32525.06,5.8,4.9,14,0.414,0.46,3,0,1,0,520,Risky
7940,43,20373.39,7.1,23.1,11,0.068,0.314,1,0,1,0,609,Poor
7941,26,166722.44,0.4,15.1,6,0.201,0.145,1,0,1,0,698,Fair
7942,54,63162.29,0.9,4.2,8,0.291,0.425,0,0,0,0,584,Very Poor
7943,54,138131.01,6.9,27.4,8,0.427,0.233,0,0,1,0,721,Good
7944,42,39725.58,9.5,15.2,8,0.537,0.233,2,90,1,0,555,Very Poor
7945,53,19289.64,3.3,10.5,8,0.234,0.407,0,0,1,0,544,Risky
7946,36,36180.55,8.6,2.6,6,0.244,0.15,1,0,0,0,543,Risky
7947,48,41502.83,1.7,4.9,6,0.314,0.189,2,0,0,0,540,Risky
7948,33,45773.49,2.5,0.9,8,0.105,0.352,0,30,1,0,520,Risky
7949,48,38814.78,0.3,27.6,5,0.343,0.318,1,0,1,0,682,Fair
7950,41,56740.25,1.6,3.3,3,0.217,0.14,2,0,1,0,512,Risky
7951,39,74860.88,0.0,12.4,7,0.435,0.168,1,0,1,0,651,Fair
7952,45,315774.66,17.9,8.7,8,0.379,0.291,3,0,2,0,573,Very Poor
7953,49,43533.33,0.1,14.0,8,0.218,0.25,0,0,2,0,649,Poor
7954,21,54995.89,0.1,6.4,8,0.056,0.132,0,90,1,0,575,Very Poor
7955,37,24057.88,3.6,13.5,8,0.079,0.332,1,60,3,0,524,Risky
7956,22,37783.21,18.5,3.5,7,0.179,0.129,1,60,0,0,594,Very Poor
7957,61,42063.53,0.9,12.8,9,0.352,0.347,3,0,1,0,542,Risky
7958,33,114501.89,12.3,0.1,9,0.323,0.137,0,30,0,0,642,Poor
7959,23,139260.62,1.7,16.6,9,0.4,0.361,2,90,2,0,618,Poor
7960,37,49599.65,3.0,9.8,9,0.454,0.262,0,0,0,0,654,Fair
7961,61,11156.2,1.7,36.7,6,0.212,0.157,0,30,1,0,661,Fair
7962,45,178856.46,0.8,1.4,8,0.046,0.172,4,0,0,0,565,Very Poor
7963,37,32226.5,12.4,2.4,10,0.388,0.146,1,0,3,0,553,Very Poor
7964,35,45042.9,6.0,1.2,5,0.161,0.193,2,0,2,0,506,Risky
7965,27,19964.08,5.1,4.4,6,0.123,0.344,1,0,0,0,569,Very Poor
7966,28,22825.55,1.2,4.3,10,0.316,0.239,0,0,1,1,507,Risky
7967,51,140154.12,6.4,3.0,11,0.572,0.174,1,0,0,0,558,Very Poor
7968,21,52609.27,1.2,10.7,5,0.579,0.328,1,30,5,0,522,Risky
7969,50,14050.73,6.2,19.3,9,0.327,0.529,1,0,1,0,581,Very Poor
7970,27,128313.23,0.1,0.5,4,0.114,0.34,3,30,2,0,586,Very Poor
7971,38,144520.05,1.5,7.1,8,0.37,0.208,0,0,0,0,653,Fair
7972,24,132258.74,1.2,4.7,9,0.375,0.243,0,0,0,0,661,Fair
7973,38,21903.38,5.2,7.3,11,0.257,0.341,1,0,0,0,587,Very Poor
7974,22,97748.96,4.4,5.4,5,0.257,0.24,1,0,2,0,610,Poor
7975,50,50156.17,1.3,10.5,6,0.066,0.14,0,0,2,0,643,Poor
7976,38,85588.01,1.8,7.9,9,0.645,0.13,1,0,1,0,610,Poor
7977,45,71191.29,1.0,15.7,10,0.274,0.197,0,0,1,0,664,Fair
7978,41,74983.08,8.2,23.2,5,0.215,0.228,1,0,1,0,655,Fair
7979,41,80171.79,7.8,5.3,13,0.16,0.4,1,0,0,0,587,Very Poor
7980,52,20362.19,10.4,29.7,9,0.305,0.204,1,0,2,0,677,Fair
7981,31,34557.72,5.3,1.0,9,0.167,0.272,1,0,1,0,590,Very Poor
7982,41,39577.71,10.2,8.3,11,0.363,0.198,0,0,1,0,574,Very Poor
7983,39,76117.39,3.2,0.0,13,0.364,0.284,2,0,0,0,518,Risky
7984,57,23345.25,0.6,24.8,4,0.37,0.45,2,90,1,0,576,Very Poor
7985,40,17543.4,8.8,22.3,5,0.298,0.199,1,0,2,0,599,Very Poor
7986,21,25870.65,11.0,2.7,7,0.431,0.275,1,60,0,0,493,Risky
7987,47,104424.18,7.1,12.7,10,0.358,0.098,1,0,2,0,679,Fair
7988,33,87564.97,2.7,9.2,5,0.226,0.32,2,0,2,0,558,Very Poor
7989,53,153219.01,13.9,4.8,7,0.718,0.151,1,60,0,0,654,Fair
7990,32,19115.44,2.1,7.5,12,0.335,0.383,0,0,0,0,537,Risky
7991,42,89751.64,3.9,4.6,11,0.167,0.259,0,0,0,0,634,Poor
7992,46,86402.21,0.5,4.2,10,0.204,0.29,0,0,0,0,645,Poor
7993,26,10627.24,2.9,4.9,8,0.368,0.554,0,0,1,0,536,Risky
7994,40,23862.76,10.0,11.0,9,0.577,0.121,2,30,0,0,515,Risky
7995,38,91354.14,0.6,7.6,8,0.045,0.143,0,0,2,0,618,Poor
7996,31,32612.71,10.9,3.3,7,0.243,0.105,2,0,1,0,527,Risky
7997,45,149837.74,16.2,3.7,8,0.31,0.29,4,0,2,0,572,Very Poor
7998,39,30539.32,4.9,2.3,10,0.423,0.252,0,0,0,0,639,Poor
7999,65,10241.58,12.2,3.2,11,0.652,0.537,3,30,1,0,370,Risky
8000,48,69317.9,0.2,4.8,10,0.425,0.649,1,0,4,0,551,Very Poor
8001,45,71768.31,0.7,32.9,4,0.281,0.183,1,0,0,0,719,Good
8002,50,17414.2,0.9,7.7,5,0.254,0.26,1,0,3,1,433,Risky
8003,46,19200.93,1.1,4.4,10,0.188,0.351,0,0,3,0,521,Risky
8004,29,23618.15,1.5,6.8,6,0.018,0.171,2,30,0,0,506,Risky
8005,48,67468.66,5.2,3.7,7,0.199,0.448,1,0,1,0,534,Risky
8006,43,88562.98,2.5,3.6,13,0.18,0.525,1,0,0,0,655,Fair
8007,49,225952.9,12.6,4.2,3,0.307,0.195,0,0,0,0,651,Fair
8008,35,91367.21,5.7,2.1,6,0.287,0.59,1,60,2,0,536,Risky
8009,50,36633.59,2.1,7.8,8,0.374,0.668,1,0,1,0,566,Very Poor
8010,48,21659.57,1.2,15.7,8,0.372,0.251,0,30,3,0,532,Risky
8011,33,26036.27,4.7,0.1,6,0.25,0.135,0,0,3,0,511,Risky
8012,26,47391.89,1.4,7.9,10,0.566,0.213,0,60,2,0,567,Very Poor
8013,38,10241.26,5.8,8.0,9,0.391,0.454,0,0,1,0,454,Risky
8014,40,91179.39,4.1,2.2,8,0.566,0.117,1,0,0,1,489,Risky
8015,44,11399.32,2.3,3.4,8,0.356,0.524,1,0,0,0,475,Risky
8016,31,53684.62,0.0,4.3,9,0.6,0.651,2,0,2,0,535,Risky
8017,50,164869.49,16.0,3.4,9,0.228,0.426,0,0,0,0,633,Poor
8018,25,28464.73,7.1,0.7,13,0.184,0.522,3,0,2,0,473,Risky
8019,59,24771.65,9.9,6.8,4,0.497,0.589,1,0,2,0,466,Risky
8020,39,11580.06,14.7,4.6,10,0.335,0.136,1,30,0,0,502,Risky
8021,42,36967.92,3.8,0.1,4,0.104,0.499,2,30,0,0,523,Risky
8022,35,59073.65,3.3,14.2,6,0.334,0.01,0,0,1,0,631,Poor
8023,41,132951.05,6.1,1.2,7,0.261,0.407,1,0,2,0,614,Poor
8024,43,93002.77,6.2,6.7,5,0.049,0.618,2,30,0,0,626,Poor
8025,42,362314.05,0.1,13.0,14,0.512,0.224,1,0,3,0,727,Good
8026,62,117144.83,11.8,1.8,4,0.035,0.41,1,30,2,0,535,Risky
8027,21,62026.17,13.0,1.3,15,0.198,0.338,0,30,0,0,644,Poor
8028,21,34866.63,1.2,14.3,9,0.121,0.22,1,30,1,0,616,Poor
8029,28,41022.06,9.7,10.2,5,0.092,0.433,0,30,0,0,616,Poor
8030,45,39104.23,33.9,1.3,2,0.467,0.355,2,30,1,0,470,Risky
8031,21,114630.69,1.3,8.1,7,0.339,0.16,0,0,1,0,668,Fair
8032,21,112955.91,4.4,3.5,7,0.29,0.133,1,0,0,0,638,Poor
8033,37,86155.95,4.4,10.9,9,0.296,0.209,2,90,1,0,557,Very Poor
8034,23,46796.0,0.3,2.1,9,0.133,0.554,1,0,4,0,530,Risky
8035,45,35493.76,3.9,0.5,8,0.35,0.33,1,60,0,0,543,Risky
8036,44,136531.66,1.1,0.7,12,0.178,0.468,1,0,0,0,675,Fair
8037,57,61878.88,28.1,2.0,3,0.244,0.254,0,60,2,0,583,Very Poor
8038,49,41809.16,1.7,2.0,3,0.382,0.094,0,30,3,0,517,Risky
8039,51,84463.69,16.7,10.7,8,0.309,0.467,1,0,2,0,591,Very Poor
8040,65,59162.72,0.2,16.6,6,0.246,0.382,0,0,0,0,681,Fair
8041,46,36027.33,0.3,1.0,6,0.145,0.267,1,0,2,0,537,Risky
8042,49,441799.13,2.9,12.8,5,0.162,0.418,1,0,0,0,732,Good
8043,43,118538.18,2.4,1.4,13,0.076,0.361,0,90,3,0,568,Very Poor
8044,23,15009.19,28.8,1.2,4,0.494,0.308,0,30,1,0,518,Risky
8045,47,152054.24,0.7,0.8,10,0.165,0.31,1,0,1,0,616,Poor
8046,46,66443.31,5.0,8.5,6,0.243,0.172,2,30,3,0,529,Risky
8047,38,42745.37,8.4,3.6,7,0.571,0.522,2,0,3,0,429,Risky
8048,49,106977.31,0.1,3.0,7,0.313,0.317,1,0,2,0,594,Very Poor
8049,31,20943.87,0.0,16.9,3,0.598,0.138,1,0,3,0,595,Very Poor
8050,45,69899.91,1.5,15.1,5,0.095,0.346,0,0,2,0,663,Fair
8051,37,48221.97,7.0,0.6,5,0.364,0.221,2,0,1,0,516,Risky
8052,41,10487.82,15.7,2.6,7,0.235,0.173,1,0,0,0,502,Risky
8053,37,56913.73,1.7,4.8,12,0.203,0.065,0,0,0,0,591,Very Poor
8054,38,51121.58,5.8,0.4,4,0.119,0.624,2,90,1,1,456,Risky
8055,25,30265.16,23.6,17.0,6,0.122,0.473,3,0,0,0,568,Very Poor
8056,34,149437.95,1.1,3.0,4,0.099,0.404,1,0,1,0,607,Poor
8057,34,34542.82,0.4,9.8,11,0.1,0.29,0,0,0,0,615,Poor
8058,40,26942.96,4.2,0.6,5,0.125,0.355,0,0,0,0,552,Very Poor
8059,55,67478.26,10.7,4.8,7,0.333,0.177,0,0,2,0,634,Poor
8060,35,56727.2,6.7,2.0,12,0.104,0.359,2,0,2,1,435,Risky
8061,41,84022.67,0.4,2.6,6,0.604,0.42,0,90,1,0,596,Very Poor
8062,53,126915.06,18.8,6.4,7,0.571,0.373,2,0,1,0,621,Poor
8063,40,17316.97,0.3,0.7,7,0.084,0.381,2,0,0,0,452,Risky
8064,21,103247.62,1.3,0.1,11,0.235,0.271,1,0,1,0,560,Very Poor
8065,31,25722.38,12.4,2.8,8,0.172,0.49,0,0,2,0,498,Risky
8066,28,25639.76,8.1,0.3,9,0.4,0.445,1,0,0,0,470,Risky
8067,43,6028.65,2.7,6.8,5,0.336,0.53,2,0,1,0,389,Risky
8068,44,85554.09,5.9,29.4,7,0.116,0.612,0,60,2,0,786,Excellent
8069,46,35321.47,3.1,1.7,8,0.309,0.142,1,0,0,0,547,Risky
8070,52,56049.78,7.3,25.3,7,0.253,0.564,0,60,1,0,664,Fair
8071,48,329760.89,3.7,24.6,6,0.438,0.158,1,0,2,0,762,Excellent
8072,47,102391.08,8.1,20.0,6,0.22,0.544,3,0,2,0,629,Poor
8073,51,29396.9,12.3,4.5,6,0.585,0.362,1,0,0,0,523,Risky
8074,39,15176.86,8.7,7.9,7,0.136,0.227,1,0,0,0,562,Very Poor
8075,39,61628.63,6.6,10.9,5,0.254,0.208,1,30,1,0,571,Very Poor
8076,46,27138.37,3.6,4.6,12,0.137,0.242,1,0,2,0,592,Very Poor
8077,28,31452.95,0.5,18.7,7,0.709,0.194,1,120,1,0,596,Very Poor
8078,31,91899.07,12.4,11.7,11,0.612,0.326,1,0,2,0,668,Fair
8079,49,12991.37,3.6,30.3,10,0.205,0.223,0,0,1,0,654,Fair
8080,34,36544.64,8.9,3.7,4,0.465,0.191,0,60,0,0,519,Risky
8081,21,21722.72,0.1,7.8,5,0.13,0.343,2,0,0,0,499,Risky
8082,21,81982.6,2.9,7.5,4,0.052,0.149,2,30,2,0,595,Very Poor
8083,55,29079.89,18.4,19.0,8,0.267,0.36,0,0,1,0,606,Poor
8084,21,13963.35,7.9,4.8,9,0.187,0.141,1,0,0,0,511,Risky
8085,32,55308.07,1.0,10.3,7,0.111,0.458,0,0,0,0,619,Poor
8086,40,29649.64,0.3,4.2,7,0.026,0.259,1,0,1,0,561,Very Poor
8087,46,81640.45,3.7,2.8,7,0.457,0.461,2,30,0,0,566,Very Poor
8088,22,6673.75,4.2,1.0,9,0.129,0.145,0,0,1,0,472,Risky
8089,36,111646.18,1.5,10.3,6,0.265,0.239,1,0,1,0,630,Poor
8090,21,18492.17,10.9,3.6,12,0.231,0.554,0,0,1,0,514,Risky
8091,56,27077.88,0.0,2.8,3,0.031,0.428,1,0,1,0,533,Risky
8092,42,72299.58,19.5,9.9,3,0.593,0.318,1,0,0,0,568,Very Poor
8093,46,72674.79,13.3,1.6,8,0.166,0.198,2,0,1,0,564,Very Poor
8094,34,59143.18,3.1,2.5,7,0.341,0.516,0,0,1,0,598,Very Poor
8095,36,95310.28,1.6,8.0,9,0.45,0.133,0,0,0,0,649,Poor
8096,25,42650.03,3.5,3.1,10,0.442,0.161,2,0,2,0,511,Risky
8097,21,73465.14,0.4,1.8,7,0.22,0.367,1,120,4,0,486,Risky
8098,65,90584.89,0.9,9.7,7,0.595,0.167,0,0,1,1,543,Risky
8099,41,90524.42,6.6,0.8,11,0.092,0.448,0,0,1,0,622,Poor
8100,44,57779.86,2.1,2.1,7,0.166,0.173,1,0,2,0,552,Very Poor
8101,49,84394.22,16.7,5.0,8,0.208,0.142,1,0,0,0,594,Very Poor
8102,22,26936.37,0.5,21.9,9,0.061,0.323,2,0,2,0,592,Very Poor
8103,21,63267.87,0.8,2.9,3,0.27,0.358,2,60,3,0,459,Risky
8104,57,37196.31,1.1,7.1,7,0.147,0.484,0,0,3,0,551,Very Poor
8105,33,32036.08,2.9,4.7,5,0.383,0.332,0,0,0,0,557,Very Poor
8106,41,37299.45,6.6,18.9,5,0.192,0.199,1,0,2,0,627,Poor
8107,58,58466.31,16.9,12.6,8,0.32,0.342,0,0,1,0,630,Poor
8108,36,47376.76,0.3,15.3,5,0.123,0.321,0,0,0,0,715,Good
8109,36,11714.85,8.7,5.2,5,0.131,0.493,1,0,0,0,477,Risky
8110,43,10020.11,6.5,14.6,6,0.337,0.297,0,0,1,0,622,Poor
8111,33,28370.65,5.2,3.2,3,0.135,0.219,1,60,1,0,517,Risky
8112,54,69338.47,7.0,2.4,7,0.258,0.304,1,0,0,0,617,Poor
8113,39,7664.89,0.6,0.6,6,0.79,0.182,1,90,1,0,438,Risky
8114,39,98759.87,22.9,12.5,6,0.304,0.33,1,0,1,0,602,Poor
8115,39,47930.52,3.5,2.2,8,0.447,0.301,0,0,0,0,642,Poor
8116,40,196149.92,7.3,0.9,6,0.214,0.239,0,0,1,0,638,Poor
8117,33,104450.89,4.9,1.8,7,0.111,0.129,1,0,0,0,616,Poor
8118,41,38320.94,2.9,5.2,7,0.309,0.44,0,0,0,0,581,Very Poor
8119,36,57095.11,4.7,7.9,11,0.055,0.392,1,0,0,0,610,Poor
8120,22,22461.8,6.2,7.3,11,0.355,0.285,1,0,2,0,514,Risky
8121,60,44048.26,3.4,1.6,6,0.192,0.296,4,0,2,0,460,Risky
8122,37,143640.66,2.3,16.1,8,0.123,0.307,3,0,1,0,715,Good
8123,47,32219.9,4.8,8.5,5,0.186,0.266,0,0,5,0,544,Risky
8124,56,99677.61,1.0,12.1,8,0.529,0.638,0,90,2,0,593,Very Poor
8125,57,48049.21,7.3,17.7,9,0.045,0.455,1,0,1,0,679,Fair
8126,48,32082.48,3.1,5.8,10,0.354,0.245,3,0,2,1,402,Risky
8127,44,113305.77,0.4,2.2,6,0.445,0.605,2,0,0,0,519,Risky
8128,52,95130.05,0.8,7.3,9,0.164,0.383,0,0,3,0,592,Very Poor
8129,38,26290.76,0.5,17.9,8,0.571,0.308,0,60,0,0,587,Very Poor
8130,38,143746.87,3.9,0.1,8,0.291,0.446,2,0,0,0,614,Poor
8131,23,86777.28,0.4,20.6,13,0.449,0.2,0,30,2,0,665,Fair
8132,29,33578.52,1.4,4.9,9,0.227,0.458,0,60,0,0,531,Risky
8133,21,46969.58,6.6,16.3,10,0.159,0.319,0,0,2,0,589,Very Poor
8134,35,96742.48,11.7,8.6,4,0.326,0.464,1,0,0,0,607,Poor
8135,33,19630.31,5.5,23.6,8,0.23,0.442,0,60,1,0,608,Poor
8136,63,168935.82,0.4,4.6,9,0.144,0.421,0,0,0,0,684,Fair
8137,21,36852.63,13.0,0.6,10,0.545,0.329,0,60,0,0,567,Very Poor
8138,30,53129.04,30.2,9.1,7,0.217,0.035,0,0,1,0,613,Poor
8139,40,82606.97,4.1,9.6,3,0.127,0.201,2,60,0,0,620,Poor
8140,39,37790.48,0.4,5.7,2,0.209,0.166,0,0,3,0,606,Poor
8141,55,113160.33,5.1,27.1,9,0.254,0.147,1,60,1,0,665,Fair
8142,45,78954.79,3.9,12.2,8,0.272,0.319,0,30,2,0,610,Poor
8143,26,64405.5,1.0,4.6,9,0.443,0.38,1,0,1,0,584,Very Poor
8144,27,133026.77,7.5,1.3,11,0.252,0.593,1,0,1,0,554,Very Poor
8145,55,41758.63,8.9,19.3,10,0.216,0.237,2,90,0,0,634,Poor
8146,47,18161.09,6.3,7.0,9,0.181,0.289,2,0,1,0,507,Risky
8147,52,325403.78,4.3,18.2,9,0.509,0.15,2,0,0,0,708,Good
8148,38,4987.15,24.2,4.3,9,0.183,0.084,1,120,4,0,415,Risky
8149,47,17011.76,1.8,4.3,6,0.098,0.181,0,0,2,0,536,Risky
8150,40,21146.06,1.1,0.7,8,0.199,0.245,0,30,0,0,559,Very Poor
8151,33,153611.67,3.1,13.4,8,0.627,0.141,0,0,1,1,607,Poor
8152,37,237600.45,2.8,2.0,6,0.412,0.209,1,120,1,0,547,Risky
8153,44,112117.63,8.7,9.3,6,0.334,0.303,0,0,0,0,650,Poor
8154,44,20089.96,16.8,5.0,1,0.383,0.241,1,30,0,0,497,Risky
8155,39,31328.78,8.1,2.5,4,0.251,0.205,1,0,0,0,506,Risky
8156,46,66247.91,7.8,7.5,13,0.034,0.601,2,30,0,0,604,Poor
8157,50,31654.58,3.6,21.6,9,0.232,0.59,0,0,2,0,651,Fair
8158,34,16604.96,6.7,6.1,8,0.461,0.317,2,30,0,0,544,Risky
8159,38,18246.62,6.2,1.7,8,0.071,0.245,1,0,1,0,516,Risky
8160,40,47385.57,1.4,36.6,7,0.291,0.137,1,0,2,0,763,Excellent
8161,40,83411.71,4.2,10.1,8,0.108,0.185,0,0,2,0,635,Poor
8162,30,67732.53,3.7,2.2,4,0.233,0.288,0,0,0,0,576,Very Poor
8163,53,47966.32,14.9,2.3,17,0.117,0.161,0,30,0,0,561,Very Poor
8164,57,37841.66,1.5,10.6,10,0.084,0.1,1,0,0,0,610,Poor
8165,21,97684.93,11.4,1.8,10,0.369,0.436,2,30,2,1,422,Risky
8166,52,53056.15,12.3,7.7,6,0.077,0.161,1,0,1,0,581,Very Poor
8167,42,95101.48,4.8,2.5,4,0.206,0.111,0,0,0,0,662,Fair
8168,47,27497.3,7.9,12.9,12,0.312,0.389,1,30,1,0,599,Very Poor
8169,48,84468.16,7.3,21.3,10,0.244,0.128,1,0,1,0,636,Poor
8170,32,95816.91,5.6,3.4,11,0.299,0.439,1,0,3,0,589,Very Poor
8171,34,47794.51,2.0,2.7,4,0.341,0.547,0,0,0,0,546,Risky
8172,26,97223.55,2.3,7.0,13,0.385,0.566,1,30,1,0,566,Very Poor
8173,34,140196.97,3.8,10.0,6,0.369,0.215,1,0,0,0,629,Poor
8174,36,55426.91,11.7,6.0,8,0.266,0.369,0,0,0,0,628,Poor
8175,43,69501.12,2.9,4.2,6,0.074,0.131,1,60,0,0,576,Very Poor
8176,51,71649.53,0.5,3.2,15,0.49,0.251,2,0,1,0,537,Risky
8177,28,128473.92,0.6,4.0,11,0.319,0.765,0,0,1,0,610,Poor
8178,28,60841.15,1.6,3.9,4,0.279,0.447,1,0,1,1,483,Risky
8179,33,42561.72,3.3,14.7,12,0.175,0.185,2,60,1,0,548,Risky
8180,45,19936.55,10.3,13.1,7,0.501,0.436,3,30,2,0,470,Risky
8181,38,39830.79,7.6,6.5,7,0.344,0.168,1,30,0,0,583,Very Poor
8182,57,37949.46,0.6,28.8,6,0.23,0.468,2,60,1,0,675,Fair
8183,42,16661.79,0.5,1.4,6,0.225,0.295,0,0,0,0,538,Risky
8184,38,35502.5,7.9,21.5,8,0.16,0.253,0,30,0,1,595,Very Poor
8185,44,236562.09,15.0,6.4,3,0.797,0.246,1,0,1,0,637,Poor
8186,39,30149.38,0.1,19.0,8,0.348,0.088,1,30,1,0,619,Poor
8187,58,160178.32,8.8,10.9,11,0.346,0.22,0,0,2,0,680,Fair
8188,50,35765.79,8.3,11.1,12,0.178,0.401,1,60,1,0,533,Risky
8189,33,53098.62,9.1,3.9,8,0.344,0.397,2,0,1,0,549,Risky
8190,47,43067.9,0.2,6.6,7,0.189,0.298,1,30,5,0,486,Risky
8191,23,45477.86,0.0,10.2,10,0.408,0.229,1,0,2,0,570,Very Poor
8192,27,61156.5,1.9,7.0,5,0.294,0.297,1,30,1,0,557,Very Poor
8193,45,179913.05,3.6,1.6,14,0.136,0.677,2,0,2,0,586,Very Poor
8194,36,45300.88,1.5,3.1,9,0.408,0.271,2,0,3,0,469,Risky
8195,28,56883.5,3.3,8.3,9,0.471,0.275,0,0,0,0,611,Poor
8196,21,64970.24,10.3,5.4,3,0.377,0.346,0,0,1,1,523,Risky
8197,21,115320.43,6.7,2.3,4,0.232,0.387,3,120,1,0,478,Risky
8198,44,77947.72,5.9,5.7,12,0.346,0.56,2,60,1,0,561,Very Poor
8199,41,49778.29,13.9,26.5,7,0.482,0.106,0,0,1,0,711,Good
8200,53,190393.64,6.7,34.0,4,0.253,0.607,4,60,0,0,725,Good
8201,24,55348.17,3.7,6.1,6,0.171,0.261,0,0,1,0,636,Poor
8202,50,11732.42,6.2,7.3,7,0.298,0.224,0,0,1,0,551,Very Poor
8203,48,242125.08,5.7,20.0,8,0.067,0.295,1,0,2,0,710,Good
8204,37,74107.25,3.3,0.4,8,0.241,0.408,2,60,1,0,484,Risky
8205,50,83507.57,3.2,38.3,3,0.442,0.227,0,0,2,0,777,Excellent
8206,43,13752.61,4.9,4.1,6,0.476,0.506,1,0,2,0,484,Risky
8207,36,137061.6,6.4,1.6,10,0.171,0.161,0,0,1,0,638,Poor
8208,60,22509.91,6.7,11.7,7,0.428,0.636,1,0,3,0,508,Risky
8209,24,52986.57,18.1,9.3,10,0.132,0.397,0,0,1,0,645,Poor
8210,47,9586.24,2.7,11.6,8,0.439,0.061,0,30,1,0,547,Risky
8211,37,52810.76,0.0,6.4,10,0.729,0.382,0,0,1,0,566,Very Poor
8212,39,53657.17,9.9,11.0,10,0.424,0.274,1,0,1,0,620,Poor
8213,30,95771.34,2.9,6.4,6,0.175,0.564,0,0,2,0,590,Very Poor
8214,47,83732.25,1.8,24.0,9,0.105,0.328,1,0,0,0,753,Excellent
8215,45,109117.06,2.8,1.1,11,0.279,0.16,1,60,1,0,568,Very Poor
8216,32,22111.22,1.3,0.4,10,0.295,0.35,1,60,4,0,456,Risky
8217,49,49652.21,12.1,10.6,10,0.097,0.177,0,0,1,0,588,Very Poor
8218,40,9748.83,6.0,6.4,11,0.066,0.266,0,120,1,0,428,Risky
8219,62,69571.34,1.3,2.0,8,0.281,0.3,2,0,0,0,586,Very Poor
8220,25,69158.79,8.5,3.9,6,0.139,0.52,0,0,0,0,583,Very Poor
8221,38,101779.67,7.1,4.2,8,0.151,0.255,1,30,0,0,550,Risky
8222,32,25548.62,15.8,3.8,6,0.176,0.24,1,0,0,0,566,Very Poor
8223,48,226950.48,8.0,11.8,4,0.191,0.301,1,0,2,0,683,Fair
8224,36,182794.44,6.3,19.9,5,0.203,0.307,1,0,1,0,736,Good
8225,21,67327.7,4.9,2.8,11,0.544,0.423,0,0,0,0,599,Very Poor
8226,38,16777.82,5.1,0.6,6,0.298,0.281,0,0,1,0,533,Risky
8227,53,16085.32,10.5,9.4,9,0.141,0.29,0,90,1,0,531,Risky
8228,50,77150.61,4.6,14.7,4,0.312,0.173,0,60,0,0,608,Poor
8229,27,37551.46,1.5,3.0,6,0.16,0.294,0,30,3,0,579,Very Poor
8230,60,81006.39,13.3,11.2,4,0.076,0.036,1,90,1,0,586,Very Poor
8231,42,48267.99,14.7,11.2,11,0.187,0.318,1,0,1,0,569,Very Poor
8232,29,51686.13,2.4,3.5,10,0.415,0.091,1,0,0,0,624,Poor
8233,39,48291.95,3.9,19.8,5,0.102,0.315,0,30,2,0,646,Poor
8234,46,35035.94,8.6,3.7,9,0.157,0.293,1,0,2,0,526,Risky
8235,21,26566.47,2.4,0.6,4,0.46,0.237,0,0,1,0,525,Risky
8236,36,21057.9,0.9,0.8,7,0.185,0.182,2,0,0,0,483,Risky
8237,67,20706.46,5.8,8.0,8,0.302,0.169,1,60,1,0,513,Risky
8238,58,105313.48,1.6,0.5,8,0.348,0.206,0,90,0,0,574,Very Poor
8239,41,82881.86,4.2,8.9,5,0.519,0.406,1,0,1,0,544,Risky
8240,37,32072.31,6.2,5.3,9,0.045,0.224,1,0,0,0,597,Very Poor
8241,43,43165.13,14.3,19.2,11,0.309,0.315,1,0,1,0,642,Poor
8242,53,9896.45,14.1,6.7,5,0.077,0.453,2,0,3,0,436,Risky
8243,47,47825.32,4.9,40.0,7,0.635,0.458,0,90,0,0,700,Fair
8244,68,42201.61,9.3,15.0,10,0.102,0.461,0,0,1,0,621,Poor
8245,57,31959.81,11.4,0.4,6,0.319,0.319,2,0,0,0,533,Risky
8246,30,22128.03,1.5,0.1,8,0.488,0.22,1,0,1,0,584,Very Poor
8247,46,13344.56,12.0,9.2,10,0.246,0.519,0,0,1,0,523,Risky
8248,46,73629.0,2.2,1.4,10,0.101,0.418,3,0,1,0,545,Risky
8249,47,122686.8,4.4,24.6,7,0.431,0.557,0,0,1,0,758,Excellent
8250,39,24690.38,9.0,0.3,9,0.17,0.523,3,0,0,0,469,Risky
8251,33,23864.55,0.3,13.9,5,0.269,0.249,0,0,1,0,559,Very Poor
8252,44,152875.93,5.2,16.8,7,0.398,0.568,0,0,2,1,605,Poor
8253,34,26121.7,7.0,8.7,9,0.315,0.453,1,0,0,0,573,Very Poor
8254,27,176499.11,7.5,1.5,11,0.156,0.246,2,0,0,0,640,Poor
8255,48,30884.71,3.5,0.1,7,0.103,0.535,1,0,1,0,513,Risky
8256,38,62881.18,3.8,0.3,7,0.244,0.36,0,30,0,0,593,Very Poor
8257,46,27247.15,5.8,7.3,8,0.175,0.293,0,0,1,0,593,Very Poor
8258,31,98454.09,4.5,3.4,8,0.359,0.275,0,0,2,0,580,Very Poor
8259,26,104916.48,4.0,5.7,12,0.063,0.133,2,120,0,1,443,Risky
8260,37,37416.29,0.5,6.1,5,0.582,0.343,2,0,0,0,521,Risky
8261,46,81910.92,4.7,8.6,11,0.16,0.405,0,0,1,0,583,Very Poor
8262,47,64206.44,3.0,12.0,5,0.265,0.487,1,0,3,0,589,Very Poor
8263,35,236110.8,5.2,1.6,8,0.33,0.492,1,0,1,0,638,Poor
8264,38,56871.96,12.7,2.4,7,0.131,0.287,0,0,2,0,572,Very Poor
8265,44,60428.85,4.3,13.1,7,0.216,0.211,1,60,1,0,645,Poor
8266,60,38517.3,7.3,4.7,5,0.086,0.545,0,0,2,0,555,Very Poor
8267,22,7651.35,8.9,2.2,4,0.153,0.135,4,0,2,0,412,Risky
8268,39,47620.52,3.2,12.8,16,0.137,0.562,1,0,0,0,676,Fair
8269,46,53482.29,3.9,7.0,6,0.095,0.418,1,90,2,0,520,Risky
8270,54,120026.11,8.8,15.8,10,0.12,0.374,0,0,3,0,705,Good
8271,48,23698.85,1.0,2.7,6,0.026,0.111,2,60,0,0,474,Risky
8272,35,14945.91,3.9,6.5,12,0.354,0.242,0,30,1,0,544,Risky
8273,50,69040.51,1.7,19.8,5,0.368,0.207,0,120,1,0,630,Poor
8274,28,31033.29,3.7,8.6,16,0.095,0.173,2,0,1,0,565,Very Poor
8275,59,33968.12,3.3,5.0,7,0.331,0.232,1,30,1,1,457,Risky
8276,37,36041.09,8.3,4.8,10,0.37,0.371,1,0,0,0,603,Poor
8277,25,102384.7,3.5,21.5,3,0.579,0.37,0,0,0,0,726,Good
8278,31,33070.66,0.2,5.7,9,0.022,0.274,1,0,0,0,610,Poor
8279,31,41821.9,0.7,16.8,8,0.287,0.601,0,0,2,0,605,Poor
8280,42,25175.46,5.3,0.6,8,0.185,0.405,0,60,1,0,515,Risky
8281,46,77840.77,3.4,1.2,4,0.234,0.141,2,0,1,0,529,Risky
8282,45,61844.03,5.7,0.8,7,0.093,0.243,1,0,1,0,617,Poor
8283,34,45176.98,0.5,6.7,12,0.433,0.399,0,0,0,0,618,Poor
8284,68,25748.93,0.3,0.5,6,0.209,0.165,2,0,0,0,518,Risky
8285,45,17500.46,5.5,3.0,10,0.318,0.414,2,30,2,0,472,Risky
8286,27,31527.22,11.6,0.1,4,0.309,0.458,0,60,3,0,449,Risky
8287,41,28954.35,4.1,1.0,9,0.246,0.422,2,120,0,0,444,Risky
8288,26,55283.22,4.9,4.8,4,0.078,0.627,1,0,4,0,565,Very Poor
8289,46,145053.26,6.7,8.8,7,0.333,0.334,0,0,4,0,614,Poor
8290,21,33272.23,16.0,7.2,7,0.465,0.119,1,0,1,0,563,Very Poor
8291,32,132373.02,16.5,9.6,8,0.15,0.118,3,30,1,0,678,Fair
8292,60,39633.29,9.9,11.8,8,0.251,0.425,1,60,1,0,573,Very Poor
8293,35,166069.04,9.0,2.6,5,0.226,0.327,2,0,0,0,635,Poor
8294,48,35630.31,4.0,16.6,13,0.366,0.273,1,0,1,0,661,Fair
8295,42,16174.95,9.0,38.0,7,0.619,0.114,1,0,0,0,659,Fair
8296,45,63040.48,10.2,0.2,9,0.139,0.197,0,0,0,0,560,Very Poor
8297,56,21919.78,7.5,1.2,2,0.29,0.113,2,0,1,0,506,Risky
8298,57,53980.86,6.6,1.8,4,0.498,0.149,2,0,2,0,531,Risky
8299,36,31722.48,7.3,25.1,10,0.195,0.476,3,30,1,0,671,Fair
8300,21,134102.72,12.6,13.8,10,0.242,0.176,1,90,0,0,695,Fair
8301,35,54178.08,2.8,23.2,5,0.142,0.267,1,30,0,0,645,Poor
8302,38,11471.4,0.4,0.4,10,0.305,0.18,1,0,2,0,474,Risky
8303,35,54758.95,0.2,3.0,6,0.276,0.41,1,0,2,0,551,Very Poor
8304,35,69987.79,3.4,19.4,5,0.401,0.248,1,0,4,1,490,Risky
8305,21,39711.41,19.0,3.4,7,0.299,0.339,3,90,0,0,535,Risky
8306,27,68621.49,1.9,7.6,11,0.312,0.225,0,0,1,0,643,Poor
8307,45,45605.02,6.9,11.6,7,0.394,0.398,0,30,1,0,624,Poor
8308,35,43889.01,5.3,4.1,7,0.547,0.346,1,30,2,0,519,Risky
8309,52,23924.26,1.7,11.8,8,0.254,0.24,0,0,1,0,622,Poor
8310,39,46527.33,0.5,2.1,6,0.27,0.218,0,0,1,0,609,Poor
8311,21,388519.18,7.5,3.5,9,0.219,0.069,0,60,0,0,644,Poor
8312,50,86992.39,5.1,5.8,3,0.293,0.574,1,0,1,0,614,Poor
8313,57,52474.43,5.0,7.0,9,0.281,0.361,1,30,1,0,585,Very Poor
8314,21,8051.41,2.0,10.2,6,0.136,0.212,2,30,2,0,476,Risky
8315,35,31482.82,16.5,12.0,7,0.224,0.317,1,0,1,0,598,Very Poor
8316,47,57135.29,13.0,5.7,14,0.239,0.443,2,0,0,0,560,Very Poor
8317,41,28113.03,23.2,8.1,14,0.171,0.185,1,0,0,0,560,Very Poor
8318,29,11385.83,18.3,9.0,5,0.261,0.12,0,0,1,0,544,Risky
8319,48,20433.52,14.2,5.8,9,0.232,0.355,0,0,0,0,582,Very Poor
8320,49,81631.76,5.2,5.2,10,0.199,0.276,1,30,3,0,619,Poor
8321,49,11271.69,0.7,0.4,12,0.089,0.097,1,0,1,0,519,Risky
8322,30,147691.08,0.5,18.5,10,0.039,0.413,0,0,0,0,741,Good
8323,21,108942.37,4.0,18.7,10,0.257,0.189,1,0,0,0,705,Good
8324,41,56237.44,5.9,12.9,8,0.589,0.269,0,0,0,0,649,Poor
8325,35,30819.67,0.5,3.4,10,0.13,0.332,0,0,1,0,532,Risky
8326,35,43089.44,0.5,2.4,9,0.472,0.306,0,0,1,0,549,Risky
8327,39,20892.1,4.4,2.4,6,0.308,0.117,1,0,2,0,489,Risky
8328,30,4414.21,6.9,6.5,15,0.273,0.233,2,0,1,0,465,Risky
8329,46,43034.52,1.4,4.3,3,0.24,0.234,2,30,1,0,579,Very Poor
8330,25,99577.56,12.8,0.2,6,0.115,0.408,1,90,2,0,606,Poor
8331,46,389732.25,2.8,11.0,5,0.703,0.443,1,0,0,0,717,Good
8332,28,127321.92,0.8,5.8,10,0.177,0.418,0,0,3,0,669,Fair
8333,47,59287.89,11.7,27.9,7,0.143,0.286,0,0,1,0,754,Excellent
8334,45,121759.4,9.9,1.9,14,0.186,0.433,0,0,0,0,641,Poor
8335,41,113264.27,10.6,5.0,6,0.443,0.182,0,120,0,0,542,Risky
8336,21,63583.43,3.5,9.3,5,0.525,0.364,1,30,2,0,578,Very Poor
8337,55,162243.93,1.0,11.4,14,0.354,0.106,1,0,0,0,707,Good
8338,48,51772.21,10.6,8.9,4,0.062,0.353,0,0,1,0,589,Very Poor
8339,42,37505.22,3.9,8.9,5,0.033,0.214,0,30,1,0,575,Very Poor
8340,35,47087.16,2.7,2.4,10,0.233,0.382,0,0,3,0,533,Risky
8341,25,43321.16,1.8,0.1,6,0.152,0.256,1,0,1,1,435,Risky
8342,28,280595.44,3.9,5.5,8,0.249,0.214,1,0,1,0,647,Poor
8343,41,13135.56,3.2,2.8,5,0.18,0.645,1,0,0,0,429,Risky
8344,43,10047.99,1.5,4.6,4,0.168,0.406,0,0,2,0,525,Risky
8345,37,24389.95,2.1,11.4,9,0.253,0.272,0,0,0,0,573,Very Poor
8346,24,19995.82,6.6,6.0,9,0.185,0.453,2,0,0,0,506,Risky
8347,24,35740.11,3.8,3.1,7,0.356,0.414,0,0,0,0,538,Risky
8348,42,66776.28,7.4,1.2,10,0.407,0.222,1,0,2,0,532,Risky
8349,27,57271.85,5.8,0.4,7,0.212,0.341,3,0,1,0,511,Risky
8350,37,83423.21,0.6,33.0,8,0.084,0.162,0,30,0,0,753,Excellent
8351,24,27429.9,4.8,7.8,4,0.212,0.341,3,30,3,0,395,Risky
8352,38,21004.85,4.6,6.5,7,0.471,0.296,1,0,0,0,549,Risky
8353,54,81282.25,2.3,0.2,9,0.082,0.433,1,90,1,0,563,Very Poor
8354,43,45961.16,1.6,3.2,5,0.263,0.602,1,0,1,0,534,Risky
8355,22,50263.17,6.2,28.2,6,0.318,0.62,0,0,1,0,669,Fair
8356,40,24519.61,6.0,6.3,4,0.506,0.205,0,30,2,0,570,Very Poor
8357,45,136656.11,8.0,5.4,9,0.364,0.296,0,30,2,0,668,Fair
8358,52,702000.92,6.5,40.0,7,0.461,0.377,0,0,0,0,850,Excellent
8359,39,48388.03,9.4,3.0,6,0.408,0.281,0,0,0,0,610,Poor
8360,21,65754.23,23.3,27.1,9,0.175,0.187,0,0,1,0,773,Excellent
8361,35,74367.89,3.3,10.8,10,0.79,0.244,2,0,0,0,604,Poor
8362,51,11004.8,11.7,0.2,9,0.522,0.099,0,30,3,0,470,Risky
8363,29,169759.13,13.1,9.1,9,0.309,0.425,3,60,0,0,562,Very Poor
8364,21,78428.73,1.2,11.8,10,0.227,0.257,0,0,0,0,591,Very Poor
8365,39,29229.94,3.0,5.9,8,0.512,0.104,1,0,0,0,536,Risky
8366,47,345200.55,2.7,14.2,11,0.481,0.38,2,30,1,0,679,Fair
8367,49,25607.83,4.0,13.7,10,0.158,0.43,0,0,1,0,627,Poor
8368,40,18828.74,12.0,4.0,10,0.152,0.351,1,0,0,0,548,Risky
8369,21,29028.59,7.6,37.9,5,0.567,0.568,1,0,1,0,640,Poor
8370,49,36120.63,9.7,26.5,9,0.066,0.229,1,30,0,0,707,Good
8371,53,14214.67,4.5,12.1,6,0.166,0.404,2,30,2,0,499,Risky
8372,39,35507.27,0.1,18.1,7,0.158,0.211,2,60,0,0,629,Poor
8373,44,18830.96,0.4,3.6,12,0.136,0.352,0,0,0,0,565,Very Poor
8374,56,67158.22,0.3,4.2,3,0.372,0.494,1,0,0,0,615,Poor
8375,55,78673.99,2.6,23.7,8,0.094,0.326,2,30,1,0,670,Fair
8376,32,41473.87,2.8,9.2,11,0.303,0.537,0,60,0,0,559,Very Poor
8377,36,66296.27,3.6,1.3,4,0.305,0.27,3,30,0,0,538,Risky
8378,27,64368.82,3.3,6.3,5,0.403,0.029,3,30,0,0,523,Risky
8379,35,60908.24,0.9,6.8,3,0.448,0.197,0,0,1,0,635,Poor
8380,42,137589.46,0.5,15.0,9,0.143,0.235,0,0,2,0,636,Poor
8381,36,59424.19,12.7,5.7,7,0.181,0.404,1,0,0,1,448,Risky
8382,44,66198.01,0.3,10.5,7,0.544,0.272,1,0,1,0,570,Very Poor
8383,41,66424.78,1.9,21.9,8,0.287,0.147,2,0,0,0,684,Fair
8384,24,128828.12,0.6,8.0,5,0.126,0.548,1,0,1,0,568,Very Poor
8385,60,16214.61,0.7,6.1,9,0.262,0.251,3,30,0,0,537,Risky
8386,48,125508.0,1.3,3.4,4,0.257,0.434,0,0,0,0,668,Fair
8387,36,10397.85,3.1,14.2,9,0.107,0.159,3,0,1,0,548,Risky
8388,51,63053.5,2.9,2.1,8,0.029,0.336,0,30,1,0,564,Very Poor
8389,34,15629.85,0.8,8.5,9,0.246,0.449,0,0,3,0,525,Risky
8390,26,53573.67,10.4,3.1,8,0.058,0.616,0,30,1,0,543,Risky
8391,39,49723.63,14.6,1.6,6,0.245,0.216,0,60,1,0,570,Very Poor
8392,48,55800.59,3.0,13.2,11,0.321,0.17,3,0,0,0,606,Poor
8393,46,77216.0,2.0,3.1,10,0.162,0.502,1,0,0,0,599,Very Poor
8394,21,10416.65,24.6,6.6,4,0.479,0.194,5,0,0,0,468,Risky
8395,21,38791.94,12.6,24.7,11,0.217,0.174,0,0,1,0,676,Fair
8396,37,81757.58,2.4,4.9,5,0.181,0.339,0,60,1,0,605,Poor
8397,31,30680.42,1.5,7.6,6,0.46,0.412,2,30,3,0,511,Risky
8398,43,13438.44,0.5,0.7,9,0.042,0.376,1,0,0,0,506,Risky
8399,38,84629.08,10.9,0.6,7,0.182,0.29,1,0,2,0,578,Very Poor
8400,33,48137.68,4.0,6.7,7,0.169,0.363,0,0,1,0,620,Poor
8401,40,166392.55,3.3,21.2,14,0.251,0.251,0,0,2,0,724,Good
8402,29,11881.34,0.1,4.9,7,0.178,0.216,0,120,0,0,508,Risky
8403,35,11078.47,3.1,3.9,8,0.447,0.208,0,90,1,0,479,Risky
8404,21,52370.42,1.9,0.0,7,0.68,0.193,0,0,2,0,529,Risky
8405,54,65046.95,8.8,3.5,14,0.388,0.372,1,90,0,0,539,Risky
8406,40,25819.58,2.3,13.7,6,0.218,0.372,1,0,1,0,563,Very Poor
8407,37,86562.64,8.0,5.1,5,0.185,0.338,0,60,2,0,572,Very Poor
8408,47,63693.44,3.0,3.6,5,0.375,0.369,3,0,0,0,491,Risky
8409,36,99836.94,11.6,7.4,7,0.317,0.621,1,0,2,0,571,Very Poor
8410,47,112457.17,1.6,18.3,8,0.318,0.077,0,0,1,0,752,Excellent
8411,28,33597.87,0.4,22.9,8,0.128,0.439,0,30,1,0,641,Poor
8412,47,17584.78,7.9,11.0,5,0.404,0.181,0,0,0,0,585,Very Poor
8413,67,29277.39,1.3,4.1,9,0.521,0.308,0,0,1,0,531,Risky
8414,51,25542.26,6.8,2.5,7,0.561,0.188,0,0,0,0,599,Very Poor
8415,49,40261.48,7.1,1.3,11,0.59,0.32,0,90,0,0,517,Risky
8416,46,58520.12,7.8,7.0,15,0.149,0.336,0,0,2,0,653,Fair
8417,56,54053.64,8.5,3.6,10,0.061,0.493,2,60,1,0,577,Very Poor
8418,38,22096.64,11.8,8.3,9,0.05,0.158,0,0,1,0,603,Poor
8419,41,12819.32,1.4,0.9,6,0.396,0.396,0,0,2,0,469,Risky
8420,38,16071.91,3.4,7.5,3,0.344,0.392,1,0,0,0,559,Very Poor
8421,37,37746.91,9.9,7.9,9,0.152,0.08,1,0,1,0,574,Very Poor
8422,30,9782.18,1.4,12.7,7,0.227,0.346,1,30,0,0,563,Very Poor
8423,22,29498.12,4.9,6.4,5,0.571,0.326,0,0,0,0,565,Very Poor
8424,36,38739.97,9.3,2.4,9,0.352,0.33,1,0,2,1,430,Risky
8425,21,30213.52,5.9,8.6,14,0.436,0.039,0,90,0,0,526,Risky
8426,29,42538.96,0.7,0.4,9,0.286,0.044,0,0,1,0,529,Risky
8427,21,124746.77,1.8,0.7,6,0.21,0.091,2,0,2,0,601,Poor
8428,67,40186.68,0.8,0.3,4,0.517,0.226,3,0,1,0,518,Risky
8429,33,74327.01,18.5,11.6,5,0.075,0.262,0,90,1,0,630,Poor
8430,28,53989.55,0.1,11.2,9,0.441,0.143,1,120,1,0,504,Risky
8431,34,37820.33,0.8,3.9,2,0.062,0.407,2,90,4,0,443,Risky
8432,37,75905.73,15.0,9.3,7,0.409,0.603,1,0,1,0,602,Poor
8433,25,47743.3,4.9,3.5,10,0.237,0.178,3,30,1,0,519,Risky
8434,56,44207.8,11.3,1.8,5,0.381,0.203,0,90,0,0,575,Very Poor
8435,39,113351.98,1.7,0.3,5,0.331,0.235,0,60,1,0,640,Poor
8436,46,447907.49,2.1,11.0,4,0.149,0.24,0,0,1,1,655,Fair
8437,33,56765.47,5.5,6.1,3,0.254,0.236,1,0,3,0,557,Very Poor
8438,36,57524.98,7.1,3.2,8,0.141,0.201,0,0,1,0,565,Very Poor
8439,21,52356.41,2.7,28.2,11,0.564,0.397,0,0,1,0,739,Good
8440,42,45540.61,11.3,1.7,10,0.369,0.322,1,60,2,0,589,Very Poor
8441,25,38079.58,5.7,3.4,11,0.103,0.08,1,30,0,0,540,Risky
8442,52,22875.38,1.7,18.6,11,0.309,0.344,2,0,1,0,567,Very Poor
8443,46,64390.66,0.3,7.9,11,0.444,0.482,1,0,2,0,521,Risky
8444,28,49339.8,1.1,16.0,4,0.149,0.232,0,60,0,0,653,Fair
8445,46,35839.87,0.3,6.9,7,0.272,0.117,0,60,0,1,461,Risky
8446,35,56012.33,13.8,1.5,5,0.101,0.374,1,0,2,0,558,Very Poor
8447,61,37359.19,0.7,12.5,6,0.152,0.334,0,30,0,0,621,Poor
8448,35,15136.39,1.4,2.8,9,0.102,0.31,1,0,1,0,533,Risky
8449,37,89521.49,2.2,20.2,5,0.103,0.174,0,0,0,0,724,Good
8450,21,17284.84,10.0,1.3,11,0.286,0.162,3,0,2,0,445,Risky
8451,44,58843.86,0.5,5.8,6,0.085,0.491,0,0,1,0,626,Poor
8452,58,72204.36,0.5,13.3,6,0.332,0.372,0,0,0,1,605,Poor
8453,48,12283.65,4.4,7.5,8,0.188,0.241,2,0,0,0,480,Risky
8454,44,33864.42,6.4,0.1,9,0.198,0.408,0,0,1,0,506,Risky
8455,48,39777.76,4.6,3.4,16,0.149,0.155,0,60,0,0,612,Poor
8456,27,219353.66,1.1,3.5,12,0.46,0.542,2,0,0,0,629,Poor
8457,21,85480.24,2.5,2.3,7,0.168,0.181,0,0,0,0,623,Poor
8458,34,110711.61,0.1,16.3,14,0.345,0.194,0,0,0,0,749,Good
8459,63,21713.49,3.6,10.2,5,0.265,0.131,3,0,2,0,537,Risky
8460,48,28675.01,0.5,15.8,12,0.426,0.349,0,0,2,0,632,Poor
8461,48,70635.59,4.4,5.5,7,0.292,0.199,1,0,5,1,456,Risky
8462,37,57416.33,1.8,8.0,7,0.348,0.32,2,30,0,0,621,Poor
8463,59,9336.54,0.9,14.1,8,0.17,0.352,0,0,0,0,498,Risky
8464,43,24125.3,6.4,5.5,4,0.169,0.25,1,60,2,0,468,Risky
8465,46,11051.05,18.8,4.1,8,0.316,0.465,1,0,1,0,442,Risky
8466,54,40475.97,14.3,2.9,7,0.21,0.175,1,0,0,1,531,Risky
8467,21,227083.85,3.4,12.4,10,0.613,0.349,1,0,0,0,746,Good
8468,70,41211.01,8.2,38.4,12,0.224,0.169,0,30,2,0,754,Excellent
8469,21,39684.88,12.7,17.7,11,0.151,0.449,0,120,0,0,597,Very Poor
8470,34,11149.42,5.1,1.9,6,0.243,0.37,2,0,2,0,427,Risky
8471,58,101588.02,1.4,2.0,8,0.419,0.578,1,60,1,0,616,Poor
8472,47,22819.82,1.5,3.9,8,0.352,0.079,1,30,2,0,460,Risky
8473,32,89960.7,17.3,0.3,9,0.095,0.364,1,90,0,0,545,Risky
8474,30,11209.65,3.8,3.0,8,0.246,0.426,0,0,0,0,548,Risky
8475,51,22361.91,4.9,4.4,9,0.305,0.232,1,0,2,1,507,Risky
8476,38,37356.0,0.0,6.0,12,0.032,0.344,1,30,2,0,535,Risky
8477,24,27904.95,12.5,2.3,4,0.532,0.215,3,30,1,0,448,Risky
8478,27,24423.1,0.1,11.4,11,0.344,0.331,2,0,0,0,572,Very Poor
8479,45,31682.53,3.8,1.4,6,0.186,0.487,2,0,2,0,501,Risky
8480,21,34125.19,5.0,21.5,8,0.324,0.629,0,0,1,0,642,Poor
8481,21,20314.47,5.3,4.6,10,0.584,0.1,1,30,2,0,527,Risky
8482,58,15731.48,3.2,3.4,11,0.688,0.424,1,0,2,0,503,Risky
8483,25,161736.94,2.3,4.4,7,0.088,0.13,0,0,2,0,568,Very Poor
8484,41,82338.79,7.2,4.7,6,0.052,0.258,2,90,0,0,529,Risky
8485,59,144226.53,0.3,0.3,6,0.136,0.453,3,0,2,0,530,Risky
8486,42,97591.84,1.1,4.2,10,0.222,0.452,0,0,2,0,638,Poor
8487,47,34777.85,4.8,3.3,5,0.326,0.3,1,60,1,0,499,Risky
8488,30,400668.47,0.5,10.1,4,0.178,0.477,2,0,0,0,658,Fair
8489,56,32861.0,2.6,3.6,8,0.507,0.123,0,0,2,0,578,Very Poor
8490,36,17858.3,1.5,6.7,4,0.056,0.216,0,0,0,0,562,Very Poor
8491,32,17295.47,5.1,4.5,6,0.488,0.3,0,0,1,0,574,Very Poor
8492,40,20675.07,4.7,4.6,7,0.553,0.272,1,0,0,0,572,Very Poor
8493,37,97779.74,12.9,22.0,8,0.487,0.209,2,60,0,0,627,Poor
8494,38,83969.34,7.7,6.4,6,0.595,0.178,0,0,3,0,608,Poor
8495,33,78969.13,6.8,32.8,9,0.281,0.104,0,0,0,0,796,Excellent
8496,29,109191.41,0.4,2.3,9,0.076,0.284,1,0,4,0,578,Very Poor
8497,52,20669.71,5.1,6.4,6,0.36,0.15,1,0,0,0,532,Risky
8498,36,54274.13,2.5,10.5,10,0.253,0.572,3,0,1,0,555,Very Poor
8499,50,43007.36,12.4,3.8,7,0.134,0.498,0,30,1,1,399,Risky
8500,43,33228.58,8.3,5.0,4,0.442,0.156,3,30,1,0,502,Risky
8501,47,32413.69,10.0,2.9,8,0.107,0.284,0,0,2,0,602,Poor
8502,70,50447.52,2.2,23.1,12,0.405,0.466,1,0,0,0,691,Fair
8503,42,42405.53,8.3,5.6,3,0.212,0.697,0,0,2,0,557,Very Poor
8504,32,34200.27,2.1,7.7,4,0.349,0.064,0,0,2,0,574,Very Poor
8505,32,24415.33,1.0,17.7,4,0.489,0.423,1,90,1,0,535,Risky
8506,32,68561.92,0.1,6.5,8,0.307,0.293,0,0,0,0,616,Poor
8507,54,28266.14,1.4,5.7,10,0.19,0.212,2,120,2,0,469,Risky
8508,38,28009.24,5.5,0.1,5,0.14,0.507,2,0,1,0,497,Risky
8509,21,86050.12,18.1,18.6,5,0.339,0.498,2,30,0,0,641,Poor
8510,29,29974.43,12.4,8.9,12,0.215,0.26,1,0,0,0,649,Poor
8511,53,45796.13,4.8,1.8,9,0.402,0.353,0,30,0,0,563,Very Poor
8512,33,74192.92,0.5,3.4,10,0.218,0.354,2,0,0,0,578,Very Poor
8513,60,41241.19,0.2,19.1,6,0.259,0.337,2,0,0,0,662,Fair
8514,53,12235.61,2.6,12.9,11,0.226,0.49,1,0,1,0,556,Very Poor
8515,57,57499.98,10.5,9.2,8,0.486,0.259,1,0,1,0,621,Poor
8516,70,140001.84,9.9,5.6,10,0.361,0.103,1,90,0,0,563,Very Poor
8517,31,152025.36,2.3,3.6,10,0.522,0.236,0,30,3,0,641,Poor
8518,38,92800.39,2.6,18.3,14,0.314,0.045,2,0,0,0,626,Poor
8519,32,17197.99,5.1,11.9,2,0.53,0.186,0,60,2,0,552,Very Poor
8520,26,24510.59,6.4,1.1,10,0.251,0.435,2,0,1,1,381,Risky
8521,40,50189.88,2.4,10.7,8,0.566,0.246,1,0,1,0,568,Very Poor
8522,49,57393.07,2.6,5.3,7,0.028,0.426,2,0,2,0,487,Risky
8523,57,27901.17,1.2,1.7,8,0.706,0.165,0,0,0,0,549,Risky
8524,42,54988.47,8.2,9.9,5,0.239,0.404,1,0,0,0,554,Very Poor
8525,47,44009.97,4.8,12.9,7,0.532,0.236,0,0,1,0,608,Poor
8526,26,19750.98,10.4,11.0,4,0.343,0.492,0,0,2,0,530,Risky
8527,47,62188.76,27.8,27.9,4,0.456,0.242,1,30,0,0,702,Good
8528,34,72008.22,11.6,10.3,10,0.224,0.17,3,0,1,0,630,Poor
8529,54,1833.15,0.6,3.9,12,0.334,0.382,1,0,0,0,472,Risky
8530,21,86080.24,6.2,16.2,9,0.234,0.364,0,60,0,0,596,Very Poor
8531,66,103997.25,1.3,2.1,5,0.127,0.101,5,0,0,0,522,Risky
8532,44,21784.69,1.7,15.4,4,0.412,0.59,1,30,0,0,534,Risky
8533,40,4906.75,5.2,8.4,9,0.23,0.388,0,30,0,0,535,Risky
8534,52,127402.56,2.7,0.4,8,0.063,0.309,1,0,1,0,631,Poor
8535,42,39294.01,2.7,0.9,5,0.353,0.24,0,60,2,0,508,Risky
8536,60,53041.26,0.5,1.9,11,0.064,0.42,1,0,1,0,572,Very Poor
8537,37,202173.83,0.4,1.6,9,0.47,0.382,1,0,5,0,579,Very Poor
8538,46,148328.1,2.6,19.8,6,0.414,0.46,4,30,1,0,637,Poor
8539,38,98988.45,0.6,16.5,9,0.617,0.31,0,0,1,0,673,Fair
8540,51,60707.3,11.7,3.0,6,0.512,0.445,1,0,2,0,549,Risky
8541,40,24673.6,6.5,9.0,13,0.52,0.297,1,0,2,0,548,Risky
8542,29,50667.13,4.1,2.7,7,0.351,0.312,0,30,0,0,599,Very Poor
8543,35,59887.83,7.8,2.5,3,0.323,0.319,2,90,2,0,500,Risky
8544,26,195403.94,5.5,18.8,8,0.203,0.457,0,0,2,0,697,Fair
8545,39,157376.6,14.8,2.8,4,0.201,0.279,0,0,3,0,574,Very Poor
8546,60,159774.16,0.4,11.2,9,0.405,0.115,2,0,1,0,648,Poor
8547,59,229154.14,11.8,31.8,17,0.374,0.522,2,0,3,0,718,Good
8548,39,102615.31,17.1,17.3,5,0.139,0.299,0,0,0,0,727,Good
8549,39,67680.81,0.8,24.2,4,0.018,0.496,0,60,0,0,672,Fair
8550,47,80979.91,3.7,1.0,6,0.148,0.419,1,90,0,1,473,Risky
8551,46,17509.81,3.5,11.2,7,0.13,0.557,2,30,1,0,451,Risky
8552,35,11640.05,2.3,1.3,7,0.06,0.362,1,30,1,0,435,Risky
8553,38,111494.52,5.7,11.8,7,0.269,0.194,1,0,1,0,635,Poor
8554,38,47785.91,2.5,6.7,8,0.16,0.424,2,0,0,0,489,Risky
8555,47,30108.56,3.9,9.2,4,0.297,0.358,2,0,1,0,519,Risky
8556,35,22896.11,9.3,6.9,4,0.518,0.24,0,0,0,0,540,Risky
8557,51,46045.06,3.2,11.2,4,0.406,0.38,0,0,0,0,591,Very Poor
8558,66,15649.64,2.7,0.0,10,0.197,0.417,0,60,0,0,589,Very Poor
8559,43,150875.39,2.9,5.3,5,0.404,0.374,1,0,1,0,587,Very Poor
8560,40,41720.3,2.4,7.6,8,0.128,0.446,1,0,1,0,534,Risky
8561,33,24900.05,4.0,18.6,8,0.62,0.259,0,0,1,0,622,Poor
8562,62,22587.22,4.9,9.7,9,0.571,0.471,1,0,0,0,590,Very Poor
8563,61,39809.36,0.1,3.7,6,0.066,0.39,1,0,2,0,610,Poor
8564,47,56648.55,0.5,18.2,7,0.359,0.382,2,0,1,0,611,Poor
8565,40,33420.47,4.4,2.5,5,0.179,0.334,1,0,1,0,535,Risky
8566,21,52818.42,0.6,2.4,6,0.332,0.649,1,0,0,0,586,Very Poor
8567,38,55019.53,3.7,19.7,10,0.136,0.587,0,0,0,0,681,Fair
8568,27,112885.63,8.4,3.9,7,0.559,0.463,2,0,4,0,592,Very Poor
8569,43,8442.51,3.3,12.0,9,0.482,0.454,1,30,1,0,520,Risky
8570,30,67245.0,12.5,3.8,7,0.198,0.194,1,0,3,0,574,Very Poor
8571,26,36799.31,5.9,15.1,5,0.35,0.359,0,90,0,0,599,Very Poor
8572,57,15753.64,1.0,22.8,9,0.557,0.471,1,30,0,1,510,Risky
8573,21,20656.21,1.0,10.6,5,0.175,0.11,1,30,0,1,491,Risky
8574,38,39337.47,4.9,2.9,9,0.143,0.2,2,30,3,0,493,Risky
8575,37,25560.91,7.1,10.9,11,0.235,0.045,3,0,4,0,504,Risky
8576,35,27545.72,2.4,18.9,10,0.228,0.264,1,0,2,0,587,Very Poor
8577,35,13206.27,32.8,8.2,3,0.238,0.259,1,0,1,0,565,Very Poor
8578,21,171161.56,0.7,32.1,6,0.273,0.2,1,0,0,0,821,Excellent
8579,29,195009.72,18.7,15.8,9,0.2,0.402,1,60,0,0,682,Fair
8580,40,14402.76,2.6,3.6,5,0.226,0.132,2,0,0,0,542,Risky
8581,45,163192.01,3.1,7.0,5,0.21,0.299,2,0,2,0,605,Poor
8582,29,35904.02,3.8,2.7,6,0.559,0.162,0,0,4,0,550,Risky
8583,46,76407.51,3.4,7.6,5,0.186,0.086,0,60,1,0,585,Very Poor
8584,48,67224.76,2.8,3.0,7,0.299,0.382,0,0,1,0,580,Very Poor
8585,41,8511.18,0.5,0.5,11,0.389,0.301,0,0,3,0,467,Risky
8586,44,12051.11,1.2,6.5,6,0.387,0.115,1,0,0,0,495,Risky
8587,39,9983.73,3.8,16.6,8,0.311,0.082,1,0,0,0,571,Very Poor
8588,53,29940.54,1.3,40.0,7,0.405,0.4,0,0,1,0,733,Good
8589,64,334147.05,1.3,10.9,3,0.241,0.567,0,0,1,0,725,Good
8590,43,37594.33,10.0,21.1,8,0.152,0.563,2,0,1,0,572,Very Poor
8591,27,163034.17,6.4,10.3,7,0.27,0.33,0,0,2,0,663,Fair
8592,21,171657.24,0.4,7.4,7,0.492,0.213,1,0,1,0,594,Very Poor
8593,42,55740.77,14.3,2.4,11,0.285,0.24,6,0,0,0,534,Risky
8594,53,42967.09,6.4,0.5,10,0.767,0.13,1,30,2,0,533,Risky
8595,52,24393.07,17.9,3.4,11,0.28,0.331,0,0,0,0,576,Very Poor
8596,38,50522.96,6.6,2.3,5,0.365,0.37,1,0,1,0,573,Very Poor
8597,39,74161.13,1.4,16.3,9,0.336,0.076,0,30,1,0,639,Poor
8598,35,38509.9,6.0,8.2,12,0.057,0.446,3,0,0,1,471,Risky
8599,47,57150.71,5.3,12.6,10,0.079,0.32,0,90,0,0,612,Poor
8600,59,154849.27,2.2,7.6,6,0.305,0.273,1,120,1,0,535,Risky
8601,33,21641.02,2.3,5.6,6,0.414,0.233,1,0,0,0,563,Very Poor
8602,29,49709.49,0.6,2.1,8,0.145,0.281,0,0,1,0,573,Very Poor
8603,47,97256.84,2.5,1.0,11,0.197,0.094,0,30,0,0,595,Very Poor
8604,44,23097.89,6.3,12.3,9,0.192,0.234,3,0,0,0,555,Very Poor
8605,59,26817.42,13.7,18.7,6,0.311,0.129,2,30,0,0,549,Risky
8606,49,149728.2,17.6,0.3,7,0.478,0.244,0,0,1,0,596,Very Poor
8607,23,74926.72,1.5,2.1,7,0.38,0.241,0,0,1,0,618,Poor
8608,27,57225.92,0.5,1.2,10,0.316,0.467,0,0,0,0,594,Very Poor
8609,30,30481.26,6.4,6.6,11,0.042,0.222,1,60,2,0,544,Risky
8610,48,21846.56,0.1,7.0,13,0.152,0.381,1,60,0,0,535,Risky
8611,41,75375.56,3.0,1.6,10,0.483,0.696,2,0,1,1,449,Risky
8612,57,13476.03,0.5,0.1,16,0.111,0.288,0,30,1,0,527,Risky
8613,21,42540.97,5.1,12.0,10,0.458,0.273,0,0,1,0,631,Poor
8614,59,149661.04,7.5,3.2,8,0.4,0.299,1,0,2,0,620,Poor
8615,50,6458.07,0.1,1.6,12,0.058,0.54,3,0,1,0,411,Risky
8616,36,113264.09,7.6,2.1,9,0.258,0.145,3,120,2,1,384,Risky
8617,36,20163.63,3.6,9.8,7,0.18,0.646,0,0,0,0,537,Risky
8618,31,9272.66,2.2,9.4,7,0.057,0.311,0,0,3,0,528,Risky
8619,46,44076.38,6.5,1.0,7,0.295,0.373,1,30,2,0,568,Very Poor
8620,42,75820.77,14.3,6.9,12,0.249,0.344,2,0,1,0,576,Very Poor
8621,21,52980.69,8.1,0.7,6,0.471,0.098,0,0,0,0,611,Poor
8622,29,42736.24,0.2,0.6,11,0.123,0.316,4,0,0,0,514,Risky
8623,31,86768.0,13.1,13.6,7,0.03,0.436,2,60,1,0,574,Very Poor
8624,42,60665.39,6.9,1.1,13,0.215,0.366,0,0,0,0,597,Very Poor
8625,50,68324.45,13.4,11.4,7,0.136,0.248,1,0,1,0,639,Poor
8626,43,48560.04,2.3,2.1,6,0.361,0.615,1,90,1,0,462,Risky
8627,32,41622.74,1.1,7.9,7,0.077,0.096,1,90,2,0,561,Very Poor
8628,34,50577.22,12.4,11.4,8,0.034,0.285,2,0,0,0,559,Very Poor
8629,31,7445.13,3.4,3.6,17,0.157,0.246,2,30,0,0,450,Risky
8630,56,87488.01,1.2,2.4,8,0.331,0.387,1,0,2,0,594,Very Poor
8631,40,45128.47,2.4,0.0,6,0.259,0.201,0,0,0,0,560,Very Poor
8632,51,108014.89,0.3,6.2,7,0.176,0.349,0,90,2,0,504,Risky
8633,34,15624.96,3.3,1.2,6,0.136,0.092,0,0,1,0,558,Very Poor
8634,53,25473.34,5.7,7.4,4,0.434,0.183,0,0,1,0,594,Very Poor
8635,32,67701.98,1.1,14.7,13,0.472,0.253,1,0,1,0,644,Poor
8636,24,33650.89,7.9,4.4,11,0.413,0.367,1,0,0,1,462,Risky
8637,26,53153.05,2.4,3.1,15,0.263,0.171,1,0,3,0,527,Risky
8638,38,23283.73,7.1,15.6,4,0.503,0.199,0,0,0,0,606,Poor
8639,21,23769.99,0.7,4.3,6,0.052,0.538,2,60,1,0,501,Risky
8640,37,54831.17,3.9,0.1,11,0.679,0.204,3,0,0,0,489,Risky
8641,37,27419.28,0.0,18.5,8,0.21,0.451,2,0,0,0,616,Poor
8642,55,21086.25,3.1,10.4,10,0.557,0.365,1,0,0,1,436,Risky
8643,38,9715.18,6.4,21.2,8,0.288,0.084,3,30,1,0,551,Very Poor
8644,43,39713.25,2.1,1.8,5,0.202,0.373,3,0,3,1,381,Risky
8645,50,59236.94,0.3,0.5,15,0.158,0.091,0,0,0,0,617,Poor
8646,34,23552.82,8.4,16.3,12,0.352,0.352,1,0,1,0,616,Poor
8647,48,39826.25,13.5,8.2,6,0.22,0.653,3,0,3,0,469,Risky
8648,37,154265.76,2.5,5.0,11,0.198,0.212,0,0,0,0,632,Poor
8649,54,75070.88,8.5,11.1,8,0.351,0.248,2,0,0,0,624,Poor
8650,63,151305.22,3.4,5.5,7,0.168,0.24,0,0,0,0,646,Poor
8651,25,47805.99,4.6,2.1,4,0.469,0.305,0,0,1,0,593,Very Poor
8652,31,33083.07,5.0,2.1,11,0.294,0.203,2,90,0,0,516,Risky
8653,27,45011.92,8.7,4.7,4,0.237,0.134,1,30,2,0,551,Very Poor
8654,39,13150.44,0.2,0.7,7,0.109,0.23,1,0,2,0,480,Risky
8655,38,71234.13,2.3,4.4,14,0.392,0.326,0,0,0,0,570,Very Poor
8656,50,87814.25,5.9,21.9,11,0.203,0.044,0,30,0,0,712,Good
8657,41,53271.24,9.8,3.1,8,0.357,0.137,2,0,1,0,618,Poor
8658,48,27733.7,2.2,2.1,8,0.343,0.263,1,0,1,0,514,Risky
8659,27,239299.22,3.2,25.5,11,0.505,0.178,2,0,0,0,709,Good
8660,35,33365.51,4.2,19.4,11,0.56,0.291,0,30,2,0,580,Very Poor
8661,37,28938.36,0.0,0.1,8,0.108,0.223,0,0,1,0,525,Risky
8662,34,22254.55,4.0,0.0,5,0.171,0.252,1,0,1,0,519,Risky
8663,70,25865.6,1.2,3.7,4,0.432,0.317,1,0,1,0,519,Risky
8664,41,53205.73,2.5,8.8,5,0.41,0.318,1,0,1,0,587,Very Poor
8665,42,43540.92,7.8,12.7,8,0.197,0.126,1,60,2,0,555,Very Poor
8666,60,126599.15,3.6,2.2,9,0.241,0.387,1,0,2,0,617,Poor
8667,47,221208.54,3.0,28.9,9,0.198,0.571,0,90,1,0,703,Good
8668,35,20997.07,0.1,5.4,8,0.306,0.445,2,0,3,0,464,Risky
8669,35,81461.24,1.1,1.5,2,0.295,0.371,1,0,0,0,582,Very Poor
8670,38,7952.78,8.4,12.0,8,0.14,0.185,0,0,1,0,556,Very Poor
8671,24,46909.7,5.6,5.5,6,0.336,0.157,0,0,1,0,647,Poor
8672,46,50130.31,1.3,3.7,11,0.365,0.044,0,0,0,0,536,Risky
8673,36,22659.89,7.2,12.1,8,0.119,0.28,2,0,0,0,563,Very Poor
8674,36,34065.6,2.3,40.0,8,0.37,0.103,1,0,2,0,730,Good
8675,59,39014.8,3.9,21.8,8,0.619,0.511,1,0,2,0,607,Poor
8676,40,13747.86,3.4,4.1,10,0.39,0.301,0,90,2,0,450,Risky
8677,46,37572.33,7.2,9.4,10,0.433,0.521,1,0,0,0,564,Very Poor
8678,50,13485.16,11.0,18.4,9,0.364,0.36,2,0,1,0,554,Very Poor
8679,43,183067.79,1.9,0.3,7,0.426,0.286,1,30,4,0,537,Risky
8680,45,116695.51,0.8,10.0,8,0.199,0.138,0,30,3,0,615,Poor
8681,27,35554.07,10.4,2.8,8,0.311,0.295,0,60,3,0,535,Risky
8682,28,119916.22,6.4,3.5,12,0.223,0.288,0,0,1,0,667,Fair
8683,48,30548.64,1.9,1.7,7,0.042,0.176,0,30,3,1,412,Risky
8684,21,107128.99,1.8,30.5,10,0.054,0.273,2,0,0,0,702,Good
8685,66,28617.28,2.0,2.3,4,0.276,0.378,3,30,2,0,500,Risky
8686,43,142602.49,18.4,4.6,9,0.169,0.149,1,60,3,0,618,Poor
8687,24,22734.37,2.4,2.8,7,0.079,0.149,0,0,1,0,540,Risky
8688,40,186381.22,2.7,32.0,10,0.111,0.113,1,0,1,0,826,Excellent
8689,30,29889.52,2.9,7.4,4,0.266,0.201,1,0,1,0,568,Very Poor
8690,50,44807.05,4.0,8.2,3,0.18,0.1,1,0,0,0,629,Poor
8691,25,19434.28,17.8,33.1,9,0.111,0.424,0,0,0,0,669,Fair
8692,53,190468.26,1.0,7.9,11,0.081,0.333,0,30,0,0,661,Fair
8693,29,30777.6,6.0,3.2,12,0.458,0.112,4,30,2,1,339,Risky
8694,56,97043.66,1.8,3.2,8,0.677,0.343,2,0,1,0,584,Very Poor
8695,31,139163.9,0.5,0.6,8,0.299,0.314,2,0,1,0,537,Risky
8696,42,116704.05,3.9,6.8,8,0.097,0.271,0,0,0,0,630,Poor
8697,25,24728.11,3.0,1.8,7,0.102,0.255,0,30,3,0,462,Risky
8698,35,55092.36,14.0,16.1,7,0.361,0.364,0,90,0,0,614,Poor
8699,27,51126.81,0.0,5.7,9,0.082,0.268,0,0,2,0,574,Very Poor
8700,55,128126.0,6.0,8.4,6,0.357,0.364,1,0,1,0,617,Poor
8701,37,89593.6,6.2,5.0,11,0.246,0.3,2,0,1,0,557,Very Poor
8702,58,14675.69,2.0,3.7,13,0.437,0.479,0,0,0,0,566,Very Poor
8703,45,29875.75,10.9,6.3,11,0.046,0.126,0,30,0,0,544,Risky
8704,47,48871.02,2.0,12.9,5,0.183,0.124,3,0,1,0,602,Poor
8705,34,26985.52,1.4,3.8,10,0.479,0.538,0,0,1,0,559,Very Poor
8706,39,82677.49,2.5,0.0,8,0.177,0.118,0,30,0,0,602,Poor
8707,27,94494.07,15.4,2.7,5,0.18,0.282,1,120,0,0,507,Risky
8708,36,19777.75,7.8,5.8,7,0.211,0.172,0,0,1,0,589,Very Poor
8709,49,43791.67,0.3,17.9,8,0.59,0.224,0,0,1,1,548,Risky
8710,32,47080.22,6.5,1.8,6,0.693,0.351,0,0,1,0,537,Risky
8711,65,30798.04,5.5,2.5,8,0.552,0.532,1,30,1,0,440,Risky
8712,32,8525.41,0.8,1.7,13,0.271,0.201,3,0,1,0,443,Risky
8713,53,22622.56,6.5,1.3,11,0.333,0.331,2,0,0,0,512,Risky
8714,34,88378.14,7.0,1.0,5,0.08,0.018,3,30,0,0,593,Very Poor
8715,45,78966.59,5.5,4.2,3,0.28,0.271,0,0,2,1,492,Risky
8716,38,64966.02,18.9,19.7,10,0.098,0.204,0,0,0,0,713,Good
8717,27,41218.08,0.4,2.6,8,0.343,0.396,3,0,2,0,501,Risky
8718,39,5846.17,7.7,0.7,7,0.149,0.375,0,30,0,0,422,Risky
8719,31,32353.48,4.2,8.7,10,0.236,0.264,0,0,2,0,543,Risky
8720,38,117022.24,2.4,16.2,12,0.013,0.228,0,0,0,0,733,Good
8721,45,76707.23,0.3,0.7,7,0.166,0.288,0,0,3,0,588,Very Poor
8722,39,64066.73,1.7,2.0,6,0.165,0.556,1,0,0,0,536,Risky
8723,30,120261.95,0.6,21.0,7,0.26,0.534,0,30,2,0,653,Fair
8724,46,69865.56,6.6,2.0,11,0.15,0.292,2,0,1,0,530,Risky
8725,69,80549.98,1.4,6.4,5,0.135,0.224,1,60,2,0,601,Poor
8726,37,26462.74,4.8,0.2,8,0.331,0.168,2,0,1,0,467,Risky
8727,34,87946.51,2.2,7.3,9,0.165,0.14,0,0,2,0,631,Poor
8728,33,62497.56,5.1,4.4,12,0.245,0.256,1,0,1,0,630,Poor
8729,24,34545.29,9.0,2.1,8,0.29,0.666,0,0,1,0,583,Very Poor
8730,39,22747.87,6.2,5.9,6,0.498,0.335,1,0,0,0,594,Very Poor
8731,58,71876.34,12.9,19.2,9,0.159,0.305,2,0,0,0,652,Fair
8732,32,54374.71,30.6,23.2,16,0.436,0.287,2,0,1,1,520,Risky
8733,37,37905.54,0.9,2.2,13,0.189,0.285,1,90,2,0,569,Very Poor
8734,47,50339.01,5.5,0.5,9,0.113,0.414,2,0,2,0,479,Risky
8735,29,241373.84,0.1,0.0,11,0.322,0.284,0,0,0,0,637,Poor
8736,40,12136.45,0.6,6.8,12,0.228,0.318,3,0,1,0,499,Risky
8737,53,53954.82,6.1,6.0,8,0.137,0.111,1,0,1,0,583,Very Poor
8738,45,39169.73,1.2,4.7,9,0.168,0.503,3,0,0,0,486,Risky
8739,52,31389.99,3.0,0.5,8,0.125,0.225,2,0,1,0,494,Risky
8740,40,139151.17,1.9,3.4,6,0.23,0.513,2,0,1,0,565,Very Poor
8741,27,68251.17,1.6,0.2,8,0.512,0.44,0,0,1,0,603,Poor
8742,59,20253.34,4.0,16.5,7,0.105,0.525,0,0,1,0,564,Very Poor
8743,36,40485.14,2.0,6.1,11,0.097,0.309,0,90,1,0,539,Risky
8744,37,26702.17,5.0,4.1,8,0.138,0.564,1,90,0,0,488,Risky
8745,36,68764.59,1.3,6.0,11,0.114,0.423,0,60,2,0,553,Very Poor
8746,21,10596.45,6.4,1.0,7,0.672,0.243,1,0,2,0,496,Risky
8747,40,44228.03,6.2,2.5,14,0.211,0.153,0,0,0,0,660,Fair
8748,31,39027.99,2.9,0.9,7,0.352,0.376,1,0,2,0,538,Risky
8749,39,52659.28,1.1,16.3,9,0.614,0.166,1,0,0,0,671,Fair
8750,21,78330.62,12.9,1.6,11,0.232,0.33,1,120,1,0,504,Risky
8751,42,110847.62,0.8,2.0,12,0.406,0.387,1,0,0,0,584,Very Poor
8752,49,140091.44,4.1,6.4,13,0.627,0.402,2,0,0,0,608,Poor
8753,61,20611.75,7.0,19.2,4,0.336,0.055,1,0,0,0,578,Very Poor
8754,44,23176.51,9.6,12.8,6,0.1,0.194,1,0,0,0,551,Very Poor
8755,34,43559.34,4.5,2.7,9,0.352,0.213,0,60,0,0,518,Risky
8756,45,6210.59,0.0,0.8,14,0.083,0.148,3,0,3,0,475,Risky
8757,40,16323.23,2.1,30.0,8,0.449,0.382,2,0,1,0,623,Poor
8758,30,62603.97,0.8,1.0,6,0.146,0.37,0,0,2,0,644,Poor
8759,39,44814.39,5.8,3.8,10,0.495,0.638,1,120,1,0,476,Risky
8760,42,37380.46,9.2,4.8,8,0.309,0.59,3,0,0,0,484,Risky
8761,45,560035.35,15.6,10.0,8,0.306,0.523,1,30,1,0,667,Fair
8762,51,38472.25,0.2,5.8,4,0.075,0.266,3,30,0,0,474,Risky
8763,55,251975.33,1.3,2.5,9,0.187,0.2,2,90,1,0,609,Poor
8764,33,164951.75,11.7,24.3,8,0.088,0.239,1,60,1,0,700,Fair
8765,44,72391.03,9.9,1.3,6,0.412,0.251,0,90,1,0,526,Risky
8766,24,83843.88,0.5,2.1,8,0.386,0.257,0,0,4,0,577,Very Poor
8767,44,101673.38,0.4,7.3,8,0.15,0.261,0,0,0,0,670,Fair
8768,49,90140.46,5.5,0.2,9,0.298,0.375,1,0,0,0,637,Poor
8769,34,45171.23,8.1,2.3,7,0.072,0.557,2,60,1,0,541,Risky
8770,45,44886.43,5.2,4.1,12,0.142,0.501,1,30,1,0,580,Very Poor
8771,26,56380.62,1.3,4.0,3,0.39,0.498,1,0,1,0,614,Poor
8772,58,15509.71,2.2,11.1,4,0.179,0.269,0,0,1,0,563,Very Poor
8773,42,69320.84,4.5,11.0,8,0.743,0.282,0,0,0,0,667,Fair
8774,43,39684.97,3.2,0.3,11,0.177,0.029,3,0,1,0,463,Risky
8775,49,24608.4,8.0,8.3,4,0.558,0.142,0,0,0,0,637,Poor
8776,70,141977.02,5.9,1.0,6,0.426,0.153,0,30,2,0,582,Very Poor
8777,41,35724.02,1.1,9.0,8,0.108,0.187,0,60,1,0,598,Very Poor
8778,61,114190.14,4.7,27.7,4,0.354,0.392,0,0,1,0,716,Good
8779,52,117577.07,5.5,1.8,5,0.118,0.298,2,60,1,0,582,Very Poor
8780,29,115078.35,7.4,6.0,4,0.496,0.528,2,0,0,0,535,Risky
8781,36,61281.85,12.7,3.6,11,0.306,0.173,1,0,2,0,650,Poor
8782,36,63046.93,6.0,5.3,9,0.201,0.392,2,0,1,0,557,Very Poor
8783,48,27236.32,3.2,40.0,6,0.485,0.546,0,0,3,0,658,Fair
8784,29,97159.41,4.3,10.1,6,0.357,0.408,4,0,1,0,584,Very Poor
8785,34,21104.17,3.3,10.6,8,0.234,0.34,1,30,1,1,432,Risky
8786,31,54966.56,3.1,4.8,8,0.037,0.262,0,90,2,0,533,Risky
8787,39,52916.45,3.6,4.3,7,0.109,0.529,1,0,2,0,569,Very Poor
8788,24,49547.29,6.3,22.0,7,0.283,0.2,2,30,2,0,580,Very Poor
8789,30,9242.48,1.4,1.0,9,0.179,0.441,0,30,0,0,510,Risky
8790,37,101846.25,5.1,20.9,11,0.033,0.315,0,90,1,0,618,Poor
8791,25,151273.25,15.2,23.7,5,0.268,0.583,3,0,2,0,642,Poor
8792,50,77350.36,2.9,16.7,8,0.031,0.29,1,30,0,0,701,Good
8793,47,47046.92,1.5,3.6,9,0.282,0.315,1,30,1,1,465,Risky
8794,49,53948.64,3.9,0.6,13,0.194,0.209,1,0,2,0,562,Very Poor
8795,32,74664.13,5.6,3.9,6,0.783,0.448,2,60,0,0,479,Risky
8796,36,92826.2,0.6,9.6,10,0.232,0.381,2,90,3,0,545,Risky
8797,38,60196.65,3.6,0.4,11,0.588,0.487,1,30,0,0,465,Risky
8798,21,57631.71,10.3,38.9,9,0.25,0.243,2,0,0,0,735,Good
8799,23,121323.81,1.5,4.5,7,0.137,0.221,1,0,2,0,585,Very Poor
8800,51,63384.25,0.9,39.9,6,0.425,0.216,3,0,1,0,726,Good
8801,47,40571.72,3.4,21.7,8,0.737,0.285,1,0,1,0,599,Very Poor
8802,31,16101.83,0.2,5.9,7,0.096,0.428,1,0,1,0,503,Risky
8803,42,29181.51,1.9,8.9,8,0.294,0.111,1,0,2,0,503,Risky
8804,44,725386.02,5.8,17.3,7,0.532,0.216,1,0,1,0,788,Excellent
8805,23,12330.3,2.8,2.8,6,0.21,0.147,0,0,2,0,469,Risky
8806,49,96200.91,2.8,0.5,9,0.768,0.133,2,30,0,0,649,Poor
8807,48,44942.45,1.1,0.9,9,0.178,0.576,2,30,0,0,497,Risky
8808,48,102322.29,3.0,23.9,2,0.284,0.303,0,0,0,0,728,Good
8809,33,19164.48,2.8,10.6,13,0.369,0.445,0,0,0,0,554,Very Poor
8810,52,37661.08,9.8,7.6,9,0.106,0.466,0,0,2,0,577,Very Poor
8811,55,67263.65,1.5,4.3,8,0.606,0.266,1,60,0,0,643,Poor
8812,59,31061.58,0.6,6.3,9,0.213,0.305,0,0,0,0,612,Poor
8813,21,59700.2,15.1,6.6,5,0.228,0.449,1,0,2,0,623,Poor
8814,37,17735.04,3.1,18.3,6,0.165,0.61,2,30,2,0,580,Very Poor
8815,21,54569.55,0.8,14.8,10,0.305,0.399,0,30,0,0,630,Poor
8816,21,62347.93,2.1,9.6,9,0.458,0.061,3,30,2,0,467,Risky
8817,30,57327.27,7.1,40.0,4,0.463,0.44,2,0,1,0,759,Excellent
8818,41,31397.98,5.4,13.4,6,0.406,0.278,1,0,1,0,589,Very Poor
8819,42,19226.81,2.8,4.2,6,0.329,0.352,1,0,2,0,462,Risky
8820,36,38600.66,0.0,21.6,11,0.103,0.198,2,0,1,0,602,Poor
8821,35,170942.48,5.5,11.6,6,0.47,0.102,1,0,1,0,683,Fair
8822,51,15012.3,12.3,14.6,7,0.46,0.492,2,60,0,1,439,Risky
8823,31,6470.15,9.2,3.7,9,0.035,0.336,1,0,2,0,472,Risky
8824,60,171956.7,4.3,3.6,11,0.163,0.211,2,0,3,0,653,Fair
8825,43,67989.8,5.2,2.4,11,0.342,0.425,2,60,3,0,573,Very Poor
8826,26,99208.74,0.4,2.3,6,0.653,0.466,2,0,0,1,469,Risky
8827,51,34938.25,12.5,1.3,5,0.112,0.123,2,60,0,0,456,Risky
8828,40,36825.26,9.2,1.9,9,0.373,0.299,0,0,2,0,494,Risky
8829,42,99214.01,1.1,16.0,12,0.389,0.151,1,0,0,0,652,Fair
8830,35,130200.86,2.1,0.8,8,0.136,0.341,0,0,0,0,605,Poor
8831,51,102396.24,3.6,10.8,9,0.315,0.39,0,0,0,0,684,Fair
8832,53,28513.74,5.6,9.3,11,0.172,0.249,0,0,1,0,584,Very Poor
8833,40,11784.86,4.7,2.5,5,0.073,0.474,2,0,1,0,485,Risky
8834,21,38529.68,6.4,5.9,11,0.173,0.259,1,0,0,0,564,Very Poor
8835,30,81501.53,3.9,16.3,7,0.425,0.221,0,30,1,0,655,Fair
8836,33,53122.21,5.1,2.3,8,0.613,0.525,1,0,1,0,499,Risky
8837,39,46328.63,2.4,0.0,4,0.314,0.358,0,0,0,0,568,Very Poor
8838,35,39789.98,9.5,9.4,7,0.438,0.4,2,60,1,0,553,Very Poor
8839,35,253420.3,1.5,3.1,11,0.39,0.442,0,0,0,0,622,Poor
8840,33,390249.19,4.4,2.6,8,0.169,0.339,1,30,2,0,709,Good
8841,21,35167.47,14.3,6.6,9,0.082,0.24,0,0,0,0,621,Poor
8842,52,17010.69,1.3,11.0,5,0.101,0.358,0,60,0,0,557,Very Poor
8843,43,89139.37,5.9,9.0,8,0.265,0.443,0,0,0,0,644,Poor
8844,28,30971.65,6.4,5.6,9,0.194,0.192,1,0,0,0,575,Very Poor
8845,48,45964.49,11.4,4.4,4,0.03,0.172,1,0,0,0,541,Risky
8846,21,24302.34,2.2,37.2,8,0.269,0.114,0,30,4,0,649,Poor
8847,52,47428.55,4.9,2.3,7,0.608,0.134,2,0,1,1,417,Risky
8848,70,54589.08,1.3,0.4,11,0.308,0.357,1,0,3,0,554,Very Poor
8849,41,75338.39,12.4,0.5,7,0.419,0.478,1,0,1,0,561,Very Poor
8850,42,53326.76,20.4,4.1,12,0.143,0.208,1,0,0,0,635,Poor
8851,55,81073.71,5.6,4.7,9,0.115,0.153,0,0,2,0,617,Poor
8852,45,91429.3,4.1,3.3,6,0.193,0.333,1,0,0,0,535,Risky
8853,53,90240.42,9.8,0.6,5,0.431,0.32,1,0,0,0,615,Poor
8854,21,40871.34,1.5,1.0,8,0.459,0.39,2,0,2,0,525,Risky
8855,41,86025.87,10.7,3.6,7,0.222,0.14,1,0,2,0,595,Very Poor
8856,33,91779.15,7.3,0.9,7,0.6,0.097,2,30,2,0,503,Risky
8857,51,151284.42,3.1,3.8,10,0.035,0.335,0,0,0,0,621,Poor
8858,48,44501.13,1.6,11.8,8,0.061,0.346,1,0,0,0,609,Poor
8859,43,89453.07,1.5,3.7,11,0.523,0.344,0,30,1,0,619,Poor
8860,52,147260.59,4.8,23.3,6,0.117,0.236,1,0,1,0,728,Good
8861,43,24498.18,1.0,10.5,10,0.291,0.335,1,0,2,0,580,Very Poor
8862,44,18517.46,5.8,6.7,5,0.135,0.312,0,0,0,0,506,Risky
8863,32,21063.14,4.7,8.7,6,0.326,0.257,2,60,0,0,477,Risky
8864,32,85297.45,1.2,4.7,8,0.392,0.411,2,90,1,0,511,Risky
8865,43,50799.44,11.3,12.5,12,0.099,0.301,2,0,3,0,615,Poor
8866,54,112487.29,9.9,0.2,8,0.101,0.375,1,30,1,0,583,Very Poor
8867,31,26306.64,6.9,17.2,9,0.13,0.541,3,30,0,0,502,Risky
8868,34,20498.77,1.7,10.5,5,0.227,0.144,0,30,0,0,526,Risky
8869,54,92589.52,0.9,1.8,9,0.334,0.261,1,0,3,0,626,Poor
8870,34,182451.41,6.1,18.5,7,0.109,0.357,1,0,1,1,658,Fair
8871,38,117917.39,2.5,6.5,8,0.207,0.162,0,60,3,0,597,Very Poor
8872,34,77357.68,4.8,27.8,4,0.348,0.397,0,30,1,0,720,Good
8873,40,44489.42,6.3,7.6,3,0.209,0.183,0,0,1,0,593,Very Poor
8874,43,23121.19,7.5,15.6,5,0.103,0.254,0,0,2,0,599,Very Poor
8875,42,95130.26,1.7,7.6,7,0.139,0.318,1,0,0,0,629,Poor
8876,57,31054.11,2.3,1.0,4,0.205,0.387,0,0,0,0,582,Very Poor
8877,36,7821.81,7.0,0.4,11,0.587,0.327,4,0,2,0,330,Risky
8878,33,17127.05,0.1,21.9,7,0.282,0.558,0,0,1,0,580,Very Poor
8879,21,15273.55,3.6,2.0,8,0.157,0.741,1,0,0,0,446,Risky
8880,27,40311.56,17.3,1.2,3,0.213,0.392,0,30,1,0,583,Very Poor
8881,34,70918.51,2.6,11.6,8,0.126,0.119,0,0,0,0,616,Poor
8882,32,35359.3,4.0,2.5,13,0.216,0.278,1,0,0,0,567,Very Poor
8883,63,22240.53,0.5,2.8,6,0.225,0.268,1,0,2,0,541,Risky
8884,49,69834.54,5.2,8.5,1,0.711,0.163,1,30,1,0,572,Very Poor
8885,54,47134.14,24.1,17.2,10,0.3,0.105,2,0,1,0,604,Poor
8886,37,63895.26,5.6,1.3,9,0.258,0.388,1,0,1,0,552,Very Poor
8887,42,8198.06,10.2,20.9,8,0.205,0.456,2,0,1,0,590,Very Poor
8888,27,209701.91,2.5,14.3,11,0.247,0.325,0,30,1,0,683,Fair
8889,28,60754.43,0.1,1.3,7,0.556,0.433,1,0,0,0,574,Very Poor
8890,57,22422.43,12.7,16.3,10,0.256,0.268,2,0,0,0,606,Poor
8891,38,58121.27,0.7,2.0,6,0.472,0.192,0,0,0,0,591,Very Poor
8892,64,88643.48,0.8,3.5,6,0.255,0.263,2,90,3,0,531,Risky
8893,35,43788.81,0.4,0.2,10,0.03,0.14,1,0,0,1,444,Risky
8894,31,6474.53,1.5,15.7,12,0.066,0.055,1,0,0,0,586,Very Poor
8895,54,18597.31,19.5,7.8,14,0.03,0.228,0,30,0,0,585,Very Poor
8896,35,90181.59,7.1,2.7,5,0.406,0.521,2,0,1,0,606,Poor
8897,47,58217.41,1.2,0.2,12,0.082,0.365,1,60,0,0,519,Risky
8898,49,55960.35,5.9,6.5,10,0.087,0.245,1,0,1,0,608,Poor
8899,21,21078.76,3.2,11.2,3,0.283,0.236,1,0,2,0,604,Poor
8900,45,20860.44,2.0,3.7,7,0.47,0.342,0,30,1,0,500,Risky
8901,52,128820.0,12.3,3.0,6,0.587,0.041,2,0,1,0,554,Very Poor
8902,50,78260.8,0.7,27.0,7,0.279,0.425,2,90,0,0,685,Fair
8903,46,33329.61,2.3,2.9,8,0.121,0.386,2,30,0,1,444,Risky
8904,39,53083.82,2.9,0.3,10,0.321,0.439,3,0,1,0,522,Risky
8905,27,66825.16,1.1,10.1,6,0.289,0.142,0,0,0,0,663,Fair
8906,45,134965.19,0.9,1.0,3,0.1,0.158,0,30,0,0,696,Fair
8907,52,203506.65,3.3,2.3,4,0.285,0.43,1,0,4,0,586,Very Poor
8908,38,90653.06,0.7,2.4,1,0.207,0.154,1,0,2,0,596,Very Poor
8909,41,29608.96,2.7,9.2,7,0.1,0.269,3,0,1,0,564,Very Poor
8910,47,65418.06,1.5,0.1,7,0.445,0.181,2,0,0,0,556,Very Poor
8911,38,47726.27,0.7,9.3,14,0.322,0.199,1,60,0,0,591,Very Poor
8912,37,24820.33,2.2,7.3,12,0.211,0.279,1,0,1,0,567,Very Poor
8913,22,139968.97,9.6,5.3,13,0.468,0.29,2,30,1,0,602,Poor
8914,51,31898.22,9.1,27.9,13,0.35,0.35,2,0,0,0,709,Good
8915,50,29640.47,1.3,7.2,6,0.424,0.371,2,0,0,0,514,Risky
8916,22,16464.52,3.3,15.2,5,0.59,0.313,1,60,0,0,532,Risky
8917,54,118030.4,2.1,13.7,7,0.339,0.078,0,30,1,0,673,Fair
8918,21,43844.56,3.4,28.9,5,0.309,0.252,2,0,0,0,706,Good
8919,24,146708.22,13.3,4.7,9,0.206,0.301,0,0,1,0,673,Fair
8920,54,227328.5,9.4,2.8,6,0.26,0.499,0,0,0,1,592,Very Poor
8921,33,36727.31,5.7,15.1,6,0.5,0.243,1,0,1,0,515,Risky
8922,44,27544.25,7.7,2.1,9,0.503,0.358,2,0,0,0,542,Risky
8923,44,48363.96,6.1,28.9,4,0.316,0.292,1,0,1,0,764,Excellent
8924,46,113492.88,0.8,11.0,7,0.321,0.406,4,0,1,0,493,Risky
8925,21,67856.76,3.0,2.0,8,0.008,0.131,1,30,1,1,447,Risky
8926,44,30486.32,1.1,13.5,10,0.333,0.441,2,0,0,0,623,Poor
8927,55,59735.19,2.0,0.5,6,0.093,0.109,1,0,1,0,599,Very Poor
8928,22,106299.68,2.0,3.6,7,0.125,0.546,0,0,1,0,637,Poor
8929,47,98744.7,0.6,9.3,12,0.366,0.159,2,0,0,0,610,Poor
8930,46,17184.92,7.7,5.4,4,0.106,0.287,1,0,0,0,539,Risky
8931,36,62634.18,0.1,2.9,2,0.519,0.456,0,0,0,0,593,Very Poor
8932,47,39417.95,0.8,2.4,5,0.232,0.419,1,0,0,0,581,Very Poor
8933,41,16910.89,4.6,11.4,6,0.144,0.405,0,30,3,0,535,Risky
8934,48,165634.03,4.4,1.5,9,0.474,0.402,0,30,2,0,604,Poor
8935,41,30432.48,1.4,6.4,19,0.669,0.095,0,0,1,0,565,Very Poor
8936,33,33622.6,12.3,0.9,2,0.201,0.158,1,0,0,0,517,Risky
8937,38,11594.7,22.5,17.3,13,0.142,0.373,1,60,0,0,568,Very Poor
8938,52,37795.38,0.7,0.5,12,0.15,0.279,2,0,1,0,504,Risky
8939,46,62286.37,0.3,4.6,4,0.233,0.359,1,0,0,0,609,Poor
8940,37,68011.99,2.4,2.5,7,0.166,0.239,0,0,2,1,487,Risky
8941,28,23675.02,12.9,3.7,13,0.534,0.152,2,0,0,0,548,Risky
8942,27,85199.47,1.3,31.2,5,0.522,0.127,1,0,0,0,736,Good
8943,30,36672.82,2.3,0.5,7,0.06,0.279,0,0,0,0,552,Very Poor
8944,27,17595.27,10.4,6.1,11,0.264,0.323,0,0,2,0,569,Very Poor
8945,41,111856.65,3.2,2.6,7,0.482,0.12,1,0,2,0,616,Poor
8946,39,143070.56,4.8,6.7,8,0.498,0.19,0,0,4,0,621,Poor
8947,63,205365.11,3.7,12.5,5,0.236,0.049,1,0,1,0,657,Fair
8948,25,11567.77,0.8,8.1,6,0.028,0.393,2,0,1,0,516,Risky
8949,38,177068.27,11.2,16.2,6,0.121,0.274,2,0,0,0,668,Fair
8950,41,32940.85,7.0,12.8,8,0.112,0.41,1,0,0,0,636,Poor
8951,21,14986.53,22.1,13.9,5,0.497,0.332,1,0,2,1,451,Risky
8952,39,67703.85,24.3,1.2,3,0.146,0.423,2,30,0,0,511,Risky
8953,59,15587.67,0.7,1.9,8,0.157,0.333,0,30,0,0,506,Risky
8954,55,5718.69,8.0,6.7,9,0.1,0.608,1,0,2,0,467,Risky
8955,27,19914.27,1.2,11.0,6,0.245,0.369,3,0,1,0,561,Very Poor
8956,32,88689.55,3.6,3.3,10,0.189,0.351,2,60,2,0,489,Risky
8957,39,64388.0,8.5,2.7,5,0.575,0.353,2,0,1,0,520,Risky
8958,51,21782.43,0.1,18.0,6,0.197,0.575,3,0,1,0,577,Very Poor
8959,47,25039.72,18.6,0.1,8,0.482,0.262,1,30,1,0,558,Very Poor
8960,28,43993.69,5.7,12.3,10,0.551,0.428,1,60,0,0,573,Very Poor
8961,38,148048.5,7.5,4.9,8,0.24,0.323,0,0,0,0,711,Good
8962,22,14299.06,3.6,8.8,3,0.392,0.353,0,60,0,0,533,Risky
8963,33,52212.0,3.9,3.5,4,0.381,0.405,2,0,1,0,579,Very Poor
8964,42,81457.91,10.1,23.1,11,0.205,0.503,2,30,2,0,644,Poor
8965,33,72545.15,1.5,1.5,12,0.183,0.066,1,0,2,0,561,Very Poor
8966,40,13819.74,7.0,12.8,6,0.014,0.096,1,90,2,0,540,Risky
8967,35,16104.64,1.8,8.4,9,0.333,0.124,0,0,2,0,582,Very Poor
8968,21,44599.49,2.0,6.4,7,0.056,0.112,4,90,0,0,401,Risky
8969,50,20984.92,2.8,22.3,6,0.126,0.18,2,0,0,0,605,Poor
8970,57,36783.89,1.1,24.9,6,0.452,0.351,0,0,2,0,658,Fair
8971,55,24404.56,0.8,3.9,9,0.228,0.346,0,0,0,1,515,Risky
8972,42,121107.58,3.7,0.2,6,0.403,0.206,0,0,2,0,604,Poor
8973,35,27473.2,3.6,16.1,13,0.458,0.24,0,0,3,0,594,Very Poor
8974,28,288425.18,0.6,7.6,7,0.585,0.325,1,0,1,0,705,Good
8975,23,43310.37,7.4,0.5,6,0.332,0.337,1,0,1,0,515,Risky
8976,35,22361.39,3.0,6.7,8,0.328,0.278,1,0,0,0,499,Risky
8977,55,119137.63,3.6,9.0,7,0.034,0.487,0,0,1,0,674,Fair
8978,27,84850.86,4.2,3.0,4,0.72,0.406,1,0,0,0,593,Very Poor
8979,25,14378.86,3.9,11.0,10,0.447,0.451,1,0,0,0,577,Very Poor
8980,50,69661.49,7.6,11.7,8,0.151,0.25,0,0,1,0,673,Fair
8981,70,79241.45,3.0,2.2,6,0.063,0.169,1,0,1,0,603,Poor
8982,38,97192.08,8.5,2.0,11,0.586,0.243,1,0,3,0,576,Very Poor
8983,30,7836.79,1.2,9.0,8,0.554,0.37,1,0,1,0,435,Risky
8984,41,42191.7,1.4,9.5,4,0.385,0.32,3,60,0,1,410,Risky
8985,41,56396.51,2.3,22.1,4,0.199,0.086,2,0,1,0,674,Fair
8986,37,67714.79,8.0,9.9,7,0.248,0.309,0,0,1,0,640,Poor
8987,23,21450.46,7.2,8.9,5,0.087,0.192,0,30,3,0,525,Risky
8988,42,21627.97,5.0,11.4,10,0.306,0.25,0,0,0,0,634,Poor
8989,40,69977.76,3.9,16.5,7,0.508,0.234,0,60,3,1,520,Risky
8990,33,29853.34,3.9,1.4,4,0.253,0.507,1,0,2,0,539,Risky
8991,51,56778.13,0.9,8.9,9,0.451,0.206,1,0,0,0,644,Poor
8992,46,43902.8,7.9,3.7,6,0.213,0.199,2,0,0,0,613,Poor
8993,45,32515.06,3.3,5.3,11,0.341,0.345,0,0,1,0,565,Very Poor
8994,57,11566.89,3.8,10.3,6,0.199,0.204,1,0,2,0,521,Risky
8995,57,27458.68,7.9,0.4,5,0.087,0.203,2,0,1,0,479,Risky
8996,47,79004.28,2.8,10.9,6,0.075,0.249,2,0,1,0,578,Very Poor
8997,51,90522.57,1.3,0.6,5,0.082,0.352,4,0,1,0,535,Risky
8998,58,190817.37,2.5,2.8,4,0.644,0.338,5,0,0,0,558,Very Poor
8999,22,10128.12,3.5,0.6,7,0.127,0.24,1,30,0,0,444,Risky
9000,38,14173.65,1.0,3.7,13,0.187,0.302,1,0,1,0,521,Risky
9001,39,39601.57,15.8,14.2,13,0.781,0.332,0,0,0,0,684,Fair
9002,33,126098.57,0.5,5.4,11,0.199,0.404,1,0,0,0,595,Very Poor
9003,46,44819.38,1.9,8.0,6,0.344,0.403,3,0,2,0,480,Risky
9004,46,31213.13,4.7,6.4,5,0.164,0.294,1,0,2,0,529,Risky
9005,37,73632.67,10.1,5.4,5,0.483,0.411,1,0,2,0,580,Very Poor
9006,33,17082.13,10.3,3.9,17,0.036,0.449,1,30,2,0,520,Risky
9007,34,51390.79,1.5,3.7,3,0.413,0.289,0,120,2,0,476,Risky
9008,40,33985.44,3.1,6.8,10,0.323,0.148,0,60,1,0,585,Very Poor
9009,31,107462.78,8.3,18.2,10,0.702,0.315,1,0,2,0,646,Poor
9010,56,15218.92,6.4,9.2,7,0.512,0.334,1,30,1,0,547,Risky
9011,38,92129.61,5.0,3.1,10,0.31,0.131,2,0,1,1,470,Risky
9012,31,29047.72,4.8,6.8,9,0.08,0.174,0,0,0,0,584,Very Poor
9013,43,66544.8,2.9,22.9,8,0.403,0.122,1,0,0,0,681,Fair
9014,31,73956.64,0.2,5.0,11,0.394,0.355,1,0,0,0,624,Poor
9015,26,25523.25,8.2,1.7,4,0.013,0.222,3,90,0,0,461,Risky
9016,21,34007.04,24.4,9.6,13,0.115,0.434,1,60,1,0,523,Risky
9017,21,42464.13,10.3,6.4,7,0.241,0.15,0,0,2,0,578,Very Poor
9018,36,14603.94,9.6,4.8,9,0.242,0.255,2,0,0,0,474,Risky
9019,33,16412.44,4.3,9.9,12,0.131,0.34,1,0,1,0,564,Very Poor
9020,41,26682.4,5.4,1.0,7,0.283,0.383,1,0,0,0,568,Very Poor
9021,28,9534.19,2.3,14.1,6,0.544,0.2,0,30,1,0,564,Very Poor
9022,39,24118.2,6.7,4.3,10,0.036,0.326,1,0,2,0,534,Risky
9023,41,52790.7,9.3,0.6,10,0.508,0.173,1,0,0,0,563,Very Poor
9024,26,56204.1,16.0,1.5,9,0.383,0.339,0,0,1,0,582,Very Poor
9025,30,100991.85,12.3,10.1,8,0.333,0.245,0,0,1,0,668,Fair
9026,24,133546.35,1.6,7.6,8,0.482,0.183,2,0,0,0,607,Poor
9027,32,59535.38,0.2,0.2,14,0.628,0.315,0,0,1,0,524,Risky
9028,35,17586.59,2.1,0.9,10,0.445,0.275,1,0,1,0,553,Very Poor
9029,27,30708.36,1.6,1.4,5,0.555,0.092,0,0,0,0,517,Risky
9030,42,214325.63,3.5,2.7,7,0.333,0.262,0,0,1,0,666,Fair
9031,26,74594.93,5.2,9.5,11,0.411,0.321,1,0,0,0,667,Fair
9032,29,32761.11,0.9,2.3,5,0.393,0.312,0,90,1,0,470,Risky
9033,36,262537.95,2.6,7.4,9,0.049,0.344,2,60,1,0,592,Very Poor
9034,30,164521.72,0.8,29.7,12,0.274,0.438,0,30,2,0,719,Good
9035,21,153185.07,1.3,0.3,5,0.139,0.2,0,120,3,0,534,Risky
9036,35,31596.6,0.4,1.6,9,0.255,0.069,2,0,2,0,481,Risky
9037,41,115648.42,2.2,0.1,7,0.494,0.244,1,30,1,0,620,Poor
9038,21,112163.65,1.3,25.4,6,0.245,0.429,0,0,0,0,719,Good
9039,49,145034.11,5.7,2.4,6,0.053,0.402,2,90,0,0,578,Very Poor
9040,46,74419.34,3.8,5.6,6,0.229,0.119,3,0,0,0,590,Very Poor
9041,34,27131.84,4.4,6.4,13,0.121,0.392,1,0,2,0,543,Risky
9042,46,89291.54,0.0,11.6,6,0.406,0.356,1,30,0,0,658,Fair
9043,40,86833.27,1.7,6.4,6,0.305,0.215,4,0,1,0,554,Very Poor
9044,46,18774.91,4.2,6.9,8,0.324,0.482,3,60,0,0,516,Risky
9045,54,89267.03,6.4,6.6,9,0.604,0.182,1,0,0,0,645,Poor
9046,21,51689.15,4.4,24.8,10,0.585,0.309,2,0,0,0,685,Fair
9047,52,26217.1,0.4,13.7,6,0.227,0.287,0,0,0,0,619,Poor
9048,61,118969.97,3.6,2.5,6,0.353,0.064,2,60,4,0,584,Very Poor
9049,27,91232.82,3.0,33.4,6,0.559,0.211,0,0,0,0,794,Excellent
9050,59,71537.15,16.9,22.4,12,0.421,0.519,0,0,0,0,707,Good
9051,40,40517.25,1.5,2.2,8,0.049,0.145,0,0,0,0,643,Poor
9052,47,30784.89,6.6,3.1,4,0.305,0.314,1,0,2,1,378,Risky
9053,32,18574.51,5.4,2.6,7,0.052,0.314,3,0,1,0,450,Risky
9054,29,55987.82,3.3,2.0,9,0.474,0.09,2,30,1,0,567,Very Poor
9055,26,23365.91,7.7,12.6,4,0.078,0.381,0,0,1,0,617,Poor
9056,44,38712.75,8.1,6.0,6,0.402,0.18,2,0,1,0,564,Very Poor
9057,25,25575.53,10.6,3.0,6,0.315,0.214,0,0,0,0,587,Very Poor
9058,40,43523.66,3.6,11.1,4,0.513,0.236,2,60,3,0,553,Very Poor
9059,51,40881.0,4.3,8.0,7,0.496,0.284,0,0,0,0,619,Poor
9060,31,26043.29,13.8,0.6,10,0.352,0.424,3,0,2,1,390,Risky
9061,42,59049.07,4.5,0.7,11,0.385,0.306,3,0,1,0,533,Risky
9062,46,9926.84,5.8,0.5,9,0.418,0.532,2,0,1,0,456,Risky
9063,66,39250.31,1.4,0.4,9,0.288,0.221,1,90,1,0,497,Risky
9064,41,198748.71,0.7,5.9,11,0.452,0.244,1,0,1,0,647,Poor
9065,45,34491.36,3.0,16.6,10,0.215,0.249,0,60,1,0,558,Very Poor
9066,53,91500.29,15.1,11.6,10,0.24,0.359,2,0,1,0,652,Fair
9067,50,27483.85,12.7,24.4,8,0.646,0.053,2,0,1,0,636,Poor
9068,48,13459.39,1.9,12.0,6,0.452,0.257,0,0,1,0,566,Very Poor
9069,25,14931.05,0.2,1.3,15,0.135,0.365,1,120,2,0,445,Risky
9070,31,43985.64,5.5,6.1,11,0.346,0.225,0,0,2,0,555,Very Poor
9071,23,42087.84,1.2,18.3,8,0.109,0.148,0,0,1,0,659,Fair
9072,31,18354.46,2.3,1.5,8,0.217,0.181,0,0,1,0,503,Risky
9073,21,57373.21,11.1,2.3,5,0.228,0.286,0,0,0,0,560,Very Poor
9074,32,6568.96,5.4,2.6,12,0.079,0.079,1,60,0,0,451,Risky
9075,29,98793.94,10.3,1.2,5,0.533,0.355,2,0,0,0,571,Very Poor
9076,29,41187.86,2.4,8.4,8,0.316,0.203,1,0,1,0,596,Very Poor
9077,46,75816.26,11.5,0.3,7,0.431,0.283,1,30,1,1,460,Risky
9078,65,79838.93,0.7,4.2,8,0.395,0.394,1,0,1,0,625,Poor
9079,46,46468.09,0.4,3.0,4,0.403,0.502,1,0,0,0,548,Risky
9080,33,77942.37,1.7,0.2,7,0.302,0.189,1,0,0,0,620,Poor
9081,24,83984.86,2.5,0.2,14,0.185,0.095,1,120,0,0,498,Risky
9082,57,26245.61,1.0,1.7,11,0.326,0.554,2,0,1,0,456,Risky
9083,23,120398.5,9.3,9.4,6,0.517,0.363,0,0,0,0,654,Fair
9084,52,75078.73,1.9,8.7,9,0.254,0.248,1,30,4,0,542,Risky
9085,24,321759.57,8.4,2.6,12,0.151,0.228,0,30,0,0,595,Very Poor
9086,30,47437.55,2.3,1.3,6,0.029,0.239,0,0,1,0,597,Very Poor
9087,45,20901.26,5.8,1.1,13,0.165,0.361,2,0,1,0,492,Risky
9088,21,15759.54,5.3,14.9,4,0.307,0.424,1,30,1,0,556,Very Poor
9089,44,124609.81,6.0,3.4,12,0.063,0.554,1,0,2,0,598,Very Poor
9090,50,21906.72,2.6,2.5,8,0.877,0.15,0,0,3,0,506,Risky
9091,27,82611.34,10.7,0.2,12,0.273,0.654,0,0,0,1,452,Risky
9092,36,14941.16,3.1,4.2,13,0.31,0.351,1,30,0,0,503,Risky
9093,41,46560.84,0.6,6.0,8,0.378,0.43,1,0,2,0,528,Risky
9094,38,22591.9,9.7,25.1,4,0.432,0.277,1,0,0,0,593,Very Poor
9095,24,23414.95,5.5,5.7,9,0.505,0.273,2,0,1,0,551,Very Poor
9096,45,84195.45,4.6,6.1,10,0.087,0.513,1,90,1,0,537,Risky
9097,34,187419.08,6.5,4.2,11,0.353,0.026,0,30,1,0,640,Poor
9098,26,40124.13,1.2,1.0,9,0.272,0.191,1,0,3,0,511,Risky
9099,21,112581.87,1.8,1.9,12,0.058,0.264,0,0,0,0,642,Poor
9100,37,31242.82,4.5,0.9,2,0.561,0.235,2,0,0,0,520,Risky
9101,32,47531.3,2.5,9.5,10,0.407,0.223,0,30,1,0,579,Very Poor
9102,26,82805.53,11.7,1.9,5,0.163,0.396,1,30,0,0,604,Poor
9103,31,27912.5,7.6,11.6,5,0.195,0.109,1,0,3,0,572,Very Poor
9104,30,26042.6,2.1,7.7,11,0.175,0.382,1,0,2,0,511,Risky
9105,43,59728.67,2.2,0.1,9,0.478,0.37,1,0,2,0,549,Risky
9106,21,80975.56,10.4,13.2,4,0.37,0.089,0,0,1,0,678,Fair
9107,21,138278.95,2.1,1.6,10,0.036,0.559,2,30,1,0,535,Risky
9108,45,67995.02,1.9,9.0,8,0.322,0.312,1,0,1,0,626,Poor
9109,56,107666.13,4.0,8.7,12,0.283,0.267,1,30,1,0,599,Very Poor
9110,21,28719.78,1.8,16.0,7,0.041,0.143,2,60,0,0,599,Very Poor
9111,39,38670.72,0.8,2.2,3,0.083,0.496,0,60,0,0,509,Risky
9112,21,45921.05,4.3,1.4,7,0.245,0.427,1,0,1,0,514,Risky
9113,21,121816.43,9.1,5.0,11,0.202,0.3,1,0,1,0,691,Fair
9114,47,19973.1,0.5,0.8,6,0.076,0.203,0,0,1,0,554,Very Poor
9115,50,38556.05,11.3,17.0,4,0.198,0.323,0,60,2,0,565,Very Poor
9116,47,153235.14,7.4,12.2,6,0.112,0.368,0,90,0,0,657,Fair
9117,28,33715.18,4.2,2.8,8,0.357,0.172,0,90,3,0,483,Risky
9118,58,102611.76,7.7,20.6,9,0.233,0.184,1,0,0,0,647,Poor
9119,39,15733.42,0.0,0.4,11,0.138,0.248,3,30,0,0,410,Risky
9120,52,51761.07,1.7,3.5,8,0.128,0.438,1,90,1,1,407,Risky
9121,47,23995.92,1.4,6.7,8,0.21,0.392,1,0,3,0,544,Risky
9122,36,20399.14,0.9,15.9,8,0.133,0.267,2,0,1,0,543,Risky
9123,34,26247.99,1.6,1.2,10,0.207,0.124,0,0,1,0,558,Very Poor
9124,46,183531.63,3.7,14.1,7,0.47,0.306,0,0,1,0,707,Good
9125,21,20179.87,30.4,4.0,9,0.384,0.344,1,0,1,0,495,Risky
9126,38,379821.3,8.7,5.5,7,0.372,0.459,4,0,0,0,631,Poor
9127,39,20601.68,0.5,15.6,11,0.267,0.413,2,0,1,0,568,Very Poor
9128,27,25456.79,19.1,6.5,7,0.181,0.293,1,0,2,0,541,Risky
9129,51,10048.44,1.1,5.3,7,0.418,0.349,2,0,1,0,504,Risky
9130,45,112945.63,1.1,3.3,6,0.537,0.218,1,0,0,0,654,Fair
9131,50,40324.53,2.1,4.3,5,0.246,0.335,1,30,0,0,546,Risky
9132,26,12250.52,4.9,7.8,10,0.095,0.274,0,30,1,0,579,Very Poor
9133,21,22578.95,5.1,6.1,14,0.222,0.243,0,0,0,0,528,Risky
9134,48,25708.74,6.7,1.9,6,0.126,0.267,2,60,1,0,484,Risky
9135,51,63988.55,1.9,1.2,9,0.419,0.065,1,0,2,0,589,Very Poor
9136,31,17135.21,0.2,0.4,4,0.095,0.209,0,0,1,0,540,Risky
9137,59,73231.39,4.3,11.4,8,0.168,0.175,0,30,1,0,660,Fair
9138,35,326673.98,0.7,17.2,8,0.382,0.231,2,30,2,0,655,Fair
9139,32,105283.39,0.9,4.9,5,0.531,0.252,2,30,1,0,563,Very Poor
9140,51,139186.89,1.3,4.4,8,0.325,0.261,0,60,1,0,642,Poor
9141,39,36212.47,4.7,6.1,7,0.479,0.534,1,0,1,0,578,Very Poor
9142,40,36584.96,10.7,3.8,14,0.063,0.552,1,30,2,0,549,Risky
9143,48,82447.37,5.0,12.6,9,0.568,0.08,1,0,2,0,588,Very Poor
9144,50,38471.94,10.5,8.7,8,0.116,0.181,0,60,2,0,541,Risky
9145,29,76240.89,1.6,1.5,7,0.641,0.191,2,30,1,0,543,Risky
9146,55,13844.8,14.4,2.9,8,0.32,0.179,2,0,0,0,507,Risky
9147,40,63490.65,5.8,13.2,14,0.544,0.639,1,0,1,0,621,Poor
9148,28,34862.66,2.2,0.7,10,0.211,0.214,0,0,0,0,545,Risky
9149,45,10565.31,1.8,2.2,4,0.531,0.297,3,0,0,0,442,Risky
9150,50,6531.72,1.7,2.2,9,0.359,0.295,0,60,0,0,464,Risky
9151,21,269707.16,1.1,0.6,6,0.523,0.43,0,0,2,0,677,Fair
9152,57,45547.32,7.0,0.8,2,0.416,0.28,1,0,0,0,569,Very Poor
9153,30,45655.35,14.6,10.1,9,0.471,0.457,3,0,0,0,548,Risky
9154,57,57142.83,5.1,2.8,8,0.161,0.328,2,30,1,0,520,Risky
9155,21,21153.41,3.1,7.1,3,0.114,0.33,0,0,1,0,566,Very Poor
9156,59,129296.01,2.1,13.3,8,0.474,0.307,1,90,1,0,638,Poor
9157,48,41702.63,14.9,4.9,7,0.143,0.255,0,90,0,0,490,Risky
9158,47,28260.88,13.0,0.6,4,0.429,0.19,0,0,1,0,557,Very Poor
9159,46,159819.8,5.0,12.8,8,0.072,0.281,0,90,1,1,513,Risky
9160,21,38002.76,6.8,5.4,13,0.212,0.191,1,0,1,0,618,Poor
9161,31,62090.28,4.7,9.8,5,0.458,0.1,2,60,0,0,553,Very Poor
9162,60,23425.95,6.1,4.9,15,0.044,0.474,0,30,2,0,528,Risky
9163,42,14785.06,8.1,5.3,13,0.182,0.082,1,30,0,0,533,Risky
9164,32,77399.31,6.9,5.6,8,0.266,0.282,2,0,0,0,636,Poor
9165,27,15547.14,2.4,7.0,8,0.321,0.512,0,0,2,0,549,Risky
9166,30,104753.44,9.1,0.8,12,0.143,0.134,1,0,2,0,556,Very Poor
9167,51,5315.31,2.5,3.5,7,0.111,0.252,3,0,1,0,447,Risky
9168,54,11975.85,4.5,10.2,9,0.02,0.204,0,0,1,0,585,Very Poor
9169,44,70390.0,0.4,5.4,5,0.103,0.34,0,0,2,0,608,Poor
9170,52,19990.55,2.0,4.6,7,0.185,0.27,1,30,1,0,507,Risky
9171,35,11966.74,4.2,0.5,6,0.167,0.402,1,0,0,0,458,Risky
9172,52,14156.31,1.9,8.1,4,0.321,0.088,1,60,0,0,517,Risky
9173,59,101962.35,0.7,3.5,7,0.376,0.707,2,0,2,0,527,Risky
9174,36,35526.16,0.8,6.6,11,0.151,0.286,0,60,2,0,541,Risky
9175,46,65709.15,5.9,3.3,6,0.163,0.307,0,0,0,1,508,Risky
9176,45,53926.39,8.1,18.2,11,0.552,0.341,0,0,0,0,649,Poor
9177,44,72267.91,10.6,9.1,6,0.128,0.132,1,0,0,0,642,Poor
9178,34,24351.55,16.0,6.7,12,0.408,0.166,0,0,0,0,543,Risky
9179,34,394882.14,0.9,18.5,3,0.331,0.164,0,0,0,0,773,Excellent
9180,34,55937.3,1.0,1.2,6,0.146,0.406,3,0,2,0,538,Risky
9181,45,96052.62,5.3,9.6,6,0.195,0.213,2,120,0,0,576,Very Poor
9182,39,57716.13,1.9,0.4,7,0.378,0.288,1,0,1,0,563,Very Poor
9183,47,14869.49,1.7,4.3,6,0.322,0.141,1,0,1,0,534,Risky
9184,41,36166.22,7.5,3.9,7,0.344,0.34,0,0,1,0,622,Poor
9185,45,71193.1,1.5,10.1,7,0.118,0.107,0,0,1,0,676,Fair
9186,49,22539.89,1.4,9.9,15,0.087,0.359,1,30,0,0,568,Very Poor
9187,56,13261.89,2.1,13.4,7,0.074,0.286,0,0,1,0,661,Fair
9188,36,18032.73,3.3,4.9,6,0.495,0.562,1,0,1,0,464,Risky
9189,45,105493.6,5.4,8.8,12,0.387,0.364,1,60,1,0,578,Very Poor
9190,48,44607.04,0.4,9.1,5,0.237,0.325,4,0,1,0,557,Very Poor
9191,37,51624.23,7.2,2.0,1,0.401,0.289,1,0,0,0,533,Risky
9192,61,23449.02,8.1,4.8,8,0.543,0.405,1,0,3,0,491,Risky
9193,39,26323.05,5.6,10.6,6,0.358,0.504,0,0,0,0,575,Very Poor
9194,36,39184.46,1.0,1.2,7,0.181,0.044,1,0,1,0,584,Very Poor
9195,43,13517.02,1.3,4.2,10,0.312,0.288,1,0,0,0,499,Risky
9196,63,226203.01,0.9,6.3,6,0.297,0.574,0,60,2,0,623,Poor
9197,38,57404.01,0.4,4.6,9,0.182,0.364,0,30,1,0,628,Poor
9198,27,43230.44,1.6,4.1,7,0.138,0.251,1,0,2,0,567,Very Poor
9199,21,62123.01,7.1,9.3,8,0.217,0.61,0,0,1,0,580,Very Poor
9200,36,7563.82,2.5,3.7,14,0.321,0.233,1,0,0,0,523,Risky
9201,42,24567.81,9.0,9.3,5,0.367,0.276,0,0,1,0,551,Very Poor
9202,28,103225.65,0.2,9.4,6,0.022,0.582,1,0,2,0,660,Fair
9203,54,36812.54,18.1,36.3,3,0.075,0.338,0,30,1,0,686,Fair
9204,38,67148.5,5.0,0.7,7,0.47,0.155,2,0,0,0,608,Poor
9205,21,64590.33,2.5,8.0,9,0.357,0.491,2,90,1,0,585,Very Poor
9206,37,38054.22,4.2,1.7,6,0.204,0.326,2,0,0,0,532,Risky
9207,34,29978.87,0.7,5.8,9,0.14,0.357,0,60,1,0,574,Very Poor
9208,53,38133.2,10.5,8.3,8,0.459,0.39,2,0,1,0,532,Risky
9209,32,143417.5,2.7,16.2,9,0.373,0.309,0,90,0,0,684,Fair
9210,51,173859.37,4.5,8.8,8,0.2,0.252,0,0,1,0,629,Poor
9211,26,70797.55,4.1,15.3,9,0.287,0.227,2,0,0,0,674,Fair
9212,49,56040.62,16.7,9.5,9,0.494,0.198,1,0,1,0,623,Poor
9213,27,21737.37,2.5,10.0,5,0.118,0.288,1,30,2,0,521,Risky
9214,42,14279.56,13.0,7.1,13,0.316,0.191,0,0,2,0,569,Very Poor
9215,29,48269.37,4.7,8.2,4,0.342,0.476,0,0,1,0,613,Poor
9216,47,244434.78,1.9,20.3,6,0.143,0.374,1,0,0,0,771,Excellent
9217,37,38992.46,0.1,0.9,8,0.26,0.422,0,0,0,0,551,Very Poor
9218,39,24202.64,2.5,12.1,5,0.194,0.512,0,0,2,0,604,Poor
9219,30,155950.9,1.4,16.6,10,0.422,0.308,0,0,2,0,653,Fair
9220,27,74135.8,2.7,8.7,8,0.227,0.472,0,60,1,0,577,Very Poor
9221,38,189323.47,3.5,2.5,8,0.073,0.47,0,0,1,0,634,Poor
9222,29,121657.12,5.5,3.2,9,0.268,0.279,3,0,3,0,576,Very Poor
9223,34,57550.68,2.3,0.8,9,0.312,0.349,2,30,0,0,577,Very Poor
9224,54,94123.23,11.2,13.7,7,0.311,0.314,0,0,0,0,739,Good
9225,45,49075.59,0.0,15.3,3,0.078,0.13,0,0,0,0,653,Fair
9226,42,60379.8,2.1,2.6,11,0.43,0.286,2,0,0,1,432,Risky
9227,52,25490.35,6.0,7.6,11,0.308,0.529,0,0,2,0,543,Risky
9228,40,92359.0,2.2,4.2,9,0.324,0.205,1,0,0,0,582,Very Poor
9229,41,44236.71,5.6,0.8,13,0.277,0.185,0,0,0,0,582,Very Poor
9230,31,92313.65,5.2,2.9,13,0.227,0.158,1,30,2,0,534,Risky
9231,43,66763.08,4.9,2.4,9,0.282,0.399,0,0,1,0,576,Very Poor
9232,30,60902.82,3.7,9.7,8,0.039,0.321,1,0,0,0,647,Poor
9233,64,54841.52,4.8,0.9,5,0.079,0.357,0,0,0,0,572,Very Poor
9234,59,115398.55,1.9,3.3,8,0.374,0.302,2,90,2,0,553,Very Poor
9235,57,231562.94,0.0,11.6,4,0.5,0.355,1,0,1,0,717,Good
9236,67,51659.6,15.6,8.7,9,0.345,0.174,2,0,2,1,449,Risky
9237,37,52955.14,1.7,6.0,10,0.305,0.285,1,0,1,0,570,Very Poor
9238,40,76345.59,8.3,21.9,4,0.376,0.241,0,30,0,0,688,Fair
9239,70,26720.45,13.1,15.6,9,0.471,0.141,1,60,2,0,527,Risky
9240,43,34526.97,0.2,1.4,11,0.464,0.285,0,0,0,0,543,Risky
9241,60,51426.64,1.3,11.2,7,0.247,0.124,0,0,2,0,622,Poor
9242,35,22359.59,6.1,8.8,11,0.221,0.246,5,60,1,0,440,Risky
9243,41,24444.12,1.2,15.5,11,0.106,0.238,1,0,1,0,550,Risky
9244,31,44344.18,2.0,0.6,5,0.311,0.39,1,60,0,0,542,Risky
9245,35,13249.38,9.6,1.8,14,0.625,0.099,1,30,3,0,422,Risky
9246,30,18744.92,1.5,10.6,10,0.299,0.463,3,30,0,1,380,Risky
9247,61,156527.57,0.5,29.1,7,0.205,0.058,0,0,2,0,765,Excellent
9248,41,176700.86,1.5,16.2,13,0.038,0.264,1,0,0,0,704,Good
9249,40,109311.85,1.9,8.3,10,0.125,0.28,1,0,0,0,646,Poor
9250,67,43136.71,3.4,10.5,5,0.231,0.362,0,0,1,0,634,Poor
9251,55,17409.49,1.3,1.4,7,0.363,0.179,1,0,0,0,548,Risky
9252,36,112503.44,1.6,7.4,6,0.162,0.379,2,0,2,0,590,Very Poor
9253,34,14617.12,1.7,12.6,12,0.142,0.134,0,0,1,0,567,Very Poor
9254,38,271485.95,14.4,10.0,6,0.488,0.434,0,0,1,0,667,Fair
9255,41,13056.58,3.4,6.4,10,0.258,0.261,1,30,0,0,512,Risky
9256,24,67427.56,3.5,6.4,5,0.557,0.292,2,0,1,0,590,Very Poor
9257,59,118710.62,4.5,13.4,6,0.202,0.558,2,30,0,0,681,Fair
9258,35,101780.37,7.8,1.7,7,0.536,0.195,1,0,2,0,659,Fair
9259,24,18952.53,12.4,7.4,11,0.183,0.446,1,0,1,0,529,Risky
9260,39,23987.94,2.8,5.7,8,0.027,0.252,1,0,3,0,580,Very Poor
9261,36,34874.39,6.3,6.0,3,0.181,0.2,2,0,0,0,534,Risky
9262,35,23948.28,9.7,6.6,10,0.357,0.341,0,0,0,0,548,Risky
9263,31,52895.99,1.5,5.4,7,0.297,0.089,3,0,0,0,606,Poor
9264,35,55920.6,0.8,0.1,8,0.429,0.095,1,0,1,0,573,Very Poor
9265,27,13941.02,2.5,18.0,8,0.196,0.241,2,90,0,0,527,Risky
9266,53,38193.93,3.1,2.7,4,0.388,0.12,1,0,3,0,474,Risky
9267,54,71641.29,6.2,5.7,9,0.526,0.239,2,0,1,0,543,Risky
9268,54,21911.1,12.1,1.1,7,0.415,0.4,1,0,0,0,521,Risky
9269,25,34249.34,3.4,2.0,7,0.319,0.096,1,0,0,0,600,Very Poor
9270,41,15548.1,5.7,0.2,5,0.164,0.385,1,0,1,0,532,Risky
9271,50,241982.33,0.7,0.5,8,0.025,0.567,1,0,1,0,622,Poor
9272,35,81713.04,1.8,5.1,7,0.393,0.271,1,0,0,0,612,Poor
9273,55,108089.64,10.9,12.7,13,0.114,0.206,1,90,0,0,645,Poor
9274,23,55992.61,1.3,0.8,6,0.457,0.371,0,0,1,0,528,Risky
9275,41,17595.8,3.6,5.8,7,0.092,0.232,2,0,1,0,522,Risky
9276,30,32261.41,1.4,5.9,8,0.233,0.267,1,0,0,0,582,Very Poor
9277,38,34897.93,5.7,13.0,12,0.463,0.261,1,90,0,1,437,Risky
9278,21,43558.95,3.1,7.5,8,0.288,0.336,0,0,0,0,629,Poor
9279,31,39731.73,2.1,0.8,6,0.288,0.441,0,0,0,0,596,Very Poor
9280,35,122296.42,9.6,5.3,10,0.159,0.473,4,30,1,0,579,Very Poor
9281,24,24394.74,6.9,0.7,6,0.394,0.147,2,30,1,0,508,Risky
9282,43,77300.61,2.2,12.2,6,0.385,0.256,1,30,0,0,615,Poor
9283,28,28025.02,1.3,11.0,12,0.087,0.235,0,0,2,0,569,Very Poor
9284,33,31450.44,14.3,2.5,7,0.062,0.341,1,0,2,0,508,Risky
9285,70,152637.65,18.4,18.3,6,0.805,0.285,1,0,0,0,702,Good
9286,45,76092.5,4.2,5.3,5,0.196,0.088,2,0,0,0,550,Risky
9287,49,43459.16,3.1,0.2,5,0.283,0.24,1,60,0,0,532,Risky
9288,30,36566.05,2.7,13.2,9,0.33,0.203,0,0,0,0,607,Poor
9289,21,43897.43,13.6,7.2,12,0.153,0.278,1,30,1,0,521,Risky
9290,32,109797.09,2.6,6.8,5,0.299,0.301,1,30,0,0,631,Poor
9291,37,77398.23,4.7,7.2,9,0.567,0.361,3,0,0,0,600,Very Poor
9292,38,42097.44,1.0,4.3,6,0.268,0.371,2,0,1,0,588,Very Poor
9293,44,62485.98,2.0,10.5,9,0.09,0.35,0,0,0,0,628,Poor
9294,21,109005.2,0.3,1.3,8,0.109,0.386,0,0,2,0,653,Fair
9295,60,43493.39,5.9,4.2,4,0.176,0.049,1,30,2,0,544,Risky
9296,45,46425.12,3.6,30.2,6,0.351,0.201,0,30,2,0,675,Fair
9297,29,36666.2,0.4,5.4,10,0.376,0.366,0,60,0,0,546,Risky
9298,43,37144.77,2.4,13.0,6,0.044,0.444,1,60,2,0,568,Very Poor
9299,51,51381.17,3.4,6.1,10,0.351,0.189,1,90,0,1,420,Risky
9300,34,74776.0,5.6,16.1,8,0.11,0.194,0,0,1,0,665,Fair
9301,25,231169.6,4.2,27.8,8,0.024,0.268,1,0,0,0,767,Excellent
9302,36,282653.22,0.6,0.9,9,0.291,0.146,2,0,1,1,576,Very Poor
9303,38,61989.27,2.2,9.5,11,0.126,0.101,3,0,0,0,595,Very Poor
9304,28,65332.89,3.0,9.2,7,0.387,0.31,0,30,1,0,607,Poor
9305,50,70030.49,6.0,10.3,9,0.163,0.338,1,0,0,0,598,Very Poor
9306,35,23422.74,3.5,15.0,7,0.368,0.287,0,0,1,0,553,Very Poor
9307,46,69515.48,0.7,10.7,6,0.382,0.168,1,0,2,0,606,Poor
9308,36,47180.39,2.0,3.7,12,0.145,0.539,0,0,0,0,562,Very Poor
9309,50,30579.01,7.0,4.1,7,0.203,0.302,1,0,1,0,575,Very Poor
9310,52,39060.03,1.6,14.7,6,0.253,0.266,0,0,0,0,646,Poor
9311,34,51270.55,4.6,10.7,5,0.419,0.42,1,0,1,0,620,Poor
9312,48,97593.33,1.7,2.4,15,0.355,0.656,1,60,1,0,540,Risky
9313,44,142587.31,2.0,8.3,5,0.264,0.582,0,0,1,0,654,Fair
9314,30,24021.07,3.3,0.5,6,0.156,0.575,0,0,0,0,575,Very Poor
9315,26,97778.03,8.8,3.6,8,0.442,0.257,1,0,1,0,595,Very Poor
9316,46,28129.74,3.2,13.0,10,0.473,0.144,0,30,1,0,586,Very Poor
9317,34,237014.78,4.2,12.4,6,0.092,0.276,1,30,2,0,675,Fair
9318,45,44272.4,1.0,2.5,8,0.244,0.385,1,0,1,0,545,Risky
9319,48,42249.87,3.4,4.4,8,0.343,0.304,1,0,0,1,471,Risky
9320,50,25977.24,0.9,9.6,8,0.187,0.435,0,0,1,0,553,Very Poor
9321,63,96171.97,6.0,27.6,7,0.291,0.268,0,0,0,0,766,Excellent
9322,21,25919.2,0.2,12.2,6,0.135,0.376,0,30,0,0,608,Poor
9323,56,110039.07,8.8,1.1,5,0.058,0.554,0,60,2,1,486,Risky
9324,35,9819.52,12.4,2.9,4,0.244,0.281,2,120,0,0,430,Risky
9325,21,19226.27,5.4,8.4,8,0.13,0.358,2,0,4,0,476,Risky
9326,44,49410.35,3.2,5.0,5,0.369,0.408,1,0,1,0,578,Very Poor
9327,21,55688.08,1.6,2.4,13,0.126,0.122,0,0,0,0,619,Poor
9328,60,64677.6,14.6,11.1,8,0.316,0.326,2,90,2,0,556,Very Poor
9329,55,37779.87,3.2,8.1,8,0.131,0.627,1,0,2,0,560,Very Poor
9330,41,25878.3,3.0,15.4,9,0.345,0.133,0,60,2,0,554,Very Poor
9331,52,39739.64,2.6,3.0,7,0.255,0.092,0,0,2,0,552,Very Poor
9332,50,31797.75,0.6,3.4,6,0.108,0.468,2,30,2,0,524,Risky
9333,46,293847.94,0.2,6.7,11,0.179,0.248,1,0,2,1,562,Very Poor
9334,37,36832.56,0.5,12.7,4,0.249,0.378,2,0,0,0,579,Very Poor
9335,29,190847.03,2.2,4.1,7,0.207,0.357,1,60,1,0,558,Very Poor
9336,51,56481.05,2.7,0.8,6,0.087,0.398,0,0,2,0,547,Risky
9337,32,22497.49,26.6,0.2,7,0.653,0.293,1,0,0,0,490,Risky
9338,38,102093.87,2.1,0.7,9,0.126,0.207,0,0,2,0,557,Very Poor
9339,44,25918.76,15.0,2.6,14,0.225,0.216,1,30,0,0,480,Risky
9340,44,48776.96,2.8,35.5,9,0.248,0.147,1,0,0,0,748,Good
9341,30,44212.11,4.6,3.6,6,0.453,0.182,1,30,2,0,527,Risky
9342,35,35321.32,7.3,12.0,12,0.091,0.404,3,0,3,0,548,Risky
9343,42,82048.7,3.4,22.8,11,0.432,0.244,2,90,0,1,482,Risky
9344,38,313558.1,0.5,0.7,11,0.485,0.119,0,0,0,0,728,Good
9345,49,5614.07,6.8,1.9,7,0.21,0.306,1,0,1,0,466,Risky
9346,39,81475.83,0.6,8.6,12,0.125,0.318,1,0,0,0,611,Poor
9347,50,72208.71,7.8,15.3,8,0.19,0.132,0,0,0,0,691,Fair
9348,33,45050.91,4.5,6.1,9,0.138,0.474,1,0,0,0,613,Poor
9349,24,23214.26,2.3,9.5,7,0.614,0.471,2,0,2,0,468,Risky
9350,30,29501.29,2.0,2.7,11,0.323,0.362,0,60,0,0,532,Risky
9351,33,32882.03,11.2,11.9,4,0.169,0.14,4,30,0,0,529,Risky
9352,36,268230.04,12.0,2.1,11,0.259,0.106,0,0,1,1,611,Poor
9353,52,57149.75,3.9,7.8,6,0.139,0.147,1,30,3,0,587,Very Poor
9354,23,12986.36,5.5,4.2,7,0.266,0.259,0,0,0,0,542,Risky
9355,32,9149.3,3.7,6.1,8,0.155,0.4,1,30,2,0,449,Risky
9356,42,51173.99,0.1,6.9,8,0.177,0.299,0,0,0,0,652,Fair
9357,59,27710.56,5.0,2.5,10,0.064,0.347,0,0,0,0,575,Very Poor
9358,39,81509.01,21.9,6.5,10,0.369,0.615,0,0,0,0,570,Very Poor
9359,23,149887.18,0.4,10.6,2,0.214,0.252,1,60,2,0,611,Poor
9360,30,19919.47,1.6,4.2,12,0.041,0.056,3,30,2,0,439,Risky
9361,50,210823.44,10.3,21.9,11,0.399,0.201,1,0,0,0,760,Excellent
9362,47,243867.72,4.5,1.1,7,0.257,0.049,2,0,1,0,614,Poor
9363,39,31266.88,1.8,7.2,10,0.478,0.299,0,0,2,0,576,Very Poor
9364,21,107811.13,2.8,3.7,12,0.223,0.224,1,0,2,0,617,Poor
9365,31,100184.87,3.7,6.0,6,0.736,0.419,1,0,2,1,464,Risky
9366,53,83354.54,4.8,26.6,2,0.529,0.453,1,0,2,0,619,Poor
9367,43,81112.99,0.3,1.0,6,0.365,0.092,0,0,0,0,627,Poor
9368,32,26071.64,2.2,13.3,8,0.049,0.394,0,90,3,0,551,Very Poor
9369,32,33780.45,3.1,1.4,12,0.084,0.201,0,0,1,0,506,Risky
9370,21,73273.75,6.6,21.9,13,0.119,0.5,1,0,1,0,659,Fair
9371,44,141051.95,9.3,9.6,9,0.131,0.598,0,0,0,0,698,Fair
9372,38,35176.16,1.5,15.3,9,0.684,0.484,5,30,0,0,480,Risky
9373,42,45590.64,5.2,0.1,8,0.268,0.275,2,60,1,0,469,Risky
9374,34,83676.1,4.5,11.4,7,0.051,0.261,1,30,0,0,656,Fair
9375,41,19829.39,12.1,16.1,12,0.317,0.514,3,30,2,0,489,Risky
9376,21,136852.09,0.2,8.1,3,0.411,0.204,3,0,2,0,603,Poor
9377,34,33921.95,0.1,0.7,8,0.293,0.362,1,0,1,0,563,Very Poor
9378,28,44195.34,6.2,0.7,3,0.334,0.202,1,0,4,0,486,Risky
9379,36,68764.31,3.2,9.6,11,0.122,0.368,3,0,3,0,597,Very Poor
9380,25,19187.55,0.6,19.9,7,0.311,0.189,0,90,0,0,521,Risky
9381,54,21394.61,5.5,8.9,8,0.253,0.433,0,0,2,0,607,Poor
9382,44,49849.62,1.3,2.1,7,0.452,0.568,0,0,0,0,581,Very Poor
9383,26,46174.93,10.4,3.8,13,0.285,0.269,0,0,0,0,567,Very Poor
9384,48,49730.71,1.2,3.5,12,0.085,0.379,0,30,0,0,592,Very Poor
9385,38,8485.34,1.4,6.2,4,0.477,0.263,1,0,1,0,483,Risky
9386,42,54099.9,11.2,0.0,8,0.343,0.049,0,0,1,0,578,Very Poor
9387,21,114100.32,2.7,2.3,8,0.116,0.208,0,0,1,0,649,Poor
9388,39,33306.04,5.1,5.1,10,0.1,0.145,1,0,1,0,519,Risky
9389,34,283774.62,0.8,0.9,13,0.215,0.275,4,0,0,0,526,Risky
9390,41,38399.09,0.0,1.6,10,0.512,0.281,0,90,1,0,561,Very Poor
9391,47,71860.03,1.2,9.6,10,0.25,0.022,1,0,2,0,618,Poor
9392,57,25602.93,0.2,4.0,11,0.242,0.36,2,30,0,0,526,Risky
9393,62,60165.9,4.6,0.4,8,0.496,0.394,0,0,0,0,578,Very Poor
9394,57,34680.9,1.1,2.0,11,0.124,0.157,1,0,2,0,506,Risky
9395,45,37233.87,1.9,5.0,6,0.51,0.177,0,0,1,0,570,Very Poor
9396,38,17261.27,6.2,0.3,7,0.052,0.418,2,120,0,0,455,Risky
9397,57,27798.15,2.5,0.1,10,0.346,0.34,2,30,0,1,393,Risky
9398,41,65346.6,2.5,4.3,9,0.374,0.448,0,0,1,0,587,Very Poor
9399,35,15890.76,2.5,1.8,6,0.351,0.164,2,0,2,0,476,Risky
9400,51,57658.42,0.3,9.5,8,0.302,0.422,1,0,1,0,553,Very Poor
9401,44,68776.94,4.7,9.6,12,0.49,0.131,4,0,1,0,586,Very Poor
9402,33,24608.91,12.2,20.6,3,0.285,0.421,2,0,0,0,628,Poor
9403,57,47599.81,9.5,10.8,6,0.167,0.148,1,0,0,0,587,Very Poor
9404,31,128715.68,1.7,3.5,6,0.091,0.262,0,0,0,0,652,Fair
9405,43,11596.69,3.1,9.5,8,0.381,0.204,1,30,2,0,523,Risky
9406,44,27424.05,2.9,6.1,8,0.172,0.267,2,0,1,0,540,Risky
9407,33,241581.34,14.8,4.9,8,0.257,0.399,0,0,1,0,674,Fair
9408,35,35861.08,5.0,4.2,6,0.151,0.585,2,90,0,0,482,Risky
9409,26,50422.36,0.1,9.7,8,0.368,0.203,2,60,0,0,494,Risky
9410,31,55314.91,1.9,5.4,9,0.239,0.251,0,0,1,0,612,Poor
9411,36,77574.98,4.6,12.0,8,0.277,0.294,0,0,2,0,665,Fair
9412,51,90334.58,0.2,27.4,15,0.126,0.494,3,90,0,0,629,Poor
9413,46,134200.85,4.4,6.3,8,0.572,0.23,2,0,1,1,519,Risky
9414,45,56695.39,1.9,0.5,14,0.401,0.166,1,0,2,0,525,Risky
9415,30,47733.39,5.0,6.8,7,0.059,0.373,0,0,0,0,578,Very Poor
9416,21,29651.06,0.2,5.1,11,0.568,0.586,0,120,1,0,448,Risky
9417,55,36400.67,10.4,3.6,7,0.301,0.09,1,0,1,0,554,Very Poor
9418,45,12077.95,0.1,3.8,8,0.361,0.165,1,0,0,0,557,Very Poor
9419,48,137994.42,2.5,8.6,12,0.278,0.064,0,60,2,0,644,Poor
9420,28,32129.09,0.0,1.9,10,0.255,0.208,1,0,0,0,514,Risky
9421,62,39385.24,2.4,11.2,10,0.428,0.474,0,0,0,0,580,Very Poor
9422,57,47410.22,11.7,8.7,4,0.201,0.457,0,0,2,0,600,Very Poor
9423,30,46717.52,7.0,3.7,8,0.083,0.233,0,0,0,0,620,Poor
9424,36,106405.04,14.8,8.2,9,0.29,0.206,0,0,0,0,681,Fair
9425,57,35824.47,7.1,5.2,8,0.309,0.365,1,0,1,0,447,Risky
9426,31,21756.7,0.5,4.6,8,0.393,0.122,0,0,1,0,470,Risky
9427,32,62920.77,8.9,27.4,6,0.146,0.266,0,30,2,0,692,Fair
9428,33,32913.07,1.7,12.0,6,0.057,0.247,1,30,0,0,611,Poor
9429,30,18720.26,6.0,2.6,6,0.12,0.54,1,0,0,0,526,Risky
9430,21,56990.81,8.7,4.7,6,0.249,0.362,2,0,1,1,457,Risky
9431,37,25647.5,9.8,4.3,7,0.056,0.11,0,0,3,0,546,Risky
9432,42,23131.99,7.6,2.0,5,0.282,0.136,2,30,0,0,504,Risky
9433,45,31372.81,0.1,27.1,5,0.107,0.417,1,0,1,0,683,Fair
9434,50,72158.25,0.1,5.0,9,0.162,0.17,1,30,2,0,565,Very Poor
9435,21,34242.83,0.8,1.7,9,0.254,0.389,0,0,0,0,579,Very Poor
9436,21,69688.87,0.4,0.1,9,0.296,0.124,1,90,2,0,546,Risky
9437,36,46036.86,6.6,6.1,12,0.526,0.136,1,0,2,0,592,Very Poor
9438,29,16286.38,0.6,9.4,3,0.135,0.232,1,60,1,0,547,Risky
9439,29,46174.99,7.4,30.2,20,0.277,0.588,0,30,1,0,658,Fair
9440,48,47984.66,1.6,9.4,4,0.351,0.565,1,0,0,0,630,Poor
9441,42,16961.54,7.1,2.0,5,0.179,0.357,1,30,0,0,453,Risky
9442,26,83891.65,16.8,27.8,8,0.236,0.26,1,90,2,0,674,Fair
9443,39,85704.88,6.9,16.4,16,0.335,0.423,1,0,1,0,666,Fair
9444,59,59109.89,1.2,2.0,6,0.172,0.334,2,0,2,0,551,Very Poor
9445,30,30715.79,3.0,23.2,8,0.595,0.087,2,30,1,0,677,Fair
9446,31,68041.77,10.2,6.3,4,0.134,0.1,0,120,1,0,553,Very Poor
9447,36,30637.29,0.3,21.3,10,0.278,0.303,1,0,0,1,601,Poor
9448,37,127596.52,6.2,3.6,9,0.339,0.364,0,0,0,0,658,Fair
9449,33,138130.67,1.7,5.2,9,0.266,0.386,1,0,0,0,641,Poor
9450,37,37243.8,0.5,0.8,8,0.198,0.339,1,0,0,0,571,Very Poor
9451,49,118008.97,4.0,4.2,6,0.331,0.325,1,30,2,0,641,Poor
9452,41,43536.62,1.6,0.6,9,0.37,0.394,0,0,2,1,451,Risky
9453,49,9697.2,2.0,7.0,13,0.233,0.356,2,30,0,0,435,Risky
9454,47,108635.5,2.5,4.7,16,0.432,0.303,2,0,4,0,558,Very Poor
9455,34,38039.1,0.1,4.3,10,0.359,0.542,0,0,0,0,558,Very Poor
9456,21,223853.94,1.1,29.6,5,0.235,0.221,0,60,2,0,718,Good
9457,44,25386.41,1.9,9.0,4,0.106,0.343,1,60,1,0,500,Risky
9458,22,31064.15,16.3,6.2,9,0.18,0.116,1,0,1,0,579,Very Poor
9459,38,60519.34,0.0,2.3,10,0.313,0.17,0,0,1,0,586,Very Poor
9460,55,57593.76,10.4,15.3,8,0.116,0.259,0,0,1,0,604,Poor
9461,36,51262.59,1.3,5.7,3,0.464,0.439,0,90,1,0,497,Risky
9462,50,83696.0,7.9,1.3,4,0.356,0.187,4,0,1,0,571,Very Poor
9463,54,56156.91,19.1,0.9,18,0.344,0.663,1,0,1,0,538,Risky
9464,40,49434.3,0.1,4.1,2,0.329,0.281,4,0,1,0,502,Risky
9465,52,28239.82,2.8,8.4,9,0.139,0.139,1,120,1,0,541,Risky
9466,61,130744.63,4.7,0.5,2,0.322,0.167,0,0,2,0,595,Very Poor
9467,47,53817.25,2.0,17.5,8,0.168,0.535,2,0,0,1,535,Risky
9468,48,106173.22,3.6,1.7,7,0.246,0.128,2,0,0,0,605,Poor
9469,48,69263.37,2.9,15.9,6,0.29,0.313,1,0,4,0,635,Poor
9470,42,21349.42,8.3,3.0,4,0.13,0.314,1,0,2,0,487,Risky
9471,42,18592.17,0.4,8.7,7,0.426,0.396,1,0,1,0,594,Very Poor
9472,45,72878.9,0.1,2.8,3,0.062,0.357,3,0,1,0,528,Risky
9473,47,24518.48,0.5,1.4,8,0.302,0.1,0,0,3,0,558,Very Poor
9474,44,159638.81,2.8,11.3,7,0.056,0.449,0,0,0,0,738,Good
9475,24,29391.63,4.6,4.3,6,0.115,0.509,2,0,1,0,484,Risky
9476,33,15259.49,3.5,1.0,7,0.111,0.173,0,0,0,0,564,Very Poor
9477,64,12039.91,1.5,0.1,3,0.356,0.172,2,60,2,0,410,Risky
9478,39,31120.75,5.7,7.9,13,0.537,0.359,0,0,1,0,593,Very Poor
9479,40,43335.02,1.1,1.6,9,0.272,0.351,1,0,0,0,571,Very Poor
9480,21,142681.04,0.8,6.1,11,0.17,0.33,0,0,1,0,657,Fair
9481,26,37575.11,0.2,32.2,10,0.236,0.242,0,30,2,0,697,Fair
9482,40,96314.5,3.8,4.8,4,0.263,0.224,2,0,1,0,613,Poor
9483,45,11681.76,6.8,12.9,9,0.289,0.498,2,0,2,0,545,Risky
9484,29,80735.67,1.0,2.1,6,0.225,0.307,1,30,0,0,603,Poor
9485,41,62417.99,1.2,2.5,9,0.296,0.175,0,30,1,0,580,Very Poor
9486,24,104965.44,4.5,7.0,5,0.263,0.239,0,60,1,0,622,Poor
9487,21,70830.61,2.0,40.0,8,0.156,0.29,0,0,0,0,814,Excellent
9488,31,28354.88,10.7,7.9,7,0.289,0.393,4,0,0,0,476,Risky
9489,21,65534.86,1.2,11.7,4,0.117,0.125,1,0,1,0,655,Fair
9490,33,83623.4,1.5,28.7,7,0.059,0.196,1,0,1,0,692,Fair
9491,52,61257.08,2.2,4.3,9,0.359,0.622,0,30,0,0,589,Very Poor
9492,64,41092.99,3.0,21.3,9,0.502,0.166,1,30,1,0,644,Poor
9493,39,35688.72,40.0,14.5,9,0.193,0.294,1,0,0,1,442,Risky
9494,37,126615.51,0.5,4.9,6,0.355,0.498,0,30,0,0,692,Fair
9495,37,165342.95,3.7,1.3,8,0.492,0.272,2,90,0,0,497,Risky
9496,34,472366.41,0.7,5.8,7,0.318,0.149,1,0,0,0,726,Good
9497,54,14034.6,3.1,3.7,7,0.213,0.328,2,0,1,0,471,Risky
9498,31,177701.86,12.4,5.5,9,0.356,0.341,1,30,1,0,615,Poor
9499,27,12277.56,5.6,8.1,12,0.136,0.321,0,60,0,0,506,Risky
9500,21,37978.58,4.8,8.0,8,0.288,0.458,0,0,1,0,556,Very Poor
9501,44,87502.17,1.5,0.4,8,0.086,0.354,1,0,1,0,556,Very Poor
9502,55,48598.63,2.5,6.5,12,0.371,0.394,1,0,1,0,607,Poor
9503,47,14790.22,4.8,1.0,6,0.367,0.049,2,0,1,0,514,Risky
9504,45,48180.89,0.6,5.7,5,0.092,0.041,0,0,3,0,601,Poor
9505,32,19506.17,11.1,9.0,7,0.183,0.348,2,0,2,0,543,Risky
9506,32,36013.92,1.8,7.7,4,0.357,0.199,0,0,1,0,595,Very Poor
9507,50,35412.47,0.4,0.1,10,0.357,0.21,1,0,1,0,534,Risky
9508,39,147656.73,5.9,1.0,7,0.169,0.328,0,0,0,0,626,Poor
9509,32,80779.75,0.8,21.5,9,0.17,0.341,1,60,1,0,641,Poor
9510,33,412237.36,0.5,12.5,8,0.717,0.199,1,0,0,0,757,Excellent
9511,28,25696.61,13.2,5.1,9,0.151,0.382,2,0,2,0,542,Risky
9512,53,7106.06,3.7,14.7,5,0.378,0.178,0,0,0,0,550,Risky
9513,29,51324.13,2.5,2.2,7,0.174,0.411,1,0,1,0,569,Very Poor
9514,32,115990.11,1.8,7.1,6,0.366,0.136,3,90,1,0,560,Very Poor
9515,30,18444.95,0.0,7.2,7,0.06,0.326,3,30,2,0,491,Risky
9516,60,129712.71,1.8,1.7,6,0.121,0.265,1,0,0,0,636,Poor
9517,39,83657.77,0.3,2.6,16,0.092,0.266,0,0,1,0,667,Fair
9518,45,135373.29,5.9,8.6,7,0.15,0.431,1,0,1,0,604,Poor
9519,38,62025.16,0.0,2.7,9,0.276,0.188,0,90,1,0,575,Very Poor
9520,42,62624.4,3.1,0.1,15,0.152,0.343,0,0,0,0,625,Poor
9521,42,46980.34,14.4,1.9,8,0.326,0.257,2,0,1,1,446,Risky
9522,41,61928.42,7.5,3.0,16,0.337,0.221,0,0,1,1,491,Risky
9523,49,49663.19,0.6,7.6,8,0.264,0.26,1,0,2,0,568,Very Poor
9524,46,22029.11,6.1,8.0,6,0.207,0.363,1,30,0,0,570,Very Poor
9525,32,14508.87,6.1,1.2,3,0.407,0.319,0,0,1,0,517,Risky
9526,61,106819.41,3.0,16.0,11,0.335,0.21,1,30,1,0,676,Fair
9527,39,17834.91,1.4,3.7,5,0.135,0.431,0,0,1,0,479,Risky
9528,25,127105.26,0.7,3.8,12,0.282,0.332,1,0,0,0,651,Fair
9529,48,11508.99,2.7,9.0,10,0.509,0.464,2,0,1,0,509,Risky
9530,47,57884.82,3.3,8.0,6,0.07,0.177,0,0,0,0,657,Fair
9531,68,51044.51,8.3,27.5,9,0.275,0.276,0,30,0,0,665,Fair
9532,33,28221.9,8.7,32.7,3,0.698,0.167,0,90,1,0,622,Poor
9533,40,10219.31,2.1,7.6,9,0.067,0.376,0,0,2,0,495,Risky
9534,36,52344.29,0.0,10.1,10,0.244,0.215,0,0,1,0,613,Poor
9535,50,75263.57,3.0,0.3,6,0.168,0.197,1,0,1,0,608,Poor
9536,21,86336.73,6.3,3.7,10,0.309,0.207,3,0,2,0,599,Very Poor
9537,25,19813.06,10.8,1.5,7,0.044,0.32,1,0,1,0,527,Risky
9538,33,34877.97,0.4,6.4,5,0.299,0.281,2,0,1,0,524,Risky
9539,49,36602.16,0.3,16.7,11,0.01,0.191,1,0,1,0,641,Poor
9540,43,83547.04,0.7,8.9,5,0.223,0.402,1,0,1,0,621,Poor
9541,56,178655.05,5.4,1.8,14,0.079,0.392,2,0,1,0,642,Poor
9542,55,27970.67,0.8,3.9,16,0.388,0.423,2,0,2,0,502,Risky
9543,48,48595.15,18.4,4.7,11,0.183,0.101,1,0,2,0,584,Very Poor
9544,47,48265.68,1.1,0.2,5,0.41,0.075,1,0,1,0,513,Risky
9545,37,117175.72,3.8,8.6,6,0.343,0.114,0,0,1,0,665,Fair
9546,34,161455.18,12.5,4.3,6,0.503,0.499,0,30,0,0,668,Fair
9547,43,39679.3,0.9,6.7,10,0.37,0.253,0,0,3,0,565,Very Poor
9548,53,21234.93,3.7,0.1,10,0.112,0.427,0,0,0,0,597,Very Poor
9549,39,51585.26,0.9,0.2,16,0.249,0.205,1,30,2,0,538,Risky
9550,46,21286.56,7.2,1.8,10,0.208,0.396,0,90,1,0,494,Risky
9551,63,51302.51,10.8,25.4,13,0.306,0.158,0,0,3,0,687,Fair
9552,39,80741.3,3.8,11.8,5,0.267,0.27,1,0,0,0,642,Poor
9553,51,54411.83,18.0,9.7,5,0.357,0.528,0,0,1,0,615,Poor
9554,38,14274.15,3.1,2.6,7,0.259,0.193,1,0,0,0,488,Risky
9555,44,72495.06,0.1,2.6,7,0.059,0.395,1,120,1,0,530,Risky
9556,48,10347.55,4.4,4.4,8,0.273,0.186,0,0,1,0,463,Risky
9557,38,134012.24,14.0,34.0,5,0.266,0.217,0,0,1,0,825,Excellent
9558,61,32816.62,2.1,0.3,6,0.255,0.108,2,0,1,0,538,Risky
9559,43,46783.43,0.8,3.3,13,0.113,0.218,1,0,0,0,568,Very Poor
9560,39,52153.08,0.9,11.3,9,0.373,0.172,1,0,1,0,614,Poor
9561,55,76021.47,14.2,20.4,8,0.106,0.388,2,0,1,0,636,Poor
9562,47,21764.23,2.1,3.2,8,0.12,0.285,0,0,0,0,574,Very Poor
9563,29,64753.46,0.1,8.8,7,0.263,0.227,0,0,3,0,578,Very Poor
9564,39,16092.2,13.7,5.3,10,0.422,0.328,0,0,2,0,531,Risky
9565,41,28494.96,0.1,14.8,6,0.322,0.254,2,0,0,0,622,Poor
9566,62,28034.63,3.0,8.3,7,0.206,0.302,4,0,0,0,573,Very Poor
9567,46,51837.98,16.4,11.8,8,0.22,0.275,1,0,1,0,611,Poor
9568,33,26667.27,3.1,9.5,11,0.266,0.223,1,120,2,0,489,Risky
9569,48,122157.24,7.0,0.5,12,0.154,0.272,2,60,3,0,533,Risky
9570,22,16828.83,0.3,4.2,7,0.453,0.03,1,90,0,0,463,Risky
9571,44,251648.03,11.7,1.9,10,0.087,0.332,0,90,1,0,603,Poor
9572,45,202785.98,2.1,5.3,9,0.304,0.186,1,0,0,0,626,Poor
9573,38,48055.0,8.7,14.7,9,0.258,0.512,2,0,1,0,571,Very Poor
9574,42,58271.68,7.8,13.6,11,0.452,0.555,2,30,0,0,587,Very Poor
9575,54,12018.58,0.2,1.4,7,0.273,0.222,1,0,2,0,497,Risky
9576,37,20072.84,4.1,1.1,7,0.586,0.326,0,0,0,0,604,Poor
9577,42,23619.95,7.3,9.4,10,0.154,0.262,0,0,1,0,578,Very Poor
9578,56,27499.3,2.1,1.8,7,0.403,0.61,2,90,1,0,438,Risky
9579,30,21119.63,0.5,9.5,11,0.317,0.178,0,0,1,0,573,Very Poor
9580,38,15613.41,7.3,5.6,12,0.531,0.4,1,0,0,0,531,Risky
9581,30,122631.82,1.1,34.7,11,0.226,0.383,1,0,1,0,732,Good
9582,25,61117.81,5.9,11.6,9,0.114,0.225,2,90,2,0,541,Risky
9583,68,60063.18,3.2,3.8,10,0.119,0.528,1,0,0,0,532,Risky
9584,51,100717.32,8.6,2.7,9,0.236,0.612,1,60,0,0,541,Risky
9585,46,40702.37,6.8,18.5,9,0.116,0.091,0,90,2,0,617,Poor
9586,26,16131.57,1.7,6.5,9,0.142,0.368,1,60,1,0,500,Risky
9587,28,24778.96,2.4,32.1,6,0.261,0.408,1,0,0,0,692,Fair
9588,27,51575.14,7.5,4.0,9,0.14,0.185,2,0,1,0,535,Risky
9589,37,12994.5,1.3,0.4,13,0.434,0.414,0,0,1,0,441,Risky
9590,44,114085.32,6.3,15.1,5,0.278,0.111,1,0,1,0,690,Fair
9591,40,185021.11,14.9,18.6,11,0.293,0.307,2,30,5,0,583,Very Poor
9592,51,76825.51,0.1,2.6,8,0.413,0.309,0,60,1,0,560,Very Poor
9593,22,28222.02,16.1,4.3,8,0.464,0.239,0,0,1,0,552,Very Poor
9594,33,30463.2,2.9,5.6,9,0.491,0.39,0,0,0,0,605,Poor
9595,62,14942.41,4.4,2.5,7,0.271,0.204,1,0,0,0,533,Risky
9596,51,9163.53,7.2,8.2,7,0.368,0.556,1,0,1,0,487,Risky
9597,67,34259.6,3.7,23.9,7,0.024,0.261,1,0,2,0,635,Poor
9598,31,25651.96,2.9,9.2,9,0.402,0.569,1,0,0,0,557,Very Poor
9599,36,135087.68,0.7,7.3,5,0.403,0.458,0,0,0,0,645,Poor
9600,36,7984.47,5.9,6.7,12,0.177,0.396,3,0,1,0,442,Risky
9601,28,23178.8,8.1,2.9,8,0.229,0.078,1,30,1,0,559,Very Poor
9602,44,54051.23,6.9,9.8,4,0.505,0.268,0,0,3,0,543,Risky
9603,50,33568.13,12.0,10.0,12,0.287,0.214,0,0,0,0,595,Very Poor
9604,23,239535.22,6.7,6.1,11,0.137,0.379,1,120,2,0,632,Poor
9605,48,11297.9,2.4,0.3,10,0.539,0.173,1,0,0,0,509,Risky
9606,22,59080.55,2.0,11.8,5,0.198,0.309,3,60,1,1,473,Risky
9607,69,44330.31,18.7,4.0,7,0.403,0.399,1,0,1,0,605,Poor
9608,21,42619.25,0.5,4.9,7,0.171,0.175,1,0,1,0,563,Very Poor
9609,41,178250.7,8.3,0.5,7,0.287,0.328,3,30,0,0,597,Very Poor
9610,65,20037.53,10.7,23.6,8,0.459,0.489,0,0,0,0,702,Good
9611,22,64366.37,0.4,22.7,5,0.383,0.424,0,0,1,0,658,Fair
9612,52,62983.9,5.8,3.8,12,0.14,0.283,1,30,2,0,555,Very Poor
9613,52,61931.24,3.1,1.1,7,0.296,0.229,2,0,2,0,537,Risky
9614,51,54561.01,17.3,2.4,7,0.168,0.311,3,0,2,0,527,Risky
9615,34,91632.16,8.0,10.2,7,0.451,0.356,0,0,1,0,629,Poor
9616,53,76316.65,0.4,1.2,5,0.286,0.362,2,90,0,0,491,Risky
9617,21,26599.73,2.5,1.1,9,0.2,0.195,3,0,0,0,492,Risky
9618,34,16175.64,2.3,13.9,9,0.304,0.165,2,0,2,0,560,Very Poor
9619,42,44538.96,7.8,7.7,7,0.481,0.204,1,0,0,0,589,Very Poor
9620,53,37308.76,12.1,29.0,7,0.161,0.382,0,0,2,1,602,Poor
9621,32,77656.55,4.8,5.6,16,0.724,0.638,6,120,0,0,413,Risky
9622,56,30137.54,8.0,13.3,8,0.6,0.519,0,0,1,0,596,Very Poor
9623,42,35547.43,0.7,1.0,8,0.328,0.503,1,0,0,0,488,Risky
9624,33,39059.27,0.4,3.9,5,0.44,0.23,2,0,1,0,595,Very Poor
9625,34,74348.74,6.9,2.4,8,0.254,0.4,2,0,1,0,581,Very Poor
9626,41,91135.11,13.0,3.0,11,0.27,0.382,0,0,0,0,671,Fair
9627,43,26421.49,10.9,1.4,8,0.308,0.093,0,0,1,0,525,Risky
9628,30,137295.35,0.5,0.0,7,0.239,0.474,1,120,2,0,514,Risky
9629,37,98232.6,1.0,15.3,8,0.432,0.177,3,0,2,0,559,Very Poor
9630,41,65422.48,6.2,4.5,16,0.091,0.593,2,60,3,0,499,Risky
9631,37,296413.47,3.5,4.8,7,0.188,0.535,1,0,2,0,615,Poor
9632,43,38294.42,1.3,30.3,14,0.176,0.121,2,0,3,0,672,Fair
9633,70,15473.19,15.7,1.8,10,0.507,0.367,1,0,0,0,492,Risky
9634,51,80587.97,11.1,2.5,4,0.181,0.253,2,30,0,0,538,Risky
9635,38,57876.38,10.8,1.1,10,0.252,0.329,1,30,0,0,568,Very Poor
9636,45,104535.23,7.3,7.4,8,0.163,0.425,0,0,1,0,635,Poor
9637,49,51788.83,3.7,4.1,8,0.301,0.357,0,0,1,0,557,Very Poor
9638,42,43571.61,8.7,1.1,9,0.113,0.286,1,0,1,1,440,Risky
9639,21,28599.73,4.3,12.5,8,0.277,0.353,2,0,4,0,516,Risky
9640,46,74333.8,2.8,2.0,8,0.139,0.474,2,30,2,0,569,Very Poor
9641,45,110897.18,6.4,3.1,17,0.314,0.282,2,0,0,0,607,Poor
9642,40,49929.99,11.5,1.0,8,0.244,0.325,0,0,2,0,535,Risky
9643,29,10573.52,6.4,1.7,9,0.148,0.171,2,0,0,0,444,Risky
9644,30,21726.45,0.1,5.4,10,0.233,0.256,0,0,1,0,504,Risky
9645,25,65263.8,2.8,8.8,13,0.549,0.217,0,0,3,0,595,Very Poor
9646,45,23705.93,6.7,2.3,7,0.344,0.186,1,0,0,0,534,Risky
9647,58,17771.4,4.7,21.2,8,0.508,0.325,1,30,1,0,582,Very Poor
9648,35,17216.78,0.4,6.3,9,0.219,0.188,2,30,1,0,503,Risky
9649,32,89729.1,8.8,4.0,6,0.394,0.301,1,0,3,0,552,Very Poor
9650,27,62154.15,15.8,16.2,7,0.38,0.443,0,30,1,0,632,Poor
9651,41,37111.29,0.1,5.5,8,0.456,0.169,2,0,0,0,546,Risky
9652,21,60174.49,5.6,1.0,9,0.205,0.187,0,0,0,0,648,Poor
9653,23,22203.19,0.5,16.0,6,0.268,0.27,2,30,2,0,576,Very Poor
9654,34,59380.3,6.4,2.1,8,0.493,0.143,1,0,1,0,581,Very Poor
9655,29,108050.19,3.0,6.5,8,0.471,0.397,2,0,0,0,591,Very Poor
9656,39,28437.46,4.4,4.3,8,0.354,0.31,1,0,1,0,567,Very Poor
9657,44,30088.2,0.8,1.5,9,0.237,0.452,1,0,2,0,544,Risky
9658,28,100734.6,12.6,1.0,7,0.544,0.087,0,0,1,1,511,Risky
9659,38,41047.59,0.9,7.3,12,0.126,0.096,0,0,1,0,570,Very Poor
9660,33,62275.93,2.7,0.3,10,0.166,0.197,2,30,2,0,541,Risky
9661,31,57106.8,2.4,12.5,8,0.074,0.168,1,60,1,0,572,Very Poor
9662,48,19739.52,0.5,3.9,10,0.304,0.315,1,0,1,0,536,Risky
9663,21,42848.1,8.6,6.1,13,0.656,0.392,0,0,2,1,510,Risky
9664,48,18178.97,5.5,3.6,12,0.428,0.165,0,30,2,0,456,Risky
9665,50,105455.32,4.4,2.2,6,0.14,0.325,0,0,1,0,617,Poor
9666,31,79745.5,4.4,2.3,9,0.148,0.233,1,0,1,0,538,Risky
9667,30,19278.27,8.7,2.2,11,0.575,0.345,2,0,3,0,458,Risky
9668,34,31839.59,2.7,3.1,6,0.374,0.321,2,0,0,0,528,Risky
9669,21,21253.97,7.7,4.0,9,0.17,0.302,3,0,2,0,484,Risky
9670,51,55094.85,1.0,5.6,4,0.381,0.35,1,30,3,0,577,Very Poor
9671,32,152762.09,3.1,2.1,9,0.314,0.334,2,0,2,0,609,Poor
9672,40,85393.8,3.1,8.9,10,0.321,0.154,1,60,3,0,630,Poor
9673,31,21800.91,10.3,20.3,10,0.292,0.035,1,0,3,0,585,Very Poor
9674,42,95747.39,0.4,18.5,11,0.326,0.368,0,0,2,0,709,Good
9675,21,26238.88,0.4,17.0,10,0.353,0.357,0,0,3,0,613,Poor
9676,46,59909.15,3.5,26.3,13,0.173,0.255,2,30,1,0,600,Very Poor
9677,52,88799.62,2.9,9.6,9,0.281,0.486,0,0,1,0,657,Fair
9678,21,6619.48,3.7,6.5,9,0.407,0.244,3,30,1,0,443,Risky
9679,40,47954.09,3.1,7.0,12,0.557,0.503,0,0,0,0,643,Poor
9680,26,89249.18,2.4,0.9,6,0.26,0.353,1,0,4,1,424,Risky
9681,45,39637.43,0.6,20.3,11,0.241,0.206,2,0,1,0,631,Poor
9682,40,24059.38,2.6,20.3,10,0.15,0.293,1,0,1,1,529,Risky
9683,41,53804.09,3.2,18.0,7,0.307,0.208,0,0,2,0,691,Fair
9684,54,41676.81,2.6,3.2,10,0.211,0.321,0,0,1,0,604,Poor
9685,59,66098.58,6.8,2.7,6,0.226,0.382,1,0,2,0,618,Poor
9686,55,32857.43,1.5,5.1,8,0.315,0.377,0,60,0,0,594,Very Poor
9687,38,63818.59,4.8,0.6,7,0.392,0.287,0,0,1,0,587,Very Poor
9688,57,77222.25,0.8,0.8,7,0.159,0.254,0,30,3,0,582,Very Poor
9689,31,144154.46,14.7,24.1,13,0.508,0.34,0,0,0,0,722,Good
9690,39,17391.05,5.6,2.8,9,0.056,0.25,1,120,1,1,374,Risky
9691,53,27712.08,0.9,0.7,10,0.088,0.675,0,0,1,0,548,Risky
9692,46,19269.27,0.1,1.0,9,0.305,0.593,1,0,0,0,489,Risky
9693,52,42008.25,1.9,19.0,13,0.292,0.298,3,0,1,0,630,Poor
9694,30,28143.91,3.1,40.0,7,0.457,0.263,1,0,2,1,584,Very Poor
9695,45,48204.97,0.3,1.6,7,0.369,0.436,1,30,3,1,455,Risky
9696,30,37687.95,0.3,5.3,10,0.313,0.214,2,0,0,0,550,Risky
9697,56,23638.73,8.8,1.2,10,0.541,0.485,0,0,1,0,547,Risky
9698,56,69314.77,10.2,3.7,4,0.58,0.367,1,0,0,0,598,Very Poor
9699,33,54125.16,3.5,1.0,6,0.5,0.341,2,0,1,0,515,Risky
9700,21,81302.96,3.9,2.7,9,0.091,0.485,0,0,0,0,563,Very Poor
9701,47,67690.17,13.9,0.8,9,0.138,0.421,0,0,0,0,547,Risky
9702,37,23993.74,6.5,8.4,8,0.149,0.508,0,90,0,0,565,Very Poor
9703,32,32627.23,0.3,1.6,10,0.27,0.375,0,0,0,0,525,Risky
9704,50,82662.72,9.1,17.3,6,0.122,0.192,1,0,0,0,708,Good
9705,45,4009.23,10.5,12.2,4,0.527,0.41,2,0,1,0,385,Risky
9706,38,34807.94,23.2,12.7,4,0.175,0.239,1,0,0,0,597,Very Poor
9707,33,51711.08,0.6,0.0,7,0.231,0.232,2,0,0,0,566,Very Poor
9708,61,47723.95,6.7,3.2,7,0.271,0.41,0,0,0,1,490,Risky
9709,40,34042.52,0.9,1.9,11,0.24,0.375,3,30,2,0,473,Risky
9710,34,171844.94,2.7,8.5,7,0.514,0.624,1,30,1,0,557,Very Poor
9711,33,51807.33,1.5,1.1,8,0.09,0.41,2,0,0,0,507,Risky
9712,21,76531.58,2.8,3.1,9,0.301,0.254,1,90,0,0,511,Risky
9713,39,5350.37,3.8,15.0,9,0.289,0.269,2,0,1,0,472,Risky
9714,30,28436.55,1.9,6.0,9,0.394,0.33,2,0,1,0,521,Risky
9715,24,110151.0,1.6,8.5,7,0.131,0.22,1,0,3,0,584,Very Poor
9716,49,113003.44,5.2,6.5,8,0.098,0.212,1,30,0,0,636,Poor
9717,39,21691.82,3.3,5.8,7,0.372,0.124,2,30,0,0,490,Risky
9718,44,136740.37,2.1,15.9,11,0.353,0.204,1,90,0,0,638,Poor
9719,48,20819.16,0.7,1.2,9,0.264,0.246,3,0,3,0,422,Risky
9720,46,74104.31,3.0,1.2,8,0.187,0.077,0,0,2,0,608,Poor
9721,65,18348.48,1.7,24.3,5,0.378,0.223,0,60,0,0,650,Poor
9722,46,36041.55,8.1,1.3,11,0.455,0.357,1,0,2,0,501,Risky
9723,49,16814.94,6.1,0.5,11,0.256,0.246,0,0,2,0,528,Risky
9724,42,32621.07,22.2,12.2,10,0.112,0.251,0,0,1,1,507,Risky
9725,35,41306.87,5.0,0.6,9,0.206,0.329,3,0,2,0,524,Risky
9726,43,69031.36,11.2,4.4,10,0.601,0.156,3,0,0,0,570,Very Poor
9727,39,175532.2,15.9,3.5,8,0.311,0.382,0,30,0,0,678,Fair
9728,24,78810.08,0.6,2.9,8,0.144,0.209,1,0,2,0,618,Poor
9729,28,54194.24,7.7,0.5,15,0.446,0.296,0,0,1,0,565,Very Poor
9730,40,86485.53,0.6,1.9,12,0.16,0.334,0,0,0,0,624,Poor
9731,39,25631.36,5.9,6.2,6,0.211,0.251,0,30,0,0,529,Risky
9732,35,11336.99,9.9,19.4,5,0.284,0.234,1,0,0,0,609,Poor
9733,50,60765.75,0.3,18.1,4,0.142,0.245,0,60,1,0,664,Fair
9734,23,35395.35,3.4,13.3,12,0.292,0.175,1,0,2,0,592,Very Poor
9735,48,14057.43,3.3,20.7,7,0.352,0.226,1,30,0,0,621,Poor
9736,33,19402.48,5.8,37.9,12,0.447,0.319,3,90,0,0,574,Very Poor
9737,28,34762.31,0.8,6.0,9,0.135,0.352,3,30,1,0,537,Risky
9738,37,143583.69,1.5,0.8,9,0.117,0.152,1,60,1,0,622,Poor
9739,36,40525.41,0.5,11.4,5,0.263,0.127,3,60,2,0,492,Risky
9740,34,68835.37,10.2,2.7,9,0.188,0.06,1,0,1,0,593,Very Poor
9741,27,85006.19,4.9,11.5,10,0.264,0.146,0,0,2,0,662,Fair
9742,24,88023.31,0.7,5.3,12,0.298,0.222,1,0,1,0,602,Poor
9743,32,64920.38,10.9,5.0,11,0.677,0.239,0,30,0,0,579,Very Poor
9744,46,52075.96,7.3,10.2,7,0.06,0.432,4,30,0,0,551,Very Poor
9745,58,23784.43,10.8,5.7,7,0.227,0.291,0,0,0,0,555,Very Poor
9746,48,59276.34,2.4,0.4,8,0.163,0.044,0,0,0,0,643,Poor
9747,45,145693.11,10.1,2.6,12,0.23,0.306,1,0,1,0,625,Poor
9748,30,28591.64,4.5,17.5,5,0.143,0.275,2,0,0,0,587,Very Poor
9749,32,91798.6,2.6,3.0,4,0.087,0.196,2,0,0,0,570,Very Poor
9750,38,26222.19,6.2,2.1,3,0.02,0.234,2,90,0,0,515,Risky
9751,33,60890.9,0.6,9.1,3,0.231,0.343,0,0,2,0,623,Poor
9752,59,74502.24,22.6,7.9,9,0.288,0.203,0,0,1,0,703,Good
9753,34,40914.29,3.1,11.6,4,0.404,0.347,3,120,3,0,479,Risky
9754,47,24879.06,0.4,0.5,8,0.307,0.286,1,0,0,0,515,Risky
9755,60,53970.75,0.3,31.9,2,0.318,0.312,1,60,2,0,667,Fair
9756,39,20067.87,10.6,4.6,8,0.795,0.313,0,60,1,0,487,Risky
9757,27,122793.14,4.0,26.0,13,0.173,0.144,0,0,0,0,788,Excellent
9758,54,38707.75,4.1,5.6,10,0.451,0.3,0,90,1,0,489,Risky
9759,46,133760.36,15.8,18.4,5,0.55,0.258,0,0,2,0,666,Fair
9760,38,19132.44,1.1,1.0,11,0.488,0.469,3,0,0,1,325,Risky
9761,21,29452.32,6.0,3.5,8,0.616,0.43,1,0,1,0,488,Risky
9762,25,4489.37,12.9,1.4,7,0.404,0.231,2,0,1,0,440,Risky
9763,34,64527.44,5.0,8.0,10,0.059,0.423,3,90,1,0,487,Risky
9764,30,24289.04,5.6,0.1,9,0.326,0.402,1,30,0,0,467,Risky
9765,21,32758.4,1.3,9.0,8,0.308,0.052,0,60,0,0,538,Risky
9766,35,25003.67,8.8,9.6,8,0.279,0.188,4,30,0,0,541,Risky
9767,35,101664.65,1.8,5.8,13,0.576,0.334,3,0,1,0,546,Risky
9768,40,55529.44,3.1,7.2,7,0.273,0.377,1,0,0,0,620,Poor
9769,34,86761.1,2.1,2.8,6,0.372,0.242,1,0,2,0,602,Poor
9770,45,14410.42,1.8,19.0,10,0.531,0.098,0,0,1,0,619,Poor
9771,34,43232.01,3.2,1.7,8,0.42,0.46,1,0,3,0,478,Risky
9772,29,32133.35,0.4,7.7,6,0.291,0.271,3,0,0,0,539,Risky
9773,44,11006.79,1.7,5.4,8,0.044,0.229,0,0,1,0,548,Risky
9774,53,78684.3,6.9,0.3,8,0.331,0.398,4,0,0,1,381,Risky
9775,39,28073.88,2.1,23.9,10,0.527,0.398,0,0,2,0,652,Fair
9776,56,30211.33,7.4,1.0,9,0.304,0.186,2,0,0,0,552,Very Poor
9777,36,22497.86,2.9,4.4,10,0.09,0.241,1,0,3,0,523,Risky
9778,26,25429.48,4.4,0.1,9,0.022,0.276,0,0,0,0,576,Very Poor
9779,43,41486.77,3.1,4.1,5,0.335,0.231,2,0,2,0,528,Risky
9780,37,32967.69,3.9,16.1,3,0.157,0.292,1,0,1,0,609,Poor
9781,36,14941.03,5.4,4.4,7,0.246,0.409,5,0,0,0,451,Risky
9782,42,30100.19,2.8,10.5,9,0.041,0.393,0,0,0,0,597,Very Poor
9783,39,101290.99,2.3,3.5,5,0.307,0.483,1,30,0,0,528,Risky
9784,47,52302.7,7.8,4.4,9,0.355,0.261,2,0,0,0,568,Very Poor
9785,49,55606.21,5.8,0.1,11,0.015,0.311,0,30,0,0,525,Risky
9786,49,49202.95,10.5,10.8,8,0.373,0.206,1,30,0,0,572,Very Poor
9787,38,30914.03,0.3,6.0,6,0.082,0.228,0,0,0,0,628,Poor
9788,44,72133.69,3.0,12.1,7,0.497,0.382,1,0,0,0,648,Poor
9789,44,29930.93,2.8,10.9,6,0.551,0.053,0,0,1,0,556,Very Poor
9790,25,12245.79,4.7,0.6,8,0.265,0.258,0,0,0,1,390,Risky
9791,42,40431.17,4.2,9.8,9,0.366,0.351,3,90,1,0,461,Risky
9792,31,144662.34,0.1,4.2,9,0.136,0.435,0,0,0,0,687,Fair
9793,55,127859.36,1.5,5.0,12,0.264,0.202,1,0,2,0,625,Poor
9794,39,20100.23,0.6,11.0,11,0.263,0.066,0,120,0,0,525,Risky
9795,38,32449.41,2.4,0.0,8,0.233,0.488,1,0,3,0,492,Risky
9796,46,148451.95,3.5,16.5,8,0.203,0.328,1,30,0,0,669,Fair
9797,32,23233.88,5.2,8.9,6,0.114,0.242,0,30,3,0,530,Risky
9798,21,46027.93,0.2,6.3,4,0.207,0.239,2,60,0,0,525,Risky
9799,38,100696.7,3.2,12.6,5,0.096,0.376,0,0,1,0,729,Good
9800,34,51292.58,12.4,0.5,8,0.483,0.419,2,0,0,0,501,Risky
9801,27,33653.0,16.9,1.5,13,0.03,0.135,1,0,2,0,564,Very Poor
9802,36,17389.48,0.6,2.1,2,0.394,0.471,0,0,1,0,557,Very Poor
9803,48,35914.75,7.9,0.6,13,0.3,0.298,0,0,0,0,590,Very Poor
9804,49,26887.92,15.4,18.1,11,0.236,0.297,2,0,1,0,633,Poor
9805,47,23786.83,6.7,18.4,6,0.263,0.139,2,0,0,0,626,Poor
9806,47,62375.73,0.9,1.1,6,0.169,0.598,3,0,2,0,499,Risky
9807,21,38856.36,1.5,6.6,12,0.146,0.567,1,0,1,0,551,Very Poor
9808,44,31005.18,5.8,12.5,6,0.219,0.144,1,0,0,0,639,Poor
9809,52,18792.4,1.7,4.3,12,0.629,0.221,1,0,1,0,565,Very Poor
9810,23,52514.02,2.0,3.4,14,0.133,0.409,2,30,4,0,471,Risky
9811,21,16028.54,0.3,3.2,7,0.321,0.347,0,0,3,0,532,Risky
9812,57,48253.53,2.1,2.4,6,0.359,0.216,1,0,2,0,527,Risky
9813,28,28244.05,6.2,2.0,7,0.049,0.286,0,0,0,0,583,Very Poor
9814,41,79784.07,6.2,18.3,6,0.368,0.334,2,0,1,0,671,Fair
9815,26,92035.46,19.9,1.0,13,0.516,0.528,0,0,3,1,483,Risky
9816,33,91077.99,6.1,24.3,6,0.146,0.061,0,0,1,0,726,Good
9817,31,96719.88,0.3,3.0,9,0.305,0.126,0,0,1,0,570,Very Poor
9818,21,34790.34,9.6,2.7,6,0.288,0.294,1,0,3,0,492,Risky
9819,45,43859.23,10.2,27.8,11,0.23,0.322,2,0,1,0,726,Good
9820,26,10146.48,6.0,10.9,6,0.204,0.504,1,0,0,0,496,Risky
9821,68,94086.87,4.6,5.5,16,0.453,0.381,0,0,4,0,589,Very Poor
9822,50,34997.29,4.7,4.7,5,0.247,0.624,2,0,0,0,571,Very Poor
9823,36,113423.57,10.8,1.4,10,0.12,0.358,0,90,3,0,524,Risky
9824,45,104989.14,14.0,8.4,13,0.529,0.107,1,0,1,0,608,Poor
9825,53,54780.14,7.4,3.1,7,0.319,0.411,3,0,0,0,528,Risky
9826,30,20213.87,0.2,7.8,6,0.311,0.213,1,0,1,0,529,Risky
9827,31,100975.39,1.5,5.3,8,0.182,0.383,2,0,0,0,656,Fair
9828,40,90385.66,4.3,3.9,2,0.048,0.126,0,0,2,0,603,Poor
9829,34,57399.91,7.6,5.0,4,0.062,0.261,0,0,2,0,676,Fair
9830,31,165773.87,7.3,3.5,12,0.07,0.683,1,60,2,0,594,Very Poor
9831,21,62773.12,2.9,8.8,12,0.264,0.408,0,30,2,0,540,Risky
9832,50,102803.6,0.5,1.7,10,0.558,0.346,2,0,0,0,508,Risky
9833,49,18530.4,0.2,0.9,6,0.587,0.261,0,0,1,0,514,Risky
9834,28,141968.84,5.1,7.7,7,0.392,0.296,0,0,1,0,652,Fair
9835,27,32219.77,2.8,0.2,3,0.184,0.193,3,0,0,0,493,Risky
9836,35,35339.37,2.0,2.0,11,0.435,0.452,2,0,2,0,515,Risky
9837,59,33578.89,3.1,0.1,11,0.376,0.365,1,30,0,1,420,Risky
9838,65,106170.14,5.0,0.3,12,0.316,0.139,0,0,2,0,613,Poor
9839,29,82387.83,10.8,1.1,7,0.31,0.288,0,0,1,0,571,Very Poor
9840,41,66640.0,0.7,3.5,9,0.296,0.182,1,30,1,0,540,Risky
9841,45,18689.09,1.6,17.0,5,0.301,0.257,0,0,2,0,626,Poor
9842,41,67571.57,9.8,13.1,8,0.046,0.308,1,0,0,0,665,Fair
9843,21,90021.15,8.8,21.6,6,0.416,0.573,0,0,3,0,685,Fair
9844,21,26239.2,2.8,15.2,9,0.256,0.114,1,0,0,0,588,Very Poor
9845,36,38011.66,3.3,14.8,6,0.006,0.39,1,0,2,0,647,Poor
9846,56,23770.96,10.3,2.1,13,0.289,0.066,1,0,3,0,517,Risky
9847,44,14374.85,13.2,3.4,7,0.216,0.363,2,0,2,0,468,Risky
9848,30,21414.28,4.7,10.8,5,0.127,0.069,1,30,0,0,548,Risky
9849,21,40700.01,2.0,13.5,4,0.344,0.263,0,30,0,1,557,Very Poor
9850,38,14031.85,3.1,6.3,7,0.057,0.219,1,0,0,0,548,Risky
9851,31,20220.61,0.4,12.8,11,0.343,0.214,0,60,2,0,546,Risky
9852,38,62372.14,0.1,16.3,8,0.253,0.307,1,0,2,0,648,Poor
9853,22,86604.63,10.3,1.8,9,0.248,0.49,0,0,0,0,609,Poor
9854,41,76796.17,4.8,6.3,3,0.239,0.362,0,0,0,0,611,Poor
9855,40,285696.84,13.5,1.5,7,0.182,0.377,0,0,0,1,574,Very Poor
9856,49,12084.31,3.1,6.5,14,0.266,0.254,2,90,2,0,486,Risky
9857,54,97869.9,8.3,6.5,14,0.45,0.398,1,0,1,0,588,Very Poor
9858,26,81238.78,6.5,0.8,10,0.031,0.226,0,0,0,0,635,Poor
9859,43,11699.43,3.9,24.2,15,0.174,0.533,2,0,1,0,557,Very Poor
9860,46,44539.47,6.7,4.5,8,0.056,0.237,1,30,0,0,586,Very Poor
9861,37,19862.21,7.2,5.9,6,0.207,0.169,0,0,2,0,539,Risky
9862,43,38440.9,6.8,13.5,9,0.473,0.611,2,120,0,0,519,Risky
9863,59,61561.26,1.7,4.7,11,0.541,0.36,2,0,0,0,540,Risky
9864,41,34771.75,11.2,13.3,10,0.496,0.126,1,0,1,0,544,Risky
9865,32,35086.43,6.0,11.4,10,0.417,0.466,0,0,4,0,530,Risky
9866,27,8321.55,3.6,0.5,13,0.369,0.431,3,0,1,0,407,Risky
9867,44,27997.27,10.7,1.6,6,0.317,0.221,0,0,2,0,485,Risky
9868,41,106137.37,0.8,10.3,6,0.505,0.19,0,60,0,0,670,Fair
9869,54,104203.59,16.9,30.1,7,0.236,0.271,1,0,0,0,767,Excellent
9870,46,47701.66,5.0,6.9,5,0.412,0.167,0,0,2,0,590,Very Poor
9871,38,25459.89,7.1,3.3,6,0.362,0.262,3,0,3,0,529,Risky
9872,27,67419.15,0.7,1.6,10,0.316,0.318,1,0,1,0,583,Very Poor
9873,31,15476.14,3.8,8.9,6,0.131,0.143,2,0,0,0,565,Very Poor
9874,55,185932.56,3.4,28.7,8,0.191,0.373,1,0,0,0,755,Excellent
9875,63,37253.26,1.7,8.7,6,0.455,0.324,1,60,0,0,581,Very Poor
9876,36,95362.39,4.4,5.5,12,0.369,0.396,0,30,0,0,604,Poor
9877,27,161152.95,11.3,0.2,7,0.39,0.426,2,30,1,0,613,Poor
9878,44,19537.96,10.3,0.5,7,0.286,0.115,3,90,1,0,436,Risky
9879,33,50242.17,15.9,11.2,9,0.362,0.272,3,0,0,0,557,Very Poor
9880,50,27822.71,0.4,4.4,8,0.484,0.202,1,60,0,0,500,Risky
9881,32,7387.17,1.1,14.0,6,0.312,0.35,3,0,0,0,456,Risky
9882,25,76004.09,0.1,4.2,8,0.351,0.193,0,30,1,0,588,Very Poor
9883,29,14190.26,20.2,1.9,6,0.216,0.379,0,0,1,0,591,Very Poor
9884,47,18911.75,6.5,14.0,6,0.24,0.168,1,60,2,0,503,Risky
9885,22,241226.14,5.2,9.0,10,0.424,0.155,1,90,1,0,657,Fair
9886,29,30544.03,2.4,9.0,10,0.29,0.263,2,0,0,0,551,Very Poor
9887,21,113896.83,4.4,4.8,13,0.032,0.273,1,0,4,0,634,Poor
9888,50,64481.85,1.9,3.3,9,0.215,0.174,0,0,0,0,610,Poor
9889,35,58565.93,13.7,1.6,5,0.204,0.513,0,60,1,0,559,Very Poor
9890,21,14478.98,5.6,1.8,6,0.452,0.161,1,0,0,0,538,Risky
9891,38,45329.46,1.7,7.0,6,0.068,0.114,1,0,1,0,604,Poor
9892,31,154872.36,0.4,6.3,6,0.59,0.26,0,0,0,0,685,Fair
9893,39,43720.2,3.6,3.5,10,0.111,0.421,1,0,1,0,553,Very Poor
9894,35,37951.32,6.3,1.9,7,0.166,0.342,0,0,1,0,581,Very Poor
9895,49,304877.93,10.9,0.1,10,0.068,0.204,1,0,2,0,659,Fair
9896,28,68397.1,3.2,8.7,10,0.06,0.624,1,0,1,0,618,Poor
9897,56,26260.85,3.3,8.2,5,0.19,0.56,2,0,1,0,572,Very Poor
9898,42,37899.56,5.5,6.0,10,0.469,0.358,1,60,3,0,498,Risky
9899,46,40213.85,29.3,1.7,10,0.36,0.174,0,0,0,1,484,Risky
9900,37,123671.61,7.2,16.0,5,0.404,0.349,1,60,1,0,601,Poor
9901,41,157050.35,18.1,9.4,9,0.363,0.119,0,0,1,0,695,Fair
9902,23,69233.67,2.7,2.3,6,0.383,0.43,2,0,0,0,583,Very Poor
9903,69,68950.23,4.1,11.3,4,0.315,0.256,2,0,0,0,582,Very Poor
9904,29,334423.67,0.3,20.9,6,0.555,0.153,1,0,2,0,760,Excellent
9905,37,34129.49,3.2,2.6,8,0.501,0.311,0,30,0,0,497,Risky
9906,21,48191.36,3.6,8.9,12,0.818,0.357,1,0,2,0,586,Very Poor
9907,32,25873.35,2.5,9.3,5,0.252,0.533,2,30,0,0,550,Risky
9908,32,39383.95,2.3,2.6,7,0.498,0.376,0,0,0,0,577,Very Poor
9909,34,22935.22,1.1,4.3,7,0.087,0.421,1,60,0,0,513,Risky
9910,55,28924.08,9.1,17.1,6,0.561,0.219,0,0,1,0,598,Very Poor
9911,21,81515.36,6.9,12.3,9,0.206,0.404,1,60,1,0,576,Very Poor
9912,52,59037.96,3.7,9.1,11,0.099,0.274,2,0,2,0,550,Risky
9913,26,43426.25,1.1,37.6,8,0.029,0.309,1,0,0,0,781,Excellent
9914,37,168592.88,21.1,10.8,6,0.401,0.462,1,0,0,0,695,Fair
9915,36,76303.51,11.2,5.5,9,0.303,0.389,1,30,1,0,588,Very Poor
9916,41,61795.01,6.5,0.3,9,0.431,0.154,1,0,1,0,526,Risky
9917,51,93313.37,10.0,1.1,10,0.211,0.323,1,0,3,0,607,Poor
9918,47,51505.54,3.6,2.6,9,0.346,0.269,3,30,3,0,506,Risky
9919,49,22883.8,2.6,5.3,5,0.292,0.374,1,0,0,0,572,Very Poor
9920,37,28106.46,4.3,15.5,9,0.011,0.272,0,0,2,1,537,Risky
9921,32,40412.95,1.0,1.5,13,0.579,0.468,1,60,3,0,442,Risky
9922,38,24324.83,3.7,3.5,7,0.591,0.294,1,0,0,0,515,Risky
9923,27,62055.46,9.3,15.2,6,0.115,0.466,4,0,0,0,580,Very Poor
9924,52,13300.62,6.4,0.7,3,0.333,0.262,3,0,1,0,422,Risky
9925,44,121520.67,3.2,3.9,11,0.075,0.167,0,0,2,0,625,Poor
9926,57,40208.63,1.2,12.8,9,0.511,0.306,0,0,2,0,605,Poor
9927,24,140535.81,8.0,0.3,11,0.15,0.177,1,30,0,0,595,Very Poor
9928,32,88026.99,0.2,1.0,14,0.237,0.161,0,0,1,1,517,Risky
9929,52,77662.31,2.2,2.4,10,0.331,0.537,3,30,0,0,500,Risky
9930,49,64976.34,3.2,0.2,10,0.06,0.379,0,0,1,0,568,Very Poor
9931,37,72250.66,0.3,8.3,5,0.167,0.459,1,0,1,0,646,Poor
9932,68,12779.03,1.6,12.9,15,0.279,0.217,1,0,1,0,590,Very Poor
9933,36,209927.99,0.8,11.4,7,0.089,0.116,2,0,0,0,679,Fair
9934,33,15592.37,10.1,7.9,8,0.287,0.569,2,0,0,0,483,Risky
9935,21,38094.92,1.5,8.6,11,0.089,0.183,1,30,0,0,666,Fair
9936,33,20476.28,5.9,9.6,4,0.356,0.048,1,90,1,1,440,Risky
9937,59,55224.3,14.7,1.7,11,0.157,0.244,0,0,1,0,601,Poor
9938,35,28413.82,0.5,2.6,10,0.34,0.15,0,0,0,0,552,Very Poor
9939,22,52620.18,0.2,18.4,4,0.421,0.276,1,0,3,0,672,Fair
9940,36,108490.61,1.7,0.6,10,0.383,0.063,1,0,1,0,564,Very Poor
9941,27,116109.05,2.0,7.4,8,0.075,0.21,1,60,0,0,591,Very Poor
9942,51,198818.44,4.6,2.0,7,0.434,0.046,1,0,1,0,667,Fair
9943,21,45060.81,2.4,2.3,7,0.115,0.054,2,0,1,0,529,Risky
9944,32,18689.51,0.1,9.8,4,0.193,0.347,0,0,1,0,582,Very Poor
9945,44,123667.39,2.2,11.2,16,0.334,0.482,2,0,1,0,628,Poor
9946,27,109511.52,1.7,3.2,7,0.374,0.355,0,0,0,0,661,Fair
9947,55,43840.35,13.5,3.7,13,0.092,0.193,1,0,1,0,544,Risky
9948,37,78987.3,4.1,0.5,6,0.25,0.211,3,0,0,0,646,Poor
9949,36,29095.23,1.1,7.3,10,0.335,0.293,2,0,2,0,432,Risky
9950,43,41860.64,3.5,2.1,7,0.709,0.097,2,0,0,0,526,Risky
9951,60,24343.61,6.5,4.5,7,0.16,0.145,0,30,1,0,514,Risky
9952,40,61630.4,9.8,0.0,6,0.334,0.341,0,0,1,0,561,Very Poor
9953,26,81501.3,7.1,19.9,7,0.248,0.275,1,0,2,0,695,Fair
9954,38,80611.01,6.1,0.4,6,0.172,0.148,2,0,2,0,589,Very Poor
9955,55,607212.53,1.1,1.9,10,0.229,0.471,1,30,2,0,623,Poor
9956,41,8160.88,2.0,4.3,13,0.189,0.208,0,0,1,0,488,Risky
9957,40,15307.09,1.2,2.2,12,0.191,0.558,1,0,0,0,557,Very Poor
9958,36,58555.07,3.3,12.5,5,0.291,0.108,0,30,4,0,644,Poor
9959,28,38216.75,10.5,4.4,11,0.194,0.57,0,0,0,0,588,Very Poor
9960,26,26023.23,8.3,3.7,9,0.578,0.343,2,0,0,0,533,Risky
9961,58,12567.15,5.1,7.2,7,0.255,0.113,0,0,1,0,546,Risky
9962,59,96923.59,9.3,5.9,9,0.569,0.427,1,0,0,0,567,Very Poor
9963,51,75113.98,1.9,6.1,11,0.166,0.244,1,0,1,0,619,Poor
9964,45,43017.33,9.8,8.9,4,0.154,0.178,3,0,0,0,512,Risky
9965,31,152064.44,1.9,27.8,10,0.142,0.396,3,0,0,0,761,Excellent
9966,28,176873.81,1.0,0.9,12,0.026,0.203,0,120,2,0,563,Very Poor
9967,33,45618.68,4.4,4.8,10,0.394,0.558,2,0,0,1,418,Risky
9968,23,8866.71,1.2,14.4,11,0.308,0.346,1,0,0,0,602,Poor
9969,36,121988.34,3.7,1.8,6,0.294,0.538,1,0,3,0,573,Very Poor
9970,24,47140.94,20.1,5.8,9,0.274,0.185,1,0,1,0,570,Very Poor
9971,39,64844.04,0.3,8.8,10,0.353,0.419,0,0,0,0,659,Fair
9972,26,42828.83,12.3,29.9,5,0.156,0.394,1,90,1,0,627,Poor
9973,41,45115.87,1.5,4.5,12,0.187,0.353,0,0,1,0,604,Poor
9974,29,150652.13,1.4,2.0,6,0.254,0.646,0,0,0,0,639,Poor
9975,30,11917.68,4.8,12.9,7,0.094,0.391,0,30,1,0,540,Risky
9976,34,20960.04,0.4,17.4,11,0.214,0.167,2,60,1,1,393,Risky
9977,51,59092.51,1.1,4.1,5,0.169,0.221,0,90,1,0,595,Very Poor
9978,44,131461.2,11.3,3.5,7,0.443,0.159,3,90,0,0,568,Very Poor
9979,50,57944.98,0.6,3.9,3,0.198,0.164,2,0,2,0,534,Risky
9980,24,21737.86,8.2,1.0,8,0.176,0.193,1,0,2,0,466,Risky
9981,32,85582.71,9.9,2.6,4,0.313,0.157,1,0,3,0,639,Poor
9982,43,7622.53,3.4,5.6,5,0.025,0.053,1,0,0,0,496,Risky
9983,54,24586.29,4.1,1.2,10,0.142,0.114,1,0,3,0,512,Risky
9984,28,639841.86,4.2,17.6,10,0.29,0.149,1,90,2,0,737,Good
9985,21,8988.0,3.2,6.8,9,0.365,0.531,0,0,0,0,505,Risky
9986,28,30725.52,0.8,5.6,10,0.397,0.365,0,0,2,0,499,Risky
9987,60,13273.09,4.6,8.1,6,0.311,0.3,2,0,2,0,474,Risky
9988,62,19065.19,9.4,3.3,7,0.086,0.122,2,0,2,0,507,Risky
9989,43,38023.78,1.5,10.5,6,0.469,0.475,0,0,1,0,653,Fair
9990,43,88679.8,5.4,2.0,7,0.757,0.458,1,0,0,0,577,Very Poor
9991,53,21655.17,1.5,2.1,7,0.619,0.295,1,0,2,0,449,Risky
9992,33,70834.12,5.4,0.8,2,0.144,0.704,2,0,0,0,547,Risky
9993,37,82399.6,21.5,7.5,6,0.286,0.191,0,30,3,0,607,Poor
9994,47,46701.74,0.6,3.2,10,0.552,0.239,1,120,2,0,522,Risky
9995,44,102597.7,1.0,6.1,10,0.184,0.445,0,0,1,0,633,Poor
9996,50,88825.9,1.7,20.4,7,0.22,0.314,3,0,0,0,640,Poor
9997,26,23987.6,18.3,6.0,12,0.247,0.641,1,0,2,0,559,Very Poor
9998,44,66237.49,9.0,12.2,5,0.157,0.369,3,0,1,0,644,Poor
9999,27,98911.8,9.6,5.6,3,0.096,0.333,1,0,2,0,595,Very Poor
10000,22,29305.67,6.0,6.2,12,0.468,0.146,0,0,2,0,609,Poor
