transaction_id,amount,transaction_hour,day_of_week,merchant_category,distance_from_home,days_since_last_transaction,transaction_count_24h,is_international,is_fraud
351,123.15,19,0,retail,0.6,0.9073670991440113,2,0,0
565,19.34,21,3,bills,4.4,0.9994740876510253,0,0,0
3871,26.39,14,0,retail,1.4,5.058766332375086,1,0,0
5283,11.87,19,0,entertainment,3.0,8.469551033108239,0,0,0
6636,84.51,21,5,bills,6.2,0.30087900428391867,1,0,0
7282,19.78,13,0,transport,6.4,0.6346647667217853,1,0,0
6530,86.68,22,1,food,4.1,2.1783731360340224,4,0,0
778,3.89,17,4,food,4.4,0.314180858513449,1,0,0
4777,104.2,14,3,food,17.5,1.7095747937117975,2,0,0
7158,105.05,13,5,retail,1.2,1.3760067701940277,1,0,0
3811,14.24,10,6,bills,2.5,2.919061470586804,2,0,0
1071,626.36,10,5,retail,3.6,1.7974976999731942,3,0,0
4199,159.53,6,6,food,0.3,0.8027179233106669,0,0,0
503,8.53,17,6,entertainment,6.2,0.8929492486105609,0,0,0
8141,256.38,17,6,entertainment,2.1,5.130714906163446,3,0,0
4167,937.22,16,5,entertainment,3.7,5.642896188306172,2,0,0
6954,27.33,20,2,entertainment,1.7,0.8107709611559049,2,0,0
5071,563.51,23,6,transport,7.9,6.050924634358079,6,0,0
9466,126.95,11,0,food,1.7,1.940409301719228,4,0,0
7376,132.23,17,2,food,4.1,1.8737744738265394,2,0,0
3336,183.45,15,5,bills,5.3,19.17504175726369,2,0,0
5851,236.22,15,5,bills,3.7,5.481790466888151,1,0,0
3831,23.94,22,4,entertainment,1.0,6.0470264041844,2,0,0
994,28.98,6,5,retail,3.4,6.141717040058172,4,1,0
7995,24.93,19,4,retail,1.3,6.86759979207366,0,0,0
2180,282.18,9,4,entertainment,0.1,16.74417019814404,2,0,0
3477,22.18,6,0,food,2.8,5.1908484290771675,3,0,0
7176,6.69,10,0,transport,5.8,0.21455551085272273,3,0,0
7389,36.98,9,3,retail,0.3,3.431650915391774,3,1,0
166,336.7,21,2,transport,1.8,0.31206472134240526,2,0,0
5314,460.73,11,1,retail,13.0,4.076874952505655,1,0,0
3345,6.16,18,6,bills,13.7,1.9828118630749245,1,0,0
3314,65.38,14,5,retail,1.0,0.843363566805093,1,0,0
5993,21.51,6,2,entertainment,2.5,1.4949967137212208,0,0,0
3682,150.37,7,4,transport,18.3,1.191258372339461,3,0,0
4045,9.86,17,6,retail,21.7,0.23358063262358253,1,0,0
3079,3.1,19,4,retail,4.2,0.11531854148111255,2,0,0
2063,113.68,13,3,retail,1.4,0.568279582244008,3,0,0
2071,13.93,15,6,entertainment,8.6,6.79669725742345,2,0,0
3633,219.55,10,2,bills,7.8,0.8932288060210853,1,0,0
7845,22.59,22,3,entertainment,2.5,0.37929869845625674,0,0,0
4971,6600.63,10,4,retail,22.7,0.3876177257007667,1,0,0
8234,620.59,22,3,food,1.9,2.9120186478239938,1,0,0
9814,38.61,2,5,bills,146.2,0.052315613048400385,8,1,1
1813,9.35,14,4,food,6.2,4.290973327864865,1,0,0
5406,72.98,20,4,transport,1.1,5.167588887748397,1,0,0
3228,84.36,20,2,transport,0.6,0.35146373937142633,2,0,0
1486,56.7,16,1,retail,1.0,1.4784347099711812,2,0,0
1630,1025.85,23,0,food,1.0,1.5110555962025038,1,0,0
1575,385.15,20,4,bills,3.4,2.3955536722075053,2,0,0
2194,13.02,12,6,entertainment,5.8,5.150992540671867,2,0,0
472,43.79,18,3,food,10.9,4.65015385381629,3,0,0
9551,325.06,13,1,entertainment,6.5,0.46383012733245255,0,0,0
8441,7.56,19,1,transport,1.3,2.065922417197476,1,0,0
6037,40.38,13,1,transport,1.4,1.9758933467638875,1,0,0
2305,30.56,18,3,retail,6.2,7.552233862130586,2,0,0
8692,75.5,19,3,transport,2.1,7.973711104039684,1,0,0
2693,60.1,17,1,entertainment,3.4,3.2675280943446645,6,0,0
8743,824.52,22,5,entertainment,4.3,9.773464075677701,2,0,0
7631,100.19,20,3,food,1.1,6.028752172881334,2,0,0
614,2.49,17,3,food,9.8,2.0461838800146492,1,0,0
8134,6.2,18,3,retail,0.9,3.181185544867285,1,0,0
8453,17.9,14,1,food,9.3,1.087168598969163,3,0,0
9568,90.39,19,6,transport,1.3,1.2410656744212853,0,0,0
2787,14.98,0,4,bills,17.6,3.952959631664133,0,0,0
9312,194.85,21,5,bills,12.4,0.6522337051818945,3,0,0
6762,100.67,21,5,entertainment,2.9,1.1916818307490353,2,0,0
1791,81.41,19,3,retail,0.2,2.074615771050471,3,0,0
7065,216.39,18,2,entertainment,2.3,0.19008101227070062,0,0,0
8137,158.28,18,0,food,2.1,0.5319512670523423,1,0,0
913,80.76,22,0,transport,13.7,3.4870203645718485,4,0,0
8513,8.46,6,6,retail,2.1,5.537794059639662,2,0,0
160,222.83,19,5,bills,7.2,6.7293673793853355,1,0,0
8645,87.76,18,5,transport,0.3,4.649061059641747,1,0,0
2352,246.65,6,6,entertainment,3.2,3.3064902705412416,1,0,0
9206,122.21,14,0,retail,11.1,2.1876659329092845,4,0,0
2793,40.01,15,6,entertainment,0.4,5.431649228214114,3,0,0
8963,148.65,11,5,retail,0.4,2.130204239423505,2,0,0
3051,14.36,19,3,transport,0.9,4.388309167661638,3,0,0
3720,170.58,19,0,transport,10.0,0.6446597622314374,3,0,0
4502,16.02,14,5,entertainment,4.4,1.7903426805949356,2,0,0
8562,231.75,23,0,bills,0.1,0.8400483996724077,2,0,0
2433,73.3,18,6,bills,0.0,7.658859775848904,2,0,0
8949,30.24,15,0,food,15.3,3.227970676684856,0,0,0
2665,271.51,11,4,retail,6.1,4.860846735021389,2,0,0
1603,46.21,12,2,food,0.4,6.505713117067799,3,0,0
8633,21.31,12,4,transport,1.8,1.8494979543754844,4,0,0
3792,90.36,17,3,transport,19.9,6.521736153374265,1,0,0
9648,423.62,13,3,transport,5.8,5.035553991608383,1,0,0
3074,23.72,7,1,retail,5.8,5.941760240707586,2,0,0
1413,97.09,1,3,transport,0.4,3.5687253054952137,3,0,0
9698,100.27,4,6,retail,4.3,0.6197822537638502,3,0,0
8646,176.88,16,4,entertainment,9.2,4.482394651181279,4,0,0
5931,12.56,17,3,entertainment,4.9,2.3193097864043906,2,0,0
6694,31.94,12,1,transport,4.8,5.396771359649492,1,0,0
7297,32.22,21,4,entertainment,3.8,1.4624402430847858,4,0,0
1309,47.05,1,4,entertainment,16.1,3.9854043242864217,0,0,0
3689,20.43,15,1,retail,4.7,2.6229645585956627,1,0,0
2539,29.08,13,5,retail,0.2,9.381711420175575,2,0,0
4134,26.02,23,4,entertainment,0.5,0.006581331058701824,2,0,0
5031,13.98,2,2,food,15.8,5.602848926908514,2,0,0
6348,73.74,18,2,retail,5.2,3.2754330875777007,3,0,0
6617,5.11,7,0,bills,0.6,1.7151128139233607,0,0,0
8709,463.37,12,0,food,2.4,0.4935644268682278,4,0,0
3003,2.62,12,5,entertainment,15.2,4.764097359035516,2,0,0
6362,11.51,20,3,entertainment,2.8,1.275832808339084,0,0,0
1817,121.38,20,4,retail,5.6,1.1120729425836258,3,0,0
1865,15.51,9,4,bills,9.3,0.2585278932695345,1,0,0
6994,88.48,17,0,entertainment,2.9,0.2911580114725121,0,0,0
1930,36.44,6,2,retail,20.9,3.6936414344042596,3,0,0
5245,16.69,14,4,food,8.3,3.3411267039166357,1,1,0
957,104.81,8,2,retail,1.6,4.997478656980826,3,0,0
1018,115.36,15,2,transport,8.2,0.2499071312577319,1,0,0
3875,141.08,20,5,transport,1.7,2.72798692778188,1,0,0
2849,43.92,13,5,transport,10.3,1.8849910082813386,0,0,0
8102,66.56,17,5,retail,7.8,2.5239315201330075,2,0,0
8443,86.55,16,1,bills,4.4,0.8489827812325642,1,0,0
236,46.59,20,5,transport,1.7,1.3022656461620632,0,0,0
6790,110.5,10,4,entertainment,0.5,3.254031041599139,1,0,0
1907,71.56,2,5,food,1.4,4.9905626674382795,2,0,0
2431,40.12,15,6,retail,17.1,3.423676266444409,2,0,0
188,20.22,21,5,bills,1.3,3.5149780346196766,1,0,0
8151,45.44,18,2,transport,1.5,2.0426293867653302,6,0,0
7908,5.04,10,0,entertainment,6.7,0.4781809029727171,1,0,0
4001,38.81,20,5,food,1.9,3.087786696653752,0,0,0
8029,191.02,15,6,entertainment,2.6,0.7268247730384506,0,0,0
6359,143.19,7,5,transport,2.5,0.7904898269386897,3,0,0
3097,261.31,6,0,transport,4.2,0.18585770614927055,5,0,0
4900,289.82,13,3,food,2.0,1.945291056097071,2,0,0
4527,73.23,12,5,retail,0.2,0.579130863082111,3,0,0
711,13.06,21,6,entertainment,0.9,4.999315141554536,2,0,0
8507,75.35,14,0,transport,11.9,1.444112303436939,2,0,0
4299,97.28,6,3,transport,3.0,6.985329489666105,0,0,0
6604,2.34,13,1,food,11.8,4.6055542937634915,2,0,0
7320,17.4,15,2,entertainment,7.1,20.740758305162565,2,0,0
6227,39.05,12,3,transport,5.3,0.7066269568570498,2,0,0
5448,9.65,6,5,transport,6.5,3.6923561899440225,0,0,0
1214,33.28,16,4,food,3.8,0.3015742714619472,1,0,0
2492,30.87,10,1,transport,2.0,2.948063734144767,3,0,0
7454,17.49,22,6,transport,2.3,1.0304203969013284,2,0,0
5517,2.01,11,0,transport,11.7,3.318450406339692,1,0,0
9037,56.01,19,2,food,3.3,0.9803675729174828,2,0,0
1856,251.12,9,1,transport,0.4,4.482043008693267,1,0,0
3090,40.61,22,0,entertainment,1.3,2.8486846828909242,2,0,0
9735,13.31,20,4,retail,14.1,0.25688609406910423,2,0,0
8890,19.81,16,0,transport,0.9,4.466111499714536,1,0,0
3460,36.64,21,4,retail,0.8,1.5614537079556476,3,0,0
6221,28.16,15,4,transport,9.9,0.3754185758892856,1,0,0
336,7.39,11,4,entertainment,1.9,2.974311500931802,1,0,0
7866,301.42,6,6,retail,2.2,3.6185528771440185,2,0,0
7969,76.51,4,1,entertainment,3.1,0.6944722497555345,2,0,0
4879,25.03,13,6,entertainment,1.6,1.3868893697547575,2,1,0
3286,6.41,22,3,transport,3.2,2.7832256346846798,1,0,0
4968,52.92,11,2,food,3.6,0.14427689444184222,4,0,0
1315,67.4,13,0,food,1.6,2.2810937442758874,5,0,0
9962,3125.95,8,6,bills,251.2,35.44121354479632,14,1,1
7077,21.11,21,2,retail,18.5,3.920947341039547,6,0,0
307,43.79,3,6,transport,15.7,6.056372475675332,0,0,0
2704,120.64,21,0,bills,7.3,23.38993671122729,5,0,0
1963,41.77,20,6,entertainment,1.2,4.12834666650494,3,0,0
8867,22.77,16,2,bills,3.3,8.41049647752471,1,0,0
982,63.72,3,5,bills,7.6,0.7570952401925077,1,0,0
9627,377.16,13,4,food,0.9,0.0023181114848447298,3,0,0
1934,12.83,18,4,retail,6.5,1.0579490027447476,0,0,0
8702,495.75,14,4,entertainment,1.9,0.11826473602286011,8,0,0
2319,5.39,23,0,retail,0.6,0.12726032999342957,2,0,0
4095,31.81,9,6,bills,2.9,0.6470971494436596,2,0,0
1919,13.67,7,5,bills,0.2,3.164628971477839,2,0,0
5455,116.53,12,2,transport,18.9,1.1664320070228884,3,0,0
5345,134.67,10,5,transport,10.2,1.8139463397813946,1,0,0
7172,7.41,6,3,food,10.9,1.627230472219449,5,0,0
2444,181.02,21,6,entertainment,0.1,0.22125943287705369,4,0,0
3294,13.58,22,6,retail,12.8,5.343017131167456,3,0,0
9936,2083.33,1,6,entertainment,3.3,14.71289831845217,8,1,1
4473,14.2,13,4,retail,1.4,9.143311264788395,3,0,0
4033,123.33,1,2,entertainment,2.5,2.9644868997192475,5,0,0
534,1252.26,16,1,transport,3.1,4.0557223756142555,1,0,0
2995,21.51,17,5,transport,1.7,1.7659974668536296,2,0,0
2817,193.03,13,0,bills,1.6,2.428436348641609,2,0,0
6063,18.43,12,0,food,12.3,0.323145523486143,0,0,0
3948,104.34,20,6,food,10.6,2.4822902557184143,5,0,0
3063,18.42,6,4,entertainment,7.1,1.176303780039435,3,0,0
3715,2.42,20,5,retail,0.3,13.166838972663186,2,0,0
5015,120.89,20,1,entertainment,3.1,5.957063946503778,6,0,0
2533,361.08,16,1,transport,3.3,1.0850337250720126,2,0,0
9271,20.08,16,2,transport,6.5,2.9955381288614173,2,0,0
3413,728.37,9,5,bills,3.0,1.1639337821304991,2,0,0
2653,28.32,6,2,transport,1.0,0.024391789026476277,1,0,0
5578,139.83,18,6,retail,4.0,3.485278229114348,2,0,0
7706,50.83,20,3,food,11.0,1.464369802767612,0,0,0
1613,63.74,7,3,entertainment,5.4,13.542008880431084,4,0,0
7984,44.6,8,6,transport,5.4,3.657176668609757,1,0,0
3931,27.59,21,1,retail,3.2,3.17131030067337,2,1,0
1742,1044.19,23,4,retail,5.6,4.78620998209324,4,0,0
319,17.97,19,5,transport,1.0,1.7059993800369517,2,0,0
5805,6.85,21,2,entertainment,19.8,3.828896698021386,2,0,0
4100,429.29,4,4,bills,9.8,1.3150807014858952,1,0,0
4022,14.1,18,4,entertainment,1.1,2.646765048732437,1,0,0
6282,163.7,23,2,bills,18.2,11.42924910409383,2,0,0
2847,2.38,12,4,retail,1.0,0.7596439036504323,0,0,0
9585,11.9,15,2,food,0.1,0.2638024502399639,1,0,0
7862,19.92,10,2,transport,4.3,3.786958938399844,0,0,0
536,12.72,10,4,food,3.2,12.556732426515044,1,0,0
7016,12.48,3,3,bills,7.7,0.790308689044672,2,0,0
4966,570.15,1,1,entertainment,16.2,7.828799792619769,1,0,0
4401,336.29,15,3,bills,4.2,0.6827412207602455,6,1,0
3141,42.98,21,1,food,0.6,1.1576779111911997,6,0,0
6317,10.72,20,6,retail,1.8,1.2805448043336956,3,0,0
6016,174.1,11,5,transport,4.1,3.8740859418211087,1,0,0
4258,834.67,13,4,entertainment,3.0,0.4427209569248975,2,0,0
876,35.06,23,4,entertainment,11.8,1.0792929553724135,5,0,0
1416,20.14,18,3,food,4.4,10.635467276855238,2,0,0
5144,105.51,11,0,bills,10.6,1.6493288189271804,1,0,0
5175,9.98,20,2,entertainment,5.0,1.4979345434430993,1,0,0
6906,707.0,10,0,retail,5.2,1.5684828528403902,3,0,0
3972,4.07,16,4,bills,5.4,1.1429897895563972,2,0,0
1522,134.56,11,0,transport,11.9,3.8805910906897303,3,0,0
5511,757.54,14,2,transport,8.3,0.5510855802186297,0,0,0
2742,11.9,6,5,retail,3.4,2.3198769842557594,1,0,0
6674,391.34,12,1,food,6.9,6.250986742319329,2,0,0
2687,599.26,23,5,bills,0.9,2.8626153019569536,2,0,0
4650,80.08,20,2,retail,0.4,3.1618514571721024,2,0,0
9316,33.38,16,3,entertainment,2.2,0.2254765174621573,5,0,0
4725,98.71,18,4,food,0.7,1.037071076006725,2,0,0
6000,796.2,9,4,entertainment,5.0,3.1310903712976392,2,0,0
8782,9.54,21,5,retail,8.4,1.1546287422253518,2,0,0
4622,1874.07,4,6,retail,1.6,0.9112243210843409,2,0,0
8202,6721.27,13,3,food,1.4,4.8052218889957965,0,0,0
9044,15.97,12,3,retail,11.8,0.9402742701316633,4,0,0
3624,24.17,18,2,transport,1.6,1.7164726176116738,0,0,0
4178,24.29,9,6,transport,0.9,1.427209261313868,3,0,0
8960,263.57,18,4,food,0.2,1.813284697629137,3,0,0
3818,389.39,17,5,bills,4.6,3.8272507575184775,2,0,0
4103,1.39,16,0,bills,2.0,1.3597348579791515,6,0,0
1599,36.46,9,1,entertainment,3.5,6.207672664397181,2,0,0
2523,58.88,20,6,bills,1.3,0.8206251993143877,1,0,0
3532,13.81,16,3,retail,3.5,3.648345475578938,1,0,0
9920,192.04,4,4,retail,389.6,6.824980425848839,8,1,1
5450,17.18,23,2,food,18.4,1.9548293547090974,3,0,0
9792,171.66,19,0,food,7.4,3.52669910340064,7,0,0
3598,76.66,9,0,entertainment,5.5,0.4134030778640286,0,0,0
8579,6.87,23,4,bills,4.8,0.48489477035478556,2,0,0
6889,4.37,12,6,food,8.7,3.1179169708963768,3,0,0
435,842.93,7,5,entertainment,10.3,0.7073601865825887,4,0,0
9716,16.81,23,3,food,1.1,1.7638002942678472,1,0,0
2205,36.55,18,5,entertainment,9.3,9.532465546517582,1,0,0
8045,623.12,18,5,transport,1.6,3.324291944833322,0,0,0
8119,13.5,14,2,bills,1.1,7.695806568883316,1,0,0
6248,30.55,5,6,retail,8.3,0.24657999124894975,1,0,0
7850,301.15,20,2,entertainment,2.7,2.3190000440250627,1,1,0
6897,33.63,18,1,entertainment,8.0,1.9712098583691258,5,0,0
2104,51.39,6,2,entertainment,1.2,0.32119920126344875,3,0,0
4905,226.16,18,1,food,5.4,2.851790235331424,0,0,0
2965,48.81,21,6,bills,22.0,3.7696823672852364,3,0,0
9329,3252.35,20,3,bills,7.9,1.3428653522988006,3,0,0
2708,62.89,16,5,transport,3.0,1.5335597893016752,1,0,0
9975,29.06,4,5,food,87.1,13.302335723263814,11,0,1
2287,129.73,17,1,transport,3.8,1.6524955377821788,1,0,0
4766,30.83,13,6,bills,0.2,1.6086097828690646,2,0,0
9841,290.4,5,1,retail,413.1,31.927712300937408,11,0,1
6089,19.62,11,4,retail,5.4,0.6150165102519054,0,0,0
3482,0.48,21,4,entertainment,5.6,0.7345852037572711,3,0,0
4311,13.02,10,6,transport,0.5,8.101966638470234,2,0,0
6356,8.2,6,0,entertainment,2.7,8.78222099313582,1,0,0
981,327.18,6,2,bills,2.3,3.6464867810909114,2,0,0
312,966.54,9,3,bills,5.6,1.1453674830462384,1,0,0
1490,25.85,6,6,bills,3.9,3.5054710707243566,4,0,0
78,21.86,16,0,food,3.8,1.6186113142858822,1,0,0
5225,2240.09,20,2,food,1.1,6.288598119006374,1,0,0
4531,184.68,21,5,transport,1.4,1.399419547896815,1,0,0
1007,45.35,19,0,food,0.5,0.4901892132293486,4,0,0
8790,342.11,8,5,food,1.6,2.2633640716979375,1,0,0
9959,97.41,0,2,transport,473.6,17.982606185618902,10,1,1
2904,263.26,12,0,food,2.6,5.175206435683567,1,0,0
3084,147.25,18,2,transport,8.6,0.9090456986113619,1,0,0
5277,12.78,11,3,retail,2.9,4.345877917418752,3,0,0
5558,18.34,18,4,entertainment,3.6,6.629600008977926,2,0,0
1078,97.7,14,3,transport,7.6,0.22208702038344275,3,0,0
2324,159.86,9,5,transport,4.7,0.9552722499028962,2,0,0
9481,478.41,13,3,bills,2.9,11.954714283812756,1,0,0
3039,8.88,10,5,bills,0.9,0.4983859823299467,1,0,0
3868,52.64,3,5,entertainment,5.6,4.291231299802386,3,0,0
4743,23.37,18,1,entertainment,6.6,3.7925791591320266,3,0,0
4343,30.01,17,2,retail,1.7,5.001693187128512,0,0,0
4069,60.17,17,2,bills,9.2,1.1238253580802742,5,0,0
8467,89.07,23,0,bills,3.7,0.3673062954612852,1,0,0
9796,127.33,3,5,entertainment,14.5,4.206128318197781,1,0,0
2915,3.93,12,3,retail,9.2,0.15644683701363749,5,0,0
6376,15.58,10,3,retail,8.6,6.027818738301061,3,0,0
1905,643.66,23,1,retail,3.1,0.8854371952234341,7,1,0
5577,94.34,18,5,entertainment,6.4,3.595014340161905,2,0,0
3526,65.1,8,1,transport,6.4,5.604590808462181,3,0,0
8912,12.65,5,0,bills,0.0,1.1746955479215884,1,0,0
6480,837.55,11,6,bills,6.1,2.455287307753906,3,0,0
4852,36.8,22,5,bills,7.7,0.4919872011021437,1,0,0
1899,127.35,8,4,food,1.5,1.6167994663217624,2,0,0
6862,45.78,8,2,food,7.5,0.25880312334907063,3,0,0
3693,675.1,14,3,food,11.1,5.1792154335636145,2,0,0
1945,4.3,16,6,entertainment,1.6,9.213974400808237,3,0,0
3439,129.97,12,2,retail,5.7,1.5167795356592189,0,0,0
4314,8.16,7,3,entertainment,7.8,2.628258346180734,1,0,0
8363,39.61,21,1,entertainment,11.6,1.445052695193417,0,0,0
115,39.71,13,6,food,12.2,2.71962951530489,3,0,0
5371,201.16,20,3,entertainment,0.4,2.780871424920504,3,0,0
2005,218.73,19,2,entertainment,6.4,3.4374311896145935,1,0,0
3389,69.08,16,1,entertainment,8.1,7.74067254514298,3,0,0
1357,17.99,18,1,retail,2.7,2.2720387282705357,0,0,0
4963,18.03,14,0,retail,2.2,5.772460264779515,3,0,0
7742,99.63,16,5,food,1.3,0.9207784488564514,1,0,0
7041,97.28,19,2,transport,2.5,7.773741531541214,3,0,0
5170,91.94,18,5,food,1.6,0.07733585217763275,2,0,0
7260,817.22,6,2,transport,2.1,0.811165441112428,0,0,0
6746,44.43,13,6,bills,0.2,2.360588857381049,2,0,0
2670,34.57,13,0,retail,9.9,1.1105461712529197,1,0,0
6651,110.49,23,0,retail,7.3,2.2421243591677005,1,0,0
6680,6.67,7,1,bills,3.7,1.9814757914218921,0,0,0
2173,26.59,12,5,transport,7.1,1.4871075495664012,0,0,0
258,60.23,17,6,entertainment,3.9,8.31319481060406,3,0,0
4627,132.61,7,0,entertainment,2.2,5.309619475356162,1,0,0
4355,38.77,20,4,transport,5.9,0.07304091701924398,1,0,0
5666,60.23,14,3,food,0.4,1.6816729265236452,3,0,0
8464,115.26,18,4,bills,11.2,8.347559013089615,2,0,0
4238,190.98,11,1,retail,1.2,7.122140651788854,4,0,0
5399,255.97,19,2,bills,0.5,4.931708289382207,0,0,0
7708,42.21,14,5,transport,4.2,0.2692474609460864,2,0,0
3738,122.44,6,0,entertainment,6.2,2.690815754605296,3,0,0
4344,33.24,18,4,transport,3.2,11.205729346924663,0,0,0
4217,132.52,13,6,retail,8.0,0.4896317158064447,4,0,0
1492,114.71,16,3,transport,7.6,3.010100026850331,0,0,0
8675,3150.35,18,0,entertainment,3.7,3.047128659145171,3,0,0
5437,73.43,21,2,transport,9.3,0.6868885766417467,2,0,0
5077,179.99,12,2,food,11.5,4.747292166942006,2,0,0
6341,4.99,12,2,retail,9.3,7.070948562522831,2,0,0
6594,15.33,4,0,transport,1.8,4.611823890877427,4,0,0
2298,5.12,6,2,entertainment,0.7,14.024984138645632,2,0,0
5910,17.28,21,5,retail,7.4,7.055318260066443,1,0,0
8720,564.74,11,4,bills,1.6,2.250436602175356,1,0,0
4703,106.17,12,2,transport,10.2,3.0118848899485813,0,0,0
9069,50.57,22,4,entertainment,6.5,1.5200286605902602,1,0,0
9777,95.21,14,5,entertainment,2.7,1.5391075703001613,0,0,0
1340,7.17,12,4,retail,0.2,1.5957146156020596,2,0,0
4580,81.33,22,1,transport,3.4,4.676872033915274,2,0,0
1615,371.13,9,6,food,1.8,1.910311828300149,2,0,0
5191,125.31,13,0,food,0.9,2.677432767601187,3,0,0
4041,17.15,16,6,entertainment,1.2,1.3824747250905756,2,0,0
6701,157.18,8,0,entertainment,4.8,1.9175070885448118,3,1,0
7285,19.1,9,6,bills,8.9,2.5045957914716617,1,0,0
2536,253.27,16,1,bills,4.5,2.1153460796479666,0,0,0
2801,915.07,19,0,food,2.1,0.5777552280386502,4,0,0
9871,8512.63,2,2,entertainment,5.7,27.71053438941601,18,1,1
3222,74.38,8,1,entertainment,3.9,1.1217788213378341,0,0,0
2234,34.42,21,2,transport,16.4,0.27590644280391075,3,0,0
608,49.58,7,1,food,13.5,4.459901287171654,1,0,0
181,32.34,3,6,transport,0.7,3.793723423589779,0,0,0
1,188.6,14,4,food,6.6,0.4735614455352942,2,0,0
7843,190.33,8,1,transport,20.5,1.9135336907777964,0,0,0
4695,7.27,3,5,food,10.0,3.253107847638711,1,0,0
6446,3.61,14,3,food,9.7,4.575480862926884,2,0,0
8298,25.76,12,3,transport,1.0,8.523211640846007,1,0,0
5962,268.43,11,0,retail,3.1,13.417323976244596,8,0,0
9392,4613.33,15,6,retail,1.0,0.5466132925462034,1,0,0
1006,36.94,16,1,retail,15.9,1.2132344448508,1,0,0
2629,49.29,14,3,retail,0.0,1.6907355496491059,3,0,0
5614,50.13,8,4,transport,15.7,2.5321437559598445,2,0,0
5027,566.69,20,4,entertainment,0.2,6.351512611632203,1,0,0
6325,18.12,0,6,bills,2.3,0.9076100280500913,0,0,0
333,411.61,7,5,bills,0.6,6.770070517006954,2,0,0
4054,495.7,6,3,transport,2.7,20.594577156903593,1,0,0
5787,34.77,9,6,food,19.6,8.345566327981325,2,0,0
2548,8.88,17,6,retail,9.6,0.9798077564115848,4,0,0
1743,32.95,9,6,retail,0.7,1.6543891447176842,1,0,0
2148,298.07,21,2,food,6.8,2.321892614809404,4,0,0
7386,21.37,15,6,bills,2.7,2.037085590002711,0,0,0
1530,157.23,12,5,retail,0.2,0.40739912854820653,1,0,0
3713,176.14,8,5,food,16.6,1.6904753203663503,1,0,0
3179,28.99,9,4,bills,0.2,0.19312698698993108,4,0,0
7106,33.08,17,6,food,2.5,4.36787770796777,1,0,0
141,17.02,9,0,bills,7.7,3.1959930907813385,1,0,0
2853,457.84,11,1,entertainment,7.0,3.200172852668877,0,0,0
7709,143.14,13,5,transport,0.5,2.536446846488358,1,0,0
8691,7.53,22,6,food,0.8,1.3320030939580283,2,0,0
270,174.69,21,5,retail,6.9,1.5523113619998417,3,0,0
5595,234.95,12,4,bills,0.9,6.786651844152651,4,0,0
8527,485.77,11,5,food,11.4,2.191378578920304,3,0,0
3578,39.67,10,1,transport,5.8,1.3427297971382552,3,0,0
455,35.96,8,1,bills,6.4,1.3904837994818409,6,0,0
4595,40.78,20,6,bills,5.5,1.1765793361808812,3,0,0
5154,173.12,13,4,bills,0.9,8.011366299692558,1,0,0
111,6.14,22,1,transport,17.6,0.08076135213741924,2,0,0
2569,62.21,3,3,entertainment,0.2,9.355968221955276,2,0,0
3550,18.31,22,0,retail,6.7,0.02452673646358063,2,0,0
5200,39.82,17,4,retail,4.4,2.3460061951524103,1,0,0
6868,22.42,10,1,bills,2.0,1.2880190518489485,2,0,0
9277,475.69,7,0,retail,8.7,0.9765984707472102,2,0,0
6677,2.84,11,1,entertainment,0.1,1.163781031540255,2,0,0
7578,47.12,19,2,retail,3.7,8.415183766662176,2,0,0
4385,296.78,15,6,retail,7.6,0.3149635735673062,0,0,0
7882,146.65,19,0,entertainment,13.7,1.274097880680391,1,0,0
6005,2.25,7,0,retail,2.8,2.368727442763994,5,0,0
442,98.67,10,2,entertainment,0.3,4.6431080105719085,0,1,0
5814,219.47,17,1,retail,6.2,1.9353637807275121,1,0,0
7902,163.26,17,0,transport,0.8,1.1427597655659247,6,0,0
9345,37.25,11,4,transport,0.2,0.25022306702605385,1,0,0
1421,15.52,11,3,transport,1.6,9.002608410395244,4,0,0
175,37.71,8,0,entertainment,3.2,2.4117126978638113,2,0,0
5615,244.5,12,0,retail,10.6,0.1797713966902669,1,0,0
5150,5.79,17,5,retail,2.1,11.46608613632161,2,0,0
8491,1.35,13,4,food,3.1,1.2286066783048755,1,0,0
4409,447.65,23,4,food,0.6,2.55260570177413,2,0,0
3814,111.26,21,3,entertainment,0.8,4.1676153687512105,1,0,0
532,25.94,7,3,retail,2.4,3.9971313623268716,2,0,0
185,3.41,14,2,entertainment,0.8,9.665282882468265,6,0,0
5024,12.75,7,4,transport,1.1,9.56603151580514,1,0,0
1414,39.1,15,5,entertainment,4.8,1.814912784728664,3,0,0
268,33.25,12,1,bills,8.8,2.0783398561539013,2,0,0
9407,7.91,17,1,retail,0.9,0.0029953555252499636,3,0,0
6486,45.52,18,6,transport,0.3,1.6435829437084184,4,0,0
8335,98.67,6,5,entertainment,4.4,7.722295190828824,0,0,0
4350,6.39,19,0,transport,1.1,0.8146798836675391,1,0,0
6333,3.05,1,4,retail,2.4,3.478857830874577,0,0,0
5717,42.48,8,0,entertainment,9.1,2.027666445955383,2,0,0
8007,58.69,10,1,food,15.7,1.2154234593273585,3,0,0
6588,87.09,13,2,food,1.5,1.5634321290406201,4,0,0
5085,21.05,9,1,retail,0.1,0.6318627220790437,1,0,0
5998,102.55,7,0,retail,2.4,0.778666227191501,5,0,0
4214,135.98,13,1,bills,0.4,1.3403748187681361,0,1,0
4675,17.26,9,1,food,13.2,7.5872343525081405,4,0,0
1966,50.6,13,6,transport,5.4,8.475345733998546,1,0,0
5486,42.25,14,0,retail,5.5,0.08122351028985778,0,0,0
6166,88.12,19,4,transport,0.7,0.16575828637414544,0,0,0
9937,7787.92,6,5,entertainment,211.7,0.724487630600005,8,1,1
5781,22.13,8,2,retail,1.2,1.5832674776785427,4,0,0
1713,24.67,17,2,bills,2.8,11.850063152503306,1,0,0
4545,66.71,16,4,food,2.7,0.22457304597418504,4,0,0
4918,23.69,19,2,retail,1.9,3.346747206347035,5,0,0
7536,44.29,6,6,bills,6.3,2.171590372722415,3,0,0
415,57.28,11,3,transport,4.6,0.8333789193255969,0,0,0
8656,4.6,12,5,entertainment,23.4,7.237017330397635,1,0,0
1637,86.52,19,3,bills,2.8,7.673697101407687,3,0,0
4170,18.06,16,1,transport,33.6,0.2242881288361261,0,0,0
9301,23.01,10,6,bills,14.2,6.938695397317061,1,0,0
3297,55.75,20,4,entertainment,1.0,2.7811254454137555,1,0,0
4280,2426.92,11,5,retail,1.2,1.0866473620386168,0,0,0
2424,70.93,13,4,transport,3.3,3.052259636998947,1,0,0
9734,12.02,12,5,food,0.7,4.682232244793283,3,0,0
7593,68.33,10,2,bills,3.3,5.995378164865087,2,0,0
2051,7.02,17,0,food,2.7,3.479869374689039,1,0,0
5199,26.18,12,3,retail,7.8,4.449713397379963,6,0,0
7449,139.15,17,0,retail,3.1,1.9374600569632416,1,0,0
8535,93.36,14,5,retail,1.8,0.19857280676406264,4,0,0
2238,39.93,9,3,transport,1.4,13.367521316850416,1,0,0
4379,5.75,4,2,retail,0.7,1.4013133748329856,3,0,0
7088,2.21,10,3,bills,11.2,1.4698098628834089,2,0,0
4577,23.55,6,4,transport,0.9,2.5262254293783584,3,0,0
1737,46.1,19,4,retail,3.4,0.795630771126109,2,0,0
9680,23.94,14,5,retail,3.3,3.4732838124116867,1,0,0
4007,18.74,9,6,bills,1.6,8.130454567759678,0,0,0
321,134.39,18,3,transport,2.0,2.6910422436693686,2,0,0
6352,341.05,13,0,bills,2.7,0.0021935825890529014,1,0,0
2918,57.2,19,6,bills,0.5,7.288184700828925,1,0,0
7698,30.08,16,5,entertainment,1.8,3.651399102588671,1,0,0
7996,112.71,14,2,entertainment,17.7,0.28494273704492873,2,1,0
1988,101.39,12,6,retail,1.1,0.7829467384212634,2,0,0
2419,133.74,15,6,retail,0.7,4.541611657615224,2,0,0
863,3.1,2,1,retail,14.9,4.419419717886543,1,0,0
303,156.95,16,6,bills,10.0,2.631963030057293,3,0,0
7379,182.79,5,4,food,12.4,0.6333290529822473,1,0,0
8519,19.14,19,3,transport,1.7,0.6512769628116245,1,0,0
6458,5.79,20,3,transport,7.6,1.8839397392350934,4,0,0
2137,32.8,4,3,retail,1.3,7.127190051470407,1,0,0
4416,31.98,12,3,food,0.6,7.909327113604368,0,0,0
80,103.71,9,5,bills,1.0,3.255416915158814,4,0,0
2707,9.46,20,3,food,0.4,0.32940611174134443,3,0,0
3872,211.57,14,1,food,1.9,1.149955291592589,3,0,0
4881,96.75,20,3,food,1.7,1.108918266612172,0,0,0
8059,63.17,15,4,entertainment,3.4,1.0868846216802432,0,0,0
9876,320.22,18,5,entertainment,10.9,4.284318377814474,10,0,1
7345,263.26,13,3,bills,0.0,5.400151592201586,3,1,0
3061,141.63,22,2,entertainment,5.8,2.0480796256185116,3,0,0
8459,164.56,14,3,bills,0.3,7.911153363314268,1,0,0
5737,11.23,23,3,transport,0.9,0.3554279892862053,0,0,0
4781,189.99,13,4,transport,9.6,1.5571045922752025,3,0,0
7049,56.96,9,0,entertainment,8.7,1.6390273876496988,1,0,0
2627,418.51,22,0,retail,3.1,9.863366701293536,1,0,0
6340,9.7,18,2,transport,6.7,3.285236647575487,2,0,0
8718,618.15,7,6,entertainment,5.0,11.195874069859508,6,0,0
1244,2.67,12,0,food,3.1,0.5858698315421702,2,0,0
7690,2.48,13,3,transport,0.2,8.801372121282554,2,0,0
1908,69.32,16,5,bills,6.5,0.046274846659594006,2,0,0
8193,54.62,12,2,entertainment,0.0,1.7244502089427367,1,0,0
742,14.09,7,6,bills,5.5,4.005920807365421,2,0,0
8727,32.69,23,4,entertainment,4.6,7.400215984975924,1,0,0
3357,41.94,12,5,entertainment,1.4,6.657005829361122,3,0,0
9642,158.31,13,2,transport,1.5,1.7161773736878156,2,1,0
4554,4.89,17,1,retail,3.3,0.9453069352102206,4,0,0
4523,86.75,10,1,food,6.7,5.424201239258069,2,0,0
7716,19.13,9,0,transport,2.0,3.031018993893092,2,0,0
5310,312.77,13,4,entertainment,4.7,3.413820680013789,1,0,0
3602,32.04,23,2,transport,3.7,5.258061312625903,2,0,0
9946,54.79,12,2,entertainment,673.3,113.19969600103943,10,1,1
3402,11.08,6,4,bills,18.2,5.28909168987923,2,1,0
1313,11.7,12,5,bills,1.6,5.041929835463078,4,0,0
8498,204.43,18,1,entertainment,1.4,3.1425177694600017,0,0,0
2545,3.25,7,1,food,4.8,1.319426722000074,2,0,0
1460,126.94,14,1,transport,5.4,1.6334147354195678,5,0,0
366,189.57,1,2,retail,6.0,2.9376393229078053,2,0,0
9784,19.51,12,5,entertainment,3.6,2.9708350196383897,4,0,0
8934,3.07,13,3,bills,5.0,1.0566709037424429,0,0,0
2207,96.96,8,2,transport,3.2,8.810786181739447,1,0,0
5802,122.76,12,1,bills,12.5,3.386777168214201,1,0,0
4470,104.03,16,3,food,3.3,5.055070514859194,3,0,0
7826,21.33,19,2,entertainment,5.2,5.2299652595378365,2,0,0
4633,106.01,11,3,entertainment,3.2,0.03508355440786955,2,0,0
4009,19.66,15,6,entertainment,7.2,2.379204201506561,2,0,0
1556,222.46,10,5,food,0.2,3.6509792038998397,2,0,0
7528,389.98,17,3,food,14.9,0.5415241982276814,3,0,0
2994,690.38,15,3,food,1.0,2.4547903008008385,2,0,0
8998,110.05,22,6,entertainment,8.9,1.4154923607660082,3,0,0
8526,24.79,6,4,food,9.5,15.303720977810993,1,0,0
9444,5.44,16,0,food,1.5,3.1038803499428447,3,0,0
4482,65.15,5,1,retail,11.3,0.9650934332153432,0,0,0
7289,161.17,21,1,bills,3.9,2.7270313346597237,0,0,0
5485,17.62,16,1,entertainment,18.9,8.30994847809979,1,0,0
5828,17.73,23,0,food,12.0,3.2067553729312688,0,0,0
9198,95.86,12,1,food,14.6,1.0461498678956391,5,0,0
4375,42.77,10,1,entertainment,2.3,1.901422681270275,2,0,0
7164,1520.21,13,5,transport,3.8,1.4689760567381787,3,0,0
1442,36.82,12,0,bills,5.0,9.512317447537226,3,0,0
9755,324.81,19,3,entertainment,3.4,4.261548474264614,0,0,0
1062,16.23,20,5,bills,5.8,0.17237339676658633,4,0,0
5887,4.1,12,3,entertainment,8.7,1.4670875688446614,2,0,0
4287,9.71,21,1,entertainment,2.6,1.2562819650459325,2,0,0
4444,101.72,16,3,entertainment,4.3,4.485955556921537,1,0,0
3807,5.54,16,2,transport,0.5,1.7815365392544897,4,0,0
3705,9.49,2,5,bills,4.4,0.20001381425172843,2,0,0
6239,42.58,17,5,retail,0.8,0.8132186614023484,5,0,0
5363,178.13,8,2,food,6.4,3.6720095631209926,3,0,0
8539,97.57,16,3,entertainment,7.6,2.373389743199969,2,0,0
5330,6.05,13,6,retail,1.4,2.5342242633586154,4,0,0
7810,17.31,19,1,food,1.5,8.554885212811516,1,0,0
65,8.45,9,4,food,2.2,4.737006748302652,2,0,0
9310,31.24,15,6,bills,4.5,0.47555513968558816,0,0,0
6974,94.12,21,6,food,0.5,13.873818249565137,2,0,0
678,91.87,18,1,transport,0.1,4.697103357940289,3,0,0
7517,23.63,6,2,bills,4.3,0.859963049916818,2,0,0
8081,70.83,0,6,retail,0.7,1.3245384152889434,2,1,0
5695,39.12,21,5,entertainment,4.3,0.10424294184146268,0,0,0
8854,19.12,21,3,transport,3.3,7.432593856926651,2,0,0
7251,4.08,20,0,entertainment,15.6,2.095914899338748,2,0,0
8521,152.16,7,3,entertainment,4.9,1.0381431758922268,5,0,0
4182,66.78,12,0,transport,1.1,2.6582233532837947,0,0,0
5395,232.64,23,0,food,3.6,7.155584027301025,1,0,0
8099,2.58,11,2,retail,4.9,4.333448307864389,3,0,0
8902,340.8,19,2,entertainment,7.5,0.745537499780334,2,0,0
6165,16.81,2,5,food,3.1,1.1850913824117206,1,0,0
2745,20.81,8,5,food,1.3,3.436662182372544,1,0,0
8252,121.37,12,5,food,6.5,16.306014171605298,1,0,0
8637,104.52,20,0,retail,5.8,1.8441298557607055,2,0,0
9215,148.14,12,1,transport,5.4,0.22916865787590024,1,0,0
6589,10.53,10,1,retail,3.1,1.7007612235790537,1,0,0
3900,42.06,21,1,entertainment,4.6,15.725498291278774,2,0,0
1295,3.04,12,3,entertainment,9.1,1.8371502804632507,1,0,0
7582,263.89,1,3,bills,4.8,2.147730178309202,3,0,0
2491,3.58,10,6,entertainment,1.1,3.641986994179979,3,0,0
2422,19.56,10,2,bills,2.5,15.517242363253189,1,0,0
6792,101.5,20,2,entertainment,0.3,0.43066354363899834,4,0,0
3239,174.51,18,6,transport,11.9,2.3017005764132143,0,0,0
3564,33.08,13,2,entertainment,4.5,1.3714549361582824,3,0,0
81,2558.18,9,3,food,3.9,3.7355290252072733,3,0,0
6808,2.53,5,1,bills,10.1,0.3728733257963575,1,0,0
2086,58.31,12,0,transport,4.6,2.2889459820734714,1,0,0
2462,7.06,10,1,transport,1.3,8.219541546695455,3,0,0
7038,402.86,12,1,transport,0.3,2.791282945336749,4,0,0
4919,28.2,20,0,bills,5.6,1.359179264583521,4,0,0
4876,1453.45,17,4,retail,1.4,4.549048738368813,2,0,0
6441,520.99,9,3,entertainment,7.6,0.15447722843772024,2,0,0
8009,187.12,20,4,food,1.6,12.399721462107294,2,0,0
8327,34.77,11,2,retail,1.0,0.5831408040853177,1,0,0
4875,186.48,16,2,retail,0.8,0.36896956908081024,2,0,0
1659,13.84,12,2,bills,5.1,2.518376965403027,3,0,0
1543,28.34,7,2,retail,4.6,2.584977937374783,1,0,0
566,92.46,7,5,retail,0.5,5.331739474409392,1,0,0
1388,951.92,21,3,bills,13.2,0.12736489761776193,2,0,0
2250,26.14,12,5,transport,3.2,1.8678766225295413,1,0,0
8158,1555.75,11,0,transport,5.7,1.606364671240816,1,0,0
4572,154.04,7,1,retail,0.7,3.488319906311157,2,0,0
8505,67.11,6,5,entertainment,1.7,5.569855920525271,2,0,0
1262,925.04,14,4,entertainment,8.1,14.097246955475708,1,0,0
602,9.17,20,2,transport,1.2,3.8479355884225424,0,0,0
5835,104.21,23,1,bills,3.0,11.545327868634724,3,0,0
401,7.83,12,5,entertainment,0.7,2.2119151540398176,2,0,0
1107,614.06,15,1,food,3.4,1.9121425693639817,1,0,0
1443,21.32,6,5,transport,3.0,1.7232002730850895,1,0,0
7039,19.86,22,6,entertainment,0.2,3.5581521750697145,1,0,0
7854,53.07,22,6,food,2.4,1.57213274412505,5,0,0
2026,4.96,18,6,entertainment,2.6,0.8737997093627574,0,0,0
4312,33.57,20,3,food,2.0,0.10115906410587666,1,0,0
3428,1220.09,13,6,bills,3.0,4.218141988985697,1,0,0
2532,115.29,12,0,transport,1.3,3.4841983962863052,0,0,0
2007,216.22,23,6,retail,13.8,8.765575802098507,1,0,0
1483,291.89,16,3,entertainment,2.9,1.736069789154267,1,0,0
8305,128.59,10,6,bills,0.7,5.431848829619472,2,0,0
5392,83.09,13,0,bills,2.7,2.5500260354805,2,0,0
3309,7.53,21,6,retail,2.3,0.8076146270339708,2,0,0
350,55.21,6,2,retail,20.2,2.437696339377686,2,0,0
4130,18.28,11,1,transport,3.4,3.2627760374842723,1,0,0
8116,22.12,9,4,transport,2.2,1.6792887851692482,1,0,0
3930,7.54,20,1,retail,3.6,0.5098184577874492,0,0,0
5681,345.64,18,3,entertainment,0.0,0.9587045337894755,3,0,0
4472,13.47,8,4,transport,0.5,1.5846298242313372,5,0,0
662,293.68,20,0,retail,7.9,0.28470731877379424,2,0,0
8018,33.19,11,6,retail,2.5,0.7443361633480237,1,0,0
1580,222.78,21,2,entertainment,2.4,4.38507914875675,1,0,0
6417,104.25,7,1,transport,16.2,1.4056186359306555,3,0,0
4791,1.76,14,6,entertainment,0.5,1.4789541813468268,1,0,0
1823,105.38,0,2,retail,2.3,0.28122955822986034,6,0,0
453,66.24,15,2,bills,0.3,1.174382017772197,4,0,0
9391,68.01,19,2,transport,3.0,1.6311224649751321,1,0,0
2612,7.76,17,2,entertainment,9.0,2.347153936715635,1,0,0
8967,67.49,12,0,transport,23.0,8.858590160057688,2,0,0
8701,631.27,12,3,retail,1.8,1.804336322596581,3,0,0
3601,47.32,20,4,retail,24.8,6.415633021291351,1,0,0
6770,241.9,19,6,entertainment,2.8,2.0149636185193787,1,0,0
1175,17.66,19,3,retail,10.0,6.465551108753232,4,0,0
9902,65.2,4,6,entertainment,21.4,10.396146005287198,11,0,1
7797,59.15,6,0,food,6.9,2.3232502911909734,0,0,0
1762,9.45,6,3,food,3.7,3.6125133212914298,4,0,0
4851,62.25,12,6,bills,2.4,1.618565331645114,0,0,0
947,105.64,13,2,bills,6.8,0.5337164963371475,2,0,0
4418,18.27,8,2,retail,6.7,0.16444394379627475,3,0,0
9074,819.49,12,6,retail,7.7,1.4637379898761467,3,0,0
2355,808.39,20,2,bills,4.0,1.325686370455389,1,0,0
7192,125.45,20,0,transport,12.5,3.713328253079844,1,0,0
9212,587.69,10,2,entertainment,1.5,0.8482792336613338,3,0,0
4005,8.33,3,1,entertainment,2.0,1.129185965555576,2,0,0
1280,580.97,22,0,bills,0.9,8.714917829155121,1,0,0
3841,54.74,13,3,food,1.8,0.20815261454540349,2,0,0
4476,129.92,21,3,entertainment,8.5,0.18019005378110745,2,0,0
8429,40.79,13,6,retail,2.7,1.8273470374076624,4,0,0
1036,24.73,6,3,transport,4.8,1.3195306911838136,4,0,0
5109,578.81,17,6,entertainment,8.5,3.7829229486427307,4,1,0
2917,327.64,10,5,bills,2.8,3.8577166775762963,2,0,0
8927,267.53,10,2,bills,2.9,11.646585577133813,6,0,0
53,83.59,1,2,bills,7.8,2.8511190381343408,2,0,0
2233,58.38,9,2,retail,3.6,10.650164902215609,1,0,0
9232,349.45,13,6,food,0.2,1.7396918018196077,1,0,0
1845,16.04,10,0,food,6.6,3.2537452282152035,2,0,0
9527,22.77,13,6,entertainment,0.9,1.052590376623641,2,0,0
1193,38.09,14,6,food,2.7,3.770014537490442,4,1,0
7352,1.48,17,6,retail,2.1,1.8883587787851166,3,0,0
6129,286.88,8,1,entertainment,2.4,2.8033906571058855,1,0,0
1059,1.51,16,0,food,0.1,0.05720673397426908,0,0,0
1526,4.19,8,2,bills,34.1,1.160414652618925,1,1,0
6825,655.64,11,1,entertainment,4.2,1.3172905248916196,2,0,0
6743,113.84,17,2,bills,2.1,3.2129302223710106,2,0,0
3209,60.5,16,6,retail,2.2,1.0644188733190394,2,0,0
454,45.09,22,1,food,1.0,1.1502741081473773,2,0,0
4064,48.74,20,1,bills,14.1,1.8099677058183437,3,0,0
7094,8.88,22,3,entertainment,2.3,0.6538963158743372,1,0,0
5006,5.65,12,6,transport,5.0,2.347348616244632,1,0,0
3584,1157.69,8,6,transport,2.2,0.8771621845250628,1,0,0
8604,20.51,6,1,bills,0.8,1.4326145810943238,2,0,0
7957,19.99,0,0,bills,2.2,0.4162259142438411,5,0,0
3031,144.45,16,1,transport,0.7,14.697065964413982,7,0,0
5254,103.33,5,1,transport,1.2,2.4482866303225626,4,0,0
2062,19.98,9,6,food,12.1,1.5598793014205317,3,0,0
9361,30.78,4,6,retail,3.1,5.42013021463658,0,0,0
4505,79.24,20,0,bills,3.0,0.603483390964319,1,0,0
5529,1.82,7,3,transport,15.2,8.025660072314757,3,0,0
9867,2.13,6,4,transport,1567.3,61.926023440493466,10,1,1
4628,500.12,15,3,entertainment,15.5,0.27595851090686396,3,0,0
545,13.05,9,5,bills,0.5,0.04061349805590582,3,0,0
7321,25.3,14,5,retail,2.7,4.753120390058495,3,0,0
5414,19.35,21,2,transport,0.6,3.2245396222290057,1,0,0
3170,368.92,12,4,entertainment,3.7,4.911817185938708,1,0,0
647,86.95,15,1,bills,11.9,9.1069509265112,3,0,0
7350,198.54,17,3,food,0.2,2.5844584804689674,3,0,0
1473,131.03,6,3,transport,2.4,4.539045249175297,0,0,0
6427,27.51,20,6,retail,2.1,1.8699476409444702,0,0,0
4433,225.13,13,4,retail,3.3,2.7917057516299577,1,0,0
1608,144.21,16,0,transport,0.7,1.823090170227984,1,0,0
3367,10.04,23,4,transport,6.0,0.14965118745672987,1,0,0
2658,46.45,7,1,entertainment,10.3,8.673172501202068,1,0,0
5309,151.76,8,2,transport,12.3,9.055030415863122,2,0,0
6401,451.26,11,1,entertainment,2.1,1.6564336039738512,1,0,0
8728,136.98,11,4,entertainment,2.0,2.7531771637047875,3,1,0
3861,408.11,6,6,bills,3.7,2.5108347445341237,2,0,0
9328,19.81,8,4,bills,2.4,1.1932551985829936,2,0,0
1422,62.65,11,2,food,5.1,6.541461837433328,0,0,0
9333,23.94,6,2,food,9.8,4.606249512045036,1,0,0
5478,156.38,6,1,retail,6.7,8.845453261347119,1,0,0
1330,1.93,9,0,bills,3.0,7.921546267132866,6,0,0
8311,20.76,9,3,transport,1.0,2.557117766373113,4,0,0
3857,32.91,21,3,bills,1.0,6.019288543438124,1,0,0
895,171.78,10,4,food,13.6,2.7093529832780896,2,0,0
5273,435.1,0,2,bills,1.1,9.338606006348382,1,0,0
4496,631.52,16,1,bills,2.4,2.8342889817203485,1,0,0
5081,120.68,22,0,retail,11.2,0.8970911058701436,1,0,0
8289,26.49,15,0,food,1.7,1.8045634915177806,2,0,0
5574,47.13,7,6,retail,0.1,4.122146626557256,1,0,0
9252,1876.45,14,2,food,11.5,6.43945813682937,0,0,0
8764,364.26,13,6,entertainment,21.1,0.27989296574466266,1,0,0
8440,103.07,13,4,food,3.5,5.569204880165144,0,0,0
2,6.15,1,3,retail,2.2,2.9552374156968773,3,0,0
5193,547.85,15,0,bills,0.5,4.703820469651815,1,0,0
9377,72.35,7,5,retail,0.6,1.3908350604022763,0,0,0
2443,55.54,20,0,food,5.3,7.67683808134056,1,0,0
8284,13.95,19,0,food,17.5,2.746275572256681,3,0,0
3505,106.79,14,1,food,0.6,7.744630541523245,2,0,0
4949,1031.43,14,1,food,3.9,3.3855047550659605,4,0,0
5684,255.48,23,2,bills,1.5,3.069942988935197,3,1,0
3327,18.15,6,1,transport,0.8,0.91541501034985,3,0,0
2624,67.19,9,5,transport,22.1,2.3420557133908098,3,0,0
5693,10.94,11,4,transport,1.0,4.042868957037208,1,1,0
1655,10.04,11,5,food,5.3,0.5068913945833382,2,0,0
6425,9.1,19,5,bills,5.8,0.06328202290117124,2,0,0
4490,5.15,18,5,entertainment,0.5,1.7668458168417158,3,0,0
7476,11.51,16,0,transport,0.5,1.5462377777803042,0,1,0
9909,935.24,23,4,bills,901.8,6.038672189895516,10,0,1
3213,4.95,12,5,entertainment,1.7,1.0280264810589117,3,0,0
7468,190.14,13,0,transport,6.8,4.147627536095051,5,0,0
4420,30.11,18,2,bills,1.7,0.3671099446737307,2,0,0
7933,119.38,23,2,entertainment,1.9,3.5336258656334705,2,0,0
8065,13.25,0,0,retail,2.3,3.8258755440359318,3,0,0
8230,8.43,9,0,entertainment,18.5,1.414676148886014,5,0,0
7253,407.76,19,1,transport,1.7,0.22699656342590885,1,0,0
9187,22.14,9,3,food,3.7,0.8626924120922075,3,0,0
8394,42.41,3,4,transport,5.8,0.17263752152432316,0,0,0
5364,35.82,18,6,bills,0.9,1.4010297821080362,1,0,0
4623,184.98,18,4,retail,11.4,1.3699094348882062,2,0,0
574,16.79,21,2,retail,0.0,4.8529017258393,2,0,0
6550,18.65,17,2,entertainment,0.2,1.4912405610061992,5,0,0
8016,6.03,17,5,entertainment,0.1,0.12556394111475586,2,0,0
9564,2.63,20,6,entertainment,0.5,0.700858599622421,2,0,0
9165,102.42,11,1,transport,4.8,0.0668870401342855,0,0,0
9059,5.25,22,1,food,1.1,0.46974060531961626,2,0,0
269,17.89,16,0,bills,9.7,1.7047313093286385,2,0,0
642,12.74,20,2,entertainment,2.3,0.057514650918049026,3,0,0
5366,24.98,7,5,bills,9.7,1.9517589876994808,4,0,0
9873,11.21,21,4,bills,141.1,129.8617922274136,10,1,1
6966,38.77,8,1,bills,5.5,2.3002040498634746,2,1,0
8616,82.0,23,4,bills,9.7,2.912401763124122,0,0,0
7133,37.88,13,1,transport,0.4,0.5713971149634769,1,0,0
1120,117.75,6,4,transport,1.6,1.2213673754544847,3,0,0
3991,35.26,17,1,entertainment,6.6,4.118538300297919,1,1,0
2748,73.47,14,2,retail,8.4,6.404549680683576,3,0,0
615,82.94,20,4,entertainment,0.8,12.00159123739435,2,0,0
2609,79.77,16,4,bills,4.6,0.4201216017132403,2,0,0
1276,241.71,7,1,retail,2.3,4.287494473547172,5,0,0
9160,34.48,14,1,entertainment,1.3,5.832661046058112,0,0,0
2798,68.75,11,1,transport,6.1,0.39826302297191485,4,0,0
2464,24.87,22,5,bills,5.8,0.530042206186608,1,0,0
3356,28.7,17,3,transport,2.7,1.63789324506208,1,0,0
3630,41.19,19,2,transport,1.1,1.1221497989541662,1,0,0
252,4.02,13,6,bills,3.9,2.4214205535212807,0,0,0
8533,19.51,7,4,bills,10.2,0.04689812675143891,2,0,0
9829,3313.92,23,6,entertainment,1248.6,17.528121195135036,7,0,1
3824,54.42,17,2,bills,3.4,0.6423489323730226,1,0,0
395,8.99,11,3,entertainment,3.5,1.0678380657794027,1,0,0
4428,531.43,9,4,retail,6.8,4.297136572496969,5,0,0
4364,3.82,18,5,transport,2.4,7.172167513325532,6,0,0
9862,77.04,7,5,retail,1174.2,15.667158239099649,7,0,1
8266,32.29,7,6,entertainment,0.1,0.8379140750074767,6,0,0
5146,137.47,17,0,bills,0.0,2.250911952835387,6,0,0
3185,681.3,1,3,food,7.5,2.7781599344170056,3,0,0
2248,114.12,15,3,food,0.1,1.8587993252553963,2,0,0
9322,111.68,16,2,retail,8.6,1.1369541740676523,1,0,0
3136,155.71,18,3,retail,1.5,3.0622297456842187,2,0,0
4486,436.3,14,3,entertainment,10.1,2.444873398784011,1,1,0
9921,1558.76,20,6,entertainment,887.2,41.442694623429674,13,1,1
952,13.29,21,6,transport,6.4,4.494733144475861,2,0,0
6433,610.23,21,6,transport,14.9,4.283408261358068,2,0,0
75,34.98,14,4,bills,1.5,3.8442156737499387,2,0,0
392,454.14,13,0,food,3.4,0.7945537113681792,3,0,0
1577,11.68,1,2,retail,10.2,3.964576626275602,4,0,0
5526,77.51,17,2,retail,2.5,8.570014752801534,2,0,0
8173,28.71,15,5,food,3.8,0.16699230004460996,2,0,0
1887,6.0,22,0,retail,2.5,3.6915866257637804,0,0,0
4753,923.97,21,0,retail,0.2,7.862204801580411,4,0,0
8437,665.04,12,0,food,0.2,0.42818665864655825,1,0,0
7046,82.28,17,3,food,6.0,3.1471809629776413,0,0,0
7246,78.54,22,0,entertainment,2.5,0.17281921693861313,0,0,0
2163,20.27,17,5,food,4.0,1.199879853025218,1,0,0
9791,15.34,20,2,retail,6.3,2.554539114303319,3,0,0
4021,539.57,10,1,transport,1.3,7.068249071136891,0,0,0
8449,108.55,9,0,entertainment,7.2,2.3423002742838652,5,0,0
3697,3.69,11,3,entertainment,6.5,2.8927064332017016,1,1,0
6010,464.3,22,1,retail,8.3,2.721853041281914,5,0,0
8160,33.79,20,0,retail,2.7,2.733211095100379,2,0,0
1783,312.41,9,5,entertainment,0.6,1.9259980560506396,1,0,0
4540,47.94,9,3,retail,1.6,0.8582780500673388,2,0,0
7717,20.71,17,6,transport,1.0,3.4913675291697066,2,0,0
5777,125.13,22,6,food,0.6,3.8278089487389924,2,0,0
1621,24.38,22,2,entertainment,3.5,0.28002410959133583,2,0,0
6983,38.89,18,3,food,4.1,7.234155802043828,4,0,0
5901,41.65,9,0,bills,1.2,3.0449920475476757,3,0,0
5958,28.75,23,3,bills,1.5,5.583191608022733,1,0,0
4800,37.42,21,2,entertainment,0.2,0.18530295080176606,3,0,0
6477,26.95,19,1,transport,1.1,1.928829457696375,5,0,0
1458,100.52,19,5,food,0.5,1.3813660909309509,1,0,0
7361,8.34,17,1,food,3.0,0.8913484618093639,4,0,0
7171,25.4,12,0,food,6.6,3.2441801452272268,1,0,0
9606,4.61,13,4,transport,2.2,1.700514939668865,1,0,0
1131,46.1,10,6,food,6.3,6.308143607578635,1,0,0
4741,82.87,20,5,entertainment,4.6,2.343751351869318,0,0,0
3848,11.8,15,3,food,2.6,0.3234157745965219,3,0,0
9824,7491.97,3,2,food,146.8,0.15512677468455693,11,0,1
5822,1394.88,1,6,bills,0.1,6.1244482603647565,2,0,0
9692,49.44,4,4,retail,4.9,0.7972007488410857,2,0,0
1321,11.78,15,1,entertainment,1.9,1.824546780542156,0,0,0
5733,6.22,12,6,bills,0.7,4.4351591837075555,3,0,0
877,45.31,15,5,transport,13.1,2.236361861465899,3,0,0
3920,14.69,14,3,transport,1.3,6.842409129430337,3,0,0
1162,13.27,18,6,entertainment,0.7,5.448656936758316,1,0,0
8730,172.85,18,5,food,2.2,3.97640871404195,3,0,0
4553,7.34,3,1,transport,2.8,2.862965326107645,1,0,0
9303,14.35,10,6,food,2.5,4.082605126975391,2,0,0
7236,195.51,21,4,food,21.9,0.046747910084875235,0,0,0
5772,26.95,7,2,transport,22.7,0.5835555125160707,2,0,0
3154,49.39,17,5,entertainment,0.1,4.979855133189326,1,0,0
761,86.23,9,1,transport,1.5,4.209124694337244,0,0,0
1090,15.37,20,4,bills,2.3,0.7409724551771673,3,0,0
7740,880.95,12,5,food,0.9,1.5068329680011296,2,0,0
5203,128.57,18,3,transport,2.3,0.024023132181568894,0,0,0
1306,50.54,20,5,entertainment,0.7,0.07837442041435329,2,0,0
8784,329.59,15,4,bills,14.9,0.9706789939203888,0,0,0
975,17.45,17,4,bills,1.9,0.11497841880764612,1,0,0
512,127.1,13,1,food,0.9,0.795225483862106,2,0,0
9595,213.99,16,4,transport,14.7,0.5257784189583399,2,0,0
7240,269.88,11,3,entertainment,1.3,6.593309313894951,3,0,0
8492,84.87,19,4,food,8.9,1.1451241189516261,2,0,0
1709,42.78,9,0,transport,8.4,0.26080292419393186,1,0,0
8973,44.97,14,0,food,5.5,2.181348929669412,0,0,0
649,10.88,23,0,transport,24.7,4.900061062192119,1,0,0
3086,105.47,23,6,entertainment,3.3,1.6600881392476974,2,0,0
1727,14.81,18,2,transport,4.8,2.7678512528556576,2,0,0
6917,467.57,14,1,bills,1.5,0.3162565510833089,2,0,0
2522,23.03,9,5,food,2.3,0.7551342643845176,1,0,0
9917,2108.32,4,3,bills,133.7,9.002404053334253,12,1,1
445,69.73,14,3,food,3.5,5.262023704200695,2,0,0
4772,79.84,19,6,food,20.0,5.220573939900899,6,0,0
7066,94.49,11,2,bills,8.8,2.279607621579303,1,0,0
1804,29.61,21,4,bills,4.0,0.36479914495426313,1,0,0
8103,12.47,11,4,bills,3.4,8.777195104701349,3,0,0
4204,136.47,12,2,transport,4.3,7.6711377422437135,2,0,0
1754,156.34,22,3,transport,5.6,2.7037035322462333,0,0,0
1837,43.68,14,3,bills,14.3,1.6349296592649973,1,0,0
8064,94.16,17,5,food,3.2,1.5166374891779968,1,0,0
429,60.93,13,4,bills,4.2,1.513424072666815,1,0,0
4655,224.92,12,3,entertainment,0.5,0.4304924289751011,2,0,0
5782,5.01,11,6,food,6.2,1.9945780075870836,2,0,0
2153,19.2,12,2,transport,7.0,0.6435975676417496,1,0,0
6727,18.53,3,1,bills,3.6,0.15874557315518148,2,0,0
8818,19.03,10,5,transport,4.7,1.2780570133871842,1,0,0
3006,384.94,18,4,food,10.1,0.3900617097501078,1,0,0
1322,80.0,14,2,transport,6.7,0.6048164610203779,1,0,0
52,469.72,20,1,food,1.8,3.1288157375034418,1,1,0
5550,8.95,20,6,transport,0.1,0.6648356919253937,3,0,0
2367,112.65,16,4,food,8.7,0.498389338945931,3,0,0
3766,19.18,6,0,bills,7.7,2.848032408660533,2,0,0
1048,149.98,9,2,entertainment,0.3,1.1297325138327676,3,0,0
5974,5.63,10,6,bills,2.5,0.19225485310556015,3,0,0
2940,269.15,12,2,food,0.2,2.1821322428845398,1,0,0
9557,106.36,18,3,retail,2.9,6.796302740641889,3,0,0
8760,2179.16,19,4,transport,1.9,0.5217053843755208,1,0,0
4511,0.86,9,4,retail,14.1,1.1733025347546835,0,0,0
4762,371.62,8,2,entertainment,13.1,0.3411031327415324,0,0,0
520,179.57,17,5,entertainment,12.1,0.26924536216993145,1,0,0
1523,14.68,22,6,entertainment,5.4,1.0174842482699313,1,0,0
3409,18.29,17,6,transport,7.5,5.654467758120909,2,0,0
3476,651.91,15,6,retail,1.3,5.321611923791643,5,0,0
7755,35.31,6,5,bills,22.2,2.9366989604888873,1,0,0
552,118.39,14,4,bills,0.6,1.2014433456320335,1,0,0
3698,149.33,15,2,retail,0.2,0.9275732876699967,4,0,0
8256,57.32,9,4,food,1.1,0.8209860952151703,1,0,0
3247,78.44,4,2,entertainment,3.2,4.843002746741793,4,0,0
1307,13.08,1,1,food,8.7,0.09144317779270106,2,0,0
1597,943.19,13,1,food,8.9,16.84902618059692,4,0,0
3982,187.61,12,2,bills,3.0,4.117115821287252,1,0,0
7989,39.76,19,3,transport,2.2,0.8270045914886778,1,0,0
6622,21.69,13,6,transport,1.5,0.9001766369748667,0,0,0
8462,33.95,15,6,bills,2.1,0.6145907267322657,2,0,0
2504,61.61,19,1,transport,5.5,0.8240007517134043,3,0,0
760,1.65,17,2,entertainment,10.1,13.73966612430994,1,0,0
2113,20.14,16,3,retail,0.5,3.2055239954928227,1,0,0
8606,398.27,9,4,retail,4.7,1.1919895168835626,2,0,0
9519,688.16,15,0,bills,4.7,0.4383447427190855,2,0,0
7108,339.01,14,3,transport,3.6,0.5379417013372303,4,0,0
8869,71.47,19,4,transport,1.3,2.3217012365840146,1,0,0
6522,70.62,23,0,retail,16.8,0.4216516356952286,1,0,0
3802,47.93,16,0,bills,2.1,15.795896107013352,0,0,0
8279,7.3,10,6,bills,0.9,1.0041513091686916,0,0,0
6442,131.73,14,1,food,2.4,1.5834714856677272,0,0,0
3273,128.24,16,0,bills,2.0,0.3404506297606294,1,0,0
7302,598.51,21,2,food,0.4,5.629286088238203,3,0,0
613,108.08,21,5,transport,6.9,4.881756479861027,2,0,0
9496,67.22,13,3,entertainment,8.3,1.8138105704944034,1,0,0
1377,11.11,15,6,transport,1.1,8.334292301761238,3,0,0
6439,14.26,20,1,transport,6.7,1.6444521585632366,3,0,0
5647,30.59,19,0,transport,16.2,0.06920212284178,3,0,0
383,48.47,14,5,entertainment,20.0,0.06903323091695189,1,0,0
941,332.75,10,0,retail,4.5,1.525706336058294,3,0,0
8184,423.02,20,2,entertainment,3.3,1.7207058019621024,1,0,0
8236,381.17,17,5,bills,2.5,13.216270515054056,2,0,0
5440,94.31,20,6,food,0.6,4.699288665967292,1,0,0
6637,31.74,19,4,entertainment,0.4,5.26386294359376,2,0,0
3257,17.29,8,0,food,6.2,0.2694125571818422,2,1,0
3387,43.43,21,5,retail,9.8,6.0928526912209655,2,0,0
3971,131.04,21,2,food,6.4,1.3354102876147975,3,0,0
7154,48.39,18,0,entertainment,3.9,1.7363100617825382,2,0,0
4698,28.57,18,6,entertainment,17.3,2.930805754791941,1,0,0
5786,148.69,19,0,transport,0.4,2.338015415219189,2,0,0
3206,24.19,22,1,food,3.4,0.47824808792069873,4,0,0
2996,22.73,20,0,entertainment,0.7,0.6052891719406124,2,0,0
361,13.05,21,4,bills,4.8,1.2114769001365735,4,0,0
2302,45.18,11,5,food,5.5,2.670189737501227,4,0,0
790,13.46,19,6,bills,2.7,0.6375780768608379,4,0,0
7864,54.74,8,0,entertainment,0.1,0.26720691558668297,4,0,0
9858,804.15,22,2,transport,574.0,36.427904994301336,4,1,1
1885,43.93,11,3,retail,1.8,4.768946737706992,4,0,0
18,102.51,0,0,entertainment,1.8,2.183137440253647,4,0,0
3553,196.08,14,2,transport,3.8,1.501168739367821,4,0,0
7478,62.81,16,5,retail,3.9,0.12936251294675655,3,0,0
9248,425.86,12,1,transport,5.9,5.405333786533017,1,0,0
88,89.4,13,6,transport,9.9,3.899714607788632,1,0,0
4730,14.37,14,5,entertainment,2.4,0.8673782891914612,0,0,0
8951,2.99,10,2,entertainment,0.5,0.9805497838809061,4,0,0
2934,51.9,15,4,bills,13.8,2.9419863752612745,4,1,0
1005,469.12,20,4,entertainment,4.6,1.2958872345300536,1,0,0
8907,114.2,19,0,bills,0.0,0.8915615645344118,4,0,0
3817,48.37,16,4,food,7.1,6.660388573570174,0,0,0
6052,86.87,12,3,retail,4.3,0.027939606128161598,2,0,0
930,149.72,19,3,entertainment,2.9,3.686747870401632,1,0,0
2472,9.24,7,5,bills,3.5,2.5240311184596464,0,0,0
1503,19.91,9,6,entertainment,3.9,5.276918832621195,0,0,0
4454,16.86,17,5,transport,6.4,0.598133214717565,0,0,0
1099,57.52,6,0,entertainment,0.1,2.20931726502249,1,0,0
4253,441.46,18,1,entertainment,0.7,0.291826132866821,1,0,0
2596,593.05,13,0,bills,6.6,0.8568530231521208,0,0,0
7452,37.39,10,1,transport,23.7,0.08564824932539698,5,0,0
9383,549.45,12,6,bills,12.2,5.851037921087244,1,1,0
8133,36.95,15,3,food,3.9,2.803073410040635,2,0,0
3366,17.75,20,1,entertainment,9.4,7.874437590762497,2,0,0
8356,221.33,13,1,food,2.2,0.9454987756897568,1,0,0
2297,17.76,1,5,retail,1.6,0.01478029529386396,1,0,0
3707,26.18,23,4,food,0.6,2.4354061216727754,0,0,0
7514,17.92,14,4,retail,7.1,3.8619399563482717,1,0,0
8118,27.78,17,0,bills,2.9,9.827240604090814,3,0,0
5489,166.55,17,0,transport,9.8,5.553545128192233,3,0,0
1081,144.93,3,2,bills,2.8,6.617765354783625,2,0,0
6670,242.68,9,1,transport,4.1,1.6460355369101558,1,0,0
6671,20.49,18,3,retail,3.2,3.0063670238151,5,0,0
9127,217.65,9,1,retail,1.6,7.644738679952683,2,0,0
8078,0.3,12,2,transport,0.2,2.9572941534905195,2,0,0
7441,135.84,19,4,entertainment,8.6,1.9333217046442366,1,0,0
287,121.3,12,3,transport,1.4,1.9763058146026373,0,0,0
3901,11.76,7,5,entertainment,4.0,1.7821412790427562,1,0,0
2552,19.93,12,0,retail,7.3,2.7680387905159245,1,0,0
1139,66.2,19,4,bills,4.2,0.46381331792720726,3,0,0
2157,116.88,8,1,retail,3.1,0.5783619432320285,2,0,0
1573,1217.64,4,1,entertainment,7.5,7.873861555148245,4,0,0
8287,15.9,19,0,retail,3.4,4.075634697663992,1,0,0
24,168.49,14,0,transport,4.0,2.38732741719204,3,0,0
6667,155.67,9,3,entertainment,1.6,4.121146196666908,2,0,0
6576,85.8,13,6,bills,7.7,2.5528615141475823,3,0,0
9142,19.02,2,5,bills,6.4,1.1516232075099626,4,0,0
7581,167.39,16,6,transport,3.5,6.325350545193356,5,0,0
5916,199.2,19,2,entertainment,7.6,3.392109953001827,5,0,0
6142,338.84,6,6,retail,5.2,5.063212605923125,0,0,0
7934,12.37,20,4,transport,1.2,0.40292708351996964,0,1,0
3884,25.01,12,2,entertainment,15.2,2.6920971458901626,4,0,0
7842,174.86,17,3,food,3.9,8.468343680614963,2,0,0
9700,6.61,17,1,transport,1.6,8.564297407951585,4,0,0
3816,22.2,12,1,entertainment,8.2,0.577523766627694,1,0,0
6495,37.92,10,0,transport,5.5,4.760542099410984,0,0,0
4300,234.62,15,3,retail,2.8,0.38400762925724413,1,0,0
356,183.55,20,5,food,4.5,0.8819598599092957,3,0,0
492,318.63,3,0,retail,4.4,5.9208047078831445,2,0,0
6465,272.15,9,3,entertainment,2.0,2.8834770729086214,1,0,0
6661,203.61,20,5,entertainment,3.0,3.8664549017483703,5,0,0
5509,140.55,12,3,bills,2.7,0.3924831723771046,3,0,0
2087,673.71,14,4,entertainment,1.8,0.5315448052435076,0,0,0
861,239.28,20,2,entertainment,8.2,0.1976105344953597,3,0,0
2378,64.22,15,3,transport,0.3,0.544158486395238,5,0,0
6090,342.02,15,1,bills,0.3,2.669130305091406,1,0,0
6224,124.94,15,1,transport,7.5,0.17755823222116066,2,0,0
4708,5.98,12,4,bills,12.7,4.562901093572566,3,0,0
2618,14.39,21,3,food,0.0,0.5898240555985584,3,0,0
2076,43.44,13,2,bills,1.2,3.629012998363548,3,0,0
8036,63.27,18,0,entertainment,11.7,9.187948935517266,4,0,0
8381,10.15,18,1,entertainment,16.4,0.4475102151397514,4,0,0
3125,966.53,15,2,bills,1.2,8.102386289820759,2,0,0
8550,21.82,17,1,entertainment,2.9,1.6854713430682584,2,0,0
2630,116.77,11,2,bills,2.1,1.6514969327208073,1,0,0
4661,75.71,11,4,bills,1.2,5.43248131870029,0,0,0
369,35.48,0,2,food,8.6,1.1813583411750832,5,0,0
4305,8.9,13,1,transport,3.3,1.693609397082915,0,0,0
4263,9.56,11,4,food,3.4,0.6745478924755581,4,0,0
7136,39.5,21,0,entertainment,4.9,1.9456292060208877,2,0,0
1557,7.35,17,0,retail,0.9,2.5983050125891403,2,0,0
4621,18.56,22,4,transport,8.4,5.00344483053927,1,0,0
929,249.08,16,6,entertainment,15.3,1.2356431739981493,1,0,0
425,24.64,15,3,retail,0.3,0.1369848783893584,3,0,0
9878,411.69,1,0,food,375.2,11.224279393185011,4,0,1
3629,66.71,2,4,entertainment,1.9,5.2370127429612765,1,0,0
6484,2.58,23,2,food,3.5,4.643932383343872,1,0,0
1158,283.52,13,1,transport,3.7,1.9167921422493714,2,0,0
8662,246.81,15,2,retail,0.8,4.650948970905349,1,0,0
1937,467.18,19,1,bills,5.0,1.2113641029981488,2,0,0
7306,111.46,8,1,bills,3.5,3.2096579591934224,3,0,0
8411,114.64,10,6,food,5.2,1.4752960271926119,3,0,0
2177,66.54,16,2,entertainment,8.7,0.7228712163295403,0,0,0
5396,86.97,11,5,transport,0.5,7.47383021398152,0,0,0
4935,25.86,17,2,retail,6.0,5.517574270586788,2,0,0
4926,41.96,10,4,bills,16.7,1.1141230632383903,4,0,0
693,131.85,15,0,entertainment,0.8,0.7721493064257352,0,0,0
6803,19.1,6,3,bills,5.6,5.105750779707966,0,0,0
7960,93.79,9,5,entertainment,15.6,3.489382426287353,5,0,0
3670,1482.71,18,3,retail,6.3,1.2650561920739416,1,0,0
7059,490.13,23,4,food,2.8,0.4389679540498188,3,0,0
2414,2.48,17,3,retail,0.9,8.017703619260814,3,0,0
977,216.65,21,5,entertainment,3.9,0.6600728464942239,4,0,0
9651,12.39,17,0,food,11.4,0.6892425560081682,0,0,0
3296,336.76,9,3,bills,0.0,3.498356367609306,1,0,0
9264,140.95,6,2,transport,4.9,2.92370103317353,1,0,0
4281,30.97,18,0,food,3.8,0.22102561853016667,3,0,0
22,10.4,21,6,entertainment,2.5,1.869284572893074,1,0,0
2788,27.75,5,5,transport,3.7,10.750359678752034,0,0,0
9170,31.15,3,1,transport,1.1,9.273036467019505,6,0,0
9112,14.01,12,4,bills,7.3,10.615858668556562,3,0,0
7005,32.21,9,4,food,37.1,1.4286966486408708,5,0,0
805,188.96,21,5,bills,5.5,7.304480858520913,0,0,0
2907,259.31,10,5,retail,1.2,6.841624435965203,0,0,0
488,15.73,17,2,transport,2.1,1.2212653933657216,1,0,0
6945,93.59,12,3,entertainment,14.5,0.6342206872224203,2,0,0
193,88.56,4,1,transport,2.6,1.154227566083536,3,0,0
523,44.25,20,4,retail,4.7,7.267714554982861,2,0,0
9603,8.92,9,0,bills,0.9,4.264066786717124,1,0,0
3191,208.06,22,2,entertainment,2.4,0.5624297538811998,2,0,0
9509,23.76,20,5,entertainment,3.0,0.40628923174017306,2,0,0
3124,105.18,11,3,bills,3.1,0.9512411714075367,2,0,0
6934,13.13,13,4,retail,6.5,4.002891876979124,2,0,0
4293,18.87,11,1,retail,6.4,2.6661680974427133,3,0,0
4855,78.67,13,4,entertainment,7.4,2.683201452123631,3,0,0
1409,35.34,18,1,food,10.1,5.41241506670143,1,0,0
5694,62.77,17,2,transport,11.7,0.7944901898918899,2,0,0
2836,43.56,6,5,entertainment,0.7,1.4411368356461784,2,0,0
4168,17.69,7,5,entertainment,1.8,2.071650723358081,5,0,0
2017,35.6,6,5,entertainment,0.9,4.621114025374748,4,0,0
9643,16.44,23,6,retail,5.3,2.8206682126801637,3,0,0
4333,72.99,3,6,retail,2.2,0.7683963167481223,3,0,0
5533,81.75,19,4,bills,8.2,0.7303858720609366,1,0,0
6076,19.73,11,0,bills,7.2,1.4442004375024873,2,0,0
1161,58.02,11,1,transport,3.9,1.4443257986875624,4,0,0
4243,62.63,21,0,food,9.9,8.437973703889494,2,0,0
6024,42.37,17,2,transport,15.8,0.9169958336803233,3,0,0
6690,14.02,19,1,food,2.7,3.3115988459312398,0,0,0
6408,216.55,16,1,retail,1.5,0.931657382875311,3,0,0
4247,87.51,20,3,food,2.0,1.104273594556319,3,0,0
2080,15.24,12,4,entertainment,1.3,2.5586604389922734,1,0,0
9782,73.15,7,4,food,0.7,3.0010835978929853,2,0,0
9868,624.66,17,0,food,1388.6,68.59453158650672,8,0,1
3566,38.21,19,4,transport,17.9,11.220637652675999,1,0,0
2752,181.96,13,2,bills,14.2,2.0037386748353074,1,0,0
6082,85.17,18,1,transport,10.7,10.931658390112293,3,0,0
3408,41.85,13,6,transport,7.2,2.2010693349843047,5,0,0
4546,69.34,19,1,retail,3.8,0.10433398663529819,1,0,0
2348,146.24,21,5,transport,1.9,0.9954163005310441,3,0,0
5165,19.39,19,1,food,1.0,0.26918019728355813,2,0,0
7196,46.83,13,1,food,0.6,2.5097995101571087,3,0,0
9766,507.0,11,5,entertainment,16.7,3.3618569535564946,0,0,0
1440,9.66,7,6,food,12.0,8.591900507551118,0,0,0
969,3.67,17,1,entertainment,3.5,0.5618240507904885,5,0,0
8658,3005.7,19,2,transport,1.6,2.2766683428524592,2,0,0
4764,1863.01,13,0,food,0.2,6.303366724780503,1,0,0
7385,11.9,12,4,bills,8.0,8.207943756472206,1,0,0
5691,164.5,13,6,entertainment,0.5,4.49220242412597,6,0,0
466,118.76,9,4,food,4.4,0.9160755714222935,3,0,0
9463,238.08,6,0,food,1.2,0.08973856763742417,1,0,0
127,6.67,11,5,retail,1.2,5.582489437298861,6,0,0
1447,17.96,14,3,retail,1.7,5.160255289285165,0,0,0
5959,252.93,9,3,bills,0.7,2.0673357834394714,3,0,0
7505,34.18,2,2,entertainment,2.3,7.336243030454707,6,0,0
2784,335.22,10,2,transport,9.5,10.54154456200219,1,0,0
6933,699.25,21,0,entertainment,27.5,1.9289755271219127,1,0,0
6235,103.31,9,6,bills,0.3,0.8244872307078345,1,0,0
4177,303.84,8,4,retail,2.2,3.932187266230569,1,0,0
8744,7.96,14,0,bills,3.8,8.050924943748695,4,0,0
9159,47.72,8,6,retail,9.2,2.019063331757966,2,0,0
3748,46.2,17,3,transport,1.0,1.432789263511309,6,0,0
7323,121.44,6,0,transport,2.8,4.773922910579467,2,0,0
7448,54.24,10,0,bills,7.6,4.140338372203322,0,0,0
8926,199.0,15,4,entertainment,4.6,0.18097380845262076,2,0,0
1466,44.42,19,6,food,1.3,4.605923416709841,1,0,0
9234,48.47,2,5,transport,2.8,3.586587858833224,3,0,0
4639,347.78,16,6,food,1.7,8.162940549674332,1,0,0
1312,284.5,14,4,bills,2.5,4.074278756157883,1,0,0
3064,27.18,3,3,entertainment,0.0,1.5832226455723344,5,0,0
1227,23.47,16,3,entertainment,0.2,0.8165095744093984,1,0,0
6347,35.18,21,6,entertainment,7.7,4.5629180902527136,1,0,0
9710,86.02,22,6,bills,10.4,0.3904200212083054,2,0,0
582,1634.83,7,6,food,5.9,0.7956184192804603,2,0,0
9724,7.78,13,1,transport,2.2,3.707884104673946,2,0,0
8816,11.72,19,0,transport,8.4,5.95001944022485,1,0,0
5611,91.52,11,4,food,0.9,2.2460638906109085,3,0,0
1998,25.62,18,0,retail,0.3,2.847032918984568,2,1,0
8716,32.32,18,1,entertainment,11.2,8.153289210269913,1,0,0
3559,324.51,20,2,entertainment,3.0,3.1471736018119882,4,0,0
1004,23.13,19,1,retail,9.8,0.9343764750418677,1,0,0
7212,793.84,7,4,entertainment,3.4,9.465901778343893,0,0,0
6434,26.84,11,0,transport,4.1,0.8615217066541021,3,0,0
7325,22.23,8,3,entertainment,7.5,0.45426157716790805,3,0,0
189,313.98,17,4,entertainment,1.0,6.621117045282043,1,0,0
766,434.97,15,1,bills,4.6,3.670745947652115,0,0,0
5389,7.1,18,6,retail,4.5,0.13787870413833775,2,0,0
381,12.02,19,4,bills,1.0,0.4235156439707246,2,0,0
5576,161.81,11,0,transport,5.2,0.4441022970830437,3,0,0
8622,20.78,8,4,entertainment,3.5,0.24332333213963403,0,0,0
5351,64.68,3,1,retail,1.2,7.666502837541611,4,0,0
3924,0.47,12,2,food,3.4,2.984349262676959,1,0,0
5592,37.52,22,0,bills,2.4,0.1291805748567702,1,0,0
3489,152.36,12,5,retail,0.0,2.758318702842205,2,0,0
7230,228.48,11,2,food,4.0,27.225296752143564,0,0,0
9970,3797.22,16,0,transport,2273.8,13.382636837727333,10,1,1
3847,24.98,9,5,bills,0.7,0.12045987559225489,3,0,0
7072,4.17,19,4,food,0.1,2.786224108678839,1,0,0
4259,108.9,12,5,food,1.1,0.24467824381909514,1,0,0
8191,36.59,21,3,transport,1.9,0.5251932847488485,1,0,0
588,36.05,15,3,retail,0.2,0.8451133966893494,1,0,0
8884,28.77,11,1,bills,1.6,2.3583137217712955,2,0,0
1037,263.07,21,4,transport,2.5,4.66578237995736,2,0,0
1986,7.55,11,0,entertainment,5.7,2.3013299789498145,1,0,0
8515,749.16,8,1,bills,5.9,5.5606889532069275,1,0,0
508,8.92,10,1,food,0.4,1.3308745406373088,1,0,0
3783,98.47,19,1,transport,1.5,6.1529524272022265,1,1,0
8892,5.75,7,1,entertainment,0.2,1.0823384806720093,0,0,0
2821,64.91,21,3,bills,4.2,0.08558452716244294,6,0,0
9556,136.68,9,3,transport,1.7,3.177311992453389,0,0,0
988,212.74,13,3,transport,4.8,1.7015732769739018,1,0,0
8532,0.67,11,4,entertainment,4.2,0.5149797715529356,0,0,0
1021,210.76,9,6,bills,17.1,2.5956370026256734,3,0,0
7999,35.07,20,2,bills,1.4,0.6032112233594971,0,0,0
5633,31.03,15,4,retail,1.6,0.24518753424392836,5,0,0
9561,85.01,12,2,retail,7.3,7.4054959242857805,2,1,0
8805,65.81,12,2,bills,13.2,5.9572052891078595,3,0,0
2662,0.95,14,4,entertainment,0.0,3.189995816503334,0,0,0
5332,569.16,11,5,retail,0.1,1.2017701831472956,1,0,0
7544,20.28,11,3,retail,1.2,1.312699962929768,2,0,0
3742,178.01,20,4,retail,3.8,6.01830676303293,4,0,0
226,49.95,21,0,food,0.6,1.0242446902027786,1,0,0
5182,98.15,23,4,transport,7.5,0.13578699955640372,5,0,0
8190,74.18,9,1,food,13.0,0.7554423612124828,1,0,0
3674,70.68,16,0,retail,1.5,0.6666075397147866,4,1,0
4150,560.59,21,4,transport,16.5,1.5849949148502587,2,0,0
6840,9.89,8,2,entertainment,1.5,5.987497115873598,4,0,0
5625,362.52,10,2,entertainment,0.5,2.5697221721326824,5,0,0
364,300.13,20,1,transport,6.3,7.967148956944467,1,0,0
6676,491.14,0,6,retail,15.5,4.779850296339162,1,0,0
606,598.03,16,0,bills,0.9,0.13165673619424945,5,0,0
8823,656.93,18,5,entertainment,7.6,2.2489768775317165,0,0,0
3530,54.91,20,1,entertainment,3.6,0.6873953474302215,5,1,0
1178,11.18,15,6,bills,2.3,3.1058169464334213,0,0,0
9968,549.23,9,4,bills,16.3,23.020007125872667,11,0,1
5352,34.55,14,6,food,11.6,0.21666891124012083,3,0,0
8206,61.28,21,6,food,4.5,2.055265482468979,1,0,0
5845,24.28,6,4,transport,3.7,5.301972823402541,3,0,0
3144,9.68,10,4,transport,0.3,2.8258285808004087,1,0,0
9842,58.44,0,6,entertainment,324.4,3.026712559570953,9,0,1
1927,56.99,19,0,retail,1.6,0.6800770155166036,5,0,0
9552,20.01,11,3,transport,0.1,0.8380477496665566,3,0,0
2567,138.79,23,0,transport,3.5,0.393389256494453,2,0,0
3545,9.78,14,4,retail,0.3,0.9358391937616324,4,0,0
5532,17.2,17,6,transport,4.3,0.14343213276158379,3,0,0
6990,460.14,20,2,food,12.7,5.866900837288024,0,0,0
481,3.65,12,2,retail,4.7,2.026119924288584,3,0,0
9832,49.76,11,0,bills,1077.6,1.4648357912519312,10,0,1
4270,351.48,14,6,entertainment,5.0,2.1685948079369513,1,0,0
1137,14.85,19,5,food,2.3,3.687544980733499,2,0,0
6443,115.11,13,2,food,1.1,5.034039139411762,2,0,0
3023,81.75,13,4,entertainment,3.8,0.9442561988259413,2,0,0
16,63.16,17,3,entertainment,3.4,2.655609586708263,1,0,0
8135,154.93,21,2,entertainment,5.7,0.011298628714680183,2,0,0
2028,327.36,9,5,retail,10.6,4.922882743995977,3,0,0
6891,22.96,16,1,food,4.3,1.5385828956213283,1,0,0
9485,68.88,15,4,transport,4.7,4.081886232945411,2,0,0
4426,23.14,4,4,transport,4.2,0.9250756167196249,2,0,0
6633,13.61,13,1,food,0.1,3.4494880339269227,6,0,0
4686,1697.12,1,0,entertainment,8.7,0.3918027680862432,1,0,0
9889,22943.59,19,6,bills,115.1,76.8034786347208,7,1,1
2210,72.64,6,3,bills,3.8,1.8943465146613359,3,0,0
7904,40.07,18,1,retail,0.1,2.352266171931144,1,0,0
5881,43.54,7,1,transport,2.2,3.5593746293376523,2,0,0
6026,73.95,18,3,entertainment,10.0,2.2345190093158678,2,0,0
7201,34.36,7,4,entertainment,0.8,1.2667934307213118,1,0,0
8952,1045.04,12,1,transport,0.3,5.4752681410238475,5,0,0
6662,34.95,15,3,entertainment,1.7,1.3799598217052385,1,0,0
6733,11.4,12,4,transport,2.3,0.31363753239987807,4,0,0
4690,4.52,15,5,food,13.6,2.8660401463779936,3,0,0
4858,467.89,15,6,transport,6.3,0.4030833095268337,1,0,0
4588,643.84,22,6,entertainment,8.1,5.73652476343981,1,0,0
8061,225.3,2,0,bills,11.2,7.430762544328488,5,0,0
5761,23.22,11,1,retail,1.9,3.6332457947586327,1,0,0
3998,6245.11,7,0,retail,0.3,3.5364424482466705,1,0,0
4921,2258.14,13,0,retail,3.5,7.320834827567455,4,0,0
8665,43.92,18,4,entertainment,0.1,3.858476701253725,2,0,0
7272,317.12,20,5,transport,10.9,1.6085293682787665,1,0,0
5722,127.38,19,4,transport,2.6,5.45576392088516,2,0,0
8802,361.99,2,3,entertainment,0.2,0.4422959602982613,2,0,0
206,80.79,19,6,entertainment,4.6,1.9595758222231465,1,0,0
5791,110.7,22,2,retail,6.8,1.8410736291183087,2,0,0
3746,281.51,12,0,retail,2.2,1.9168023186340368,0,0,0
6298,85.96,8,3,transport,1.8,12.467270702222049,2,0,0
73,0.38,20,4,transport,0.9,3.7720496649022643,2,0,0
4605,13.95,23,0,food,5.6,9.839264840621487,2,0,0
5900,14.96,15,6,bills,7.6,3.72692075472996,1,0,0
1544,331.07,2,6,retail,3.3,4.588237612075693,1,0,0
5934,21.52,18,5,food,4.4,2.5239104428973587,1,0,0
568,168.31,22,5,retail,5.0,3.2521469827722336,3,0,0
7197,20.22,21,0,transport,11.3,5.50877099555797,0,1,0
1465,1.71,0,4,transport,3.7,1.2064730286516485,2,0,0
6732,39.28,19,4,bills,4.4,8.457328414429021,2,0,0
563,8.71,6,3,transport,0.2,2.538322265998132,3,0,0
2776,109.68,15,5,transport,10.2,4.326466053264223,2,0,0
221,37.42,22,5,transport,10.4,1.5098482492118888,2,0,0
314,32.4,10,4,entertainment,19.2,5.068250787220033,5,0,0
7824,104.13,10,4,food,10.0,0.7605417818904467,0,0,0
9598,249.06,13,3,retail,8.1,2.9058506616909785,0,0,0
5817,975.92,14,5,retail,4.7,1.4824168333620882,2,0,0
9274,54.05,11,1,food,10.1,7.761220123356949,2,0,0
6883,214.9,17,2,transport,2.4,0.4814491098220618,2,0,0
7512,125.07,15,2,food,2.3,1.0381065036072263,2,0,0
4765,127.35,9,2,entertainment,8.6,3.507602420424188,0,0,0
5785,93.48,16,0,entertainment,1.0,0.37081771603767644,4,0,0
8403,132.01,16,6,transport,2.2,1.0575600053811696,1,0,0
7598,35.18,20,0,retail,0.3,0.7318969673010822,2,0,0
3975,17.55,19,4,transport,8.5,0.3436119720831269,1,0,0
4818,112.66,2,4,retail,9.8,1.6756312996238671,2,0,0
5712,64.93,14,2,bills,2.5,3.3158242307631776,3,0,0
8726,58.22,11,5,bills,1.8,2.6926062442814667,4,1,0
1806,14.97,18,4,entertainment,0.6,4.978935148844335,2,0,0
2605,66.99,19,3,retail,4.5,1.0857459870314126,2,1,0
286,61.6,5,3,bills,2.2,0.3444817104612821,0,0,0
5189,8.81,23,3,food,7.4,0.5675964585139921,2,0,0
2124,68.38,9,3,retail,3.0,10.818839216367621,1,0,0
5546,17.12,13,5,food,9.0,9.375809068913886,2,0,0
2191,63.11,12,4,transport,2.9,2.269126880121351,2,0,0
9298,19.22,6,3,retail,1.3,3.5213011242010555,2,0,0
3944,5.35,16,6,bills,5.1,1.4619502877581034,4,0,0
4405,29.53,19,1,retail,11.5,11.182476662836798,2,0,0
8547,8.62,16,3,entertainment,0.0,1.6498849843384247,2,1,0
2475,102.69,8,1,retail,4.7,2.128679326026785,1,0,0
6761,149.62,4,2,transport,4.1,0.021736689202413048,2,0,0
4422,47.39,23,6,food,5.1,3.9352915536319495,1,0,0
479,84.07,14,6,transport,5.4,15.327117117925486,3,0,0
6804,42.12,11,6,retail,1.9,0.17707653130374737,3,1,0
3279,162.11,12,3,food,7.7,4.7455233991757195,2,0,0
2314,88.49,13,5,retail,0.3,6.014525537624445,1,0,0
1311,16.33,7,0,retail,8.2,2.4270209798911284,2,0,0
1171,258.59,20,2,food,20.3,2.722117100248112,1,0,0
8924,86.03,3,3,retail,14.3,0.5592423694701749,3,0,0
7308,89.47,16,1,transport,2.5,3.1160677843159754,2,0,0
3940,313.01,14,0,food,1.0,0.6507673509983019,2,0,0
1274,9.35,5,2,entertainment,2.5,2.9163175237170202,0,0,0
9763,65.12,15,3,bills,0.2,1.3117249691937736,4,0,0
4985,123.47,14,6,food,5.1,1.859839484857443,3,0,0
6195,78.92,9,2,bills,1.6,7.054034140265209,2,0,0
7955,16.77,17,2,retail,6.0,1.0989216164597089,2,0,0
4097,78.46,16,0,entertainment,6.0,2.245820016936989,1,0,0
9818,126.59,8,2,transport,99.7,96.6972978228475,9,0,1
9350,115.78,16,1,food,0.2,4.353206116119782,3,0,0
4515,17.47,3,6,bills,4.5,3.5456118440518702,1,0,0
6571,29.38,12,0,food,4.3,12.53529714663539,3,0,0
6159,5.98,13,1,bills,2.8,0.3330273374637838,3,0,0
5157,64.46,9,0,retail,0.2,14.23473333716008,2,0,0
5201,43.11,15,1,entertainment,5.7,7.125161180704325,1,0,0
5506,90.26,15,1,bills,4.5,7.120828099090009,2,0,0
2894,12.63,13,0,entertainment,7.6,0.5433265077205776,1,0,0
2349,20.41,10,6,retail,13.8,3.254522520973584,4,0,0
3395,146.38,8,4,food,0.3,1.1684414436938861,0,0,0
7898,183.82,18,2,food,0.0,1.2077606438773416,0,0,0
6077,331.02,18,6,entertainment,4.3,5.545142857570586,2,1,0
1495,71.27,1,4,bills,12.5,0.7489123361724506,1,0,0
3127,68.02,19,4,bills,1.4,2.7449460686827436,1,0,0
7677,18.82,21,3,retail,7.7,0.952694013310869,0,0,0
3694,19.79,22,3,entertainment,4.3,1.7491888102768558,1,0,0
4325,164.88,0,1,retail,2.4,4.971168254022972,4,0,0
4514,39.13,15,1,transport,7.9,4.30637283098622,2,0,0
8008,53.17,22,0,food,4.5,2.443847860369319,2,0,0
7888,115.04,5,0,retail,2.9,0.8164486154757248,2,0,0
9057,445.71,15,0,bills,0.9,1.736106619060731,2,0,0
2598,61.21,11,5,bills,21.6,0.36273477322897724,1,0,0
6490,90.2,3,0,bills,4.1,0.8268638139953277,2,0,0
6119,116.66,21,3,retail,2.8,4.93735953033177,2,0,0
9713,313.89,23,5,bills,8.2,3.5238667041196767,1,0,0
89,164.79,23,3,entertainment,1.1,0.38115849181991673,2,0,0
9357,19.26,13,1,bills,2.4,3.095064853220618,5,0,0
7460,16.13,8,1,food,1.1,0.8490231271500819,1,0,0
1818,16.05,16,0,retail,0.4,2.4992299723998337,1,0,0
6274,77.8,19,5,retail,5.4,1.5846169166463473,0,0,0
1874,16.35,16,3,bills,1.7,3.058260651248921,7,0,0
9389,21.81,19,1,retail,15.6,4.646577838424575,3,0,0
4200,66.13,22,5,food,7.2,0.7331139263737024,4,0,0
3166,102.7,20,5,entertainment,5.1,2.991239446469455,2,0,0
1336,4.54,22,6,bills,0.8,3.923679132240699,3,0,0
9117,157.53,15,4,food,0.8,5.698808819856621,2,0,0
2872,28.6,17,4,entertainment,23.2,2.8461171732077677,2,0,0
920,40.41,17,2,food,7.4,5.4136283548828885,3,0,0
1281,328.02,13,1,bills,2.8,7.5748063798835155,1,0,0
8889,98.02,17,0,entertainment,0.7,8.807918704167454,0,1,0
5021,41.64,21,3,bills,1.4,0.07993558051353004,0,1,0
1172,30.35,13,4,bills,0.5,0.03577895709108342,1,0,0
3244,39.59,18,0,transport,0.3,1.9252639505513653,2,0,0
7367,176.68,3,4,food,0.5,5.096479419023983,1,0,0
8250,20.72,8,6,retail,0.8,0.6015788063357936,2,0,0
9914,177.36,8,4,retail,281.5,10.685235818884877,8,1,1
556,616.84,17,0,entertainment,2.2,0.08416374032750057,3,0,0
3306,13.38,17,2,entertainment,3.2,10.10199075834017,2,0,0
426,15.18,12,6,food,3.7,4.911338893080059,3,0,0
1843,35.88,19,6,retail,5.7,1.0500929030008408,4,0,0
385,149.18,13,6,retail,2.5,0.6285917194746451,2,1,0
7033,52.53,9,0,entertainment,4.7,0.5695920120732018,2,0,0
1994,45.38,12,5,bills,1.4,4.30240796739595,2,0,0
8431,26.52,20,1,food,1.0,0.35426101664710274,0,0,0
6665,56.51,20,3,retail,0.3,2.215892222842159,0,0,0
4501,62.6,11,5,transport,12.4,2.793925507360403,1,0,0
3386,65.42,6,2,entertainment,0.7,1.6367963806774957,2,0,0
100,133.57,11,0,transport,21.2,1.8410562738129672,3,0,0
909,146.41,1,6,retail,0.5,3.600861167153126,4,0,0
4804,1198.69,13,0,transport,4.7,1.379812401240658,3,0,0
5480,35.46,10,2,retail,3.1,1.0139446955562736,1,0,0
6316,37.48,18,6,food,0.5,0.41661468086447184,2,0,0
5827,52.52,6,6,food,1.5,5.475488992222806,3,0,0
3980,178.1,13,2,entertainment,3.6,1.5029050422703079,3,1,0
7462,306.01,16,2,entertainment,11.0,2.8117216877450915,2,0,0
9748,125.29,9,2,retail,7.2,3.5888853120988395,3,0,0
8068,32.25,22,1,entertainment,3.5,3.2705702786000934,1,0,0
9579,10.73,8,5,food,3.3,2.4490182104037923,1,0,0
9616,11.15,18,1,bills,3.0,0.1639269724953791,2,0,0
3033,123.06,15,5,food,2.1,0.21568474047762012,2,0,0
6584,16.72,10,6,entertainment,9.1,0.18363339071149992,0,0,0
4942,5.14,21,3,bills,0.7,1.59614014806655,1,0,0
5539,19.41,10,6,food,4.4,3.759878648734362,1,0,0
6898,23.08,8,3,entertainment,0.8,0.679262211076638,0,0,0
6256,11.53,17,0,retail,1.2,0.26366549764846586,3,0,0
5685,5.27,21,1,transport,1.3,1.1904532557652077,1,0,0
3406,8.11,12,5,entertainment,1.7,6.77852581046949,2,0,0
5462,150.45,12,0,bills,7.0,6.53307278748151,2,0,0
6081,87.64,16,4,entertainment,2.5,0.11259127363363086,1,0,0
4360,405.48,10,4,food,14.5,0.4214529185665906,3,0,0
4952,1305.43,4,5,entertainment,19.5,6.627693343676027,2,0,0
8120,14.18,20,0,food,0.8,0.9126555893087593,0,0,0
2220,208.97,14,5,retail,1.4,2.8487862818650336,8,0,0
83,128.23,12,0,food,4.8,9.328191358502577,1,0,0
227,77.35,23,4,bills,0.0,0.3599910044872998,2,0,0
2669,14.92,23,2,entertainment,3.0,0.028594606226224634,0,0,0
9046,97.94,9,6,transport,4.9,3.4459777237461138,1,0,0
2412,2.65,20,3,bills,0.7,0.11710447949424904,0,0,0
8810,77.97,11,0,retail,1.3,1.8854096071066544,1,0,0
1620,126.76,21,5,entertainment,9.9,3.953344986090171,2,0,0
1641,284.6,3,4,bills,5.8,2.3313931877191387,2,0,0
4308,37.79,9,1,food,3.6,1.990737120919155,5,0,0
4839,12.35,9,4,food,4.0,2.1171369008442076,2,0,0
6689,5.9,16,2,transport,4.0,0.40599709876441364,3,0,0
281,56.36,7,6,retail,6.3,0.90131498899354,1,0,0
5384,55.81,10,1,food,1.0,0.7488585332742319,6,0,0
5799,59.22,6,5,retail,18.7,0.03670922330915232,4,0,0
1195,56.64,22,1,retail,0.7,0.06801881412073738,4,0,0
2718,625.63,9,2,bills,6.5,4.403058984059373,1,0,0
8781,102.53,19,4,entertainment,3.1,0.6666678171919006,0,0,0
6995,7.76,22,3,transport,5.7,4.122733946189962,1,0,0
7564,78.09,17,1,food,11.2,5.908132106229324,4,0,0
9341,246.71,12,3,retail,10.9,2.8161535147636183,1,0,0
8607,18.28,6,4,entertainment,4.1,2.4870348105370215,4,0,0
4076,71.43,13,0,transport,13.5,8.61678944835647,1,0,0
5376,183.02,21,5,retail,3.6,0.9161744386947815,1,0,0
5798,2.44,8,5,bills,0.9,4.44327623886039,2,0,0
7209,848.95,10,1,food,2.2,0.6761175997661844,4,1,0
9119,42.6,14,4,retail,5.6,1.2148347305899918,3,0,0
6876,129.57,14,1,transport,3.1,1.351892162658759,2,0,0
2820,127.36,22,2,entertainment,9.5,2.4459960303293657,6,0,0
7788,69.5,19,4,retail,2.8,1.840642523433679,6,0,0
3106,306.22,19,2,transport,17.4,6.790274047438234,1,0,0
9428,218.05,20,2,transport,0.8,2.944843438713466,2,0,0
8098,646.8,16,4,bills,2.6,3.037291349772792,2,0,0
5636,29.86,18,4,food,16.0,2.602977662165598,2,0,0
5416,137.76,21,1,transport,0.4,0.9374593843303547,0,0,0
3582,77.15,18,0,transport,2.5,4.202141093015912,4,0,0
388,245.92,3,3,entertainment,0.6,0.7058636085374076,1,0,0
7988,819.21,15,1,retail,7.3,1.3533011785649562,3,0,0
5682,60.27,23,5,transport,2.9,0.005511035590784025,1,0,0
8737,2151.39,20,5,bills,6.5,7.326253485265498,1,0,0
6812,2.74,18,2,food,3.7,5.208473297985755,0,0,0
2740,30.52,10,1,bills,2.8,2.4401615100993346,1,0,0
4825,6.97,19,1,bills,0.9,3.2155938840705733,1,0,0
3928,98.1,21,4,transport,3.9,0.9997944754167445,2,0,0
7190,62.57,13,6,bills,8.4,1.3992238743961583,0,0,0
8110,5.13,16,1,bills,3.1,4.857680678878854,2,0,0
112,68.98,11,4,retail,1.7,1.680262492584151,3,0,0
2876,323.66,14,4,transport,4.9,4.394141443575004,3,0,0
5288,1.03,16,2,retail,10.3,6.4814604338596356,1,0,0
3703,199.98,14,4,food,1.6,0.1423007877601189,3,0,0
34,296.38,12,2,entertainment,1.9,2.2504936718110313,1,0,0
4646,27.32,17,0,retail,0.4,0.6822199439993493,3,0,0
5497,26.44,9,5,bills,3.7,1.9443135797649465,1,0,0
4634,53.74,11,3,entertainment,3.1,2.1594664117460223,4,0,0
3322,4.77,13,0,bills,3.4,5.056016325057071,0,0,0
8819,372.05,23,2,retail,3.4,1.0611633714034026,1,0,0
2201,10.07,20,6,bills,4.7,0.15017395518584298,3,0,0
4797,110.63,9,2,entertainment,2.8,3.5655475973112205,3,0,0
259,28.07,16,0,bills,3.4,8.44108720395863,2,0,0
7745,41.45,7,6,food,13.7,7.92944654214988,2,0,0
5491,22.25,19,4,food,14.9,0.9240315918446256,3,1,0
3010,52.6,18,1,transport,4.4,0.04456382971892811,1,0,0
2893,48.82,19,1,bills,2.3,2.437996724223585,1,0,0
712,18.69,9,6,food,0.3,3.094344612998451,1,0,0
6140,41.01,23,2,transport,0.1,1.8259632882416648,1,0,0
3277,192.4,6,3,bills,0.4,3.781558958690511,0,0,0
3905,20.01,4,3,retail,4.8,1.6714500246369246,7,0,0
4728,208.22,20,6,transport,0.5,1.8662569951110362,1,1,0
4063,36.36,19,6,entertainment,1.1,1.0612736369177718,1,0,0
9295,128.75,18,5,transport,3.0,11.389945023441989,0,0,0
1221,23.64,15,6,transport,0.2,5.432288251841377,1,1,0
6508,6.69,16,0,transport,15.1,0.33387604299710877,0,0,0
2791,19.34,11,6,food,4.3,5.885482924998564,3,0,0
8719,6.51,22,5,bills,1.4,7.968645742601816,2,0,0
1031,51.68,13,6,food,3.0,5.688670446734566,1,0,0
844,195.21,16,0,food,3.7,1.796685956044983,5,0,0
6314,152.19,5,1,retail,2.5,2.666322333903789,2,0,0
2427,102.4,7,0,bills,1.4,3.3786890067591666,2,0,0
8866,10.04,6,6,entertainment,5.4,1.6478208464820483,1,0,0
3142,8.07,0,5,transport,1.7,6.219960149337923,2,0,0
224,11.27,12,6,bills,3.3,0.5844404244519112,3,0,0
9137,112.73,20,5,transport,7.7,9.282902008295412,1,0,0
2706,131.08,20,6,retail,11.2,5.058868360410086,2,0,0
2806,15.09,18,2,bills,9.9,2.045612556430393,1,0,0
6006,42.12,21,3,retail,4.7,0.6351340095457808,1,0,0
9660,145.99,19,6,food,6.4,5.9732295043596775,0,0,0
2646,61.55,9,5,bills,4.7,6.162551839618207,7,0,0
2216,6.95,18,5,retail,0.1,0.653485548624253,4,0,0
540,2.23,17,6,bills,4.0,0.38173677248858484,0,0,0
7873,1403.81,4,3,food,0.4,6.98674943795937,3,0,0
4733,137.35,17,6,food,2.1,6.908774003901823,2,0,0
9767,306.12,16,4,food,8.0,0.6664547368644383,2,0,0
2036,196.73,7,0,entertainment,4.0,1.7715336019410444,2,0,0
8091,107.86,18,3,food,16.7,0.05024920821550293,1,0,0
6993,30.26,23,0,bills,1.2,5.018327363135215,1,0,0
5812,7.48,11,6,transport,3.5,10.956747687651136,2,0,0
6083,28.91,15,1,entertainment,5.4,1.806879253950349,3,0,0
8751,158.63,16,0,retail,12.2,1.6078659264980355,1,0,0
4402,16.97,10,3,bills,0.0,4.045815146131065,1,0,0
7482,10.89,13,4,bills,1.4,11.136840400475814,2,0,0
6730,220.59,19,0,food,2.6,0.7515611981271952,1,0,0
7416,1.54,21,4,transport,2.6,3.4664935663185847,1,0,0
2386,257.53,13,3,transport,9.9,3.576485258342866,0,0,0
4899,34.22,21,4,entertainment,5.3,1.3901756142173214,2,0,0
579,16.82,6,6,entertainment,6.3,1.8248704770617188,4,0,0
5741,89.19,12,1,food,2.2,4.022389998281317,3,0,0
10000,833.02,20,6,entertainment,120.1,4.438131482226398,10,0,1
7305,10.66,15,5,transport,11.0,1.2573759049301307,6,0,0
5179,15.19,11,0,transport,10.2,8.154096809137084,1,0,0
2566,11.55,20,5,food,0.7,0.029694392896166842,1,0,0
8301,81.19,0,5,food,0.3,3.448250862695562,2,0,0
6332,64.31,7,5,retail,9.9,1.9542837118286025,2,0,0
8858,5.63,14,5,bills,0.0,0.6407551965050985,2,0,0
9834,687.33,6,6,entertainment,402.7,4.784682910766456,6,0,1
1266,245.45,18,6,transport,8.5,0.9183627627501249,3,0,0
8687,7.29,19,5,food,4.8,4.613232849818116,2,0,0
1682,27.21,3,0,entertainment,4.0,0.4508381370475406,3,0,0
7852,44.43,20,0,transport,10.9,0.47108761955723155,1,0,0
2606,1026.06,12,5,entertainment,0.6,3.8336713452421223,2,0,0
8575,10.8,9,0,food,0.1,8.688786322859855,0,0,0
3262,691.97,11,5,retail,5.0,1.0769353113271014,1,0,0
2594,10.03,19,5,transport,3.0,3.5901847737401456,2,0,0
5966,123.13,16,6,bills,1.3,1.195665410549359,5,0,0
3113,28.1,10,3,food,5.5,0.049890849294927916,2,0,0
159,1927.33,18,4,bills,0.1,5.092908221477399,2,1,0
5321,3224.71,10,5,bills,1.9,1.6106343758180675,1,0,0
1914,142.23,14,2,food,32.4,3.2525280680624613,4,0,0
8717,43.36,16,0,retail,7.5,0.8771667676244668,0,0,0
5535,19.33,16,6,entertainment,8.8,2.985188562590525,0,0,0
8497,10.16,4,4,retail,2.3,3.083675973400277,1,0,0
8442,15.21,20,5,retail,0.0,4.451189809104372,1,0,0
1965,22.24,13,0,entertainment,0.8,14.175318178846332,0,0,0
4061,4.18,18,0,entertainment,2.3,4.494706909215529,2,1,0
686,41.66,18,4,retail,5.5,0.5859378021112553,1,0,0
2604,71.47,17,2,food,0.4,3.773245426212825,2,0,0
2889,8.11,11,0,food,1.3,3.7052413835044007,5,0,0
7589,19.41,18,0,retail,6.1,4.058537441878669,2,0,0
2155,16.25,19,1,food,6.7,1.2450050107433213,0,0,0
9550,7.34,20,4,transport,2.7,1.3888354920855288,0,0,0
5370,29.98,20,5,retail,1.2,2.187849182962975,1,0,0
6619,115.68,21,1,retail,0.1,2.811696405351413,0,0,0
1209,13.51,11,4,bills,4.4,3.067640447387504,1,0,0
5320,11.08,12,4,retail,11.4,0.4889850840450351,2,0,0
9442,36.75,14,1,transport,6.9,2.1927403882559577,2,0,0
8940,11.89,20,6,entertainment,1.3,1.7026757313268468,0,0,0
4803,122.21,7,0,food,6.5,1.0707589866818146,1,0,0
5582,409.13,18,6,retail,0.2,0.9960573019353356,0,0,0
2661,69.14,19,3,transport,20.2,2.4028353928966864,2,1,0
5239,6.14,15,3,retail,1.2,1.4435099505105238,3,0,0
6293,107.41,19,4,transport,5.5,0.35053750192417826,3,0,0
6162,11.1,6,1,food,6.4,9.17716819230194,1,0,0
7314,5.54,11,6,transport,0.7,1.4217313285694377,2,0,0
7872,16.78,12,6,transport,7.5,5.434307870746377,3,0,0
8025,35.19,18,6,retail,6.0,2.5367869161069336,4,0,0
5244,33.65,10,4,food,0.6,2.263518299217345,3,0,0
4828,919.42,6,1,food,12.9,2.5160353527445753,2,0,0
3280,237.81,23,3,transport,7.9,0.9283809176821695,0,0,0
8318,5.79,21,2,retail,3.7,3.0069533388439935,5,0,0
9025,229.91,19,5,transport,1.7,2.067110037139849,3,0,0
7841,372.61,13,4,retail,4.7,0.7453409063687733,1,0,0
7860,28.76,12,2,entertainment,9.6,2.954135238629644,0,0,0
7127,69.91,22,5,food,0.4,0.8119136246568662,0,0,0
6610,233.99,12,4,entertainment,8.3,1.3908647079204348,5,0,0
2502,51.5,14,1,entertainment,3.3,0.572631650533537,1,0,0
9566,7.15,2,5,transport,14.1,3.413581136270153,1,0,0
9253,213.52,7,5,entertainment,14.5,1.683220698610933,3,0,0
1182,8.86,7,5,entertainment,3.8,5.825685846795035,5,0,0
9943,61.5,3,6,food,286.1,1.6384055778689999,7,1,1
5449,28.0,10,5,retail,0.4,13.477924297280005,1,0,0
8304,26.5,12,0,transport,4.9,5.726626618690225,3,0,0
4277,1.03,18,5,bills,10.3,0.07379031393239747,2,0,0
2309,92.23,23,4,transport,1.0,14.404118428604363,1,0,0
5610,122.27,21,3,bills,13.1,4.721035732922367,3,1,0
3022,53.77,10,1,food,0.5,6.341886757224293,5,0,0
9827,11757.44,23,6,entertainment,455.9,7.862139974126484,11,1,1
3151,38.45,10,5,bills,7.7,17.037155223580406,3,0,0
6223,12.17,16,6,food,7.5,5.270085219588918,2,0,0
9963,843.39,20,5,entertainment,318.9,27.52928572871723,14,1,1
6182,19.41,13,0,entertainment,1.0,2.5990655274995187,1,0,0
5428,415.32,19,3,transport,8.2,2.3100022808850693,2,0,0
2623,120.37,21,4,transport,3.4,1.730347061760246,0,0,0
3484,1843.88,9,3,entertainment,9.9,11.448394296475279,2,0,0
9236,13.96,12,0,bills,11.1,0.2212875435695904,2,0,0
9899,109364.2,7,1,food,284.8,46.56234303037055,12,0,1
1504,248.62,11,1,food,0.3,7.5774827325358505,1,0,0
4114,31.28,18,6,food,4.9,0.18722408177115657,2,0,0
6905,34.65,0,4,bills,0.4,3.577804370960303,2,0,0
5032,32.86,14,1,entertainment,8.2,0.29764593146329704,1,0,0
8346,850.18,9,0,entertainment,7.0,0.6697617325658631,3,1,0
6061,14.51,4,0,entertainment,9.9,5.737983931057715,1,0,0
6270,17.66,3,4,retail,2.1,0.8822424792210986,1,0,0
9061,26.99,17,3,retail,13.9,0.6092238047185311,4,0,0
7829,115.67,20,2,food,5.1,0.6316101010615789,1,0,0
4735,24.09,4,4,entertainment,6.9,10.180153901477137,1,0,0
7457,57.57,21,4,entertainment,1.1,0.590012288366509,0,0,0
9945,75.31,5,6,bills,781.3,5.1730194402603775,10,0,1
5095,43.55,13,4,food,3.4,3.1856069737012165,1,0,0
1147,1217.1,17,6,entertainment,1.6,1.2968484792540196,1,0,0
6085,19.14,21,1,entertainment,8.8,8.352274198135827,2,0,0
6027,194.14,17,1,bills,5.7,2.206770129701987,1,0,0
3736,40.37,7,3,retail,4.3,3.0190228274470368,2,0,0
2105,91.91,21,3,retail,2.0,2.5879575533516936,1,0,0
9924,827.44,0,2,retail,300.7,33.056875975872266,7,1,1
2031,27.32,14,0,food,2.1,1.8298142697550586,2,1,0
5041,29.95,21,1,food,3.8,1.889954081192312,0,0,0
2737,42.26,1,0,entertainment,0.0,5.5212730994827215,2,0,0
9337,33.02,9,4,transport,5.3,3.1805442474346504,2,0,0
8426,432.71,9,5,entertainment,16.2,11.97845393386764,2,0,0
7574,17.76,13,1,retail,4.4,0.2857459241126747,0,0,0
299,32.43,12,2,retail,4.4,3.8391621032014305,3,0,0
8108,163.78,23,5,transport,0.3,3.107728778344619,2,0,0
8861,110.56,7,2,food,4.6,8.419478325536105,4,0,0
5643,104.45,17,6,bills,10.6,4.316435211426143,2,0,0
8815,54.27,9,0,transport,8.9,0.06482901087362836,3,0,0
7833,17.6,13,4,entertainment,6.2,2.0428790106599015,1,0,0
5039,52.81,18,0,retail,0.1,4.836464583328899,1,0,0
7113,58.57,16,2,food,1.2,3.0036010062848435,2,0,0
8446,230.48,9,6,bills,7.9,6.3039940612724354,1,0,0
4332,13.01,19,0,retail,1.4,0.768658285714753,3,0,0
8217,19.67,9,1,entertainment,0.6,1.1869368103217148,0,0,0
4378,196.86,19,2,entertainment,7.6,1.7454663921274265,2,0,0
963,45.89,10,1,entertainment,24.0,2.908529066599205,1,0,0
6199,12.13,17,2,transport,2.4,1.1286847592138733,3,0,0
6870,150.86,13,4,food,30.0,0.15852054534933352,1,0,0
1362,148.63,23,1,transport,3.7,3.523223969407643,2,0,0
4907,36.47,19,2,entertainment,5.0,2.8069951463604803,2,0,0
4973,299.47,8,2,entertainment,13.5,3.0810309954668806,3,0,0
5472,30.32,10,1,food,3.5,0.5142831853104548,0,0,0
8506,76.36,17,4,transport,1.4,2.957247370688231,3,0,0
6590,238.52,17,6,retail,8.6,0.39664039927746647,1,0,0
2591,272.46,12,2,food,12.9,1.108998714668332,2,0,0
213,3.15,10,3,entertainment,2.7,2.7668776065052882,2,0,0
4601,29.77,19,3,transport,3.4,2.601419852703135,1,0,0
554,53.38,6,4,transport,6.5,11.046269667869051,4,0,0
4837,131.42,10,5,entertainment,7.5,0.44233103184859657,2,0,0
4030,26.21,11,0,entertainment,10.5,1.137776369724334,3,0,0
2565,198.6,18,4,bills,2.5,2.927516733709796,1,0,0
5565,101.77,12,0,bills,0.5,3.840221294827937,2,0,0
1497,16.28,10,4,transport,6.5,6.3314620751444,0,0,0
7869,54.65,20,6,retail,6.0,2.0907674765884834,1,1,0
4998,448.64,6,4,bills,1.2,0.17402062070965263,1,0,0
7084,12.77,21,3,bills,7.8,6.105670370600837,0,0,0
5984,16.32,5,6,transport,13.5,1.1117780906365324,0,0,0
4283,157.02,20,6,transport,2.3,2.543195248997148,1,0,0
8054,78.5,17,6,entertainment,0.8,0.25020413987722984,2,1,0
1484,15.01,15,4,food,5.9,0.70417856201198,2,0,0
6726,15.63,15,1,food,5.7,1.7656639360774857,1,0,0
7712,92.88,17,3,retail,7.4,0.07921252562679111,1,0,0
3508,25.89,17,3,transport,0.6,1.8883313833313902,3,0,0
3942,69.3,10,0,retail,1.8,0.5791191982774151,1,0,0
7198,74.18,14,0,retail,3.6,5.926576567117132,5,0,0
4172,22.43,9,0,retail,1.1,4.790411852129859,3,0,0
9583,20.71,16,2,transport,11.5,1.394181759304188,2,0,0
6236,57.03,12,3,retail,6.6,8.889090283573445,3,0,0
8891,260.51,9,2,transport,9.5,5.161639722705205,3,0,0
2094,80.76,10,3,entertainment,1.2,1.6156978260459125,1,0,0
2012,16.13,12,2,retail,3.3,0.40978734863516597,2,0,0
2590,126.88,18,0,food,1.2,0.3789821161347541,3,0,0
2480,24.44,20,3,retail,2.8,5.048751962815226,3,0,0
8917,177.37,15,5,bills,1.9,2.0798304003701302,1,0,0
4291,327.27,13,2,bills,2.5,0.7227836919867967,2,1,0
3704,213.73,18,2,transport,1.9,0.9891797673801821,1,0,0
6672,82.85,19,1,retail,8.1,2.481762705787757,1,0,0
8613,107.45,1,6,transport,3.5,0.05632881360886986,1,0,0
604,15.3,12,0,entertainment,1.2,2.034894221254736,4,0,0
6208,183.24,11,5,retail,6.7,4.45969525206242,0,1,0
7048,220.16,9,1,entertainment,0.1,0.47223587892809205,2,0,0
5338,194.05,16,0,bills,2.6,0.6774842230177907,1,0,0
5568,11.38,17,5,retail,1.3,4.190889997409478,1,0,0
821,3.48,8,3,retail,8.7,4.819718196502194,1,0,0
9092,63.92,13,6,transport,8.5,4.262666174297769,2,0,0
3060,59.58,11,5,transport,11.5,2.349845389221038,1,0,0
1420,37.29,17,1,food,1.2,0.1278236741573959,1,0,0
925,26.96,12,0,entertainment,2.1,10.237547487086285,1,0,0
1893,361.19,9,3,bills,3.6,1.5448429423346397,2,0,0
3573,308.44,20,4,food,0.2,1.4249028182516748,3,0,0
2589,835.23,19,1,bills,1.3,4.111308131241399,1,0,0
8146,59.04,8,0,retail,3.6,2.0795309040097605,2,0,0
7021,25.06,19,0,entertainment,8.4,1.9391069917024568,3,0,0
5659,11.33,21,2,entertainment,3.0,2.8114179396386274,2,0,0
8034,114.0,21,6,retail,0.4,0.9265777623415665,4,0,0
7359,9.31,13,4,retail,1.0,6.119934537434261,3,0,0
3441,4.76,23,2,retail,12.8,7.2250405361301056,0,0,0
4381,5.15,18,0,food,5.8,4.197705391669464,1,0,0
6038,238.08,18,2,retail,2.0,3.044503252727906,1,0,0
2644,166.98,12,4,food,9.8,2.0172057209381897,3,0,0
8373,42.68,15,0,bills,1.0,1.1783137937723895,4,0,0
3761,2.49,13,4,bills,3.2,2.5167114471085728,2,0,0
6414,236.21,15,3,transport,3.9,0.5154971849101171,2,0,0
2318,2.87,16,4,retail,12.5,2.3681295052130364,3,0,0
1487,87.05,23,6,retail,0.3,1.2075639656104142,0,0,0
9439,7.05,19,1,bills,2.8,1.631653109439355,4,0,0
636,108.75,6,6,entertainment,0.7,17.531873226882,4,0,0
3962,244.51,8,6,bills,8.0,4.600091298228414,6,0,0
4576,63.73,23,6,bills,0.1,14.974476201915943,2,0,0
9452,1711.9,11,3,retail,1.1,1.7385212851697616,3,0,0
2429,335.12,13,5,retail,4.9,0.9259101511229298,1,1,0
8537,61.19,23,4,bills,1.5,3.2546027149849075,2,0,0
4948,55.38,14,5,bills,1.0,2.3262325174837213,2,0,0
4676,86.34,10,2,bills,4.0,0.3663219007244667,3,0,0
5639,3102.07,17,4,food,6.9,0.16880904130809304,2,0,0
6918,30.86,18,0,entertainment,5.6,3.966022364840118,2,0,0
1022,100.61,19,4,bills,10.1,0.1276895803240038,3,0,0
5247,127.41,15,0,entertainment,23.5,7.403235118531681,4,0,0
2553,10.7,12,2,entertainment,7.6,0.017759394149905912,2,0,0
4372,1870.96,23,2,retail,4.5,5.657127194402078,2,0,0
7152,87.14,20,0,retail,5.3,3.2363449422209913,2,0,0
4636,133.94,22,3,food,6.5,4.079094543806287,2,0,0
725,54.22,21,4,food,2.4,8.03997595308049,3,0,0
735,270.41,20,2,food,0.8,0.6002168309028671,3,0,0
8092,73.78,20,5,transport,0.7,2.674790040597169,0,0,0
1711,207.67,23,0,bills,3.4,4.405796973112236,0,0,0
4934,8.27,12,0,transport,2.7,0.21994594948987395,1,0,0
1805,245.73,8,4,entertainment,1.4,6.0823332967066115,3,0,0
5977,74.45,20,2,retail,0.6,6.723780844948509,0,0,0
8444,1963.16,7,6,entertainment,11.5,0.21057392314060963,0,0,0
7399,150.28,22,0,food,2.7,1.0522811948197088,1,0,0
3616,48.47,15,0,entertainment,7.6,3.5929626622270536,0,0,0
7983,20.25,11,0,food,8.4,2.5424001956824323,2,0,0
944,61.85,17,4,retail,2.7,5.192552558135763,1,0,0
1489,41.63,20,2,bills,1.3,5.01165124773377,1,0,0
2871,32.26,14,5,entertainment,3.3,5.305609861584711,0,0,0
991,3.77,13,1,retail,2.1,2.7181465494748367,0,0,0
726,16.21,6,4,transport,2.4,1.17964738440148,1,0,0
7262,17.35,13,1,entertainment,1.8,0.2925047329358094,4,0,0
9797,18.8,6,5,food,0.8,8.587407572666912,2,0,0
7981,152.85,18,4,retail,15.8,0.44842704366114905,4,0,0
8247,20.75,9,5,retail,0.2,4.029877136581671,3,0,0
3455,29.27,14,0,entertainment,1.1,5.50432146660403,1,0,0
8968,93.99,20,2,retail,4.3,1.9969267292277832,3,0,0
3302,57.46,13,1,entertainment,6.2,4.816965466774011,0,0,0
1065,185.9,11,3,entertainment,5.5,2.160235578838466,2,0,0
3328,7.61,14,3,transport,2.8,3.7503725817410634,1,0,0
9179,48.8,11,0,retail,0.8,3.7565567217722133,2,0,0
9017,13.81,18,4,bills,3.9,10.033978043443478,3,0,0
9436,37.32,21,6,transport,0.8,6.266132730178338,1,1,0
5063,1154.91,16,4,transport,1.2,6.462411093841925,0,0,0
1730,2.9,14,2,retail,2.4,7.828679571357288,1,0,0
1390,71.95,2,5,food,0.7,0.022732475345582797,2,0,0
1553,7.44,12,0,food,3.6,2.99054169198123,2,1,0
8670,35.93,7,1,entertainment,9.3,3.0365234337961047,4,0,0
3656,71.25,20,5,transport,4.7,0.4423997823540562,5,0,0
954,72.69,13,5,food,1.6,0.35379887008379934,1,0,0
8360,36.24,9,6,retail,16.8,2.8318202761371336,1,0,0
974,27.63,20,2,transport,7.4,3.3221796158513155,2,0,0
8290,341.24,13,0,retail,2.1,4.54509426467913,1,0,0
4059,37.68,14,3,retail,11.3,1.888275904376938,3,0,0
6075,1026.62,11,4,retail,0.9,0.965553451819249,1,0,0
916,85.59,10,3,food,0.7,6.797476147866131,1,1,0
5334,94.66,15,3,entertainment,0.1,0.5281893504033722,3,0,0
3661,136.08,21,5,bills,14.3,4.094848032062375,2,0,0
4112,164.43,22,5,transport,3.1,1.724778699238393,4,0,0
1738,40.18,9,6,transport,2.9,1.3755138425504834,5,1,0
5494,19.84,21,3,retail,9.4,4.073655129561421,0,0,0
5569,540.1,17,5,retail,0.7,1.2473586499631641,0,0,0
732,329.3,21,1,bills,2.0,4.137415521304046,1,0,0
9023,41.83,7,6,entertainment,4.0,3.0296295393760415,3,0,0
2049,167.75,14,1,retail,4.1,4.4916319970619565,2,0,0
5419,244.36,19,2,transport,1.1,7.655358942868576,0,0,0
6175,243.34,20,2,entertainment,2.1,1.4211885748592021,5,0,0
1764,425.73,3,5,entertainment,0.4,0.9952671121173307,1,0,0
9847,46251.65,19,5,bills,821.3,67.39711453683215,9,1,1
6475,43.14,21,6,retail,0.7,1.7919357090056294,3,0,0
1540,80.34,18,4,retail,1.3,1.4862550807044919,3,0,0
5537,273.21,20,4,transport,1.0,2.7392443703190343,1,0,0
2014,346.36,20,6,retail,8.9,1.0096757736818753,4,0,0
1625,123.05,9,0,bills,4.9,7.069930560556994,1,0,0
6419,713.31,11,4,transport,2.1,1.2770890997301954,0,1,0
9884,173.79,2,1,food,941.6,17.428075494634147,13,0,1
5894,12.08,19,6,retail,7.7,0.5709061763141714,0,0,0
92,158.46,3,0,transport,0.3,7.649014359306882,4,0,0
1346,1.12,6,1,bills,2.4,7.865294164962773,2,1,0
5050,89.92,3,5,entertainment,1.9,0.5234672369176248,2,0,0
4982,43.65,5,1,transport,0.2,3.250204502737695,2,0,0
3438,29.33,10,4,bills,0.8,7.853101236350129,2,0,0
9577,22.71,10,6,entertainment,3.9,6.623176649357458,4,0,0
7781,14.88,15,0,entertainment,7.8,3.301489779406753,2,0,0
4467,6.87,14,6,retail,1.0,4.414169708647048,4,0,0
6811,75.59,7,5,retail,7.0,1.2505496410047823,5,0,0
6874,3827.66,14,1,bills,0.5,1.9376133523643038,1,0,0
3487,99.98,19,2,transport,23.1,1.084725953458464,3,0,0
6698,553.47,12,0,entertainment,6.9,8.445490788525488,4,0,0
6171,213.0,7,0,retail,18.1,2.283745712726526,3,0,0
4145,543.03,16,0,retail,0.3,6.602167890960207,0,0,0
290,3.06,8,5,entertainment,5.5,1.3573248424751605,2,0,0
2388,63.9,19,0,bills,4.8,1.0013011991708725,3,0,0
4154,497.64,5,6,entertainment,6.5,4.951203160173996,4,0,0
6478,126.56,17,3,entertainment,0.2,1.842306159442245,2,0,0
2077,108.12,22,5,retail,0.1,0.17209760564702103,0,0,0
8126,19.32,20,3,entertainment,13.0,1.0915753036130966,2,0,0
2972,91.04,20,6,food,5.6,17.167857845511897,3,0,0
1710,34.91,9,1,transport,10.3,0.023009616799012457,2,0,0
4463,40.65,15,5,entertainment,6.5,1.8577743436274694,1,0,0
7754,16.15,11,1,entertainment,4.1,0.303190861185774,1,0,0
3813,21.09,12,0,retail,2.0,1.759046123056328,3,0,0
7445,37.31,15,3,entertainment,16.8,5.619670522725978,2,0,0
6585,358.29,11,5,entertainment,3.3,4.009545996727509,4,0,0
1261,20.48,22,2,retail,9.9,0.3067162282018989,3,0,0
1507,176.06,18,1,transport,0.4,0.2600333906369668,1,0,0
6573,123.56,14,5,transport,13.1,1.6949968542321452,2,0,0
1478,17.62,10,2,entertainment,10.5,0.5776100107127982,2,0,0
7234,8.53,20,6,entertainment,1.7,2.3788566461945644,3,0,0
942,4.12,18,3,transport,1.2,2.0078311847438606,3,0,0
908,349.43,16,2,entertainment,2.2,3.513389128904195,0,0,0
1122,42.1,20,5,entertainment,3.4,0.5243911782595865,5,0,0
927,12.16,14,5,bills,6.8,1.456142703431285,2,0,0
4794,18.35,13,1,entertainment,3.3,1.373972107280651,3,0,0
9991,287.56,8,4,transport,540.1,15.184749336695127,13,0,1
6261,14.64,7,3,bills,2.6,2.7828884527281668,0,0,0
1582,36.33,19,3,transport,8.8,2.2101916842045837,1,0,0
6398,10.48,11,5,retail,4.2,2.611448564439316,1,0,0
4643,36.94,8,5,entertainment,4.7,1.1955260987169147,1,0,0
7912,5.5,13,6,transport,0.0,4.00716146547899,4,0,0
3803,27.48,9,0,transport,9.4,0.15839198214321734,0,0,0
38,6.26,21,5,entertainment,0.5,1.0116150291417245,1,0,0
2484,15.48,3,0,retail,0.7,3.6938939098903996,1,0,0
5885,92.03,20,1,bills,1.5,0.2827625641988123,2,0,0
509,152.21,23,2,retail,2.9,2.27340186703238,4,0,0
5613,15.84,23,6,transport,1.7,9.058152080503142,2,0,0
4028,49.17,20,1,bills,0.9,0.5182800748103902,2,0,0
2139,70.07,19,6,retail,2.7,0.10593311056890833,0,0,0
2955,232.01,21,1,retail,5.0,13.984795746677065,2,0,0
5099,361.87,18,2,transport,0.3,4.490665290872908,4,0,0
173,419.7,20,6,food,2.7,2.107110215295072,2,0,0
7738,594.7,23,2,food,0.6,0.7111632563708524,0,0,0
1571,112.52,11,6,retail,3.1,2.161941719655935,0,0,0
771,58.39,22,2,food,2.4,0.2814054586555142,1,1,0
8450,145.16,20,6,bills,3.7,9.188945599981073,1,0,0
9176,14.78,21,6,entertainment,10.5,6.329580055998253,1,0,0
3434,9.55,14,2,bills,0.5,2.3381446314619465,0,0,0
9687,386.68,9,0,retail,7.4,5.767582178352461,4,0,0
8628,14.49,23,2,transport,1.2,7.863009877528224,1,1,0
6404,29.28,9,6,transport,2.4,0.43681623989885043,0,0,0
5484,3.84,9,3,food,4.9,1.7193355181516639,0,0,0
2293,103.2,16,2,transport,1.7,0.678321749905519,2,0,0
9141,309.73,9,2,retail,4.5,0.8253424887306858,3,0,0
2356,370.52,1,3,bills,2.2,0.23228780062491444,6,0,0
7539,8.98,18,5,entertainment,0.2,10.261811353826536,2,0,0
6828,45.65,20,5,bills,2.3,0.7223903095899722,3,0,0
9201,282.05,17,3,retail,1.4,0.22903872874417075,3,0,0
4126,3.57,9,1,entertainment,4.3,0.8052082968090541,4,0,0
5645,4.08,12,1,retail,2.8,12.458438504589099,2,0,0
5635,9.24,21,1,food,2.6,3.986329504077063,3,0,0
3605,9.79,7,2,retail,0.3,0.11707217528499915,2,0,0
2404,117.73,18,4,retail,7.0,0.06660169959872503,2,0,0
9415,17.38,9,1,entertainment,4.8,3.7735931964062743,4,0,0
5811,23.47,18,3,transport,2.3,1.7779153094336317,4,1,0
9273,60.5,18,4,food,8.6,6.270219237496671,2,0,0
7676,124.4,21,6,retail,9.5,19.83482172790183,1,0,0
8559,380.79,13,6,entertainment,16.0,6.124219113597196,1,0,0
7623,8.61,2,6,entertainment,4.8,7.486811908789534,0,0,0
4833,98.82,8,0,retail,1.1,1.5534798695487861,6,0,0
607,50.41,21,6,food,6.3,0.037615889757150564,1,0,0
3897,20.87,13,2,transport,7.7,2.3602492944066933,1,0,0
5980,2.16,17,3,transport,1.1,1.764553478701771,3,0,0
4603,82.36,17,0,transport,1.2,1.5914231727401174,3,0,0
7586,6.09,15,4,bills,5.7,1.5780588425669404,0,1,0
3716,16.55,18,6,bills,2.0,0.8247607514398756,1,0,0
4673,22.3,9,6,food,5.0,5.918301484041809,3,0,0
1510,625.35,8,1,entertainment,2.9,0.4382998453793182,1,0,0
4796,47.06,19,4,retail,7.9,0.4539536227834047,2,0,0
3353,24.88,14,3,bills,4.4,0.8056677745797592,1,0,0
2844,79.0,13,5,retail,12.5,1.7895773398609636,1,0,0
5374,138.43,17,0,bills,10.3,0.5888805985389386,4,0,0
1374,18.35,1,5,retail,2.4,2.2816941774016737,0,0,0
9098,122.8,21,2,food,1.8,0.2097321016244002,0,0,0
823,44.2,16,3,food,1.6,2.2938782025728197,0,0,0
4267,161.31,23,5,transport,7.2,0.12558034340674823,5,0,0
5591,62.37,13,1,transport,0.8,5.4469081325768585,1,0,0
1925,22.33,12,6,retail,25.4,1.3351218719840003,0,0,0
423,17.23,23,4,retail,21.8,0.6024231588533071,3,0,0
7438,104.97,20,2,bills,2.4,0.4147018660313231,4,0,0
2260,555.34,11,2,retail,16.1,1.6888584697952187,1,0,0
1560,225.24,20,2,transport,14.0,3.0388787436285236,2,1,0
6797,232.19,19,6,retail,4.4,0.8452472962275377,2,1,0
8602,30.12,18,5,food,2.6,0.7140355645058273,1,0,0
4203,107.31,14,4,food,0.6,1.1880801541075199,2,0,0
5634,31.02,7,6,retail,2.7,2.9471444091033128,1,0,0
3741,7.49,19,2,transport,1.9,5.67031637851931,1,0,0
9930,799.49,1,2,food,570.2,9.914627853218759,6,0,1
5723,504.29,18,1,food,16.0,1.5140925472705495,3,0,0
5876,187.16,5,5,transport,1.7,7.0242349746257,2,0,0
9286,1194.8,18,1,bills,3.1,1.093575341269884,1,0,0
7506,4.32,21,0,food,5.1,3.09383773869906,2,0,0
9532,9393.93,21,5,food,6.6,9.770362029884446,4,1,0
7570,513.47,12,5,transport,5.5,1.2914304681306779,1,0,0
9401,19.74,20,0,entertainment,0.7,0.46171586759506744,1,0,0
4094,17.49,11,2,retail,1.1,0.7597748971442726,1,1,0
2643,1.29,20,2,bills,9.8,0.30661635780719354,4,0,0
483,12.54,10,0,bills,1.2,0.40920834397609784,0,0,0
8831,19.31,14,3,bills,6.5,1.1015397955735868,4,0,0
5322,16.28,19,2,transport,6.2,0.03160022621642398,1,1,0
9989,2371.78,0,6,entertainment,1606.0,51.26578280111185,8,1,1
2053,341.37,5,1,bills,2.6,3.0388571538150244,2,0,0
6543,106.61,6,5,entertainment,2.6,6.947406595576006,3,0,0
1334,563.05,3,2,entertainment,20.5,20.9648609992582,2,1,0
7427,925.72,11,1,bills,0.9,0.9496752821770518,1,0,0
992,19.26,15,3,bills,4.2,3.406870664558773,2,0,0
1826,6.6,13,2,entertainment,9.5,3.2685984533566703,2,0,0
7035,17.35,4,2,transport,2.9,1.2406163126555567,2,0,0
9571,60.17,13,3,entertainment,2.1,3.4677515926285913,4,0,0
5880,44.96,18,6,retail,0.6,0.49282431908253677,3,0,0
7997,334.65,20,2,bills,12.8,0.6310554390043273,2,0,0
7658,175.22,20,0,transport,1.6,5.7787224889699385,6,0,0
719,180.27,19,0,bills,3.1,2.344184524989293,1,0,0
4313,35.64,20,1,bills,4.3,1.7268790634556221,2,0,0
5387,278.32,15,3,transport,10.1,5.497811022399801,2,0,0
2857,180.34,15,5,transport,3.1,1.5422192708655862,1,0,0
8814,133.4,10,2,transport,5.4,8.415343417283808,2,0,0
3052,219.47,6,6,entertainment,7.7,3.9276583348177594,2,0,0
1584,675.39,22,3,entertainment,10.9,0.15711834048513124,2,0,0
9501,215.61,17,2,entertainment,4.9,0.3981845134430541,4,0,0
199,2.05,17,5,retail,2.1,1.0574762209315027,2,0,0
6503,47.51,3,2,retail,4.3,0.7809837756482843,3,0,0
9507,17.96,7,6,food,4.0,2.321053571380014,2,0,0
931,3119.43,17,6,food,4.4,0.05536273390992871,0,0,0
9133,4.74,8,1,entertainment,0.1,4.715445514163787,1,0,0
6520,221.07,15,6,food,3.0,6.58949149327775,4,0,0
396,28.09,12,3,entertainment,3.7,1.6523933346067465,0,0,0
4689,32.57,4,6,retail,9.9,0.5977790514867202,2,0,0
2942,474.83,18,3,transport,6.5,0.22234507823608066,2,1,0
2877,351.77,1,6,transport,0.1,9.331027344531943,3,0,0
3756,17.97,21,2,retail,1.2,1.1338933997920697,2,0,0
749,130.64,14,4,entertainment,7.1,4.009887046458022,2,0,0
8072,247.47,12,6,transport,0.7,1.8928389728531447,2,0,0
7381,46.5,8,6,bills,7.7,1.722046018060968,2,0,0
3315,24.36,20,5,entertainment,0.8,6.563674073455818,1,0,0
8556,4.48,16,4,bills,2.3,0.1558939571897517,1,0,0
1482,30.51,0,2,food,3.4,6.9226017875237655,1,1,0
1664,119.69,14,3,transport,1.6,0.8958540145243875,4,0,0
1471,37.06,12,4,transport,6.6,1.7615155889668972,1,0,0
4042,74.36,18,5,transport,1.0,3.6844112713877655,4,0,0
9385,192.16,5,2,food,1.4,2.485418514531934,1,1,0
5556,99.84,13,6,retail,4.3,1.1319268129950892,4,0,0
6930,66.81,17,2,bills,14.3,3.5595464424396184,3,0,0
2875,278.37,18,2,bills,3.1,3.0758578489048234,0,0,0
4148,19.93,21,2,retail,10.1,1.509831006017733,2,0,0
1213,127.08,17,4,transport,6.9,1.6367766533102188,3,0,0
5562,288.37,19,4,bills,6.9,1.3853283175860973,2,0,0
2694,325.33,22,0,transport,7.9,6.587344047565228,3,0,0
7331,19.12,13,5,food,3.8,29.268105928184887,2,0,0
9095,8.61,12,2,food,11.5,0.5532971423452537,0,0,0
4050,69.42,19,1,food,3.5,4.220415317018352,3,0,0
3536,167.33,23,5,food,2.5,0.993065320975318,2,0,0
8587,57.92,10,5,bills,17.5,0.5554318634517594,4,0,0
9060,11.14,13,3,bills,10.2,3.3282937431916917,2,0,0
7463,3034.98,22,1,entertainment,5.6,7.122695342984889,1,0,0
220,31.12,11,4,entertainment,16.6,2.026334504477557,4,0,0
3475,1145.68,13,2,entertainment,2.3,1.1765214370403747,4,0,0
6841,1695.47,15,0,bills,0.0,7.037347632874692,4,0,0
4469,480.85,20,1,food,0.8,1.8749863396338782,3,0,0
8660,15.43,6,1,bills,2.9,1.8684631584593632,0,0,0
580,32.34,13,5,transport,1.0,1.6095960872331898,1,0,0
4904,52.67,15,1,retail,0.9,1.7431648996678546,1,0,0
8661,453.04,6,1,bills,3.5,0.4572279629747678,1,0,0
5068,151.11,23,1,retail,0.5,0.26568599405167875,0,0,0
2312,32.71,14,1,food,0.2,0.08322129650588798,4,0,0
5863,8.15,17,0,retail,6.2,0.7172317198716388,2,0,0
1408,29.2,14,0,retail,1.3,3.4280512870907165,4,0,0
3450,26.3,15,5,retail,0.6,1.0235235254304094,1,0,0
9104,44.16,18,5,transport,0.2,1.4540044390862645,2,0,0
6718,29.22,11,2,entertainment,1.2,0.9764531515240669,1,1,0
3520,35.27,10,4,entertainment,10.5,2.512650377911787,3,0,0
2568,169.49,20,5,food,2.4,15.060676660266047,1,0,0
9202,558.37,20,0,entertainment,7.0,11.490564809828214,3,0,0
7207,20.64,7,0,retail,3.9,11.753159305128724,3,0,0
7346,19.26,12,6,food,0.8,4.5532367543240735,3,0,0
9967,541.65,0,1,transport,365.1,3.5218077737970357,5,0,1
7655,130.2,11,0,retail,0.9,0.7229323074729854,1,0,0
6528,43.73,12,3,retail,7.2,0.9683293707169731,3,0,0
291,68.39,6,0,food,9.4,0.42763322182558217,4,1,0
6998,23.39,22,4,retail,2.6,2.859867680436934,1,0,0
9156,18.83,12,2,transport,2.9,1.8553151144640574,6,0,0
6198,57.44,20,0,retail,8.0,0.29068092719609884,0,0,0
2961,141.61,14,1,retail,4.6,0.0778169971916626,1,0,0
7919,141.09,17,5,retail,6.5,0.40723248052638417,3,0,0
4847,43.95,17,1,food,0.0,7.094252421967539,2,0,0
5153,14.03,19,3,entertainment,22.5,8.107708461940444,0,0,0
8255,119.84,12,0,retail,6.1,1.8169251509534852,1,0,0
1130,18.49,22,4,retail,3.5,12.74525514043474,3,0,0
3753,14.71,12,1,food,4.6,3.3302160561245824,1,0,0
7643,108.95,21,5,food,8.9,0.41831609721111374,0,0,0
4146,239.06,17,3,entertainment,4.0,0.7933778341744426,2,0,0
9020,31.56,11,6,transport,0.5,0.6640585997737792,1,0,0
1240,2.6,9,5,food,2.8,0.3928041122589092,1,0,0
7245,280.95,12,0,food,6.6,7.351634696628498,1,0,0
5950,732.28,10,6,food,21.9,4.588551724164644,3,0,0
4459,33.47,6,0,transport,5.2,1.021117973737974,2,0,0
204,11.24,19,1,food,2.4,6.829582430965681,2,0,0
6231,354.89,17,3,bills,1.3,0.3579720946148293,1,0,0
4873,381.07,12,5,entertainment,7.0,4.6269517389293675,2,0,0
5603,7.61,18,1,retail,4.2,1.651834833719934,3,0,0
6278,55.3,19,3,bills,0.8,0.24995628070299053,1,0,0
7137,107.78,17,4,entertainment,26.8,0.01716726989802998,3,1,0
3226,759.94,21,4,bills,10.6,1.206480891859291,1,0,0
7719,16.42,13,6,entertainment,10.9,0.1720249242816706,2,0,0
971,62.97,5,5,food,12.5,1.768005747155141,3,0,0
2174,1085.95,21,5,bills,3.1,0.4234935215477002,6,0,0
225,325.52,21,5,bills,0.5,0.9376868168647088,2,0,0
1690,32.32,1,0,entertainment,1.3,2.189475191405597,3,0,0
6648,29.33,1,5,bills,4.8,3.235336500626979,5,0,0
4807,0.74,16,1,bills,0.8,6.642704761154851,1,0,0
4895,5.89,0,4,food,12.1,2.7963092307781805,3,0,0
5604,88.49,20,4,retail,3.7,2.814823040602062,1,0,0
2945,15.29,0,0,transport,3.3,10.712713610464805,1,0,0
3140,11.32,21,4,bills,4.3,4.49609051826543,2,0,0
9388,28.62,11,4,entertainment,6.2,6.285600349542735,2,0,0
550,186.46,17,6,food,0.6,4.684495377958742,1,0,0
9381,17.66,20,2,bills,0.3,1.4824146322759182,3,0,0
29,24.01,13,6,transport,25.6,1.0913969528734655,1,0,0
6209,1162.67,18,4,entertainment,5.9,2.1958832161046526,3,0,0
806,73.87,14,2,retail,4.3,2.4485273386153508,2,0,0
9395,56.27,0,5,food,4.9,0.06463199960006846,2,0,0
2408,4.74,9,1,transport,3.2,4.862320078758344,1,0,0
4327,83.38,6,3,retail,9.0,8.567759419901162,3,0,0
6396,37.27,0,0,transport,4.7,0.9718245853202635,1,0,0
5061,220.13,21,2,transport,0.5,4.467150460985353,3,0,0
6549,299.49,8,3,food,2.4,21.74764974303005,1,0,0
9696,50.56,8,5,retail,0.4,0.17011351866514016,0,0,0
6335,21.79,14,2,bills,0.4,11.214950386226041,2,0,0
1026,14.85,11,6,transport,0.5,9.519359593986149,0,0,0
5034,41.62,7,2,transport,12.3,1.0787782588781922,0,0,0
650,35.49,15,0,entertainment,2.5,1.1437547308483897,1,0,0
9293,12.97,14,4,bills,13.1,0.5817100547647789,2,0,0
9062,36.06,11,3,food,0.8,5.105834045686052,4,0,0
3825,31.53,14,1,transport,8.9,0.4858195243691086,3,0,0
5281,10.71,17,4,transport,3.1,3.764586151579074,3,0,0
6306,276.57,3,5,food,0.1,3.0277430137624735,2,0,0
9304,135.09,20,4,retail,0.3,3.345797274003808,3,0,0
3659,767.2,15,5,entertainment,2.9,2.398188086796746,1,0,0
9646,16.84,10,6,entertainment,4.2,1.6522621555278105,0,0,0
4537,1.3,16,2,bills,9.7,1.2638443736297857,2,0,0
9008,4.67,9,4,transport,1.0,12.812389664434065,1,0,0
6748,119.38,22,0,entertainment,7.9,4.0685900464066425,3,0,0
8667,10.14,13,2,bills,2.7,3.63261281736819,3,0,0
8003,26.23,23,5,food,17.2,0.22001179344610605,2,0,0
1273,289.41,18,5,bills,2.0,10.971616842192436,1,0,0
9476,87.87,10,4,entertainment,4.7,1.130935486872822,0,0,0
2750,57.67,9,3,entertainment,5.1,2.2868851839080255,0,0,0
8276,22.74,18,3,retail,2.7,3.6255987198600703,3,0,0
3528,8.67,20,0,transport,4.7,0.9983428254128757,2,0,0
537,33.2,15,6,retail,6.5,1.3434206306120526,2,0,0
8591,12.98,8,5,transport,0.1,4.790153891493964,5,0,0
6907,1597.81,19,2,entertainment,6.6,4.960394218044305,2,0,0
3606,78.57,16,0,retail,6.3,0.34778654406258636,1,0,0
4645,172.82,15,0,transport,1.9,1.61673969296274,2,0,0
8115,22.18,14,5,entertainment,1.8,8.459307455374393,4,0,0
1399,38.71,19,4,retail,8.0,0.9266029944572436,1,0,0
4888,921.98,3,6,transport,4.2,1.7464486153003522,4,0,0
8404,102.36,21,5,food,3.3,0.04995742565656853,4,0,0
7144,7.5,20,6,transport,5.8,6.836280943123089,2,0,0
4770,12.61,17,3,bills,0.5,1.0102343806941807,3,0,0
7368,280.97,17,5,retail,8.5,0.3027608513492387,4,0,0
9667,73.35,17,5,transport,0.1,0.057472039677736425,1,0,0
148,208.56,14,0,food,6.2,1.7168125406808,8,0,0
1946,48.18,4,4,retail,2.9,9.076580441841736,4,0,0
3492,57.75,20,5,transport,1.0,0.42600312277950253,3,0,0
6499,81.28,20,2,entertainment,15.4,1.4790149214676636,2,0,0
4779,33.99,7,3,retail,5.3,2.067036425352693,3,0,0
6255,10.53,19,6,transport,1.0,0.07441840892267947,0,0,0
8738,18.24,11,3,entertainment,1.4,6.123445112419764,2,0,0
9493,43.9,19,6,food,0.8,2.099470811534139,1,0,0
9406,195.37,14,1,bills,8.4,3.927286981247927,2,0,0
5584,122.47,11,2,retail,11.3,0.5115119302696319,2,0,0
7312,201.11,13,5,bills,8.0,0.8737280767683122,0,0,0
4997,16.1,15,0,transport,5.1,1.5153477772981998,1,0,0
4722,664.71,9,5,entertainment,12.5,1.0262761126466935,3,0,0
2215,64.7,2,1,bills,1.6,0.2824930017847739,1,0,0
2744,19.34,8,1,retail,4.5,2.5616288265158977,0,1,0
3420,99.32,2,0,entertainment,9.1,1.8167127472052058,0,0,0
5045,29.01,18,0,bills,1.3,8.666928255878402,2,0,0
5432,166.53,9,0,bills,3.3,5.475671008980655,2,0,0
3307,352.93,21,6,transport,16.4,1.7341464076504673,1,0,0
2527,19.15,19,3,food,2.3,8.67893440449826,2,0,0
6343,93.37,16,6,food,7.5,1.5357239386305657,0,0,0
96,351.65,18,3,retail,7.0,1.3740194978989104,2,0,0
967,56.89,14,1,entertainment,7.8,4.366947703214673,1,0,0
9658,58.64,15,4,entertainment,13.1,2.8261356537334956,0,0,0
3888,171.18,11,4,bills,10.6,3.868702297299687,2,0,0
2738,112.87,8,0,transport,1.9,4.697573838319595,2,0,0
8476,13.75,17,2,food,15.3,3.7329492544469023,1,0,0
4027,426.16,23,2,food,1.7,4.904978181865594,2,0,0
3914,29.08,15,2,entertainment,2.1,6.316519136985367,3,0,0
9296,45.14,2,0,bills,5.2,0.23052401422869992,0,0,0
557,23.4,12,5,transport,3.9,4.919111125964856,3,0,0
3112,224.59,9,1,entertainment,4.4,0.8779376815040293,2,0,0
4815,162.21,15,2,food,1.9,10.32314251419894,3,0,0
275,31.41,1,0,food,1.0,1.524591815099002,1,0,0
439,39.88,7,0,transport,4.0,0.6277930958467924,2,0,0
4491,1076.55,9,2,bills,1.6,4.323393138565596,2,0,0
322,11.37,4,0,transport,0.5,1.0467107566654807,1,0,0
9706,14.61,17,5,retail,2.0,2.2457024920239173,2,0,0
8077,54.07,8,6,food,4.4,14.937046270501193,4,0,0
1800,44.08,5,3,food,4.2,1.7886765524325086,4,0,0
1534,9.35,13,3,transport,1.2,6.9484230425567475,2,0,0
664,29.12,20,2,transport,11.2,2.4225505955046485,2,0,0
3804,334.11,14,5,retail,12.2,2.4157011947337517,2,0,0
9266,81.45,13,5,bills,13.1,3.868813330196489,0,0,0
6002,128.48,19,6,transport,1.9,3.8603396858571006,3,0,0
2868,15.42,1,6,entertainment,0.3,2.671373812512227,1,0,0
9210,100.18,19,0,bills,0.2,10.355643945694736,4,0,0
1279,96.49,20,0,transport,13.9,0.4698662108446464,0,0,0
6613,79.16,3,1,food,3.0,0.4958386056439551,3,0,0
6031,16.76,6,3,entertainment,0.1,2.5118423597316664,0,0,0
267,67.54,23,5,food,7.5,2.0317058086018154,2,0,0
723,8.2,16,6,food,6.9,1.755033945855995,2,0,0
8648,32.46,15,2,food,12.3,0.05829541735587984,0,0,0
2923,527.66,18,5,bills,5.9,6.413766354008219,2,0,0
3882,1268.96,19,3,food,4.9,0.15590836899464816,2,0,0
1211,66.39,20,3,entertainment,10.6,0.639516817262271,1,0,0
1074,73.05,12,4,transport,10.7,1.4999524607508046,0,0,0
7334,12.63,14,0,retail,0.1,2.8651356474526137,0,0,0
7674,95.48,10,6,food,0.9,1.7552714189821388,1,0,0
3128,56.74,14,3,food,3.8,8.502886429380846,5,0,0
8708,148.46,19,3,bills,2.4,0.9309041037987567,2,0,0
4817,10.91,3,4,transport,5.4,1.6644674624587514,2,0,0
5343,129.95,13,4,retail,1.1,0.17821482818837267,1,0,0
7364,2058.29,9,2,food,0.6,1.2031317144391145,2,0,0
4356,1012.03,20,2,retail,0.1,1.172767819209404,2,0,0
6115,35.22,12,5,bills,10.2,0.9213118061877899,3,0,0
4251,18.98,21,6,transport,0.5,4.5571337918605,0,0,0
9467,55.61,23,3,retail,3.7,0.8757521744612757,3,0,0
3479,66.41,20,0,retail,2.9,4.1802126889349465,1,0,0
6562,5.84,11,2,bills,5.3,0.7346489752827359,2,1,0
3538,45.5,20,2,transport,5.6,2.2841059248730153,2,0,0
8245,82.29,16,3,food,4.2,5.178546095899179,3,0,0
8788,22.44,11,3,retail,7.6,1.6045165707708136,2,0,0
6149,23.49,14,0,retail,4.3,1.0648016372440074,2,0,0
3493,328.77,12,4,retail,7.0,0.21462349720956636,3,0,0
1338,477.29,13,6,entertainment,8.1,1.2217479246907108,2,1,0
9676,35.25,10,3,food,5.5,3.029529445728836,1,1,0
1101,12.49,14,3,entertainment,1.1,3.008014468739633,1,0,0
3951,655.23,16,6,bills,1.8,4.106748079441295,2,0,0
3690,321.44,10,4,transport,30.8,0.8348156962485059,1,0,0
8494,7.25,15,0,transport,3.2,0.8417498262963519,1,0,0
404,697.53,20,2,retail,8.6,0.18810965287238543,4,0,0
3635,48.11,18,2,retail,3.7,1.8078260567498146,0,0,0
3368,70.14,14,5,retail,1.4,9.041694371268154,1,0,0
7661,29.46,17,2,transport,3.5,0.35266739845555983,0,0,0
4189,20.62,10,1,bills,0.4,1.5778811913722361,3,0,0
9697,46.37,11,3,food,7.9,1.089805057144391,2,0,0
3205,758.75,6,5,entertainment,6.5,0.7792660213502186,3,0,0
2452,2.23,17,5,transport,0.9,2.010508972688334,2,0,0
4659,12.17,23,4,transport,13.6,0.6329759757493226,2,0,0
7304,132.75,19,1,transport,4.4,0.7637975320468187,4,0,0
7037,7.74,14,4,bills,5.2,0.2521831925160779,2,1,0
2351,34.5,9,5,retail,0.8,1.2034625075839536,1,0,0
6336,74.47,11,3,bills,5.5,3.6736723834908296,1,1,0
4138,12.0,21,1,transport,10.9,0.7471988309693963,1,0,0
3752,50.24,6,3,entertainment,3.5,2.7455210754904704,1,0,0
1634,1145.08,19,1,transport,2.8,0.0017827800479372075,0,0,0
2920,50.28,10,4,bills,5.6,2.083733481500027,1,0,0
3372,25.5,12,3,transport,4.9,2.117291065292842,2,0,0
9709,93.83,10,1,food,5.0,7.659137197732465,3,0,0
7490,85.37,17,6,retail,1.2,6.785370223190926,4,1,0
1303,121.99,16,3,retail,0.3,2.3927116734890537,2,0,0
6097,37.74,16,6,bills,3.9,8.239166739387725,2,0,0
9795,249.71,13,6,transport,1.7,1.9264209664008982,1,0,0
9172,99.46,20,3,food,1.2,1.0780401214500492,0,0,0
9294,64.87,6,3,transport,1.9,0.3523153996006354,0,0,0
7186,63.72,12,5,retail,2.2,2.106152490243334,2,0,0
1324,56.98,8,6,entertainment,18.6,0.2303756472191023,6,0,0
3912,11.69,10,0,bills,0.8,1.442426724406923,3,0,0
9321,34.46,23,4,retail,1.1,1.902257099551214,1,0,0
7248,26.16,12,0,food,9.7,1.2803189127261139,1,0,0
8786,5.17,18,3,entertainment,0.3,0.9505249889238696,0,0,0
7592,17.99,20,0,transport,2.3,3.849807618696606,1,0,0
1360,166.35,15,4,retail,2.7,0.4941748563199953,3,0,0
9437,5.33,11,0,bills,8.8,2.3599605613913823,2,0,0
733,88.04,8,0,transport,1.9,6.205735385219377,0,0,0
8792,64.36,6,3,transport,0.0,3.1978393328843735,2,0,0
8344,3.88,15,5,entertainment,3.6,0.060310423278241064,0,0,0
2332,97.78,13,5,food,6.0,6.638662166459611,3,0,0
9334,9.65,14,2,food,6.2,2.3503741187206306,1,0,0
5391,87.69,8,1,entertainment,0.8,6.009570377580781,0,0,0
3452,754.9,10,0,transport,1.4,0.23797095157383136,1,0,0
4101,108.19,10,3,food,6.3,2.504813658075075,1,0,0
4474,3.77,17,4,bills,2.5,0.7724262519971037,5,0,0
5184,18.63,15,5,food,3.5,0.6821010087695671,0,0,0
8383,17.89,8,5,bills,8.4,2.2208012042039975,3,0,0
5292,35.61,6,2,transport,0.3,0.14686946074612753,1,0,0
8856,93.71,20,6,food,1.8,5.118379896648,3,0,0
1092,17.97,12,3,retail,0.8,4.631494276646346,2,0,0
6320,116.96,15,6,transport,2.6,0.6935616697018973,2,0,0
208,8.89,22,6,food,0.7,11.73367847088817,1,0,0
4225,29.19,20,1,retail,1.6,0.26466087577100206,1,0,0
9002,6.49,13,2,retail,3.9,0.2956182526556256,2,0,0
6923,21.53,16,4,bills,0.3,0.3928895837931822,2,0,0
9995,22.26,17,1,bills,852.5,18.37706434207608,10,0,1
3739,156.79,19,6,food,1.2,1.6956049048938229,2,0,0
6656,43.22,20,1,food,6.1,3.300116443647397,1,0,0
6214,121.54,15,6,entertainment,0.7,0.16001816142668307,3,0,0
5318,35.78,9,2,retail,0.3,7.040769964319411,2,0,0
9665,136.78,11,5,food,22.8,2.513301322606904,1,0,0
9178,169.49,12,3,transport,5.3,1.2278938640183121,2,0,0
6536,19.9,18,3,retail,3.7,0.656187870207096,0,0,0
6363,58.99,17,2,retail,6.4,8.529572703345577,1,0,0
4037,52.35,17,3,entertainment,17.4,0.9161586782834839,4,1,0
7579,28.4,22,5,transport,11.3,0.2557144226417204,3,0,0
4835,11.87,13,4,transport,0.2,3.3946217278509243,3,0,0
470,59.41,19,6,retail,11.8,6.307698754169991,3,0,0
7764,14.24,21,5,retail,1.7,0.5667025981432069,3,0,0
6228,368.75,23,4,retail,2.3,6.324441095163359,1,0,0
5162,12.3,20,6,bills,7.6,0.723208645697927,3,0,0
1527,11.39,10,5,retail,4.2,3.0063575649702834,3,0,0
5994,94.11,11,1,bills,3.9,1.1386279898688934,0,0,0
4039,81.34,9,1,retail,2.4,2.692397288967236,0,0,0
9378,2.95,13,0,food,0.9,0.30869038310194574,3,0,0
3088,168.65,11,3,retail,2.1,0.9648277499150948,0,0,0
4681,83.32,12,1,food,3.0,0.8340036281150471,2,0,0
7762,64.71,18,1,bills,1.0,0.5909478064022636,2,0,0
7120,9.27,9,2,transport,1.5,3.057671569742153,1,0,0
9880,110.53,23,6,food,922.0,18.410433060039416,6,0,1
2432,12.72,13,5,entertainment,6.7,2.198996018296337,0,0,0
8800,23.78,17,6,bills,3.4,0.22429718064462323,1,0,0
905,13.71,13,6,food,8.7,0.10153092899010108,0,0,0
5493,169.35,18,5,transport,2.3,1.3871801152439138,1,0,0
7080,107.93,18,2,entertainment,10.9,0.4610455300743459,0,0,0
5069,129.12,18,0,retail,2.8,1.0310731551549117,2,0,0
5438,8.99,12,2,transport,0.6,14.157005185797964,2,0,0
768,12.06,23,5,food,4.3,0.03709029267125095,2,0,0
1269,219.04,10,4,entertainment,0.7,1.2875795865319821,0,0,0
4219,52.48,6,1,entertainment,1.3,5.393331026340742,5,0,0
9289,3.01,13,1,retail,6.7,1.2166082901827504,2,0,0
1475,67.42,14,1,transport,4.7,15.845553120749305,3,1,0
9034,61.31,10,4,retail,4.2,9.155922722944073,2,0,0
3233,616.92,13,2,food,3.3,1.468658985290721,0,0,0
49,206.91,12,5,food,18.9,7.787398458110054,0,0,0
3644,14.64,22,0,entertainment,1.0,0.9933160454404492,1,0,0
3677,70.48,6,5,retail,0.1,0.48660461128948607,1,0,0
7737,105.9,23,4,transport,1.4,1.0007073763333783,3,0,0
6211,189.58,17,2,entertainment,18.3,2.595524631537165,3,0,0
2099,28.6,9,2,bills,7.7,2.401972408979756,1,0,0
3979,85.68,18,1,bills,0.2,2.5225338564651154,1,0,0
7161,83.67,18,3,food,4.5,2.0774735509240765,5,0,0
5483,64.84,18,6,entertainment,3.5,3.043892611007362,3,0,0
9157,69.96,13,2,retail,1.4,2.767545643765373,2,1,0
4341,38.64,15,1,retail,2.3,5.9580201061706335,1,0,0
5215,2.35,16,1,transport,6.5,6.016484370929575,2,0,0
9398,169.03,19,3,food,0.3,1.3493210965505131,2,0,0
8410,41.83,15,6,transport,5.8,12.413150679303254,2,0,0
6506,128.43,7,1,retail,7.4,2.613443275925124,0,0,0
4664,134.84,17,5,food,1.5,1.8679417917414427,2,0,0
9050,3.06,12,3,transport,11.0,4.862012505926727,4,0,0
39,59.02,15,4,bills,4.0,1.239571387637691,2,0,0
2675,55.92,19,3,food,7.9,0.3743990224467878,4,0,0
3902,408.87,11,5,bills,10.1,9.652160425663283,4,0,0
852,34.07,16,5,entertainment,6.9,0.9581108395509466,3,0,0
3235,30.75,20,4,food,2.7,0.7309121603107482,1,0,0
9367,408.51,10,2,retail,4.9,5.413426435190187,2,0,0
2236,560.68,1,3,bills,6.7,2.702963185443728,1,0,0
7357,16.63,6,0,retail,0.4,2.1132676878137615,5,0,0
7911,0.59,16,5,retail,9.2,1.432343017440176,0,0,0
7003,326.47,21,2,bills,9.6,3.230232571797434,4,0,0
4190,66.73,13,0,food,13.1,0.6067766323405118,3,0,0
6116,7.9,13,2,bills,2.1,3.387377791269385,1,0,0
7062,14.22,18,3,retail,6.7,2.6398417817497912,2,0,0
6935,36.73,20,2,food,4.4,10.717104047856267,3,0,0
344,41.59,6,3,entertainment,1.9,2.7319788637137874,1,0,0
315,2.39,16,3,retail,1.6,0.18844448572899883,1,0,0
3572,26.09,22,0,food,8.2,1.6289036917728619,1,0,0
6135,85.98,8,0,entertainment,4.5,11.726841478760017,1,0,0
7604,8.73,10,1,transport,32.6,4.12930824622092,3,0,0
7203,117.02,14,2,transport,1.8,4.7174417659839145,2,0,0
1565,32.18,12,1,bills,2.7,5.784947980178934,1,0,0
5840,17.59,14,4,entertainment,3.2,2.0382964215608768,2,0,0
3576,77.27,16,2,food,5.9,2.0123875203785424,2,0,0
437,13.14,14,4,bills,13.2,4.563132561428888,2,0,0
8362,413.23,19,6,entertainment,0.5,9.639576318481227,2,1,0
5360,766.91,19,6,transport,12.5,1.047812160179999,1,0,0
3916,90.93,14,3,entertainment,0.3,9.194887495143957,1,0,0
2705,103.68,12,1,transport,2.0,0.0035324554510073464,2,0,0
962,52.21,13,4,transport,10.4,0.9651109703348152,1,0,0
9182,28.1,20,4,transport,4.3,3.5200622402948314,0,0,0
7126,5297.71,16,3,transport,2.7,0.6422688192330878,2,0,0
8832,6.96,14,4,food,7.4,5.458458452479867,1,0,0
6350,11.17,10,6,retail,16.0,0.1543051038550385,2,1,0
9771,3.67,12,0,retail,6.1,3.326257742324981,3,0,0
553,41.37,13,5,transport,23.7,3.5099598156816696,4,0,0
850,249.88,15,1,retail,8.5,1.2472699380274794,5,0,0
923,48.82,20,0,retail,7.1,2.931812989231741,0,0,0
4351,378.77,9,4,food,5.7,1.5939711983963343,1,0,0
2296,310.91,14,6,transport,15.3,1.986742336508097,2,0,0
8378,4.32,16,3,retail,9.3,3.2778363103409753,3,0,0
5514,37.59,14,6,retail,4.7,1.3683881747203754,3,0,0
9263,60.71,17,5,bills,12.8,4.098266876849895,1,0,0
684,166.52,9,6,entertainment,0.2,1.379166874771594,1,0,0
1631,80.44,23,6,transport,7.9,1.8790546104276942,2,0,0
4060,444.78,5,3,retail,13.7,0.3432683146619706,1,0,0
4786,4.55,6,5,food,1.2,1.9359222777063585,1,0,0
8427,936.3,10,6,food,6.2,0.2849967401049519,3,0,0
6552,12.58,5,2,retail,19.0,0.16063606535054287,5,0,0
1265,120.74,8,0,retail,0.3,6.894320404591709,1,0,0
2436,6.62,20,3,retail,6.0,2.6632343817645734,1,0,0
6514,348.45,11,0,transport,7.5,7.828788735701558,2,0,0
296,25.89,20,5,bills,4.1,5.007580608420614,0,0,0
9992,78.09,4,1,food,995.6,30.411689737761026,9,0,1
8264,12.15,13,2,food,1.1,0.45694266437122466,3,0,0
60,23.94,16,5,transport,1.7,2.492710781668844,2,0,0
2167,13.39,18,6,transport,2.2,5.149009567879695,1,0,0
1332,42.98,15,1,transport,8.4,0.09884336788922546,1,0,0
8992,154.17,19,0,transport,1.5,9.968388906387283,0,0,0
1524,120.04,15,3,retail,1.1,0.48622094369241564,2,0,0
7883,137.85,2,5,bills,5.6,0.6075736309125943,3,0,0
2439,3.56,14,6,transport,4.1,6.2880916728907055,2,0,0
373,149.43,14,2,entertainment,3.2,9.90957502084475,2,0,0
4002,106.87,1,0,food,4.7,0.5793398322232879,1,0,0
232,498.07,12,4,retail,0.5,8.361993661590155,2,0,0
3933,79.24,7,0,food,2.9,1.2296452338646569,5,0,0
2579,40.7,13,6,food,0.4,0.3578921134515699,0,0,0
157,409.51,3,0,food,15.1,2.6170022109344373,1,0,0
1512,64.54,22,2,bills,6.6,0.4828072487451456,3,0,0
6168,95.64,13,3,food,2.9,4.690537593139596,1,0,0
1798,5.82,9,1,bills,0.9,0.22564631759897677,1,0,0
301,10.97,14,4,retail,8.0,3.0012356184300932,4,0,0
1897,158.53,21,6,transport,15.4,1.3519566022473302,2,0,0
2022,35.6,22,2,bills,0.1,1.793672737371998,2,0,0
3250,2421.06,17,2,food,4.7,2.851392644083919,2,0,0
2735,5.88,19,6,bills,4.8,1.1334352713515696,5,0,0
7256,392.4,17,3,retail,11.3,1.6838917481720683,2,0,0
35,169.07,18,6,bills,5.0,1.0698209949299824,1,1,0
7480,149.97,19,5,entertainment,0.7,0.6258584590129356,1,0,0
153,23.49,8,4,retail,1.4,0.13578822891845505,1,0,0
7530,62.84,20,5,food,12.2,0.13305343606497672,2,0,0
1501,6.36,3,5,bills,1.1,3.713440976607546,1,0,0
9864,751.65,4,2,bills,516.0,14.732350615996012,16,0,1
9720,648.39,12,3,retail,10.9,0.7071494848775834,2,0,0
3028,55.79,12,2,entertainment,5.8,3.3003921541414054,6,0,0
4691,8.81,4,5,bills,8.5,2.337242659107288,0,0,0
5732,23.29,20,2,entertainment,14.7,5.217057870168734,5,0,0
4025,549.23,12,0,transport,0.6,1.935418882773201,1,0,0
4869,8.27,13,2,entertainment,2.2,3.626644882963924,3,0,0
9634,28.93,16,0,bills,10.2,5.311400301205015,1,0,0
3615,12.07,11,4,food,1.3,1.2176239696680717,1,0,0
874,20.15,20,0,transport,1.1,3.921463812622546,3,1,0
8493,43.72,12,6,transport,11.9,0.5045308384896514,1,0,0
8319,17.35,9,5,retail,1.7,2.058678582683296,1,0,0
3771,757.33,16,1,bills,1.5,3.1240710936255502,2,0,0
7031,28.85,13,4,bills,7.2,2.090440536816255,2,1,0
5734,89.69,11,1,retail,3.4,4.393271721270113,3,0,0
5424,117.26,10,4,transport,1.0,4.457674434363065,4,0,0
9695,6.79,15,3,entertainment,4.0,6.684893650567785,2,0,0
6233,77.94,6,4,entertainment,3.8,0.5116567260827498,3,0,0
8909,65.59,7,2,bills,6.3,0.6846846437664496,2,0,0
66,12.86,13,2,entertainment,7.5,2.7963958506340307,0,0,0
168,0.13,20,6,bills,15.2,2.0203476885225435,4,0,0
7370,26.43,17,2,food,7.8,6.014073105707897,2,0,0
5143,322.14,13,1,bills,1.6,0.43888370711276237,4,0,0
1253,12.91,11,0,retail,6.2,0.5983261783255636,2,0,0
198,71.56,3,4,food,5.4,2.568967586167936,3,0,0
8220,540.45,15,1,retail,0.3,3.0401424665805563,2,0,0
6070,24.32,9,0,retail,2.6,5.436644878412453,3,0,0
5260,286.26,21,3,transport,1.0,0.7225870805024894,1,0,0
9497,39.95,13,3,entertainment,2.9,0.10237382957431526,1,0,0
9729,305.79,18,4,bills,0.3,1.7326666149097552,1,0,0
9653,138.82,23,0,retail,6.2,0.8493428018149316,2,0,0
7264,6.19,10,2,entertainment,6.5,1.5302853961977263,1,0,0
6004,51.59,11,0,entertainment,0.7,4.496416066118853,4,0,0
3453,111.66,15,6,retail,4.2,2.6541541231217978,4,0,0
8762,656.81,19,5,food,0.7,1.1964956035245988,1,0,0
5051,139.62,21,6,entertainment,7.5,0.46074777101344766,3,0,0
865,158.88,15,6,entertainment,4.6,1.6335370074307876,1,0,0
3305,953.74,16,4,bills,7.8,4.477680879029842,4,0,0
9365,53.51,20,2,transport,24.9,3.0843549108524004,1,0,0
8393,66.58,11,4,retail,3.1,0.4094692842864138,3,0,0
5079,212.14,5,4,retail,0.0,2.5480327418105695,8,0,0
6958,69.19,17,6,entertainment,2.6,6.327859795470921,1,0,0
7276,19.12,22,4,retail,3.8,0.9869761916893922,3,0,0
7375,12.98,21,6,retail,22.1,3.732120400962396,1,0,0
5690,34.27,0,6,entertainment,3.7,2.200224552957464,2,0,0
6708,129.34,12,4,transport,2.1,3.1066792908374703,1,0,0
9342,88.64,5,5,transport,0.3,7.80640655502039,0,0,0
5402,95.71,8,6,food,9.5,1.5227201878277605,0,0,0
3456,272.29,21,4,food,0.8,1.4141488392012609,0,0,0
5597,20.59,17,6,transport,0.0,6.421000804347416,1,0,0
3895,21.15,20,3,bills,3.7,2.4452673356490666,2,0,0
2271,138.52,12,6,food,7.1,0.06174528049296346,2,0,0
1643,215.07,14,4,food,1.1,0.9948699738990491,0,0,0
7915,23.58,5,1,bills,1.6,0.24887557218150308,4,0,0
8593,12.52,8,3,food,9.4,3.4225525992504187,1,0,0
2199,208.65,19,6,retail,0.9,0.4598636361193974,0,0,0
9957,8616.41,2,4,bills,728.7,1.4913895020540993,5,0,1
3939,1027.15,12,2,bills,1.5,0.8906759346904718,0,0,0
5728,212.76,17,5,transport,4.7,1.2943414327263945,0,0,0
9749,56.67,18,0,entertainment,3.7,3.145569367524824,2,0,0
7635,18.38,16,6,bills,7.0,6.797326696485953,3,0,0
3721,20.6,13,6,retail,0.5,4.747365330161173,2,0,0
3987,1208.47,8,3,bills,0.8,1.54312373541251,2,0,0
6426,79.29,16,0,bills,17.5,6.181674037206436,2,0,0
9903,2255.95,14,1,entertainment,446.6,9.950178003668789,7,1,1
7051,167.35,16,3,bills,7.3,4.507109926414255,4,0,0
9980,737.1,0,6,food,166.8,95.91091119559577,6,1,1
7836,9.87,12,5,bills,7.9,2.16170904110219,0,0,0
9645,6.68,16,2,entertainment,1.9,0.14704819198423655,0,0,0
6447,613.61,11,0,retail,2.8,0.49762258075307453,2,0,0
8388,447.06,19,0,bills,0.3,5.704057977312121,2,0,0
9405,32.04,14,1,food,0.6,0.018386231128245358,3,0,0
9977,97.36,9,5,food,500.5,37.605369255848416,9,0,1
1944,13.93,12,1,food,0.7,2.0783472639412435,0,0,0
2508,41.42,14,5,retail,2.0,0.14323387051085978,1,1,0
9800,16.69,6,5,retail,1.6,0.6763144795199773,4,0,0
9089,117.31,21,4,entertainment,0.0,2.214071463635538,1,0,0
724,25.08,18,3,transport,5.8,9.429664510360046,2,0,0
1913,85.85,9,5,entertainment,0.2,0.8021972488562323,2,0,0
5256,5.98,21,5,bills,1.1,1.0591330471096683,2,0,0
4700,20.9,19,3,food,4.9,1.384698387160685,3,0,0
3592,23.16,20,3,entertainment,1.0,2.769987280947025,3,0,0
146,13.4,21,1,food,7.1,0.6137136490503557,0,0,0
1992,3.46,11,3,retail,6.5,2.7374773531073564,1,1,0
2285,21.63,16,4,retail,8.9,0.7328254121136948,1,0,0
3551,231.19,22,0,entertainment,1.3,7.279629340323769,0,0,0
6663,15.74,14,4,entertainment,3.8,2.609571320612827,1,0,0
7580,88.47,13,4,bills,1.2,0.8948503322314034,1,0,0
6035,44.57,9,5,transport,0.7,0.9668866986402731,4,0,0
3035,3154.87,23,2,food,0.5,3.0596639781428903,2,1,0
214,29.3,20,4,transport,4.9,0.09832086894383821,3,0,0
2743,296.58,11,3,retail,1.5,0.8583277334621391,3,0,0
4977,46.16,1,1,food,22.3,0.8898310144337795,1,0,0
3055,1506.48,1,2,food,0.0,7.337634842743927,4,0,0
1842,59.91,10,0,retail,6.9,0.13275697777929082,5,1,0
842,65.43,9,2,retail,9.1,0.5212050881007985,3,0,0
1734,56.44,9,1,retail,8.6,1.6065302095088358,0,0,0
2415,110.09,7,1,transport,4.1,3.5812553316659237,2,0,0
3400,137.21,15,1,retail,4.3,0.07434687030263265,2,0,0
5106,220.01,20,1,bills,4.0,12.459983250481228,1,0,0
4658,185.56,13,0,bills,2.3,0.3456035645579306,3,0,0
9691,421.37,19,0,entertainment,0.4,2.0629286443582044,2,0,0
8824,145.25,10,0,transport,8.6,0.9519711009380959,1,1,0
2143,185.76,21,1,retail,12.3,4.931620404598377,3,0,0
8425,20.07,16,6,bills,0.5,8.11435218378035,1,0,0
7669,91.14,10,1,retail,9.7,0.7100527432240414,2,0,0
3701,45.15,8,3,retail,9.8,1.7933367413152939,3,0,0
8241,14.94,17,3,transport,0.0,3.0955735037879664,3,0,0
9932,3467.55,22,0,bills,490.6,31.79827883335531,5,0,1
8037,253.42,22,4,retail,2.7,1.9667861870693129,0,0,0
4403,3.96,11,1,bills,4.7,4.696213913256152,1,0,0
5317,45.33,18,3,transport,6.9,3.9603158113222263,2,0,0
4866,40.19,11,2,bills,5.3,16.159701956505216,2,1,0
3419,96.31,8,6,bills,15.4,0.3619708348635974,3,0,0
2950,39.36,21,3,bills,2.4,1.3907614107390023,0,0,0
9650,26.79,18,5,bills,5.7,0.4122382725665342,3,0,0
7689,1046.77,16,0,food,2.7,2.1212756196356963,2,1,0
5297,9.35,23,4,bills,12.9,0.8812118645404583,1,0,0
3518,400.85,7,5,transport,2.8,7.789938597726809,4,0,0
2668,27.08,16,3,transport,8.2,3.228895786879023,2,0,0
6241,72.62,15,4,transport,5.3,10.336692085370256,0,1,0
3686,17.78,13,6,entertainment,4.2,1.8249529755500444,3,0,0
7188,70.51,23,4,transport,6.9,0.7364811773461657,3,0,0
6473,30.98,18,4,transport,6.1,0.9582338554701959,4,0,0
3941,13.94,11,4,entertainment,9.2,8.605134197561332,0,0,0
7507,14.49,13,1,bills,3.2,0.6802180635779634,1,0,0
7875,20.23,12,0,entertainment,2.8,3.1535068626985376,1,0,0
6982,18.66,10,5,bills,3.9,0.772384963284118,2,0,0
6829,49.52,22,2,transport,3.0,1.3628202647831795,2,0,0
8583,41.24,21,1,retail,8.9,2.777268835258994,1,0,0
8946,1.53,20,3,entertainment,6.0,2.949282231467706,1,0,0
8238,76.65,19,1,retail,8.2,2.8128919794922864,3,0,0
3552,104.48,19,3,entertainment,2.4,9.930191798214276,0,0,0
9693,179.88,15,6,bills,9.0,1.6087481460124875,2,0,0
368,3.68,5,3,entertainment,3.7,1.9686082667070952,0,0,0
2331,1866.86,10,5,food,6.3,4.589610904630718,3,0,0
4570,192.41,13,3,food,3.8,0.08436732475473901,2,0,0
1053,35.4,8,5,retail,0.7,0.4945629205138745,5,0,0
1694,19.9,9,1,bills,10.9,4.901468649805352,2,0,0
5073,338.48,13,1,retail,4.5,1.7211274969588188,0,0,0
6028,7.96,20,3,retail,0.6,0.4253886233702734,1,0,0
7418,103.51,8,1,transport,2.8,5.511222498105468,6,0,0
2070,121.41,6,4,retail,3.6,2.2419896649407756,3,0,0
4083,31.34,14,2,retail,20.5,2.732572489219653,3,0,0
8636,37.15,11,0,entertainment,2.7,2.239255301953125,1,0,0
2835,95.11,18,4,food,1.9,0.8582097308829305,4,0,0
3238,34.71,14,4,entertainment,1.5,1.185627821358617,4,0,0
1650,39.01,11,0,entertainment,1.0,0.11014321714153952,5,0,0
7101,77.78,8,0,bills,4.2,1.0266538278495643,2,0,0
3025,465.64,21,6,entertainment,6.6,1.021539494079524,2,0,0
1681,102.28,11,5,food,7.9,2.9719778570319635,0,0,0
326,14.52,18,5,entertainment,3.2,3.8816015661635728,4,0,0
9297,6.76,12,3,food,16.4,0.09562840021851574,1,0,0
1428,25.85,20,0,transport,2.8,0.21164365734857038,2,0,0
2716,6.93,9,3,bills,11.6,0.5036187675514167,3,0,0
6703,821.68,19,0,bills,4.4,2.91304040663985,1,0,0
8676,56.27,23,4,food,4.9,6.163754948183334,2,0,0
7886,18.88,14,0,entertainment,2.6,1.8477849015852092,1,0,0
2534,21.19,12,4,retail,3.0,0.8011612278819853,5,0,0
8105,1088.98,22,2,retail,6.2,3.304524062703404,3,0,0
9449,83.54,17,0,transport,1.6,2.1978999043875156,5,0,0
2506,115.21,0,0,bills,0.4,1.7638454520137627,1,0,0
3512,16.04,18,5,retail,6.1,3.445008639724339,6,0,0
379,2.13,21,6,retail,4.5,2.748101377773944,0,0,0
8194,9.82,14,5,transport,6.2,2.661735280236575,3,0,0
1851,337.48,18,5,food,28.3,1.1372634504298964,0,1,0
4504,23.94,22,1,transport,1.6,2.161432014817403,2,0,0
9779,34.91,20,1,food,0.4,2.5247610148400472,1,1,0
3560,32.12,15,5,entertainment,3.5,1.0199291155326644,5,0,0
652,125.15,12,4,transport,9.4,2.4996933813133437,3,0,0
5602,29.22,11,4,bills,2.7,0.8884430511241255,5,0,0
2371,7.05,2,2,retail,4.0,9.472788916927648,3,0,0
2487,108.47,15,3,retail,7.7,4.957740718963467,0,0,0
2024,8.13,22,1,transport,3.3,6.774505226546295,4,0,0
123,11.98,14,5,entertainment,10.5,0.7338979505480455,4,0,0
3815,66.73,19,1,entertainment,1.1,1.6409961892854812,3,1,0
1729,34.97,18,1,food,6.9,2.392688640038305,3,0,0
8557,12.22,13,2,bills,1.8,3.6200911353441327,2,0,0
8165,165.75,8,3,transport,0.9,5.9736006177082865,2,0,0
7924,191.66,9,0,entertainment,6.6,1.1329232829995526,1,0,0
3932,90.16,6,4,food,1.9,4.187961906437318,1,0,0
9167,256.64,16,4,transport,1.2,4.890462672048211,3,0,0
6873,35.92,12,4,transport,2.7,11.570311529878781,4,0,0
1165,822.32,13,1,bills,2.0,0.7597077693091019,2,0,0
1728,89.96,12,0,entertainment,3.6,0.9070038837402985,2,0,0
2933,4.32,21,5,transport,9.4,8.080871002884857,2,0,0
4871,7.81,21,0,bills,18.2,6.199064437034021,4,0,0
4693,29.23,13,3,entertainment,5.8,0.6812316626669856,3,1,0
8739,20.75,12,2,retail,0.2,2.5437003719986357,1,0,0
2885,55.78,12,4,bills,2.1,0.7458263413129878,3,0,0
122,313.78,16,4,food,0.9,1.8236015331325288,3,0,0
4484,11.98,17,4,transport,10.2,7.869664030121726,1,0,0
2672,1169.05,18,4,food,2.9,0.7309497890439933,2,0,0
797,21.55,0,4,food,8.4,1.644191828056039,3,0,0
695,56.54,15,4,retail,1.2,2.909983047534565,2,0,0
8195,66.84,22,3,retail,12.6,0.26833283285172665,0,0,0
7972,24.61,17,6,retail,0.1,5.660477678002589,1,0,0
3129,68.8,16,3,bills,1.7,1.2739222274778956,3,0,0
2496,11.29,18,3,transport,8.1,0.14285105236147416,2,0,0
2852,282.67,16,4,food,1.4,0.06895256190105822,3,1,0
6834,3.11,11,3,transport,2.8,2.35510987102307,3,0,0
1270,4.88,8,6,entertainment,8.5,0.8043581739682892,1,0,0
5498,3.73,10,4,bills,4.2,1.8708210918542139,4,0,0
1469,10.82,13,6,transport,4.4,2.796609182100892,4,0,0
9197,27.62,23,1,bills,3.7,1.0571236228771066,2,0,0
6461,3.67,21,1,entertainment,6.3,3.955739305588694,5,0,0
7892,130.18,1,2,transport,1.3,0.7929377530507326,1,0,0
6500,40.94,23,4,bills,3.2,2.280323738801963,4,0,0
9590,50.05,11,5,food,2.9,2.9280351004953986,2,0,0
3224,27.29,15,2,bills,0.8,3.3261641512021907,0,0,0
7840,48.73,15,3,retail,6.1,2.7208832557244262,1,0,0
4889,157.05,21,5,food,14.1,8.756899653131498,1,0,0
1541,9.97,15,0,entertainment,1.0,5.085358067484052,3,0,0
2921,23.2,22,2,entertainment,2.5,10.714203003336847,0,0,0
1468,84.52,16,4,transport,3.2,7.2724710805159365,2,0,0
2398,8.53,13,0,entertainment,1.2,0.971570779804642,1,0,0
8625,44.23,10,1,transport,1.0,0.19935819964913865,2,0,0
6275,16.56,19,4,food,7.0,4.043106363916988,2,0,0
4368,8.4,9,0,bills,5.1,0.8027586230221712,2,0,0
643,49.2,15,2,retail,6.6,5.2089165179780235,1,0,0
7577,26.91,10,3,bills,1.0,0.043433532656224245,1,0,0
7649,936.08,13,0,food,1.1,3.402567488588462,2,0,0
531,9.73,15,1,food,5.7,5.410339380867535,5,0,0
9714,234.74,19,1,bills,6.6,4.588466418398813,2,0,0
8826,50.14,10,4,transport,7.3,1.931282253175925,2,0,0
9593,8.28,18,4,food,16.1,1.7737078248633913,4,0,0
1359,87.53,12,3,food,1.7,0.3288678389882356,0,0,0
2217,25.63,10,6,bills,2.7,0.29060885400840886,3,0,0
4004,42.21,15,6,entertainment,0.5,4.918482416475708,2,0,0
1380,234.61,14,2,retail,0.8,9.989730112601041,2,0,0
4062,7.17,15,4,entertainment,4.2,6.185368028625378,1,0,0
5596,3.33,10,3,retail,5.2,1.791124981836889,4,0,0
2156,22.38,11,0,retail,4.7,10.237767665693214,1,0,0
8896,13.12,18,3,entertainment,3.3,9.747361884962007,1,0,0
339,175.84,1,2,transport,6.5,3.4558637437524045,1,0,0
3015,192.43,22,5,transport,8.3,0.36022112471337064,3,0,0
2561,474.55,14,4,bills,0.9,5.985618300737986,0,0,0
4642,24.85,9,0,bills,0.0,2.30147993931658,1,1,0
7486,36.99,16,2,entertainment,9.5,3.8544709894896387,2,0,0
9363,28.56,12,1,entertainment,1.2,0.5546836722427275,0,0,0
1248,39.55,6,2,transport,10.6,2.2966499600102352,1,0,0
6128,357.65,18,6,retail,5.9,1.9046899228484575,1,0,0
9974,791.22,3,0,transport,1263.5,22.073671939972794,8,0,1
7944,1.61,13,6,retail,0.1,0.04134288965770298,2,0,0
7180,12.55,10,4,retail,3.7,9.781846533718506,1,0,0
8514,0.77,21,5,transport,6.0,3.6748342263497746,6,0,0
9028,26.07,5,0,retail,1.7,5.509214531187901,1,0,0
4892,9912.93,8,0,food,0.0,3.464878288754658,4,0,0
3446,0.36,6,6,entertainment,3.0,10.95569958762308,1,0,0
826,68.74,12,1,bills,0.7,1.4486416244998208,0,0,0
1105,222.04,16,2,food,0.2,0.07930758209697111,2,0,0
5519,34.74,18,5,entertainment,18.6,5.141462228651852,1,0,0
5072,400.05,4,1,transport,4.1,7.9434363900924065,0,0,0
7522,22.71,19,4,food,11.5,0.12767210932547446,2,0,0
6852,309.52,18,0,transport,0.0,2.6191196470249887,2,0,0
6277,50.55,13,1,bills,1.6,0.09286000821358367,0,0,0
1640,65.02,12,1,bills,6.4,1.2595877065805212,3,0,0
1319,882.1,10,6,transport,6.2,0.46384119058030393,2,0,0
9987,7281.99,7,4,bills,394.8,69.72247630486443,10,0,1
5566,33.92,11,0,entertainment,7.4,0.966915184973389,4,0,0
4536,44.1,21,0,entertainment,5.1,6.791104988098104,4,0,0
4746,63.26,0,2,transport,4.1,0.5617848384917318,0,0,0
8490,190.53,19,1,bills,2.0,0.4808139138456508,2,0,0
3800,5.6,14,4,bills,2.1,0.027233711309644693,2,0,0
5001,223.5,12,6,bills,8.4,5.288948820511617,4,1,0
1900,41.87,16,5,food,2.6,3.227816474572566,0,0,0
2142,1359.4,13,0,entertainment,12.9,7.754506607354775,1,0,0
4175,27.44,19,5,retail,18.5,3.6538447495855184,1,0,0
8205,12.85,19,0,retail,6.5,1.02527101941651,1,0,0
6444,11.0,9,2,transport,2.2,7.777623699992263,2,0,0
2953,11.09,14,4,retail,0.8,0.19037842424117288,3,0,0
3952,9.11,12,1,entertainment,3.2,4.844612663397586,2,0,0
6045,63.95,21,6,transport,11.3,3.474827498917985,4,0,0
870,18.05,9,3,food,11.6,7.1220158732903185,2,0,0
306,4.88,9,0,transport,8.6,9.292093322661,1,0,0
3608,16.6,7,3,bills,6.4,9.120187410433312,0,0,0
6143,33.61,20,4,food,1.7,4.824153359460804,3,0,0
9901,248.15,0,3,transport,520.8,8.041487841256425,6,0,1
402,43.15,16,4,bills,5.1,2.579241042807974,4,0,0
7552,6.31,12,6,bills,0.1,9.557449174274208,2,0,0
1740,62.05,17,2,bills,5.8,3.122142102511485,0,0,0
6207,176.98,13,5,bills,12.4,0.5686236078197784,2,0,0
4196,109.23,14,1,food,0.7,1.6331051883543855,2,0,0
8974,144.5,13,4,retail,5.0,9.237851425429817,2,0,0
125,119.95,11,5,retail,6.1,0.4421031442224096,2,0,0
5018,84.3,11,4,bills,6.2,0.6926161025677046,1,1,0
7435,193.16,21,5,retail,1.9,1.0801585787702566,1,0,0
1698,86.42,13,4,retail,11.0,7.923162598751559,2,0,0
4910,588.25,10,1,food,9.3,4.079749005073786,1,0,0
9718,855.86,19,4,food,20.8,3.6939196079479686,0,0,0
747,67.59,6,0,transport,0.6,0.2530447520210878,2,0,0
5093,2.83,12,4,retail,10.3,1.6684349465790826,3,0,0
5632,715.09,21,6,bills,6.8,0.40894970165041006,3,0,0
9906,254.97,4,4,bills,454.7,7.442047287269518,7,1,1
2039,30.63,20,2,food,5.8,0.8651418700207036,1,0,0
6700,43.02,11,1,food,30.0,5.075844861263635,2,0,0
2842,1.09,19,2,transport,1.5,2.7659229735419895,1,0,0
6513,29.1,0,0,bills,3.1,7.6364439861674605,0,0,0
7119,1295.87,7,5,bills,6.8,1.8853902714976347,2,0,0
5467,35.93,22,3,entertainment,0.8,0.6530414654242844,1,0,0
6944,116.05,10,1,retail,0.8,3.8306024137252113,1,0,0
7720,37.01,21,3,retail,0.2,1.8092854924604702,2,0,0
795,180.25,10,2,transport,7.4,0.31020543390317545,2,0,0
4782,67.92,21,3,food,6.7,2.6055484129369173,2,0,0
8725,51.68,13,3,transport,7.5,5.767509845946448,3,0,0
9053,42.4,9,4,entertainment,7.3,1.235725175432116,6,1,0
5771,340.24,21,1,retail,8.3,0.5113673862929327,1,0,0
343,22.29,10,2,food,4.5,1.0977951058513873,2,0,0
4449,204.41,1,4,bills,2.5,6.115300868445617,1,0,0
8803,32.49,13,3,transport,10.3,1.6762150920245884,2,0,0
9875,31.5,18,1,bills,494.3,12.618069427041888,15,1,1
8671,4.1,12,4,transport,6.0,0.24914653452879887,0,0,0
4598,112.6,17,3,retail,1.2,0.44068383603100897,1,0,0
3834,16.97,6,0,transport,1.4,4.374882077049362,1,0,0
9740,27.33,6,5,entertainment,2.1,6.14401960279303,2,0,0
1712,40.27,13,4,retail,1.2,8.164072990712139,3,0,0
3534,533.69,9,4,bills,5.6,1.1021703317608977,0,0,0
2514,8.5,14,0,bills,7.8,0.44142059899963315,1,0,0
7847,107.04,4,5,transport,12.0,0.6210609577973433,3,0,0
9148,477.91,14,2,retail,8.0,7.548808770706111,2,0,0
9219,381.78,19,1,entertainment,2.7,3.0089252169898546,2,0,0
9672,18.11,15,2,food,4.2,1.5675430055500037,4,0,0
6802,14.28,0,6,entertainment,1.3,3.272894721534799,1,0,0
4706,62.88,19,1,retail,0.1,0.2138147907591732,1,0,0
1715,4.07,13,5,entertainment,1.3,3.305784140212255,2,0,0
9076,55.85,0,6,transport,0.5,0.37061928385020054,4,0,0
3246,9.04,9,2,transport,0.2,6.516943237096326,2,0,0
3567,4.8,19,1,retail,5.0,0.5312935632904366,0,0,0
1216,516.27,13,3,entertainment,0.0,3.6242622543877494,1,0,0
3954,90.65,21,1,entertainment,7.9,2.669082998420783,1,0,0
2390,8.4,17,6,retail,0.5,0.5304724499442325,2,0,0
5501,210.72,17,2,food,0.3,2.0248205383237936,2,0,0
9688,31.8,8,3,transport,11.3,0.7649326500772873,2,0,0
5177,53.13,11,0,food,6.1,1.5096526865072812,0,0,0
6307,29.76,19,6,retail,0.9,0.2193579247320417,3,0,0
7263,18.4,9,1,retail,0.8,10.672557475814667,1,0,0
9986,655.2,1,2,food,263.4,7.620188682879966,9,1,1
5704,19.73,9,2,entertainment,2.5,4.6821025208080185,1,0,0
8757,118.59,10,5,food,4.9,0.5040586069040585,0,0,0
7398,219.3,13,3,transport,4.8,4.6158401060674965,1,0,0
3614,57.62,15,1,retail,4.1,0.2783837944943519,5,0,0
2337,110.28,10,5,food,0.8,1.7813434948673774,3,0,0
2559,215.0,17,4,retail,7.3,0.5228575920375805,2,0,0
8999,190.7,21,4,bills,18.5,2.6252911725850394,1,0,0
2974,107.03,13,5,bills,1.7,2.9539930123105504,1,0,0
13,493.48,19,2,entertainment,1.5,4.263517989714407,3,0,0
1852,192.57,12,0,bills,7.8,5.668675559596265,2,0,0
5914,24.5,9,6,transport,6.2,1.4996374068854947,2,0,0
2682,213.44,13,3,bills,1.5,0.4121331349619936,4,0,0
8612,263.76,10,5,retail,3.4,0.22495950774150025,1,0,0
9224,9.33,6,3,retail,0.1,2.714251645283603,1,0,0
4129,78.71,11,5,food,4.5,1.603850871963724,1,0,0
6750,1254.33,8,0,food,13.9,0.004172650688339904,2,0,0
331,0.28,1,5,bills,3.1,6.389805477355267,2,0,0
3785,295.65,15,0,entertainment,3.1,4.548156977644155,1,0,0
1386,35.69,16,6,bills,3.6,2.400358488083272,2,0,0
1733,109.97,14,2,transport,4.9,12.74160583619782,3,0,0
1196,161.88,10,0,retail,0.1,4.861531097385217,2,0,0
8186,66.86,14,0,retail,2.0,2.1539986638199604,1,0,0
6328,2.27,1,4,food,3.5,0.5438866174712048,6,0,0
8424,46.55,8,1,transport,1.1,1.1533436204387062,0,0,0
2048,124.93,19,5,food,0.1,6.267390171647517,2,0,0
9136,126.06,19,2,transport,2.8,1.3944414110156211,4,0,0
7801,25.71,16,2,bills,2.0,3.6675704159472895,2,0,0
6814,10.05,7,2,retail,1.3,1.9889320843209646,2,0,0
1550,30.3,15,2,bills,1.5,0.8589529714730997,0,0,0
6556,22.45,17,1,transport,3.1,0.7687698154167026,1,0,0
446,66.82,20,4,bills,12.1,0.13123958901749821,2,0,0
3878,6.63,17,3,transport,2.1,1.1171279180475184,0,0,0
2616,56.02,5,0,transport,12.5,5.011068012239187,2,0,0
3889,156.62,17,3,transport,0.7,10.4390363391414,4,0,0
776,14.52,21,3,entertainment,0.8,2.253372654159669,5,0,0
3470,1335.32,12,3,bills,0.9,5.5367492018753826,0,1,0
7808,129.05,12,6,food,1.1,2.0178083830969884,3,0,0
4967,45.12,9,6,bills,14.1,1.243180968562134,2,0,0
4374,299.02,1,6,retail,2.2,0.22239118586402032,2,0,0
9494,5.93,22,6,retail,7.5,0.7357324251573217,1,0,0
4732,116.04,22,2,food,0.4,0.9134039676736969,3,0,0
1224,78.48,7,4,food,2.9,2.475319102709171,1,0,0
2645,15.9,8,1,retail,0.6,0.9024977671476748,4,0,0
7104,278.05,8,3,entertainment,7.4,1.4255595203607103,2,0,0
486,55.02,9,4,entertainment,2.7,6.4341571018775365,1,0,0
8176,53.43,10,4,retail,9.1,1.477032739198563,3,0,0
5040,41.19,13,2,entertainment,14.1,4.535485677344757,6,0,0
7971,15.88,21,6,food,2.8,1.5152294895897143,1,0,0
355,80.03,11,4,retail,8.8,4.899646815355791,0,1,0
5023,55.06,15,6,bills,1.7,0.31615638366071575,4,0,0
8857,58.42,6,6,retail,16.3,8.118140860449081,2,0,0
2092,33.01,15,4,entertainment,3.1,3.1882521913205384,1,0,0
7927,7.3,20,6,entertainment,9.5,7.775550021493384,5,0,0
2577,118.03,9,1,transport,2.1,0.7979576576587357,3,0,0
7333,127.13,17,1,bills,2.8,2.567915707132767,5,0,0
1040,151.84,21,3,transport,0.1,6.879789634490201,4,0,0
3011,9.07,12,5,transport,0.4,1.03888710639922,1,0,0
5140,39.52,16,6,bills,1.8,7.52168886417192,2,0,0
1157,2.66,10,3,entertainment,11.8,0.36538648354836434,1,0,0
538,77.36,15,2,transport,8.8,1.1782417290770963,3,0,0
5451,229.01,21,6,food,16.9,1.0768988731870341,1,0,0
5444,38.91,10,3,retail,0.0,1.4557411105966005,3,0,0
9454,180.71,10,0,entertainment,0.3,6.925270751181753,1,0,0
634,45.42,16,2,transport,6.7,0.7121250213606346,1,0,0
3959,326.34,13,2,entertainment,1.2,3.0091921587922554,2,1,0
7783,721.32,16,0,entertainment,2.4,6.338076714378433,3,0,0
3474,58.85,23,4,transport,2.6,0.2059673496864004,1,0,0
3757,586.04,13,6,entertainment,1.0,0.8575760326222507,1,0,0
6463,28.06,22,1,transport,5.4,1.914304364637302,5,0,0
3797,14.97,18,3,bills,10.0,5.62215608506061,2,0,0
5132,6.17,14,4,transport,5.8,5.258295925266051,0,0,0
3078,1090.04,17,6,entertainment,7.4,2.39734881997018,2,0,0
6418,215.73,2,3,entertainment,6.2,1.1093089280173918,2,0,0
3985,29.27,15,2,entertainment,1.5,4.183469296196334,3,0,0
4035,295.36,13,4,bills,11.1,5.217829378146143,1,0,0
5638,31.48,15,1,bills,0.4,1.933050894316191,1,0,0
1056,437.67,22,2,transport,6.4,6.8572025964641234,2,0,0
9223,49.15,16,3,bills,3.3,0.300564580645661,3,0,0
2634,4.57,15,6,bills,21.0,7.427649010291065,0,0,0
9555,43.81,20,0,bills,6.8,0.7038637585740082,0,0,0
6635,2986.85,15,1,bills,2.1,1.1555253960980536,3,0,0
3692,152.93,16,4,food,4.2,0.3816648908343865,1,0,0
6819,27.42,22,4,transport,2.4,0.5022180801393664,1,0,0
2804,59.99,9,2,bills,15.0,5.3968209119630695,5,0,0
851,304.05,8,6,bills,0.7,5.596133962992082,1,0,0
6423,312.42,13,2,retail,1.8,1.011681434868789,3,0,0
1948,10.9,21,5,entertainment,4.1,1.6319067054380576,2,0,0
9193,1323.81,0,1,transport,20.3,3.7367173049788334,0,0,0
543,237.41,21,6,retail,1.1,0.13370253088589926,1,0,0
3248,280.4,23,5,bills,2.8,1.0942384741053595,1,0,0
6054,81.96,14,3,food,3.7,8.130799466164534,4,0,0
2442,617.2,18,2,entertainment,4.4,0.44944000781993093,1,0,0
3611,13.55,14,5,entertainment,0.4,1.908328284262629,1,0,0
1355,179.67,6,3,retail,14.9,0.6564078776686081,2,0,0
4944,9.49,11,1,transport,0.9,7.3603958142992845,2,0,0
1547,87.23,10,2,retail,1.4,4.817164125878122,3,0,0
1060,88.31,8,2,bills,0.0,0.9743615675296349,2,0,0
755,730.57,3,5,transport,2.9,3.4121146978319334,1,0,0
9949,86.09,2,0,entertainment,519.6,26.166155661510004,3,1,1
1083,35.1,17,5,entertainment,1.9,0.8429909453039984,2,0,0
3271,410.06,14,5,transport,1.4,3.6451146304001756,0,0,0
6734,97.81,16,1,entertainment,0.7,0.9963391631410953,2,0,0
8796,44.73,15,5,transport,1.0,0.2408141285550939,0,0,0
8280,11.17,8,0,food,12.4,2.711015021314115,1,0,0
7621,32.16,18,6,bills,1.0,5.336401112673899,2,0,0
1997,1230.16,5,1,transport,2.7,0.07837034080173177,2,0,0
9240,11.6,10,3,transport,4.8,0.6807911578589013,3,0,0
8766,29.98,19,6,food,11.0,0.04087880606350302,1,0,0
559,23.61,4,1,entertainment,7.3,1.7126352103015543,0,0,0
617,201.18,15,4,bills,5.2,5.199792948703376,0,0,0
3934,155.54,18,0,transport,6.9,1.5057918521484033,1,0,0
9362,39.33,13,2,entertainment,1.2,2.415715465565441,0,0,0
5616,54.31,12,3,bills,6.2,0.9593283156685318,2,0,0
5589,55.03,15,2,food,5.4,0.24163290793857656,1,0,0
1515,82.53,12,5,food,0.7,3.132762622971459,3,1,0
8900,305.23,18,0,bills,1.8,1.6218820881312381,3,0,0
541,53.03,13,5,retail,1.2,0.32865799595432355,0,0,0
1940,238.02,9,6,retail,3.6,1.5046050222785092,3,0,0
2151,27.73,22,6,transport,0.3,6.080359266583024,3,0,0
2520,117.29,8,2,food,7.8,1.1329643159298675,2,0,0
5719,203.88,17,0,entertainment,1.1,1.6752509359178305,4,0,0
9897,26.65,0,3,food,609.3,105.29951072897185,9,1,1
9486,163.08,5,4,retail,0.8,1.9946120443595345,1,0,0
4965,23.18,7,4,bills,3.9,2.200523134642295,2,0,0
7851,9.1,18,0,food,5.4,2.584819994181532,4,0,0
8958,9.25,9,6,retail,9.0,3.1430312730025083,1,0,0
6281,2.99,8,3,entertainment,3.2,2.0639650342030977,3,0,0
4579,123.09,12,1,entertainment,11.0,3.2811401369403113,1,0,0
2939,223.87,17,1,retail,6.0,0.5564300098760049,2,0,0
5671,22.81,3,1,transport,7.2,12.000913558317222,3,0,0
2164,14.9,0,2,entertainment,0.3,0.9888463825600591,2,0,0
7776,62.58,10,5,bills,3.0,2.000818286467626,2,0,0
661,305.15,19,4,retail,2.5,1.0527640624692678,1,0,0
5926,369.71,21,0,retail,5.1,8.070921107330827,2,0,0
1159,26.31,14,1,transport,2.3,2.7659836670896913,1,0,0
249,80.67,17,0,transport,1.1,2.7111105661289665,3,0,0
2029,8.86,19,0,bills,18.5,1.8952164140774745,1,0,0
1942,5.99,10,0,retail,3.2,2.225604998890574,0,0,0
8597,21.57,18,4,food,12.3,0.6511945331598417,2,0,0
5808,26.01,9,3,retail,0.6,0.4171151546911517,2,0,0
6858,304.94,15,0,bills,1.1,0.14319259964511372,0,0,0
1448,318.84,6,3,food,0.5,4.873752474215454,1,0,0
2406,78.25,7,6,food,7.9,1.4593066184682317,3,0,0
4359,148.21,11,2,entertainment,13.1,2.6149163145240837,1,0,0
4581,86.96,20,2,food,5.5,3.1270964593983885,0,0,0
669,30.21,5,0,transport,9.8,0.33014792507564217,1,0,0
7868,11.61,23,3,entertainment,9.2,1.064771660842433,3,0,0
4380,60.34,10,2,retail,8.3,0.7638995055144063,3,1,0
2640,129.81,17,4,transport,1.5,2.5112107564724946,5,0,0
2269,185.57,12,5,entertainment,14.5,0.37110523535712203,2,0,0
5658,107.01,16,3,food,8.9,2.23334667055951,0,1,0
7588,23.62,23,4,entertainment,12.9,0.6397418914312227,3,0,0
1243,2.32,16,5,bills,0.2,2.465128803132867,3,1,0
8479,96.63,17,1,entertainment,2.2,6.339280479534866,1,0,0
3638,101.31,9,3,food,3.6,0.17804437130181686,2,0,0
4072,996.88,9,3,entertainment,5.6,21.43164854286818,2,0,0
3625,47.1,21,5,bills,0.8,1.7529333317338374,5,0,0
730,110.04,22,5,entertainment,13.8,0.3225038241336916,4,1,0
6964,25.61,23,6,retail,1.7,3.0640307262756274,3,0,0
6329,12.52,15,3,transport,3.9,7.8445637117312454,2,0,0
6820,10.79,21,0,bills,0.1,4.503517859388246,3,0,0
2912,33.73,6,1,food,3.0,2.840680455262347,2,0,0
7322,12.97,12,6,transport,11.5,2.64897232406845,0,0,0
2905,142.23,14,5,food,9.1,1.6548327176512418,2,0,0
389,13.47,21,2,bills,10.2,1.7731615123200368,1,0,0
1916,19.33,20,0,food,10.8,2.4408675023015016,0,0,0
4430,28.19,15,6,transport,1.1,0.23170087310333182,5,0,0
9955,170.99,19,0,food,468.3,55.547182171171386,13,0,1
7607,304.59,9,0,retail,3.2,0.3065214447216996,2,0,0
1995,75.59,10,3,transport,0.7,3.8516222529694413,3,0,0
3546,78.14,22,4,retail,1.9,4.116181575894359,2,0,0
4068,3.65,17,5,bills,0.8,6.8723561595485805,3,0,0
651,11.87,3,5,entertainment,1.5,3.739320415878122,3,0,0
6429,180.18,17,5,entertainment,1.2,0.7913837694859837,1,0,0
5062,42.74,9,5,transport,0.2,1.0652375539069743,2,0,0
5652,15.06,12,1,food,8.4,1.0234706989173112,6,0,0
7472,40.07,4,3,food,8.8,6.360608514601836,1,0,0
2727,14.1,19,2,bills,9.6,3.308507096792452,1,0,0
6927,143.68,17,1,entertainment,5.0,2.7043190778704362,0,0,0
6112,3.81,21,3,retail,1.7,5.850421938775442,2,0,0
8904,175.17,20,2,entertainment,8.6,3.89763983886351,1,0,0
9043,811.81,22,6,transport,0.8,0.31265281354676616,0,0,0
4799,65.31,19,3,transport,7.6,3.874238583876772,2,0,0
9708,29.41,11,2,transport,2.6,2.354732845563925,1,0,0
6597,28.91,6,0,retail,2.4,2.53889147685814,2,0,0
2465,538.03,19,0,transport,1.2,7.966628178697178,2,0,0
9402,40.81,14,2,food,0.1,9.674027595934762,1,0,0
3646,3.8,23,1,entertainment,0.3,1.8812436570025732,0,0,0
132,6.35,22,0,retail,12.4,0.5864710045543668,0,0,0
7848,229.69,12,3,bills,3.4,5.55388225690178,4,1,0
6815,176.07,11,3,transport,6.8,1.0139251768792987,5,0,0
8347,101.74,3,6,food,7.7,8.45451710516015,3,0,0
9689,169.01,18,4,retail,3.6,0.31350648201795045,2,0,0
1648,45.1,10,3,bills,3.3,0.4054923549266174,4,0,0
3664,85.1,20,1,retail,0.0,4.940387443883784,4,0,0
3829,16.72,18,1,food,3.8,3.18169884946406,0,1,0
5420,40.7,13,4,retail,0.9,1.544252658801403,2,0,0
8354,2333.33,23,6,bills,8.0,0.11112430388171045,4,0,0
4821,137.01,11,2,bills,0.8,7.639776339109748,4,0,0
3310,10.29,13,3,bills,5.7,3.0586067259886685,0,0,0
2674,1188.51,17,5,food,22.8,0.4560004312300356,0,0,0
1133,158.19,17,6,entertainment,0.2,0.1686241479720521,2,0,0
8863,8.31,16,0,food,0.0,0.2379812145762572,0,0,0
6397,172.52,7,1,transport,4.2,2.2592898709994027,0,0,0
2050,262.74,14,2,food,3.8,10.193752167439456,1,0,0
3496,22.98,16,6,entertainment,2.0,4.8521284375190215,4,0,0
3679,57.54,12,1,food,11.6,1.053589159970953,1,0,0
9077,19.23,18,6,transport,6.9,1.3422450609807115,3,0,0
6961,31.86,9,0,bills,1.7,0.829626442505029,4,0,0
6302,16.25,20,6,food,9.2,0.9796075589364418,3,0,0
2451,8556.17,13,4,food,14.8,4.695341365480845,4,0,0
8211,56.93,12,2,entertainment,3.6,12.384287472839258,3,0,0
9885,118923.61,0,3,entertainment,478.9,19.348854931170195,6,0,1
3990,11.33,11,6,bills,1.6,2.6329185245568016,1,0,0
7017,73.03,13,3,bills,0.5,1.4558812575647149,1,0,0
7458,26.99,18,5,transport,1.1,0.11352789311438438,2,0,0
6872,151.51,14,3,entertainment,2.4,2.875594552947163,3,0,0
457,13.93,17,4,bills,5.0,0.5660947766729924,2,0,0
9214,48.47,18,3,entertainment,19.7,2.591366741337149,1,0,0
4989,61.16,16,0,food,7.8,0.5800192161624111,3,0,0
8060,53.82,11,1,bills,5.5,6.87116383308239,2,0,0
9736,205.64,16,6,entertainment,5.1,0.40535713989926314,0,0,0
4317,143.06,11,1,food,2.7,3.069821698442162,3,0,0
6210,146.89,6,5,retail,1.9,2.949537950421893,1,0,0
4752,83.29,8,3,entertainment,1.7,1.71877309831535,1,0,0
4014,3.5,11,5,bills,1.7,0.5424567779507643,1,1,0
6861,160.19,11,4,retail,14.7,1.7476284411973526,4,1,0
2813,75.52,23,1,retail,10.0,0.9175395032375537,4,0,0
7633,109.64,18,0,entertainment,10.3,4.930289604526212,2,0,0
2831,222.31,19,1,transport,5.9,6.115293842412381,1,0,0
7082,29.2,9,5,entertainment,12.0,5.044274471034519,3,0,0
7761,538.8,21,2,transport,2.3,2.184787212029091,0,0,0
2620,148.09,13,2,retail,0.7,0.3199999555102969,3,0,0
4169,7.89,23,3,transport,3.2,5.713261165213378,1,0,0
8012,166.0,17,4,entertainment,3.3,1.9385226323470748,1,0,0
4656,40.88,6,2,food,5.5,1.0242640937737693,1,0,0
8295,23.7,1,4,food,1.2,0.4380602978762247,1,0,0
2683,108.61,23,4,food,13.9,0.5135697460172912,2,0,0
5119,147.02,9,0,retail,1.4,0.8276519417605098,4,0,0
1029,171.34,9,5,entertainment,7.0,0.19698910891062965,4,0,0
914,228.39,11,2,entertainment,4.2,2.3010888720448186,1,0,0
9722,17.37,19,6,retail,2.8,5.50784414757766,3,0,0
5886,34.4,8,5,retail,5.7,5.915356436685142,1,0,0
1025,11.73,14,0,food,1.5,0.428369060410021,3,0,0
6843,47.05,12,5,food,0.4,2.867414492011182,2,0,0
3862,39.86,13,6,bills,0.6,1.3506498622449714,3,0,0
4218,20.64,16,6,transport,3.4,1.3491756275369615,6,0,0
4795,2.06,5,5,food,2.4,2.2851093835242744,2,0,0
8615,18.87,10,5,entertainment,3.2,1.3640226687700547,3,0,0
5986,12.05,18,0,transport,2.3,2.318644208725442,2,0,0
6712,191.46,9,6,transport,7.8,6.850411754716074,3,0,0
5232,403.37,9,0,food,0.7,0.6422825861259867,2,0,0
3533,241.72,17,5,transport,6.9,3.047610305512494,3,0,0
5054,4.84,13,5,transport,3.0,11.239127563299425,1,0,0
5842,342.39,9,1,transport,1.4,1.4120885254006792,5,0,0
9491,44.74,6,1,retail,1.2,1.6369058753954215,3,0,0
794,38.34,0,2,retail,3.4,0.7546678624577163,3,0,0
459,63.28,5,2,retail,0.0,3.6067592029956215,2,0,0
1191,28.64,16,1,retail,3.6,0.5861752982982747,4,0,0
2882,17.26,17,2,retail,0.6,2.003963506110213,4,0,0
3794,39.51,19,0,transport,5.1,0.6174147431999525,3,1,0
5586,11.76,19,1,bills,1.5,4.844082051379753,1,0,0
151,61.85,12,2,transport,1.1,3.4082109182424807,5,0,0
3893,53.1,14,5,transport,7.3,0.07503645246743533,1,0,0
1222,39.91,19,0,retail,0.4,4.969535935941725,2,0,0
856,837.46,15,4,food,2.0,1.0348280199610025,2,0,0
8809,36.28,6,6,transport,0.5,0.5317720640315058,6,0,0
3852,16.8,15,5,bills,0.0,6.010255055344718,2,1,0
1802,587.4,2,1,transport,2.8,4.7278458883722605,1,0,0
7535,132.97,3,2,transport,2.0,1.0436828515653422,1,0,0
3936,15.82,7,3,food,2.4,7.828150313386956,1,0,0
4565,396.24,15,2,bills,14.7,2.1596689392399013,3,0,0
1205,0.94,22,3,entertainment,9.2,0.9288534127796151,3,0,0
5874,148.09,23,6,bills,0.4,0.8294594920789009,0,0,0
8643,418.33,16,6,food,1.9,3.7193368387286676,3,0,0
2195,67.63,21,3,food,1.0,6.589802878845731,2,0,0
2728,14.05,15,3,bills,0.0,2.0073671589133637,0,0,0
8516,15.26,14,4,bills,3.4,1.576000229236898,1,0,0
9305,7.84,14,1,entertainment,2.4,5.958960986768826,0,0,0
5025,103.8,13,6,entertainment,1.1,0.013153696788378013,2,0,0
6632,7.03,8,1,retail,2.6,0.7295038565370974,0,0,0
2499,33.81,18,0,retail,11.6,2.528377243778373,3,0,0
6109,522.48,0,2,entertainment,12.7,6.93732850088362,2,0,0
4712,782.38,20,5,entertainment,1.5,2.9792476702436277,1,0,0
3399,163.94,17,5,bills,6.5,1.5376108065580196,0,0,0
5946,116.39,19,1,food,4.4,0.30600495957536444,2,0,0
3096,121.96,7,0,bills,8.5,0.7125535185146336,3,0,0
2227,198.82,7,0,bills,1.7,0.43180053495848914,2,0,0
2131,244.66,11,5,retail,2.5,4.397992480890052,2,0,0
4631,33.23,13,2,entertainment,2.8,14.322345835767141,4,0,0
7255,52.67,18,3,retail,0.6,5.378535211913541,3,0,0
2715,122.65,18,3,entertainment,3.7,2.115669682759978,0,0,0
9778,216.77,16,1,food,0.4,0.2641227967386059,3,0,0
3498,63.13,23,5,transport,3.7,7.301754537932112,2,0,0
6357,190.49,22,6,bills,13.3,7.491965490401486,2,0,0
8087,53.55,13,5,retail,2.7,0.763888925976864,4,0,0
9465,312.16,23,6,entertainment,1.7,4.19921763514682,1,0,0
4550,56.96,18,0,bills,1.4,0.4617704555275476,0,0,0
4197,87.76,16,4,food,4.6,3.4845543911562276,4,0,0
5838,5.05,22,3,entertainment,0.7,0.08925083093734208,4,0,0
9126,10.9,7,6,food,0.9,1.6997238561055503,0,0,0
1038,364.25,11,6,retail,0.6,0.1266240509397591,4,0,0
7597,218.94,9,2,food,4.2,1.595241075696798,1,0,0
2183,327.13,17,1,retail,1.2,4.96611724203332,3,0,0
6887,171.51,15,2,transport,2.6,0.8712577223729512,1,0,0
1673,236.97,20,3,food,1.8,1.5714068178121243,0,0,0
5278,30.47,16,3,food,0.1,0.7185658935479711,3,0,0
3472,1.53,17,5,transport,0.1,2.936416688109466,0,0,0
8529,5.6,19,3,food,16.1,11.266607926276672,1,0,0
4276,2.41,8,5,entertainment,10.3,1.7435047239400188,0,0,0
8204,13.95,6,6,retail,3.4,2.2121259421091524,0,0,0
7,10.94,3,3,retail,9.8,1.6467504598823486,3,0,0
8049,161.13,10,2,bills,3.8,0.7784107157279588,2,0,0
5030,47.23,14,4,entertainment,19.4,1.1952085808927309,1,0,0
4940,9.17,20,0,retail,0.6,0.7150770981579028,2,0,0
7705,452.98,9,5,entertainment,5.7,0.29291876116288174,5,1,0
8386,57.45,21,5,transport,2.1,12.570408947944046,3,0,0
7778,20.84,10,1,retail,9.8,2.145305843929443,4,0,0
987,60.13,19,1,retail,5.4,1.3499270477622494,3,0,0
8070,5.36,7,0,bills,1.5,0.601025423804798,0,0,0
6628,40.02,13,1,bills,6.8,1.150721928415323,2,0,0
4464,153.38,1,2,transport,1.4,3.417791951450279,1,0,0
207,82.65,11,6,retail,4.0,2.730855708158744,2,0,0
5056,91.57,13,2,retail,0.2,2.1423124579219133,3,0,0
9163,128.75,23,5,food,0.3,0.46188167931756774,1,0,0
5055,36.21,7,6,food,15.8,3.817282538010419,3,0,0
37,124.6,21,1,retail,12.0,7.026056000199554,1,0,0
8836,211.17,13,1,transport,1.9,0.640807927971565,1,0,0
1989,4.32,12,1,bills,1.2,3.6678128836562296,1,0,0
8653,27.41,0,2,food,10.3,6.5839185865485135,1,0,0
1827,31.66,14,1,retail,2.9,3.1094137825867927,3,0,0
921,53.41,15,1,bills,3.3,2.18306246367447,1,0,0
6371,1974.77,11,0,food,1.0,1.1518880627634405,0,0,0
4322,335.8,11,0,entertainment,1.1,5.377156091860576,1,0,0
8531,119.02,18,0,bills,4.5,1.0042740385717157,4,0,0
6615,36.09,16,0,bills,0.4,8.218582828136768,2,0,0
1912,78.82,16,6,entertainment,3.2,0.14954999165773566,4,0,0
9822,486.65,7,0,transport,6.9,23.277156646904153,12,1,1
8147,203.53,19,3,food,9.5,2.7606897237122197,4,0,0
8870,211.76,20,5,retail,0.5,0.1631848489214221,5,1,0
598,27.66,8,5,entertainment,1.1,0.09233534248327324,3,1,0
9150,92.86,13,4,retail,10.7,14.002891512432539,1,0,0
6896,32.77,13,1,bills,10.9,6.208581398783634,1,0,0
6311,122.44,17,3,entertainment,13.1,2.7097184523838043,1,0,0
6912,278.34,12,3,food,0.9,2.3395125004626345,1,0,0
8936,203.19,6,1,retail,20.6,6.537837075866316,1,0,0
6249,134.9,11,4,entertainment,2.4,1.395571982277231,0,0,0
6438,84.44,9,2,food,6.3,5.285837971590704,3,0,0
9661,3.29,15,4,entertainment,2.3,1.8728547483706985,4,0,0
6044,58.61,7,2,retail,0.8,4.006512293467406,3,0,0
277,20.41,23,4,food,2.3,2.793239325287529,2,0,0
6630,199.59,13,5,transport,0.3,0.3680534809321458,2,0,0
7941,10.95,12,3,food,5.2,3.1510956696666224,3,0,0
690,142.64,22,2,food,4.8,2.382708502704282,4,0,0
8994,256.03,22,4,entertainment,5.2,1.556908256538918,1,0,0
3109,75.79,13,2,entertainment,1.8,0.5218763691358088,0,0,0
807,169.13,6,0,entertainment,3.9,5.552692067848061,2,0,0
5233,78.86,9,5,transport,6.8,3.216083787366159,3,1,0
3449,37.68,13,6,transport,2.2,2.6799981086742,1,0,0
9204,285.51,0,3,bills,1.4,0.9409933125092914,1,0,0
1287,8.9,13,3,transport,2.0,7.4392452206967,2,0,0
6388,47.63,18,0,retail,8.2,2.374187703451896,0,0,0
3371,24.33,11,6,food,0.5,5.445419968304912,1,0,0
5571,1737.56,13,0,transport,4.5,0.8015913218983306,3,0,0
6745,5.45,12,3,entertainment,7.6,1.8787172088524566,2,0,0
8703,6.06,13,4,food,5.1,2.85645594493652,3,0,0
704,137.02,0,2,bills,0.8,0.39041930184604634,5,0,0
5088,262.84,15,1,retail,1.2,0.5909893124252624,2,0,0
9671,16.2,15,5,bills,3.3,7.218226061531611,6,0,0
6395,164.34,10,5,retail,1.0,3.9360022106454036,2,0,0
3621,66.19,7,6,food,1.0,3.851536701067446,1,0,0
9003,13.2,19,0,entertainment,4.2,8.446054616845,1,0,0
1032,126.66,4,6,transport,1.2,0.6156592699721272,1,0,0
1077,225.98,15,3,transport,12.9,7.367820010587203,2,0,0
8017,44.65,18,4,food,4.9,4.465292501523224,4,0,0
9352,77.63,7,4,transport,12.6,0.2838985910093588,1,0,0
130,58.4,18,2,food,6.2,1.918720537638865,2,0,0
3949,83.67,15,3,entertainment,2.0,2.0278043246195088,2,0,0
9086,20.74,14,5,transport,13.5,8.666597280727867,0,0,0
4808,19.07,13,2,retail,12.8,0.11230401014665482,1,0,0
2850,62.31,5,4,transport,7.8,4.361061743616697,1,0,0
3898,9.11,18,1,retail,2.2,2.216495635739842,3,0,0
3012,9.26,8,4,food,14.4,2.1709254399819873,7,0,0
6098,40.64,7,0,retail,0.4,0.7868476034415217,1,0,0
7928,253.31,0,6,food,9.5,0.07265585025336926,0,0,0
9208,13.08,20,6,retail,6.8,2.370736886644771,0,0,0
7628,458.69,13,6,transport,1.4,1.655348617710112,0,0,0
6627,53.07,12,6,transport,4.9,2.0496999462272427,1,0,0
8950,1.97,5,0,bills,1.9,9.080886226371803,1,0,0
4055,583.2,10,5,retail,1.9,5.861432951880937,2,0,0
3827,94.77,2,2,food,9.0,4.978819351598052,1,0,0
184,54.61,12,3,bills,0.1,6.372354942270859,6,0,0
1513,4.05,20,5,bills,1.5,1.6525563502071277,1,0,0
3921,25.57,19,6,bills,0.0,0.2346983171782519,0,0,0
9251,1066.79,11,5,food,0.5,10.853707231069354,3,0,0
6189,28.5,12,4,bills,1.3,5.303067757140914,3,0,0
8765,182.62,13,5,entertainment,2.0,0.7052144691725564,1,0,0
721,52.23,20,6,food,0.3,2.1966097713981427,1,0,0
9953,16.8,8,1,retail,1633.7,23.688540917971668,11,1,1
3676,769.62,20,5,bills,4.4,1.6372548683918062,7,0,0
9994,866.45,7,6,transport,769.0,6.0372359535513,5,0,1
1282,37.69,7,2,bills,5.7,1.7538741704048109,2,0,0
9859,39.9,3,5,entertainment,134.5,15.209440874948445,9,0,1
7993,966.92,21,3,bills,2.9,4.237625207255668,5,0,0
3462,30.5,11,4,bills,2.8,2.796037188840577,2,0,0
1936,31.13,22,0,entertainment,1.7,0.840487325548062,0,0,0
9863,374.9,7,3,food,203.8,34.229741906198576,8,0,1
6464,14.79,21,2,bills,1.2,2.6788183026139665,5,1,0
4448,269.13,16,0,retail,5.9,0.04055248642671258,0,0,0
7250,41.22,23,0,food,5.9,3.789508384647546,1,0,0
7140,771.43,15,0,entertainment,0.7,0.2761005595961627,0,0,0
5240,13.09,2,6,transport,3.2,3.192990519157295,3,0,0
2482,23.24,12,0,food,1.1,3.575842418024971,1,0,0
1290,6.05,19,5,entertainment,2.2,4.979849351119128,1,0,0
5477,411.11,14,2,retail,13.7,3.392175467639448,2,0,0
1967,29.55,13,6,food,3.2,0.3948690087683557,3,0,0
5698,15.93,3,3,retail,2.5,1.4814566067982087,3,0,0
7149,27.85,12,2,retail,4.8,0.5984928012560722,2,0,0
2935,16.25,16,1,transport,1.5,2.4603693421130184,4,0,0
4136,20.43,11,4,retail,7.6,4.339348302608172,2,0,0
3636,405.77,16,4,entertainment,1.2,1.1068125990713142,1,0,0
2773,331.88,18,1,retail,2.2,1.1613566837008067,1,0,0
1909,72.69,21,4,retail,0.8,1.1836153688565378,4,0,0
8620,14.32,17,1,transport,15.2,5.172260626796078,1,0,0
8910,82.61,8,2,entertainment,21.7,6.6498687459368995,1,0,0
4702,11.57,16,5,bills,1.7,1.7649602464754799,1,0,0
4194,37.65,21,5,transport,4.1,1.4751176134774555,0,0,0
8157,54.06,12,5,transport,11.5,4.657933041124728,3,0,0
7117,6.24,10,4,food,6.2,3.541355888296935,3,1,0
3034,28.92,16,4,retail,0.8,1.2795571379046502,3,0,0
4367,9.15,15,1,entertainment,14.5,2.0773922103667686,3,0,0
9233,3.08,3,2,retail,0.1,1.7835256063609637,1,0,0
3820,9.48,10,4,transport,5.8,3.453307641180106,1,0,0
417,780.48,17,1,bills,10.3,0.7657503098797389,0,0,0
3717,206.6,18,1,bills,1.4,1.848489745277713,2,0,0
6904,33.59,17,4,retail,7.8,2.864806231517779,3,0,0
5306,38.64,17,5,entertainment,6.9,1.18912577894333,1,0,0
7896,8.71,13,1,entertainment,0.5,0.10278469104539245,2,0,0
885,6.62,17,1,entertainment,3.1,1.5578332914967623,1,0,0
4067,126.11,19,1,entertainment,4.5,2.054918832471877,2,0,0
663,37.95,18,5,food,4.8,6.966298402177088,2,0,0
342,206.45,23,0,retail,4.7,3.9873324086714796,2,1,0
7697,66.3,16,0,entertainment,5.9,0.15300721719156055,2,0,0
7411,27.02,11,2,retail,13.6,0.2216140560856636,2,0,0
3744,1679.64,10,3,retail,1.5,3.8517609727653577,3,0,0
4298,113.55,19,4,retail,2.5,0.9099615627622291,2,0,0
1272,32.21,23,2,food,0.6,1.444197330631218,3,0,0
9302,4.82,18,6,food,2.2,1.300176178535567,1,0,0
9725,49.94,15,4,entertainment,3.5,1.6786873360176422,4,1,0
1877,10.6,16,4,bills,7.4,1.8154711713884937,3,0,0
8982,157.21,12,0,entertainment,1.4,0.7340443380266177,2,0,0
2258,103.13,23,5,transport,5.1,1.2959848315757942,2,0,0
3160,50.13,8,1,entertainment,1.7,2.3916804645549607,4,0,0
4275,28.1,17,6,food,4.3,6.226589442448464,1,0,0
4654,14.28,10,1,food,6.8,3.653128392022398,4,0,0
4147,19.94,1,2,transport,7.0,0.39644098148672413,3,0,0
1918,294.89,20,3,food,8.1,0.18726553576656904,2,0,0
5648,27.69,13,0,entertainment,1.3,2.2005878418095857,3,0,0
5160,503.17,2,4,retail,5.2,0.2023021397957489,2,0,0
6411,117.62,20,2,bills,2.5,9.154510769663139,3,0,0
9742,24.44,14,2,food,4.8,0.203173356478899,3,0,0
9319,6.45,12,0,bills,2.8,2.263363260405109,1,0,0
2515,41.2,20,0,retail,11.8,0.5897074971620452,2,0,0
6581,51.94,21,3,bills,0.5,1.736962570648379,4,0,0
6970,133.11,7,3,bills,2.2,1.7588559792106997,2,0,0
5022,14.24,19,1,bills,3.9,2.5946106458688445,3,0,0
9458,187.27,15,1,food,14.6,0.386608628440129,2,0,0
1476,23.2,12,4,retail,1.8,11.103010820777309,2,0,0
8182,803.11,19,3,food,1.1,2.0605094246996147,1,0,0
6017,572.92,23,5,transport,2.6,7.0240390282950464,2,0,0
7947,51.95,9,6,retail,18.0,0.6322951875369502,1,0,0
8477,98.19,15,2,bills,5.1,4.737783179052808,2,0,0
2463,62.8,3,0,entertainment,3.5,0.2591476999027647,3,0,0
527,27.38,17,6,food,7.3,1.4117163180466372,4,0,0
2016,195.5,20,3,entertainment,4.5,0.637002954872554,1,0,0
632,3.78,12,3,food,1.9,1.0093163770816762,2,0,0
9040,23.33,1,4,transport,7.7,4.785596980010105,1,0,0
7099,5.34,15,1,bills,12.7,1.646455275754208,2,0,0
9913,477.48,20,2,entertainment,42.2,19.039046882783968,9,1,1
1202,222.2,11,3,transport,2.4,0.3323906441299816,3,0,0
3391,78.51,0,1,bills,2.0,2.114830662949358,3,0,0
6684,7.5,12,3,transport,8.0,1.7644213945170204,4,0,0
9094,347.97,9,6,bills,2.1,3.013676927649493,2,0,0
9850,2361.17,10,4,transport,931.8,8.956511806997675,6,0,1
6385,157.79,20,2,bills,3.5,1.226025797191347,2,0,0
2095,18.69,23,4,retail,3.1,8.951296810896116,1,0,0
6457,32.94,12,2,food,0.1,3.3621247304444357,0,0,0
2219,401.8,8,2,bills,5.0,4.575352731252946,2,0,0
9865,560.92,4,2,transport,424.6,22.328065311713615,11,1,1
8051,115.84,2,5,retail,1.3,9.552639253636618,0,0,0
4441,142.27,8,1,entertainment,0.7,0.5135046892100369,1,0,0
5915,9.22,17,6,bills,5.6,1.5107415176302912,3,0,0
2213,42.61,12,5,retail,4.3,1.621027484443081,4,0,0
9922,83.12,6,5,food,1410.2,13.93080084721166,16,0,1
1559,457.62,17,2,food,12.2,3.2446137158556603,1,0,0
6196,76.04,7,3,retail,12.9,1.1325379755091511,1,0,0
990,24.77,15,0,transport,34.3,0.9392814251089918,1,0,0
8463,22.85,21,0,entertainment,0.1,3.9208453924954494,2,0,0
1069,87.62,12,6,entertainment,0.9,4.723395356013038,1,0,0
2655,16.64,20,2,food,6.4,3.979543277044625,3,0,0
4255,87.76,13,0,transport,3.8,14.514947906757332,2,0,0
6125,59.56,14,3,entertainment,2.4,7.686911193860819,2,0,0
601,10.23,21,6,entertainment,1.1,26.988201482680516,0,0,0
7135,34.27,13,1,transport,4.7,3.9883391018273184,2,0,0
9604,15.28,19,1,entertainment,1.5,1.730782188509473,1,0,0
1192,59.79,22,5,entertainment,0.4,2.006817785714582,1,0,0
8576,19.88,19,2,food,0.4,2.608898322537724,1,0,0
6034,114.39,17,3,food,4.5,1.2416471846678125,1,0,0
5598,9.15,11,4,entertainment,2.2,0.8357538984465762,1,1,0
1564,2413.21,19,2,entertainment,7.4,5.521469572975599,0,0,0
997,2.99,10,6,transport,0.8,3.394130683341122,1,0,0
8695,10.02,14,5,food,0.6,3.180221082425696,5,0,0
1441,0.79,10,4,entertainment,1.1,1.3875503152419872,2,0,0
7825,12.47,9,5,retail,5.2,3.7274963728623143,5,0,0
3877,118.93,17,2,food,0.0,0.15062101852966345,2,0,0
9225,52.21,9,3,food,8.5,1.3337669194045765,4,0,0
9455,111.69,16,5,entertainment,3.9,0.06988006167554106,3,0,0
4701,6.51,16,3,transport,5.0,1.0766481617423969,1,0,0
8697,7.34,6,4,food,0.4,1.7025477858708156,2,0,0
7095,1.41,17,0,transport,3.0,6.108457889306756,1,0,0
2437,7.24,6,4,transport,0.9,3.7758779094851205,4,0,0
689,3.77,18,2,retail,18.7,1.803890509392364,0,0,0
6467,19.96,22,4,retail,3.6,6.828734451551434,1,0,0
7748,62.41,9,2,retail,6.0,6.42328333269858,2,0,0
2546,62.15,18,2,entertainment,13.1,2.25147577812052,1,0,0
4962,22.17,16,2,retail,9.7,5.386586264822358,1,0,0
2150,9.52,18,3,food,3.6,4.195307201365114,1,0,0
4864,43.89,13,5,bills,3.4,1.8486174279847056,4,0,0
9810,107.42,1,1,retail,234.7,21.36197991238236,9,0,1
6284,228.76,22,5,retail,1.2,0.286421928869804,1,0,0
7488,87.16,13,3,retail,9.5,2.3449718573134533,4,0,0
387,7.58,0,3,food,10.3,2.1956987586445837,1,0,0
5976,319.58,13,2,bills,11.0,0.4553949932592444,0,0,0
6949,22.55,17,6,transport,2.1,1.3977101705833572,1,0,0
1498,80.51,11,0,food,1.4,0.5913600390062634,1,1,0
8776,66.42,5,4,entertainment,1.4,1.3758316101168169,3,0,0
1263,37.71,13,6,entertainment,14.3,2.498659353413335,2,1,0
2963,23.5,18,1,entertainment,6.1,3.2930478001580017,2,0,0
1014,35.34,9,3,bills,5.4,0.7227140022757661,2,0,0
7114,28.17,16,0,retail,0.9,2.324724318737572,2,0,0
847,521.14,13,5,food,0.4,2.0557411233226732,4,0,0
1642,16.54,9,2,transport,0.2,1.7384551004786926,2,0,0
3561,333.45,12,1,entertainment,5.1,3.390125075504848,1,0,0
3181,67.94,21,5,entertainment,3.4,3.4985423075688633,1,0,0
4492,338.44,7,6,food,3.1,5.688314998755393,2,0,0
1103,46.83,12,2,retail,5.6,1.7809087100020502,4,1,0
8964,24.94,14,4,entertainment,0.8,0.7552973811726031,5,0,0
7553,67.45,9,4,transport,1.9,2.0889480311839073,0,1,0
2702,9.98,16,3,bills,0.6,2.0852981896281277,1,0,0
5961,38.49,6,1,transport,3.7,0.8404298592010977,3,0,0
2724,212.6,13,2,entertainment,1.6,5.271664305158432,0,0,0
5975,126.49,19,4,entertainment,0.2,0.1540491298503694,1,0,0
4826,11.92,21,0,retail,12.9,1.2481958862132496,0,0,0
3370,384.5,15,6,food,1.0,4.258270696088141,1,0,0
4705,58.13,21,2,transport,0.2,1.4521298130275317,1,0,0
7179,2638.64,11,2,retail,2.1,1.1808503679165843,2,0,0
6720,223.62,15,0,bills,3.6,5.366245647994113,2,0,0
3718,66.21,13,1,entertainment,0.6,2.473310518804798,3,0,0
688,28.55,12,1,transport,2.8,6.379573568873706,4,0,0
9803,322.83,21,0,retail,496.6,47.73898009095595,12,1,1
9390,21.74,17,2,transport,1.0,0.2478522978328676,4,0,0
8332,18.43,9,3,bills,2.5,6.0942835455868,1,0,0
2394,15.22,16,5,entertainment,2.1,4.144906451013373,1,0,0
468,497.51,15,4,food,1.8,11.492316707614645,2,0,0
8586,270.71,22,3,entertainment,4.6,5.292371467786039,8,1,0
8001,4.88,12,4,food,8.0,2.589200900642626,2,0,0
3382,120.15,19,3,transport,3.4,3.3500468981367373,1,0,0
2417,41.58,18,6,transport,7.4,0.7464984896378344,2,0,0
9191,154.75,15,4,entertainment,0.7,0.6699369790379227,5,0,0
3984,61.06,7,0,transport,4.7,1.550041068273293,4,0,0
7215,148.61,17,5,bills,35.2,0.7082128121676645,3,0,0
8862,59.0,12,5,bills,18.7,1.527781404320777,3,0,0
5668,112.27,1,3,food,2.9,5.974862564606756,0,0,0
6232,151.26,8,4,retail,5.5,0.8567671472707885,4,0,0
5133,137.33,16,5,transport,0.8,1.5142852316216522,2,0,0
9780,83.39,3,5,transport,21.8,7.712646227612121,1,0,0
9380,143.23,18,5,bills,1.0,1.4015608849161543,0,0,0
5427,10.28,10,0,food,11.6,0.4732821598325251,2,0,0
6645,2078.31,7,0,bills,0.6,3.140972241669721,1,0,0
4107,43.64,22,2,food,0.0,0.5189580722779684,4,0,0
3261,101.23,19,0,food,3.6,7.091063494437501,2,0,0
9474,10.04,21,6,retail,1.5,2.980800870603539,2,0,0
3436,105.62,12,2,retail,1.6,5.104322388855836,2,0,0
8548,22.7,13,5,bills,0.7,7.437044919837115,1,0,0
9520,40.01,16,4,entertainment,3.9,5.458768270152363,2,0,0
1517,15.82,13,5,retail,18.8,3.6315791101663804,1,0,0
4363,22.03,8,1,entertainment,0.2,9.329503727038958,3,0,0
6487,34.2,21,4,entertainment,8.1,0.7330809277579639,3,0,0
9355,669.8,16,1,retail,5.7,0.616144133854083,3,0,0
8326,158.22,13,0,entertainment,19.7,9.052769451469308,1,0,0
5968,110.88,13,2,food,0.5,0.1984802709909192,0,0,0
6791,119.74,20,1,retail,8.2,1.2812503756524873,3,1,0
9012,85.71,20,1,food,2.6,3.67696120476469,2,0,0
4119,75.34,18,0,entertainment,0.6,5.077229802719673,2,0,0
7122,13.48,9,2,entertainment,4.5,1.8880743429812812,3,0,0
9538,8.42,19,1,bills,1.3,5.541641761691722,1,0,0
3100,5.73,9,4,transport,5.3,0.17018496490739235,2,0,0
7758,22.83,12,3,bills,0.0,3.97834970963226,0,0,0
549,17.98,23,5,retail,2.5,2.3210987954529183,3,1,0
7726,126.3,20,3,food,6.0,1.7682813981973928,5,0,0
6308,22.03,20,2,entertainment,5.8,0.1537663356706947,3,0,0
731,25.27,11,1,retail,0.6,3.4448550465026244,3,0,0
247,21.52,14,6,entertainment,7.4,6.749598344330607,2,0,0
4425,103.92,8,2,retail,8.1,4.499220296321838,2,0,0
9307,14.0,1,4,entertainment,0.0,0.017263197717873387,1,0,0
8947,317.6,9,3,food,3.7,2.714161133828404,3,0,0
4745,48.28,13,6,bills,10.5,2.998316991712924,1,0,0
2696,11.63,10,1,transport,1.2,1.3055108984814519,3,0,0
178,2.26,14,6,transport,1.4,0.7508312333193964,1,0,0
7014,17.78,20,3,entertainment,3.7,0.7060525700529883,6,0,0
2610,316.89,13,6,transport,0.1,0.5711878437402952,1,0,0
5930,3.87,19,4,entertainment,7.1,0.7832713286518636,1,0,0
410,1.14,21,6,bills,3.9,2.6656046587436517,2,0,0
362,19.45,7,2,entertainment,6.7,7.3201932395901235,4,0,0
8778,32.41,23,1,transport,11.2,10.462298884262431,2,0,0
276,62.28,22,2,entertainment,6.7,2.149173591956526,3,0,0
3123,20.93,18,1,food,5.2,0.4165918385816356,3,0,0
7609,16.85,6,5,bills,8.1,0.4135896977326567,2,0,0
8307,5.67,18,4,transport,0.4,2.9131464277915597,6,0,0
7682,151.67,7,3,entertainment,1.7,1.4317578134241358,0,0,0
9895,361.12,2,1,food,55.9,117.27544357576328,12,1,1
7596,12.04,17,2,retail,0.6,2.5680859573859145,4,0,0
6040,41.34,6,5,food,5.5,3.358045609560863,1,0,0
7426,314.69,7,5,bills,4.7,6.812457165668749,4,0,0
590,12.43,8,2,entertainment,2.3,0.12557239539035936,4,0,0
1392,59.7,7,2,entertainment,2.2,0.6828880206494667,4,0,0
3407,55.76,17,5,retail,4.2,0.594196003303811,3,0,0
1889,1.87,8,3,retail,3.5,11.328454982370012,1,0,0
2636,93.98,18,0,transport,2.2,1.0617958460769594,2,0,0
3863,125.46,18,4,retail,6.4,7.137598939870954,2,0,0
6846,59.79,9,5,food,3.2,5.967295145943295,3,0,0
6406,219.9,12,1,transport,3.9,0.3807362995678521,2,0,0
4917,136.26,12,2,entertainment,4.6,1.179985704374534,3,0,0
7206,97.0,20,0,entertainment,3.4,6.798399242196084,1,0,0
5333,11.36,22,5,retail,9.8,5.244143696801393,3,0,0
4455,185.59,10,6,transport,7.9,0.9107921333438095,1,0,0
3519,411.98,16,2,bills,15.6,0.057349666635512685,1,0,0
3202,105.57,22,3,retail,4.4,1.4338772073915442,2,0,0
6121,103.15,12,1,transport,0.5,3.3722013396964083,2,0,0
1391,11.69,21,5,transport,1.7,6.70674268204964,4,0,0
9505,307.31,19,0,retail,8.3,1.945372340550947,2,0,0
380,50.66,20,6,retail,1.1,0.7177807386364853,2,0,0
1803,11.85,15,4,retail,6.3,1.30835195392046,1,0,0
5972,31.82,7,1,bills,0.6,0.9016058750930117,3,0,0
3591,135.22,14,1,retail,4.0,0.6702001878061296,1,0,0
5854,33.97,17,1,bills,2.4,2.192967001627165,2,0,0
7688,141.27,13,0,retail,1.9,0.5049693219563927,3,0,0
4252,33.04,12,6,entertainment,4.7,1.605687462943293,4,1,0
7771,240.51,21,6,entertainment,13.4,3.0806858748775197,3,0,0
5729,259.93,7,2,entertainment,11.8,1.6534655113287324,1,0,0
5670,124.89,11,3,retail,2.8,1.21253314262204,3,0,0
9811,28.47,7,6,food,1001.5,15.418771259692722,6,0,1
298,12.43,9,3,food,6.9,1.5883341495402283,1,0,0
2525,18.03,22,1,retail,8.3,4.797900019396369,2,0,0
9014,144.29,4,6,food,3.5,2.2568043661814325,2,0,0
9788,10.58,9,4,transport,6.6,0.24481310264442335,6,0,0
6969,25.19,19,6,food,1.7,13.28804250486606,1,0,0
3132,4.33,21,5,transport,0.4,2.448612623204008,3,0,0
9702,125.61,21,0,food,2.1,1.6776824391475589,4,0,0
4872,245.01,16,1,food,5.7,2.8696838025732827,1,0,0
2231,152.73,10,0,entertainment,2.2,6.615026944850417,1,0,0
56,49.95,16,0,transport,4.0,0.10073648250505031,5,0,0
7417,8.0,2,2,bills,0.5,3.7857609204027467,1,0,0
6649,15.08,4,5,retail,2.5,2.021415134353643,3,0,0
4074,255.69,18,0,transport,1.7,6.001704910524456,1,0,0
6455,8.68,13,3,transport,3.9,3.367034734882167,1,0,0
6014,130.85,13,5,transport,0.8,1.9670874742602078,0,0,0
8723,7.95,13,2,food,6.9,2.9217925914726566,1,0,0
2001,25.65,6,1,food,0.6,2.523662962702107,2,0,0
9026,11.1,12,3,food,0.8,15.038784759545436,5,0,0
4052,29.76,12,3,bills,1.9,4.381679902308724,1,0,0
8868,186.8,6,5,bills,1.9,0.2845779950995516,3,0,0
9979,427.34,6,2,retail,1680.1,20.962205584237505,8,1,1
833,67.41,12,3,transport,3.8,2.8128207891390726,0,0,0
4006,167.59,18,5,retail,1.4,0.8042293870102102,1,1,0
3249,326.99,17,5,retail,4.0,1.2401208554789884,4,0,0
9031,154.94,20,4,food,1.9,0.9537394709093059,2,0,0
2132,45.03,19,1,food,3.1,4.870778221867344,4,0,0
8262,250.83,8,0,transport,2.9,3.334044260449939,2,0,0
1675,7.17,6,4,entertainment,5.3,1.3440739842599307,2,0,0
7561,85.84,19,5,entertainment,0.5,1.1821549916561118,5,0,0
6859,19.36,9,3,bills,0.3,4.907772947201187,0,0,0
9393,14.44,22,0,entertainment,1.7,0.9487939166092998,2,0,0
452,43.9,13,6,food,7.3,0.27427432829443593,1,1,0
1876,21.6,6,4,transport,3.5,0.5429743185686009,1,1,0
8181,124.83,9,3,bills,5.2,0.9059291771641649,2,0,0
5751,25.12,17,5,food,2.9,0.7820323908027738,2,0,0
8196,66.25,18,3,food,6.8,8.371849182689784,0,0,0
8094,41.5,13,3,entertainment,12.6,5.362915029508083,3,0,0
5479,51.28,10,2,food,7.2,0.3600492273313822,1,0,0
3119,55.42,19,5,entertainment,3.8,0.8118319769935964,2,0,0
5327,94.29,8,2,bills,4.3,5.334618096055904,1,0,0
5843,16.8,20,6,retail,2.1,1.1748217555038,1,0,0
6793,158.49,13,0,entertainment,1.6,6.5721125844962405,2,0,0
7946,3.69,23,2,transport,11.5,4.641944988579874,3,0,0
250,32.99,21,6,retail,4.2,19.05393155398068,1,0,0
4156,105.72,11,4,entertainment,4.6,0.3516543590625419,0,0,0
8475,7.75,12,6,transport,2.8,2.5815950114292865,2,0,0
1217,107.27,11,1,entertainment,0.9,2.5874411168741798,3,0,0
1225,20.05,20,5,retail,1.1,3.733655979279483,1,0,0
1933,80.35,16,6,transport,4.7,8.140721055584809,1,0,0
4058,58.65,12,0,bills,2.0,4.693263647006071,2,0,0
1424,188.71,15,2,transport,7.6,8.091977669859961,3,0,0
5849,43.11,0,6,food,3.6,1.262138833238398,2,0,0
9581,3.21,13,4,transport,1.0,2.1415566470778526,2,0,0
4723,8.17,12,3,retail,4.5,0.5246993449568672,1,0,0
6084,503.67,6,1,transport,4.1,2.438323189587591,2,0,0
3617,62.34,9,3,transport,3.1,2.0346818225858097,2,0,0
1401,19.06,16,3,food,0.6,5.4770609939648285,3,0,0
4653,235.31,8,2,transport,3.1,5.038204040108797,1,0,0
2468,21.95,14,2,bills,5.7,5.3044081094099145,1,0,0
2380,7.4,19,3,retail,2.4,1.6976990989327534,3,0,0
4349,192.02,19,0,entertainment,9.8,2.0191645282567245,2,0,0
859,1.89,11,1,entertainment,0.4,1.514367307307015,3,0,0
5503,26.65,6,1,transport,4.8,0.2506759825632625,0,0,0
1347,2.09,13,3,food,2.4,0.379911147634617,0,0,0
3263,5.59,18,1,retail,6.9,1.8618632659928736,4,0,0
9559,19.66,16,4,bills,2.9,19.578580948995132,3,0,0
4235,2.39,20,2,transport,1.5,2.4888326596227976,1,0,0
9132,9.95,18,2,bills,2.2,2.032939964278572,2,0,0
3983,604.17,14,6,transport,9.0,0.03845461116141139,1,0,0
2792,26.49,12,0,retail,19.8,0.5843988427138719,1,0,0
5832,78.08,18,2,food,0.6,3.4505026209854863,4,0,0
1044,272.64,10,6,transport,2.6,4.3777332088575385,3,0,0
5442,671.99,21,3,bills,0.6,8.483201665212889,1,0,0
5995,23.0,18,4,bills,0.0,0.4105440602909063,1,0,0
1991,24.99,7,4,bills,3.4,0.14608448967636123,2,0,0
9502,87.18,16,2,bills,1.9,2.966855455114924,0,0,0
6999,17.69,10,5,food,0.6,1.2576483788108082,2,0,0
6346,98.46,16,6,retail,5.3,2.561689257952489,0,0,0
3292,25.37,20,2,retail,2.5,0.46745269859075456,2,0,0
524,39.5,17,6,retail,5.9,2.197098244859183,3,0,0
9711,881.15,21,1,bills,2.9,0.12813179978930558,3,0,0
9886,481.3,0,0,retail,519.4,14.76666919717668,15,0,1
2714,123.92,2,0,retail,0.5,2.870741275931959,4,0,0
418,47.8,23,4,transport,4.8,0.07878116154225406,1,0,0
6167,290.95,6,6,entertainment,0.1,0.7696020382527871,1,0,0
3854,206.73,8,5,entertainment,4.7,0.5066576050338022,4,0,0
1896,85.05,14,3,bills,5.0,3.1727251127703786,2,0,0
2811,920.54,9,0,entertainment,1.5,4.552147169023548,1,0,0
7232,14.84,18,4,entertainment,22.1,7.5722044164907425,2,0,0
3150,12.82,21,6,food,8.7,0.9403272857266745,1,0,0
7538,10.78,23,2,transport,0.2,1.3078985966975798,0,0,0
400,50.12,12,5,food,7.0,1.0394472847613172,0,0,0
7001,131.5,11,3,retail,1.1,1.635823621798507,2,0,0
8216,396.31,11,1,entertainment,4.3,1.9796175039416424,3,0,0
8187,14.63,12,5,retail,14.0,1.5569417128286585,1,0,0
6059,12.31,19,4,food,0.6,1.2316435107312547,2,0,0
5284,20.84,20,4,bills,7.6,5.181973441402411,4,0,0
241,9.69,21,4,entertainment,2.3,1.296203137342848,4,0,0
8664,10.26,22,3,retail,0.3,7.857344139330568,2,0,0
8517,27.3,19,1,entertainment,0.5,2.167293316716958,7,0,0
1666,8.46,20,0,retail,1.1,2.7460490129986073,1,1,0
4269,21.71,9,5,bills,0.9,1.9538406662113743,1,0,0
8976,43.8,17,2,food,0.9,0.8205780208553055,4,0,0
3229,209.97,23,0,bills,2.7,4.70681545088286,1,0,0
5271,62.81,6,6,bills,7.2,6.669459023268894,1,0,0
7163,37.1,14,2,bills,3.2,0.7191284570223453,1,1,0
6375,145.58,18,3,retail,1.5,4.735122465103995,3,0,0
9721,175.35,11,2,transport,2.8,0.27323716071596205,1,1,0
3172,498.36,13,3,entertainment,0.6,0.19897834522874452,0,0,0
964,1373.12,13,6,entertainment,3.1,0.046191829913455676,4,0,0
1229,71.75,9,4,entertainment,5.7,0.9850598596031002,0,0,0
8366,17.82,13,3,retail,0.4,0.9711765516646127,3,0,0
2423,37.9,19,5,transport,14.2,1.2035979461038735,2,0,0
4678,14.88,18,0,entertainment,11.1,7.850569900245426,1,0,0
4618,1403.55,14,1,retail,4.5,1.3457519088047862,2,1,0
9594,2.36,15,3,food,7.6,10.848360225917336,4,0,0
325,9.42,9,0,transport,19.6,0.5221710536432252,2,0,0
9704,145.78,21,4,transport,5.1,1.7074838270361261,3,0,0
2818,108.56,19,3,entertainment,30.0,6.137751160004629,1,0,0
7948,20.09,13,1,bills,10.9,1.9013122384485184,3,0,0
6681,222.72,21,0,bills,0.3,3.470003069041746,1,0,0
2019,241.44,19,5,retail,6.6,3.28867570179381,3,1,0
4769,268.4,13,2,bills,0.2,0.3168550423244871,2,0,0
9284,36.62,13,5,retail,12.6,1.2417175733192818,2,0,0
3953,71.9,18,4,bills,4.1,6.023095598985048,2,0,0
966,31.76,19,1,food,8.1,1.8459477074033004,2,0,0
2126,46.33,16,3,food,2.5,1.05486658263667,5,0,0
1143,57.52,10,4,food,8.3,0.7465779689576679,1,0,0
979,7.05,9,5,entertainment,2.8,3.962726741027754,1,0,0
4084,13.59,4,0,retail,4.4,0.718490764567471,2,0,0
2266,41.69,15,3,entertainment,1.7,1.8377719631496687,1,0,0
2011,626.79,12,3,retail,5.8,0.9570019626108015,2,0,0
2438,60.35,22,1,bills,3.7,1.507951034996773,6,0,0
6952,297.19,16,0,bills,7.4,1.336466671266915,2,0,0
9844,1921.19,3,5,bills,222.9,2.500018824329196,14,0,1
104,29.17,7,5,transport,5.2,3.223453541090896,3,1,0
5847,340.87,8,5,entertainment,5.7,1.1551973958015314,6,0,0
8076,83.63,14,3,food,5.0,0.6000874956641895,4,0,0
6833,122.66,14,2,food,1.3,2.0428945762959256,1,0,0
9683,26.89,19,0,transport,3.2,7.512471418232138,3,0,0
255,185.86,20,3,transport,1.2,0.1183092828983292,2,0,0
8698,87.12,18,5,food,0.7,2.259544130646355,1,0,0
5161,419.01,16,0,transport,4.8,1.092539938824714,2,0,0
1218,2445.11,13,2,retail,6.4,0.0846961769296667,1,0,0
4773,18.35,14,2,bills,0.9,6.1647172160544725,0,0,0
3732,48.98,18,6,food,18.2,2.0585363480736647,1,0,0
2476,131.57,10,0,retail,17.8,2.4275054757632395,4,0,0
9268,94.05,23,0,entertainment,0.5,7.648117030399282,2,0,0
4345,45.95,13,3,transport,0.7,0.9863935016503564,2,1,0
1084,513.76,17,0,bills,1.5,3.5618978431305814,0,1,0
2454,11.64,7,5,food,4.8,1.2670704023347148,3,0,0
6288,8.63,10,5,food,0.2,9.33249969473783,2,0,0
7525,42.29,18,2,food,6.9,0.848326693483985,2,0,0
1093,1343.21,20,5,entertainment,0.5,1.116921669011224,2,0,0
3955,98.68,13,1,retail,3.8,5.011836994376857,1,0,0
3020,135.74,9,0,bills,3.3,2.563669400149368,2,0,0
2962,46.53,18,4,entertainment,20.3,0.11747633921152612,4,0,0
4043,4.48,19,0,retail,0.6,0.4940899321202592,1,0,0
1601,13.71,11,5,transport,3.3,1.9723991823664728,3,0,0
9705,4.19,11,5,transport,2.8,6.727396634916472,2,0,0
5932,16.71,18,2,bills,4.2,7.823296943590749,1,0,0
2360,8.69,16,3,bills,0.1,0.23316086651672807,2,0,0
6932,7.29,6,4,transport,2.2,2.1366021112555074,2,0,0
4011,41.18,22,5,retail,0.9,2.4600805022481125,1,0,0
3272,102.52,6,1,transport,1.3,2.199501706565,1,0,0
9732,0.99,20,4,retail,0.7,2.3631245077219214,1,0,0
6126,52.49,14,2,bills,1.0,8.81376802828482,0,0,0
3865,65.33,17,5,transport,4.6,0.7226075411259506,3,0,0
8413,30.8,2,6,food,7.7,1.3657931969890749,1,0,0
4569,40.8,18,6,retail,5.3,7.814364210906577,2,0,0
1260,13.21,14,0,retail,3.4,1.1400785105611297,2,0,0
9640,151.99,20,1,food,18.2,2.13673800887933,0,0,0
9177,24.65,18,2,retail,11.8,0.37455808382517536,3,0,0
6537,2.05,23,3,retail,7.8,6.64175329957245,2,0,0
4220,88.76,7,5,entertainment,20.1,7.099289925604406,3,0,0
5404,237.24,21,3,bills,6.9,1.8463822082754475,1,1,0
3145,571.68,13,3,food,1.1,3.5447178586302606,1,0,0
7707,532.26,14,6,food,7.2,3.456878189513393,3,0,0
4776,2.95,12,2,entertainment,6.3,5.254364945606405,0,0,0
1352,102.69,7,5,retail,10.4,0.07246586471950223,2,0,0
7659,547.63,11,6,transport,2.3,0.9282196694619166,2,0,0
5678,775.6,9,3,bills,7.4,6.570824929512197,3,0,0
6153,443.66,2,4,retail,1.0,1.8275389909866342,1,0,0
7568,3168.83,13,5,transport,6.5,3.0233870924624817,4,0,0
98,5.83,17,6,transport,8.1,9.025586790271394,2,0,0
5102,36.67,12,2,retail,11.0,2.5118043270113124,1,0,0
7759,46.31,20,3,transport,9.0,3.5387498998650564,2,0,0
7610,48.5,16,1,entertainment,5.0,6.169276922673857,5,0,0
6564,36.38,12,2,entertainment,0.4,1.0522437623269472,3,0,0
6247,302.78,7,6,retail,0.1,1.2434839941636984,1,0,0
924,20.16,15,5,transport,0.4,0.02827580859688191,2,0,0
2777,3.24,16,0,bills,0.7,1.8853382376562542,1,0,0
3858,74.29,9,3,bills,3.8,3.4887829111675717,0,0,0
2440,49.51,9,3,bills,1.1,5.1283942518901435,5,0,0
6312,7.35,22,6,food,3.3,1.3278801299058065,0,0,0
3030,105.46,10,4,entertainment,11.2,0.5385158444575595,3,0,0
5774,68.01,12,4,retail,9.7,2.1481890339835616,2,0,0
9376,52.8,8,3,bills,1.6,1.0404319318853048,0,0,0
845,9.14,2,0,retail,3.1,0.7451157442509319,1,0,0
2197,2.56,19,3,transport,1.4,0.521196767600475,1,0,0
1219,20.79,13,1,food,2.5,2.5610508054164685,1,0,0
6540,13.27,6,6,entertainment,6.1,3.058432622406685,1,0,0
9147,558.93,22,6,entertainment,2.0,0.1857055306924425,1,0,0
8480,29.46,11,2,food,2.2,2.3117574636866998,2,0,0
1750,32.52,10,1,retail,1.1,3.5376999539485565,1,0,0
9412,68.75,18,0,bills,3.9,1.0712526090288201,0,0,0
2069,488.51,8,3,transport,6.9,8.504830235337423,3,0,0
3774,234.1,22,4,transport,6.3,0.04344425022117179,1,0,0
2175,206.9,19,1,retail,3.2,6.980650748483196,3,0,0
6860,140.6,10,4,bills,2.3,1.5767910602833477,2,0,0
3317,45.69,14,0,entertainment,3.2,3.005587377449891,2,1,0
7027,7.23,16,3,food,14.7,0.5619126254647729,1,0,0
1383,63.14,23,1,bills,4.5,8.29703660506153,1,0,0
7387,605.22,23,2,transport,1.7,2.9524974271959237,2,0,0
9299,8.12,19,2,bills,0.5,14.758260337036864,4,0,0
1452,48.1,13,3,food,1.0,1.0761419246717712,2,0,0
1861,100.09,12,0,bills,4.0,6.515540280061264,3,0,0
5925,2096.56,22,3,bills,1.6,0.6113519894555023,1,0,0
2158,211.7,20,1,transport,0.6,0.22741460050942613,2,1,0
4080,4.04,13,5,food,3.1,2.79132255858522,2,0,0
9599,84.38,9,6,transport,3.0,1.5938696936876673,0,0,0
7739,75.87,10,3,bills,2.9,0.26465099771849987,4,0,0
1784,549.66,23,4,food,1.9,1.9581752540112434,0,0,0
8423,21.74,18,1,food,4.9,0.5501649029981689,0,0,0
4429,66.02,9,3,bills,3.8,3.3544367781729303,1,0,0
5250,17.8,8,1,transport,9.7,0.7927363219637187,3,0,0
5783,19.45,3,4,food,1.1,1.9825609618628324,0,0,0
4711,8.86,13,6,entertainment,4.1,0.6136999580305094,0,0,0
6973,1064.93,16,0,entertainment,0.8,2.501725882605996,0,0,0
2500,26.17,22,0,bills,0.1,1.8317771095757762,1,0,0
6449,12.56,11,0,retail,6.4,0.020199915840997514,5,0,0
2505,33.59,16,6,transport,1.2,2.9242674193477827,3,0,0
4,167.96,8,0,food,0.6,1.8691980480080659,3,0,0
6596,38.58,2,0,bills,2.5,0.011819909009866379,3,0,0
9079,2.9,16,2,retail,2.9,9.595189402445193,3,0,0
4221,170.46,12,3,entertainment,0.5,0.9703798092349907,0,0,0
2699,14.53,21,0,food,10.0,4.599997541006518,3,0,0
1499,23.23,11,2,retail,4.9,1.3025754204218025,4,0,0
8886,37.07,23,3,entertainment,7.7,6.833163391757493,2,0,0
4641,47.22,8,5,bills,0.2,3.1906748689720414,4,0,0
8983,22.94,6,4,transport,0.0,3.8131952482113265,4,0,0
8694,252.47,0,3,entertainment,4.5,7.175193988329713,3,0,0
3575,121.76,8,3,retail,8.6,4.9944409462676855,2,0,0
6173,20.03,15,6,transport,4.7,2.564543343049636,1,0,0
4672,394.46,22,6,transport,2.3,1.5097819405083808,5,0,0
5873,296.18,22,6,retail,3.2,1.7497552143059907,1,0,0
8374,7.72,10,1,food,1.5,1.7161663179085154,1,0,0
6331,237.21,9,1,retail,20.0,1.4744162720380554,0,0,0
2021,5.77,8,5,bills,0.8,0.49944354210200426,3,0,0
2663,553.5,19,3,bills,5.1,0.33853687196766374,1,0,0
3083,85.64,21,0,transport,0.3,3.4461033860933963,3,0,0
9514,193.77,18,6,retail,1.2,1.850414596130907,0,0,0
1960,25.08,4,3,transport,4.1,1.9686041007597601,3,0,0
4943,7.47,11,2,entertainment,1.0,1.3205566718653912,1,0,0
4201,478.1,19,5,retail,14.7,5.244271366161254,3,0,0
2719,361.12,18,1,entertainment,1.7,0.28587991164232784,3,0,0
9199,56.24,21,6,transport,11.1,2.422693166765084,0,0,0
1882,7.53,10,2,retail,0.4,0.3415652569534391,1,1,0
7401,36.67,15,5,bills,3.9,5.29737063544627,2,0,0
7344,17.93,9,3,entertainment,0.8,6.917822740325067,1,0,0
7413,237.73,20,0,transport,8.3,1.028465441928454,0,0,0
8218,11.66,21,0,entertainment,1.9,2.566986764753211,4,0,0
5078,322.4,21,4,bills,9.9,1.8116872914668711,2,0,0
3463,273.85,15,1,transport,1.3,0.4788035069658416,2,0,0
8564,58.15,19,1,transport,0.4,0.7373743887638731,0,0,0
8929,3.14,8,2,transport,2.2,3.7927751177751174,6,0,0
5920,12.57,9,1,retail,1.7,4.342705521893381,5,0,0
6625,936.02,23,0,retail,3.8,0.5715753863401982,1,0,0
8686,315.22,12,6,entertainment,2.3,0.06856693871710082,2,0,0
4125,114.89,9,3,transport,0.1,2.7445569242940073,1,0,0
6092,40.46,14,2,food,3.2,0.8136475852725122,3,0,0
7047,5.29,19,0,retail,0.5,2.212118439552569,2,0,0
2418,261.89,10,0,entertainment,2.9,5.9697688257810215,1,0,0
3654,7.58,20,5,entertainment,5.3,0.7368401941868072,5,0,0
5862,197.0,17,1,bills,1.6,0.0971945166520187,1,0,0
5223,13.86,5,6,food,5.9,0.2379223428316555,2,0,0
1886,38.03,13,2,food,1.9,0.1939149133552911,1,0,0
6337,3.2,14,1,transport,9.0,6.765220721766447,5,0,0
458,21.01,16,5,bills,4.2,2.1187935786838366,4,0,0
6602,61.33,9,3,transport,2.6,6.88522745529488,0,0,0
9487,44.18,18,3,transport,10.8,0.6560560398072859,2,0,0
7131,6.52,7,1,entertainment,5.4,3.1458244703378213,2,1,0
9200,5121.88,0,4,bills,8.2,7.894428537914966,2,0,0
4436,342.91,17,6,food,24.2,9.07414026330473,3,0,0
7945,185.61,14,0,transport,2.1,2.1277849562919045,0,0,0
1395,156.44,11,0,bills,2.0,0.3243982608402155,2,0,0
1169,36.74,18,2,bills,0.7,5.939972858710208,2,0,0
9690,76.11,8,1,transport,22.3,7.893703923142098,5,0,0
9241,50.92,16,2,retail,1.9,3.0620602227298215,2,0,0
3488,23.74,11,3,entertainment,10.2,0.10292534933187333,0,1,0
3334,230.56,9,2,entertainment,5.0,2.747966296660472,1,0,0
8574,46.4,8,5,retail,7.3,5.931754514659055,2,0,0
3401,23.22,3,4,transport,10.7,3.018604860479428,1,0,0
8340,4.03,14,1,retail,7.6,0.6700839352305332,1,0,0
998,74.34,8,1,entertainment,10.4,4.414695564777476,1,0,0
1245,162.63,21,1,bills,1.9,1.3559277007161517,3,0,0
2970,33.97,8,2,food,2.0,1.1756169821612414,4,0,0
1086,61.92,12,6,transport,6.4,0.5289183059689287,1,0,0
9870,16.77,4,6,transport,1667.1,42.72812579166507,9,1,1
5669,700.52,20,2,bills,2.9,1.2784105765049083,3,0,0
9730,19.12,7,6,transport,5.2,4.49734822893009,2,1,0
4456,41.3,18,6,bills,2.6,3.412796493037241,3,0,0
9990,3504.91,2,5,transport,393.1,17.629624411418444,8,0,1
9907,57.88,3,1,bills,163.4,9.758707752855079,13,0,1
3577,17.28,15,1,retail,1.6,5.082177759852921,2,0,0
3043,17.38,15,2,transport,9.1,0.17520826391507655,4,0,0
6827,18.77,12,6,food,10.6,6.134558417028549,2,0,0
1903,42.02,15,4,transport,1.9,6.861680416214928,1,0,0
6987,1.54,17,1,bills,11.2,8.05310803031966,3,0,0
811,12.24,22,2,retail,17.2,1.9429483921573132,3,0,0
3789,187.86,15,0,bills,1.8,0.929561887948068,2,0,0
5762,204.44,23,3,bills,1.5,0.6745771758066947,4,0,0
3600,23.18,18,4,retail,11.1,6.799229902682066,0,0,0
4763,31.17,14,2,bills,13.8,0.6112691420813885,2,0,0
6091,2.63,14,5,bills,7.1,0.5051957144972865,0,0,0
4778,56.64,13,2,food,8.5,2.353413778392472,4,0,0
6238,91.15,11,3,entertainment,3.6,9.264111143706128,1,0,0
9175,571.34,23,5,food,2.3,0.3492696882288062,2,0,0
143,18.72,19,2,food,1.0,12.63977960805239,4,0,0
4670,240.99,6,3,food,0.7,1.8347730608087662,3,0,0
5579,20.11,10,1,food,5.4,1.8022561858264128,3,0,0
1525,135.2,9,2,retail,0.4,0.2605022217995334,2,0,0
8058,1.1,10,6,retail,4.0,0.9857624826770215,0,0,0
4789,23.73,17,2,bills,5.8,0.8637328207677988,3,0,0
4597,15.52,16,5,entertainment,3.1,1.4681257552761369,2,0,0
5082,458.31,10,3,bills,4.8,11.02338383949862,4,0,0
5235,114.12,22,6,entertainment,5.0,2.457946574847373,2,0,0
3563,16.54,22,0,transport,1.3,0.7510826604889133,3,0,0
5002,59.46,6,6,transport,3.8,0.7164252176446897,2,0,0
5646,108.12,20,2,retail,9.2,1.9066725474079642,3,0,0
6364,69.67,10,1,entertainment,0.6,0.3674623224776701,4,0,0
2034,1.7,17,4,food,19.1,1.7724658116163727,2,0,0
3839,87.46,2,0,food,17.1,1.81115192326868,2,0,0
5770,25.21,11,0,entertainment,13.1,0.10213694685626712,0,0,0
4106,69.92,13,6,retail,14.2,10.025603842857524,3,0,0
9424,8.22,20,3,retail,8.6,0.25565858961128257,1,0,0
7241,115.81,0,0,food,8.3,4.839381724286771,2,0,0
9762,64.55,21,1,bills,4.3,4.424716910357899,1,0,0
5004,29.43,19,6,food,6.1,7.916294622151494,5,0,0
6370,359.57,15,2,food,4.9,0.17933798219694053,1,0,0
9896,1359.93,20,6,retail,82.0,19.86088505912246,10,1,1
5530,8.88,14,1,retail,8.5,0.579715246482497,1,0,0
7617,154.39,11,4,entertainment,11.5,3.5564825588351456,2,0,0
9809,1392.56,2,2,entertainment,145.7,4.785765868869255,9,0,1
7615,125.18,18,1,food,0.2,6.599033255576414,2,0,0
646,98.8,23,0,bills,0.1,4.272565166445618,4,0,0
7125,56.53,7,5,food,0.9,1.9964990461776737,4,0,0
9492,16.17,19,1,transport,1.7,2.6098953291044262,2,0,0
8504,9.08,16,0,food,9.2,1.5609993337859764,2,0,0
2611,23.19,13,2,entertainment,2.9,5.675412179299937,1,0,0
4262,66.41,18,1,food,0.1,3.0536996110665413,2,0,0
1719,41.34,13,5,retail,2.9,4.260571935597005,2,0,0
1176,450.0,13,4,bills,6.9,2.603391514342983,1,0,0
3558,117.54,10,6,retail,1.7,8.91508258180501,3,0,0
3101,1425.45,13,3,entertainment,1.0,2.5184637850587848,2,0,0
5689,51.64,22,5,entertainment,2.4,9.276433165832232,1,0,0
147,12.62,12,5,retail,3.4,1.504264361529179,2,0,0
2956,46.67,12,1,transport,5.1,0.40598081491848104,3,0,0
9701,374.29,13,4,retail,0.1,9.412314817675853,1,0,0
5336,73.37,10,3,entertainment,0.8,2.3554101668922276,2,1,0
5860,18.36,15,6,entertainment,2.8,2.3635001645108917,1,0,0
2977,17.17,16,0,bills,4.1,3.2688797735291466,2,0,0
161,66.78,15,4,transport,1.9,3.270754213486642,2,0,0
2081,81.55,19,5,retail,4.1,5.86233188690995,2,0,0
741,4.67,13,1,entertainment,0.0,1.387754780239451,2,0,0
7433,192.84,20,3,retail,0.0,0.6810287128919702,6,0,0
5012,14.05,17,0,bills,0.1,0.10741744456590371,0,0,0
9639,263.64,16,4,transport,20.2,1.5223506138545586,2,0,0
9052,6.21,16,0,transport,4.6,5.457466776828699,2,0,0
1132,8.0,13,3,bills,11.5,14.432837996000092,1,0,0
7286,27.58,10,5,food,14.7,3.0443577676837705,2,0,0
4186,245.63,14,6,retail,1.5,0.527053241669457,1,0,0
4750,57.93,10,6,transport,0.5,6.208247933661757,2,0,0
2399,93.88,9,0,food,0.0,0.8476443444977673,1,0,0
722,19.21,0,6,transport,3.9,4.04699672011702,2,0,0
946,252.7,10,6,transport,1.1,3.130649124263348,2,0,0
2659,69.91,12,1,retail,4.9,5.378127915697894,0,1,0
5482,53.8,15,6,bills,2.1,1.0928634017613374,2,0,0
8913,67.66,7,0,bills,5.1,19.361420146193474,0,0,0
4819,1.06,8,0,entertainment,0.1,5.644556643038738,1,0,0
2966,13.78,18,5,entertainment,10.8,2.725923463598283,2,0,0
5824,293.04,22,1,bills,5.3,1.1427285741865683,3,1,0
1707,9.74,15,2,entertainment,0.5,0.09972642999449974,2,0,0
2268,12.27,5,0,transport,9.8,1.1640947702237505,3,0,0
8853,198.43,14,1,transport,0.8,0.2058490191588147,0,0,0
246,11.42,8,2,food,6.2,5.2644915752759776,2,0,0
985,102.61,23,1,food,0.9,3.7725868065472072,1,0,0
3593,239.14,16,6,food,7.3,0.9203541653370098,0,0,0
2165,7.81,22,1,bills,0.3,6.534662201528285,3,0,0
5846,45.92,23,5,transport,2.0,0.13323958317398552,1,0,0
853,29.59,16,0,bills,6.9,0.8643997316635057,4,0,0
6469,690.16,11,2,retail,0.6,3.2985670436009658,4,0,0
6001,8.46,19,6,retail,10.1,0.9227439695658524,2,0,0
1760,14.12,18,3,bills,5.2,3.688644401449753,4,1,0
5735,392.0,11,2,transport,0.5,9.970325203620025,3,0,0
820,30.39,12,1,bills,5.2,4.62370264249744,3,0,0
2755,47.04,19,3,entertainment,9.3,2.8518123106286737,2,0,0
3723,4.34,20,4,food,5.4,0.8832880040978994,1,0,0
1250,166.59,15,4,retail,0.2,6.682458530107206,3,0,0
5573,12.46,7,3,bills,27.2,6.988450232254465,3,0,0
6383,81.0,8,5,food,1.0,4.045507832884278,1,0,0
7710,84.95,7,2,entertainment,1.6,11.8103973544414,1,0,0
8865,12.01,12,4,entertainment,11.2,0.5419359358677441,3,0,0
5206,62.34,18,0,transport,2.3,2.7069043260270984,3,0,0
9102,40.72,13,1,retail,11.6,4.267168910984694,1,0,0
926,75.08,23,4,bills,3.0,0.46253010585881277,2,0,0
5408,20.02,14,6,food,0.4,1.9502931703436968,3,0,0
4365,116.76,20,6,transport,9.0,0.8253152091859667,3,0,0
4813,6.67,16,0,bills,3.4,0.06687364481765293,5,0,0
4927,113.32,18,4,entertainment,0.3,2.7027853034832474,3,0,0
9417,25.33,11,4,entertainment,8.2,11.174336121774603,3,0,0
7950,43.99,19,3,entertainment,1.1,4.908258891067778,3,0,0
8183,73.78,16,5,entertainment,2.8,4.619552119746676,0,0,0
3312,4.89,22,4,retail,3.2,4.235947568629605,2,0,0
9772,327.86,16,1,entertainment,1.3,4.012933456370474,1,0,0
5674,66.15,12,2,food,26.7,3.360698537772363,0,0,0
6360,291.04,15,0,retail,7.1,0.41418179949128636,4,0,0
4319,152.08,20,6,entertainment,0.3,10.132489239425093,1,0,0
3301,26.75,23,3,food,5.4,2.606268647568486,0,0,0
4029,40.14,11,4,retail,4.5,1.2922538848714966,1,0,0
5945,275.15,16,3,food,5.4,1.1998011736406273,5,0,0
6259,48.8,16,0,food,4.6,1.0276445533717324,0,0,0
6304,20.65,11,4,bills,0.1,0.42944608151948327,2,0,0
1585,31.02,15,1,retail,0.9,5.312757850983661,2,0,0
745,257.41,18,4,entertainment,0.5,0.5605235149680113,3,0,0
7987,2.35,18,0,food,2.3,6.172702336882956,0,1,0
1148,44.02,21,5,food,8.0,1.177438892001961,1,0,0
3139,19.06,9,2,entertainment,12.1,4.222040226228236,0,0,0
2765,50.55,9,5,entertainment,1.3,12.344053526665395,1,0,0
528,330.49,21,3,transport,4.6,4.723588470913465,3,1,0
6534,1142.87,8,2,transport,2.4,5.046473957547533,0,0,0
2730,35.93,8,3,entertainment,12.5,4.931371961057758,0,0,0
2129,28.08,19,1,bills,4.3,1.7842992453402968,2,0,0
5226,291.17,9,4,bills,16.5,5.710881666260103,4,0,0
9213,31.09,9,3,bills,4.1,0.24659007937854432,3,0,0
4211,473.25,9,0,bills,18.7,9.794779176311247,3,0,0
5826,56.22,22,5,transport,4.0,0.47460943687959234,4,0,0
6704,17.7,15,5,transport,11.1,3.1215639081299784,2,0,0
2607,233.34,4,1,food,7.7,4.6096378820436215,2,0,0
4266,8.06,11,4,bills,1.7,0.5637268347034017,2,0,0
209,25.13,6,6,retail,9.5,0.0854224451027162,3,0,0
8768,287.58,5,4,entertainment,12.6,5.353383658159621,0,0,0
3103,8108.33,20,4,retail,8.6,5.628281128805646,5,1,0
1226,72.09,19,0,bills,1.8,0.17227539296400413,2,0,0
6055,203.37,19,0,food,10.3,12.35315427045282,2,0,0
3765,6.45,12,1,retail,13.3,2.7153200346321977,1,0,0
463,97.07,17,4,bills,3.6,2.448988783683367,0,1,0
7182,162.22,10,5,food,6.8,8.04131744641441,1,0,0
2410,76.2,1,1,retail,0.5,0.6970530135366956,3,0,0
2182,42.58,18,2,food,13.1,5.197962110374469,2,0,0
7118,979.51,22,0,retail,2.2,1.3156797161418967,2,0,0
9114,123.47,21,1,bills,1.3,9.564239298925198,2,0,0
658,26.51,18,0,transport,14.4,1.0275779430366816,1,1,0
2749,113.78,1,0,entertainment,4.3,4.65308121769275,1,0,0
9113,370.26,18,5,transport,9.4,1.9367527951446455,2,0,0
7096,20.02,13,3,bills,4.5,0.27479388935379195,4,0,0
6326,16.1,10,3,transport,7.3,0.6503595270733833,3,0,0
8610,35.5,21,5,retail,2.5,0.919071304045662,2,0,0
8679,72.63,12,1,transport,9.9,3.6306442322321573,2,0,0
334,13.58,14,3,bills,0.2,5.43780276379182,2,0,0
1878,92.4,18,2,retail,2.9,1.4869466064641816,2,0,0
4739,24.59,22,0,bills,6.3,0.531352613499105,1,0,0
841,296.69,18,4,entertainment,1.9,0.19901298351666924,3,0,0
5955,84.53,12,0,transport,11.0,4.225860136317611,2,0,0
2810,413.38,15,1,bills,0.4,0.6185247655983717,2,0,0
9339,65.47,10,4,retail,4.7,4.013181664472731,1,0,0
8693,58.64,5,6,food,5.5,3.1393017757859525,4,0,0
9513,8.58,21,0,transport,0.1,1.1132243451256443,1,0,0
8253,18.88,20,2,bills,20.3,0.2009688186757563,2,0,0
9682,798.49,20,4,retail,4.3,3.5444355268407524,2,0,0
279,107.16,12,3,transport,3.4,3.3519688523146893,1,0,0
2282,57.44,14,2,entertainment,16.4,0.010617022426813795,2,0,0
7978,43.66,9,1,entertainment,6.3,0.9631318518333476,2,0,0
8242,459.28,19,3,entertainment,6.1,14.199106737097463,1,0,0
9222,25.71,9,3,bills,0.8,0.19583072258996714,2,0,0
7572,114.53,13,5,food,0.0,2.7121785111467402,3,0,0
428,131.83,21,6,bills,1.4,0.4826280548101499,2,0,0
6087,9.4,12,6,entertainment,4.6,0.9742963787144112,1,0,0
3658,3.14,16,3,bills,6.8,2.6941386388436217,3,0,0
349,334.13,22,0,retail,3.5,1.7133663764732527,2,0,0
7337,6.26,14,1,bills,5.2,1.834422934598784,1,1,0
672,26.82,5,0,retail,0.5,1.5328516597870308,2,0,0
7022,316.89,13,1,transport,3.8,1.6787413855322817,1,0,0
4768,182.73,17,1,food,12.2,5.7449933999649865,3,0,0
5866,4.17,15,0,entertainment,2.1,4.925703557346301,2,0,0
3189,23.3,10,0,retail,11.7,7.917465116606833,0,0,0
1795,138.54,10,1,food,0.2,0.1642143044493442,2,0,0
320,1.17,14,6,retail,1.7,3.511067908271345,3,1,0
3225,56.94,19,4,entertainment,0.9,6.278206374099848,1,0,0
5289,68.21,10,5,retail,0.2,0.4210337029911747,3,0,0
564,126.78,10,2,food,14.5,3.157588312835742,1,0,0
1721,563.01,10,5,entertainment,0.8,9.676316412444212,1,0,0
5368,56.79,17,4,bills,9.8,3.357704158121412,3,0,0
779,55.11,16,5,entertainment,2.4,2.2845573110354342,1,0,0
6008,37.91,15,2,entertainment,3.3,3.8082729377019104,2,1,0
7925,126.85,18,6,entertainment,0.7,6.0496439980270775,4,0,0
544,14.8,14,5,food,11.8,0.36946093836173477,2,0,0
8372,9.84,6,5,entertainment,8.5,0.4880103968092573,4,0,0
7943,286.8,18,2,retail,11.0,5.59230302172879,0,0,0
5423,16.83,23,4,transport,1.8,4.02000046281283,0,0,0
901,12.21,20,2,transport,0.3,14.197364035399566,1,0,0
7834,35.73,21,2,bills,0.7,6.339790537494465,2,0,0
4321,224.67,15,1,food,4.5,0.13388158908555298,1,0,0
2510,84.63,17,1,food,3.0,0.2236555132028888,1,0,0
5870,1059.92,13,6,food,10.0,6.194046474291062,4,0,0
8484,20.75,20,1,retail,0.3,2.266259408047677,1,0,0
1600,41.11,18,3,transport,0.1,0.9935191270828203,1,0,0
7268,151.42,11,6,entertainment,0.5,1.0527084230571448,0,0,0
8621,541.59,21,6,retail,2.3,8.55757987617642,2,0,0
9143,111.74,17,3,bills,2.9,3.2547262784166273,2,0,0
1112,15.98,17,2,transport,8.6,1.9003673630975415,1,0,0
6104,9.4,6,3,transport,9.5,1.727189347609634,2,0,0
5795,110.08,15,1,retail,4.0,0.215429398619983,3,0,0
1485,174.71,15,0,entertainment,8.3,15.044951359022726,1,0,0
7036,50.2,12,2,bills,4.5,5.519092091625515,2,0,0
2951,107.64,20,0,transport,4.2,2.0643434283171325,2,0,0
9815,3733.07,2,1,retail,398.7,56.25468570956534,12,0,1
9122,160.27,20,1,bills,13.6,6.75578720375043,1,0,0
3879,38.58,21,0,entertainment,2.9,2.901873296757448,1,0,0
953,75.05,19,6,transport,1.8,1.9359864973149175,1,0,0
945,5.64,12,5,entertainment,8.8,2.657438153223652,0,0,0
2256,97.19,13,1,bills,23.1,1.382837169864269,2,0,0
3628,60.57,7,1,food,5.5,1.246276203260326,1,1,0
716,40.73,19,2,bills,3.1,0.5631537037795061,2,0,0
1895,33.35,17,5,food,7.0,4.005436811406264,2,0,0
983,21.12,14,4,transport,6.1,0.2557298453249707,1,0,0
4295,34.35,13,3,retail,0.3,3.87323120368517,2,0,0
5948,5.16,18,6,entertainment,4.7,2.610527419941535,3,0,0
660,12.87,12,1,bills,2.7,8.908160996207053,2,0,0
584,21.68,22,4,food,1.5,1.6943897125432223,1,0,0
4986,75.61,16,0,transport,16.4,0.2856792679238762,1,0,0
7923,52.37,21,4,bills,13.4,0.09970180641743465,2,0,0
7056,116.89,11,6,transport,10.2,3.0631665297457413,1,0,0
6471,969.78,16,4,retail,3.8,0.2848070802423741,1,0,0
7618,63.11,11,0,retail,20.2,3.911916279191612,0,0,0
3143,1306.51,22,1,retail,3.4,0.9516267618173258,4,0,0
7638,784.18,21,5,bills,0.3,3.2933722009176156,0,1,0
9786,152.58,20,4,retail,8.5,3.4829719768565788,2,0,0
1669,22.61,20,3,entertainment,15.5,0.30439432243916376,1,0,0
3390,127.96,16,6,retail,2.3,0.5304393750360034,3,0,0
7817,135.12,10,5,transport,1.3,0.15625250002554034,0,0,0
2045,7.45,11,0,entertainment,2.4,6.6974917931658515,2,0,0
6111,2.4,21,4,food,10.6,5.165727065405498,4,0,0
4330,64.14,21,1,food,1.1,9.605174561252117,0,0,0
8138,5.41,6,4,food,4.1,0.9535793778722783,4,0,0
4419,42.75,17,5,bills,12.6,4.737286339589429,4,0,0
9108,233.87,16,4,transport,3.4,1.907090095214771,2,0,0
9887,3176.48,22,2,retail,114.6,2.3414959983008514,14,0,1
506,100.23,6,0,retail,0.6,0.795763901707891,4,0,0
6476,1793.41,21,5,retail,6.8,6.95411610330421,2,0,0
2368,69.21,16,3,entertainment,0.8,3.173821422309529,1,0,0
1787,1.34,10,1,food,0.3,0.6286848691111345,0,0,0
3660,3.97,13,4,food,1.7,4.727827780129466,3,0,0
9539,116.37,18,1,food,12.0,0.9764989450632966,2,0,0
1144,36.41,18,4,retail,1.0,3.5411303997811805,3,0,0
915,2.79,9,4,bills,1.3,11.895767903028336,2,0,0
6399,149.18,20,1,food,4.2,7.62458909787129,2,0,0
4874,34.98,13,3,bills,2.5,2.993988270837015,0,0,0
1378,14.28,6,1,retail,0.4,0.3839964710959105,4,0,0
611,53.5,9,5,bills,8.8,4.380073169857015,3,0,0
2190,18.88,7,3,bills,0.9,2.833504118711946,2,0,0
7679,165.9,13,4,retail,1.1,4.110359532960922,4,0,0
9976,84.54,4,4,transport,44.2,48.21069887495844,12,0,1
727,26.19,15,3,bills,1.1,7.564264820706575,3,0,0
8364,47.64,15,1,bills,11.6,9.016768438218776,3,0,0
6798,41.95,15,5,bills,6.3,1.0739237716540257,1,0,0
2549,31.52,8,3,food,7.2,0.8527898932419212,2,0,0
4589,3.99,18,2,transport,3.5,9.124568351183875,0,0,0
1316,5.29,7,1,entertainment,1.1,4.056633742184362,0,0,0
3105,6.64,13,4,entertainment,1.6,0.23615023892204462,1,0,0
6519,23.7,18,2,entertainment,5.7,9.141416174798875,7,0,0
3169,63.07,12,5,entertainment,10.9,1.0665144236901731,1,0,0
2299,374.71,21,6,transport,3.2,5.229674672576364,2,0,0
5057,89.17,15,4,food,2.9,0.41353315732802465,5,0,0
6705,20.72,21,0,transport,9.1,2.6919658722005106,3,0,0
2400,64.93,8,4,entertainment,3.7,1.8562827821723238,1,0,0
6566,31.05,16,2,entertainment,1.6,0.5936383144621786,2,0,0
5067,29.5,4,5,retail,22.2,0.9590806910582711,1,1,0
2855,12.32,9,1,retail,0.3,2.626693888575473,1,0,0
5956,14.0,20,5,bills,12.4,3.8517483275921895,2,0,0
7109,208.79,13,5,retail,2.6,1.284671378152922,0,0,0
1910,72.77,15,0,transport,3.9,2.6735704988911952,4,0,0
5619,21.08,18,6,bills,6.0,0.09090568788793107,1,0,0
6942,16.08,21,2,entertainment,8.7,5.994812225728571,3,0,0
6292,65.98,9,0,entertainment,9.5,6.742902300152169,3,0,0
8328,17.13,19,2,food,5.4,1.0115318577924832,3,0,0
2211,14.32,20,3,entertainment,1.4,1.625842990745463,1,0,0
4046,75.1,10,6,retail,1.1,0.5038920938322106,2,0,0
9675,3.65,11,3,transport,2.0,10.69541998486774,0,0,0
1361,93.1,20,1,entertainment,6.5,3.5326374607952538,3,0,0
6866,29.46,18,4,transport,2.2,2.5052552019842764,1,0,0
2251,4.41,20,6,food,0.3,4.427935881639796,2,0,0
3188,106.01,23,1,bills,7.9,0.04349592565616365,2,0,0
280,6.5,13,3,transport,2.4,3.412995268234671,2,0,0
2608,10.78,20,0,transport,2.1,0.4761556640133624,3,0,0
192,200.61,19,4,entertainment,1.0,3.5038556452311305,2,0,0
6179,103.59,11,0,retail,0.9,0.7332675601827431,1,0,0
4250,5.67,10,6,entertainment,5.2,6.419514083627117,5,0,0
7789,247.96,5,5,entertainment,3.0,1.0072087003438637,3,0,0
8879,222.84,15,2,bills,1.9,3.147959215151797,2,0,0
6488,121.45,4,3,retail,8.0,1.717861672400487,2,0,0
530,35.28,9,2,transport,4.7,2.2389077641415898,0,0,0
9489,78.09,4,4,entertainment,2.1,4.208104444411042,4,0,0
1964,48.19,8,2,bills,2.6,3.516796410168627,2,0,0
2543,60.06,20,2,retail,0.1,5.87159307791715,5,0,0
4674,4.64,10,4,retail,5.7,9.263859761653144,1,1,0
9041,7.91,8,1,food,4.2,2.5516461739628022,3,0,0
9068,188.47,1,5,retail,1.9,3.5432594061831457,2,0,0
2188,258.57,22,6,food,12.4,2.6555044718049485,2,0,0
1094,61.91,10,0,food,2.2,1.4276831950580904,3,0,0
4830,15.6,15,0,retail,0.3,1.4308401296737672,0,0,0
894,31.66,6,1,food,10.5,14.25162483495945,3,0,0
4887,46.8,13,0,transport,8.8,0.9660389764507156,0,0,0
2910,2.35,14,4,food,6.9,0.8933869454078991,5,0,0
2580,24.67,12,0,retail,7.4,6.910006956973456,0,0,0
3461,49.99,11,5,entertainment,4.7,5.212079902844413,1,0,0
2222,5.4,7,5,entertainment,1.5,2.1221078597159546,2,0,0
8553,105.76,21,1,food,8.3,4.045494248780707,1,0,0
7380,30.69,9,0,food,0.0,0.46520267984234726,1,0,0
8589,44.08,6,1,bills,6.0,0.012218928515271184,2,0,0
3685,46.78,11,0,retail,1.5,1.7479802624248069,2,0,0
8303,53.87,9,0,retail,8.5,1.3815574420437748,3,0,0
332,299.86,10,6,bills,2.2,0.4607205463843338,3,0,0
3331,48.2,13,2,retail,1.4,2.5422514494186608,0,0,0
9189,55.61,6,4,entertainment,1.1,0.7642827723042824,2,0,0
5296,233.43,17,5,food,0.7,0.5934547880030809,0,0,0
9084,31.81,18,2,food,8.6,0.48387495389413687,6,0,0
932,27.67,16,6,bills,0.1,1.7681240542473624,0,0,0
558,127.55,13,0,bills,6.1,0.05091852300574489,3,0,0
8171,232.41,2,1,entertainment,1.8,0.21228607765284696,2,0,0
3204,210.02,9,4,entertainment,4.4,0.9838017557843618,2,0,0
8928,52.77,14,6,food,8.7,0.5222624086492773,3,0,0
229,457.49,6,2,transport,0.7,1.3623863184549752,0,0,0
799,14.52,17,5,entertainment,8.1,1.1169139945797608,4,0,0
1455,930.95,12,2,transport,6.8,1.9292382334275517,4,0,0
4657,15.32,12,1,food,3.3,0.7771793667070279,2,0,0
5,39.14,20,5,bills,11.4,1.5143473593101513,4,0,0
8418,331.68,19,1,food,0.9,1.3629336985747855,3,0,0
4318,292.26,19,1,food,3.0,0.5061685223250119,3,0,0
4447,79.19,13,3,entertainment,3.8,6.667549126758047,3,0,0
1748,445.5,21,4,bills,2.8,0.8136073722105439,0,0,0
4155,7.69,6,2,food,2.5,4.936863675208528,1,0,0
7019,564.45,14,4,transport,1.7,2.010028929273979,0,0,0
4487,5.0,20,1,food,8.9,0.48932563705682697,1,0,0
8922,23.92,18,3,retail,1.4,2.275242541722115,2,0,0
330,5.77,18,3,food,5.4,3.950993785318976,2,0,0
47,180.49,14,1,retail,1.1,0.4678725498197982,2,0,0
8608,14.75,6,0,retail,2.8,0.33835588690309565,0,0,0
8617,61.01,13,4,entertainment,1.5,0.1981695975962724,2,0,0
5195,337.69,7,2,entertainment,5.5,2.8038655162694726,1,0,0
5457,14.54,12,2,retail,0.2,1.0637942370987368,1,0,0
2369,557.0,19,6,bills,13.9,6.240649250942532,0,0,0
6957,145.11,7,1,bills,0.4,1.2067091716721823,1,0,0
1454,97.91,11,4,food,1.2,0.8820107169118158,2,0,0
3894,61.11,9,4,food,3.2,4.223050236498384,2,0,0
8957,64.86,19,5,transport,12.4,12.621293085809342,0,0,0
6776,577.26,21,5,transport,2.8,7.0805810086296095,2,0,0
3344,224.79,13,4,transport,3.9,0.23118965775735814,1,0,0
9482,109.17,9,1,bills,1.4,4.374899678832757,3,0,0
6894,89.5,11,2,transport,1.0,23.659711362952144,0,0,0
6456,33.36,7,3,entertainment,2.7,6.73225067537977,3,0,0
3311,71.34,15,5,bills,5.0,2.386872669685921,3,0,0
7968,32.81,23,0,bills,3.9,1.3425255434372023,4,0,0
6801,10.99,16,0,retail,4.2,0.8303331393351616,2,0,0
3164,95.43,20,0,entertainment,7.4,6.6739992535563175,3,0,0
5445,81.26,22,0,retail,3.6,2.259602915011509,1,0,0
4248,156.82,19,6,bills,2.3,1.643708005548676,1,1,0
2283,338.72,9,2,bills,2.4,2.757119498773844,1,0,0
4117,244.33,16,0,transport,10.8,0.7659507120782452,4,0,0
701,423.66,16,1,food,6.6,2.462456672075146,3,0,0
6305,44.11,11,6,food,10.5,1.814983103014582,3,0,0
450,9.41,15,6,food,0.3,0.7421180684343823,3,0,0
2304,62.37,15,6,food,2.8,0.741546628427715,2,0,0
1746,2.72,22,1,food,9.1,2.2512057560434364,1,0,0
3651,207.33,21,2,retail,0.0,2.413029456807897,0,0,0
1589,1108.78,20,4,food,2.2,3.91284101653817,2,0,0
8565,25.81,21,3,bills,1.1,2.8311124578128193,6,0,0
883,211.39,19,2,bills,5.5,5.505358343255611,1,1,0
7891,52.21,17,2,transport,0.3,2.889398909297702,1,0,0
2648,59.98,19,5,transport,8.1,1.8689439004480028,1,0,0
9082,16.32,12,3,transport,6.3,10.087604189936101,2,0,0
8013,125.73,18,3,transport,2.5,2.3651126866279153,2,0,0
2775,60.92,1,0,transport,0.3,0.09585081314021154,2,0,0
3581,209.59,15,0,entertainment,3.0,0.3187490209149064,1,0,0
1097,7.93,15,3,retail,4.4,4.816644403088716,1,0,0
9923,371.0,7,3,transport,572.7,19.78389430048231,7,0,1
1639,38.82,3,5,food,3.7,4.852962226380447,6,0,0
7477,46.44,20,2,food,0.9,0.2029739197885112,2,0,0
769,127.29,12,0,transport,41.8,5.105847718149866,2,0,0
6570,428.84,9,3,entertainment,1.7,4.991352692658865,2,0,0
5773,195.12,11,4,retail,25.2,4.1633573471232594,2,0,0
7600,3407.19,14,3,entertainment,5.7,6.473617535806623,3,0,0
7897,84.2,21,4,retail,0.2,2.231379227921055,3,0,0
1853,2268.05,21,2,retail,0.5,1.1468648427986943,3,0,0
6696,2440.16,8,3,transport,3.4,0.20843190083997723,3,0,0
7491,98.46,17,3,food,18.3,14.530442244255088,2,0,0
949,492.28,18,0,entertainment,16.3,1.2343034287109356,2,0,0
6991,129.5,18,4,transport,14.8,3.738304517708336,4,0,0
217,44.28,14,2,transport,5.4,3.812504398583413,1,0,0
714,10.35,18,5,transport,4.8,3.326681087918695,1,0,0
3210,11.31,20,5,food,0.4,3.88825449123845,4,0,0
2892,177.78,8,3,transport,1.4,2.1000252335614444,3,0,0
7998,27.08,18,2,entertainment,0.6,0.6889970345647629,0,1,0
7277,9.46,23,3,entertainment,4.9,6.14299004829159,1,0,0
7853,63.1,23,1,retail,8.2,0.938690898375183,4,0,0
7735,230.29,14,5,retail,0.8,0.4680247688205369,0,1,0
1404,12.13,10,3,retail,7.5,0.1673475157076159,3,0,0
384,204.91,12,4,entertainment,1.1,7.219557430441563,2,0,0
8914,932.15,10,0,transport,0.1,0.3610590110995661,4,0,0
8585,416.58,15,4,food,5.2,0.7895780324236227,4,0,0
3120,79.39,13,3,entertainment,1.3,0.21751760817268806,2,0,0
4205,164.38,17,5,bills,16.2,2.90871110037725,1,0,0
2138,3.71,15,2,retail,2.6,2.795893356943939,1,0,0
7086,45.56,23,3,retail,4.3,16.964482761519406,1,0,0
891,16.48,11,5,retail,1.8,7.788483460196311,2,0,0
5460,75.62,20,4,entertainment,1.3,2.107466198830207,3,0,0
630,182.66,12,0,entertainment,1.1,1.5357438492304198,4,0,0
300,41.88,15,6,transport,0.8,0.24104466114723394,5,0,0
2911,535.45,21,5,bills,2.1,2.70490178368229,4,0,0
8844,7.25,19,4,food,24.7,3.540836867533394,3,0,0
551,197.11,17,3,transport,7.7,2.41993326066656,2,0,0
5988,1383.98,11,4,entertainment,8.6,0.8083201464592301,1,0,0
7537,8.0,19,3,food,4.6,2.30237873757325,5,0,0
2617,106.65,12,3,retail,2.4,1.0809363419600502,1,0,0
3555,38.41,8,0,food,4.2,1.5187823546314072,1,0,0
68,16.94,13,1,retail,7.1,2.5713699050657595,3,0,0
1042,60.91,20,1,transport,11.0,0.8312821773703489,0,0,0
5397,190.9,13,5,bills,0.1,2.970531085251657,1,0,0
1283,29.4,15,4,retail,2.5,4.7225496175863855,1,0,0
9817,5321.56,0,0,entertainment,385.2,16.859753650115998,13,1,1
9433,60.73,9,2,retail,6.7,1.9929526313324688,0,0,0
1124,147.41,19,5,transport,1.8,0.8360014933493711,2,0,0
9961,290.22,1,2,food,48.5,0.5934926480714235,9,1,1
3915,48.1,13,4,entertainment,2.7,4.573935128303858,2,1,0
2187,186.93,8,3,bills,1.3,2.7946673982181762,4,0,0
2365,27.93,15,0,transport,4.4,1.5618742445867337,2,0,0
6517,2.05,6,0,bills,1.2,1.5583034180922941,2,0,0
8414,9.85,15,2,entertainment,3.2,2.70349046616669,0,1,0
976,1183.24,22,4,entertainment,7.8,8.70208251912614,2,1,0
5470,71.26,6,2,entertainment,0.2,2.4899108445170404,0,0,0
9422,86.87,8,3,retail,2.8,0.9572767913937881,2,1,0
2709,33.11,18,4,entertainment,0.8,0.5062649300746676,1,0,0
5715,45.22,17,3,transport,4.8,0.5256643227287023,5,0,0
3709,10.33,18,1,bills,3.0,3.802402881733418,3,0,0
511,106.29,15,6,transport,0.8,9.348133669682545,0,0,0
7078,6.56,15,6,food,0.5,5.290653574970589,1,0,0
1519,11.27,21,3,transport,0.2,0.8596139339403215,1,0,0
8030,879.93,10,0,bills,1.5,1.1452817029525495,3,0,0
4980,14.64,20,2,transport,14.0,4.368074368947984,4,0,0
7961,862.63,11,1,bills,0.5,4.236416509252561,3,0,0
8925,6.55,18,5,transport,4.6,12.137553577462612,1,0,0
824,20.6,14,2,bills,0.2,1.6583132296094694,2,0,0
7962,299.43,18,2,retail,7.0,3.230578793704818,1,0,0
2997,58.49,12,0,food,0.9,3.74374179123501,1,0,0
8172,52.76,11,1,food,3.2,2.0503644066227573,2,0,0
3070,4.5,15,5,bills,2.0,2.9608150360536603,2,0,0
1752,252.1,10,4,transport,9.8,1.2340381641885156,4,0,0
1706,46.31,13,1,food,4.1,0.8907041694121003,5,0,0
8899,62.26,21,4,retail,0.4,0.16099247126233324,0,0,0
6554,0.79,6,3,retail,4.3,5.666284816439762,0,0,0
4573,79.58,5,2,bills,0.3,1.4396659820190938,2,0,0
3013,267.63,14,2,bills,7.2,2.1531955586127633,1,0,0
4393,50.96,12,0,bills,5.9,0.31001093736285257,3,0,0
8930,13.86,12,2,entertainment,8.2,1.2150659147096474,2,0,0
3737,28.18,21,4,retail,1.3,0.41703640129559,2,0,0
3730,24.04,22,1,food,5.8,5.458984379230511,2,1,0
8317,18.74,19,4,bills,4.6,4.418337299275002,1,0,0
9314,47.12,20,2,transport,0.5,12.963801462422932,1,0,0
219,65.88,14,0,bills,9.2,0.9519519338889567,7,0,0
1888,346.09,13,3,transport,2.6,0.7461369381126415,1,0,0
8062,34.78,19,6,transport,7.6,3.984935532147334,1,0,0
212,16.91,12,2,transport,1.5,0.40622812842148937,0,0,0
5405,6.79,21,1,entertainment,0.5,3.717988744361514,0,0,0
2570,71.15,14,2,retail,6.0,1.2346761047781358,2,0,0
120,39.51,8,4,bills,0.6,13.546235859722891,2,0,0
2732,127.58,23,3,entertainment,1.6,0.9419971129270288,3,1,0
6847,6.51,23,5,food,2.4,1.5958176517422031,1,0,0
9558,18.99,12,1,bills,6.0,1.702620372396146,2,0,0
6644,118.21,10,4,retail,1.7,3.292584819020144,4,0,0
4326,230.83,19,0,retail,0.3,0.8809201328070018,2,0,0
2943,76.92,11,4,retail,7.6,1.431147483641626,3,0,0
5234,1.72,21,3,entertainment,6.6,2.2909877264555925,4,0,0
1160,69.84,22,1,transport,2.0,0.14673002646962632,2,0,0
9935,6558.2,3,2,entertainment,772.9,1.2083925809445468,9,1,1
3017,81.93,12,0,food,4.3,2.7579138200095636,2,0,0
9022,7.45,18,4,retail,2.6,0.22231138903655293,1,0,0
7671,12.91,7,2,food,2.9,4.398405609923038,6,0,0
621,11.59,9,3,bills,1.2,0.3470237347650759,1,0,0
6283,100.18,12,4,bills,1.3,0.5210144438968751,1,0,0
5365,380.54,7,6,transport,0.4,1.8571414672413544,4,0,0
9351,283.34,15,0,retail,0.9,2.3988474914947093,1,0,0
4760,101.3,10,3,food,2.4,2.7051338144050923,3,0,0
5147,101.04,6,2,food,1.5,4.861863287512357,3,0,0
6058,109.08,18,1,retail,0.8,2.7721919273025586,2,0,0
744,219.78,22,0,retail,12.8,1.6405674670147277,1,0,0
7396,300.56,11,2,bills,17.2,2.0689166121174005,3,0,0
1367,29.26,19,1,entertainment,5.8,6.150182904282666,0,1,0
3285,95.79,12,6,transport,12.1,1.2222618159537213,2,0,0
3531,25.39,14,4,transport,2.4,2.173487796255267,1,0,0
3059,236.54,6,3,bills,1.4,2.4776893691461863,4,0,0
1185,145.17,13,3,retail,8.5,0.058051759649867564,4,0,0
8334,51.79,16,1,bills,1.6,2.4852380718130953,6,0,0
5211,104.26,22,4,entertainment,8.0,0.048019091975324696,2,0,0
5522,8.6,12,6,transport,1.0,1.0892959309874382,2,0,0
6707,247.59,15,5,food,2.7,1.0853240234346657,1,0,0
3613,81.79,12,0,food,2.3,1.880802744533693,5,0,0
9905,2972.85,14,1,transport,844.1,3.6543897079803673,14,0,1
8501,18.16,12,6,food,2.0,1.9203058924101721,0,0,0
2295,7.02,20,5,entertainment,2.0,3.209341753786919,1,0,0
31,120.03,21,4,entertainment,3.4,3.377780098279983,2,0,0
2503,18.52,18,4,entertainment,2.6,0.9609957620241487,4,0,0
4013,4.58,12,2,bills,1.4,0.49165877989969153,4,0,0
9856,4014.03,5,5,food,7.2,17.55103942557275,3,1,1
3809,5.79,17,4,bills,3.2,4.051433647655915,3,0,0
6697,32.15,9,3,bills,1.7,7.882980623742862,1,0,0
5563,172.41,21,0,food,4.3,0.8134441829425946,0,0,0
9027,403.99,19,1,food,2.2,0.14406343390493992,0,0,0
2052,114.09,23,2,retail,1.0,2.0603613788016504,2,1,0
1771,6.29,21,5,retail,3.0,7.785200356906939,1,0,0
8142,152.63,8,1,food,3.2,1.4343980547226391,1,0,0
1184,74.21,4,4,entertainment,22.2,0.1563101609404292,2,0,0
4533,42.04,9,4,food,1.9,0.37246993326823613,5,0,0
6799,35.65,6,2,food,2.7,7.024482281508933,1,0,0
2681,66.32,6,3,retail,7.5,7.483846068670972,6,0,0
9343,142.88,16,2,entertainment,5.3,1.711234362919825,5,0,0
5377,143.4,12,5,transport,6.4,0.8781740988869693,4,0,0
7434,48.29,11,4,food,0.6,3.598352180571422,2,1,0
6844,192.98,23,0,transport,2.2,2.8648970974524124,3,0,0
2121,16.3,10,3,retail,0.7,3.034976760013981,2,0,0
7015,12.67,20,0,transport,1.0,1.6650891473632914,1,0,0
6415,3.94,21,2,transport,6.0,3.3108195404184757,1,0,0
4047,416.43,19,1,bills,3.6,7.2530092026410165,0,0,0
7054,8.16,7,1,transport,5.7,1.9447590350246569,2,0,0
2657,72.75,12,4,entertainment,2.5,1.0833103747380717,1,0,0
9712,14.2,9,3,food,5.2,7.554326588330394,2,0,0
2843,14.13,6,1,food,1.8,1.840433474011723,3,0,0
7499,48.23,16,3,entertainment,0.4,0.3257816266519532,4,0,0
9951,917.65,0,6,retail,340.2,20.847582120646734,13,0,1
1190,21.34,12,2,bills,3.4,0.9101668111336096,0,0,0
5209,9.74,19,3,bills,23.9,1.303346152880281,3,0,0
6647,109.48,13,0,transport,0.4,0.9352710742412567,4,0,0
4614,344.96,23,1,retail,1.1,3.3543626087643412,3,1,0
3001,34.48,5,1,retail,0.5,1.8013752389051514,5,0,0
2435,35.05,18,2,bills,0.5,2.1140091610805514,1,0,0
1039,37.95,5,0,bills,15.7,2.8826638622705234,2,0,0
9825,4.7,21,1,food,41.9,7.56488154505728,13,0,1
7261,45.55,16,1,entertainment,8.9,1.0057105918968452,2,0,0
1323,222.23,0,0,transport,12.3,1.584678371463565,4,0,0
397,23.16,17,1,transport,5.0,0.06380861418165304,1,0,0
8775,32.18,15,3,entertainment,4.9,0.8621419382472866,1,0,0
8325,180.36,19,1,bills,0.8,1.9152062120443638,4,0,0
8071,246.31,22,1,bills,3.5,1.8622871335780045,4,0,0
4513,45.23,16,0,food,0.4,4.044977772090988,3,0,0
3499,71.15,7,1,retail,0.2,1.552089991622407,6,0,0
1568,260.79,11,3,entertainment,0.4,5.231899593249253,1,0,0
7281,58.97,17,6,transport,7.1,0.425823038431538,1,0,0
8771,48.3,22,6,entertainment,4.3,1.5284596978555964,1,0,0
4617,99.97,15,2,bills,10.2,3.8493702916041723,2,0,0
8988,10.75,14,6,food,4.8,0.5498743578700416,2,0,0
5411,766.12,10,4,food,3.7,0.3195493433029218,1,0,0
8033,65.87,22,3,food,2.2,0.5143860366832099,4,0,0
413,213.29,0,2,transport,9.3,2.026897550643147,3,0,0
7889,50.5,12,6,bills,7.9,1.4724687408565815,1,0,0
1183,22.88,7,2,bills,1.2,6.103340688077749,4,0,0
4930,6.49,22,1,retail,8.7,3.7185272849231525,3,0,0
4404,149.7,8,5,transport,0.2,5.198122220184809,4,1,0
5813,45.38,12,0,food,1.5,0.4392418597292169,2,0,0
7766,58.59,6,2,food,0.6,0.4446016173009497,2,0,0
9548,36.46,8,5,food,2.7,5.571035460429794,2,0,0
3335,110.9,21,6,food,0.9,4.530497148742199,1,0,0
5117,24.15,6,0,food,7.6,4.158049348734764,5,0,0
4932,96.69,14,6,entertainment,2.6,8.003217282510613,4,0,0
1928,308.5,8,5,food,6.2,0.788530737728544,0,0,0
3910,38.12,9,1,food,2.1,2.0983415957850804,0,0,0
6022,7.95,15,3,entertainment,10.0,1.9099009515618321,2,0,0
2517,135.8,19,0,entertainment,7.3,0.6038893801432788,1,0,0
9340,106.12,15,6,retail,8.5,3.2054313900767335,0,0,0
3808,45.0,19,5,transport,5.9,2.0779604812210173,2,0,0
6638,132.63,21,2,food,0.4,2.5238483514504457,1,0,0
9855,2999.35,23,1,retail,588.3,20.979237489904648,11,1,1
5178,43.63,7,5,bills,1.7,0.3232641414268318,3,0,0
4524,5.95,14,6,entertainment,5.3,4.215844871023648,3,0,0
8707,13.24,18,6,food,5.7,1.192615332142104,1,0,0
5238,318.58,20,2,entertainment,6.4,0.017643888021260632,1,0,0
3810,101.02,7,4,bills,0.2,1.5056957027786018,2,0,0
8903,351.3,13,4,transport,5.0,0.9187992955229329,0,0,0
6558,82.64,18,6,retail,1.1,10.147674005589835,2,0,0
6922,65.71,21,5,food,5.0,1.755787103814788,1,0,0
7214,31.15,22,3,retail,0.1,8.852764181856713,2,0,0
3675,44.89,18,2,retail,10.1,4.344149844571916,2,0,0
8820,69.13,15,2,entertainment,19.0,3.6832670970502264,1,0,0
571,22.35,14,1,bills,21.4,5.6642946403120185,0,0,0
7560,261.62,16,0,food,1.2,3.3633853770969226,2,0,0
9570,36.22,14,5,food,27.1,4.211785506337208,1,0,0
9761,30.87,18,0,retail,15.5,1.2300868385005792,4,0,0
6157,14.36,7,2,food,5.1,2.0929234977544504,3,0,0
2346,9.59,3,2,bills,0.6,1.9724872952560657,2,0,0
1968,92.77,14,5,bills,1.4,1.5975202200428122,1,0,0
3264,73.94,18,4,bills,1.5,1.3658309273812752,2,0,0
2763,27.84,11,6,bills,2.8,6.235562275191071,0,0,0
8522,179.88,9,1,food,6.7,2.4976270107589205,3,0,0
8140,13.54,10,3,retail,6.9,2.776476082124037,1,0,0
8189,98.54,10,2,entertainment,0.6,1.258329729673752,1,0,0
6821,30.24,20,6,bills,11.9,1.2048942490331676,3,0,0
4885,47.0,10,2,entertainment,6.9,0.6426439783560376,7,0,0
5856,29.5,10,3,transport,0.1,3.1900926395641367,5,0,0
9664,4.5,13,2,retail,2.6,0.03917615038450316,0,0,0
1955,441.79,10,1,entertainment,6.8,7.047086859302784,4,0,0
502,6.64,21,0,bills,2.9,4.36773974920505,3,0,0
2342,839.08,5,0,bills,0.7,1.6547051628124914,3,0,0
973,50.84,7,2,food,9.9,2.9704800647576515,1,0,0
3702,50.29,13,2,entertainment,2.3,4.404548922121945,2,0,0
284,58.63,12,0,retail,5.1,0.5225581952138643,1,0,0
825,27.87,17,0,food,1.1,0.9225094516872425,2,0,0
8827,36.22,16,2,transport,6.3,0.33730083835181857,5,1,0
6772,118.21,12,4,food,5.6,1.2173637720453458,2,0,0
7150,1089.07,7,3,transport,2.4,0.5828694997201871,2,0,0
48,183.28,12,5,retail,2.9,0.916321131437071,1,1,0
2700,118.76,16,3,bills,0.6,3.9884436908940084,2,0,0
5816,20.59,17,2,food,0.7,6.084318437369965,1,0,0
3159,89.46,7,2,transport,3.3,2.9538403434204805,3,0,0
4512,116.69,8,0,transport,2.3,0.7892280658836278,0,0,0
9751,90.97,21,3,food,10.6,1.6872133642367455,2,0,0
4023,58.25,13,1,entertainment,0.6,12.198310440125917,3,0,0
8770,42.44,22,1,food,4.9,6.472667744953191,1,1,0
5076,455.29,11,0,bills,2.8,1.611704406935672,0,0,0
7371,172.66,15,2,transport,1.0,0.7307103572578237,1,0,0
5383,89.76,23,4,retail,1.4,2.4106678182909898,3,0,0
7936,17.96,19,6,bills,2.5,0.004926049340268736,0,0,0
1437,62.64,23,3,transport,6.5,6.079881577350649,1,0,0
2055,32.25,11,6,retail,5.0,1.6227193678744642,2,0,0
3835,63.68,10,5,transport,2.8,3.6309973537131235,1,0,0
3077,28.02,18,4,food,2.0,1.4620937627554749,1,0,0
7247,6.56,19,3,bills,0.9,5.658629253139938,1,0,0
5800,128.27,18,5,bills,0.1,2.8273640668538373,1,0,0
1016,23.39,10,0,bills,0.4,1.8003630698897006,3,0,0
2711,245.02,19,1,retail,9.3,10.763571485739613,1,0,0
7043,9.7,4,5,bills,0.0,3.0254727801269117,2,0,0
5307,26.52,10,2,food,0.8,4.608291104083639,1,0,0
1758,699.19,14,3,retail,7.3,0.9196307355810706,0,0,0
6218,77.81,23,6,transport,3.1,0.5386673963267237,5,0,0
848,60.01,7,2,food,10.4,2.433192934774236,2,0,0
3619,34.94,19,0,transport,12.4,17.036560859772873,1,0,0
1844,7.15,14,3,entertainment,8.1,0.004931987991157837,1,0,0
1868,7.29,16,4,transport,1.0,0.6881047782484314,2,0,0
792,125.72,1,0,entertainment,6.7,0.14626379579087734,2,0,0
9030,19.35,13,3,entertainment,5.5,4.017984557890458,1,0,0
995,569.37,2,2,entertainment,0.5,2.592520111614382,1,0,0
5476,6.85,12,4,bills,0.4,4.0027433975216145,1,0,0
2085,10.83,12,6,food,15.2,3.1386006754851037,0,0,0
2147,188.51,0,1,transport,3.6,2.6016795791524063,3,0,0
9820,77.87,3,2,transport,674.3,14.39903884792726,8,0,1
4610,73.91,9,6,bills,6.0,7.772390281381612,2,0,0
9145,6.95,11,2,entertainment,11.1,0.7737798131295113,4,0,0
6410,77.34,12,6,food,8.6,3.619093107763274,0,0,0
6202,13.16,15,1,transport,16.7,0.7432671451156638,3,0,0
3299,3.56,12,0,entertainment,1.2,5.626746207288974,0,0,0
1708,171.8,14,5,transport,4.9,7.182616081024616,3,0,0
6758,50.66,6,5,food,8.3,2.3198692029905037,3,0,0
2841,401.2,13,4,food,7.1,2.4879767513595668,4,1,0
770,72.32,20,0,retail,4.9,9.773234443825096,1,0,0
5123,68.46,19,5,bills,8.9,7.3322247551494675,2,0,0
2712,255.72,13,0,transport,8.2,2.1054122011578205,2,0,0
7100,85.1,10,5,retail,5.4,0.29511861640689935,2,0,0
4077,465.28,16,3,entertainment,8.3,1.0820390065376455,4,0,0
7931,45.77,20,1,bills,24.6,3.7326897220659525,2,0,0
3828,44.78,18,5,transport,1.4,0.01217439167262141,2,0,0
860,0.72,18,4,transport,0.2,6.303805275292874,1,0,0
7973,26.16,11,5,transport,3.0,7.462536281045432,2,0,0
9503,31.01,20,0,bills,1.8,3.409717979663589,3,0,0
54,109.29,22,0,bills,10.0,4.107293304997247,5,0,0
6830,70.22,19,3,retail,5.6,1.696171917534436,1,0,0
3907,145.9,0,2,food,1.0,3.371284798404733,1,0,0
6382,258.24,19,6,bills,6.9,0.7596421503218558,2,0,0
1612,230.13,21,6,retail,1.1,0.6203029927674535,2,0,0
3973,157.31,14,4,transport,0.3,0.18360588284186902,1,0,0
4727,104.43,17,4,food,3.0,2.9685832739123157,1,0,0
2808,149.18,11,2,bills,4.9,0.8465489323288011,1,0,0
8842,44.13,21,0,food,3.0,3.1149880386474202,0,0,0
9998,10904.88,3,2,bills,612.5,5.560125218996066,10,0,1
5220,47.87,12,2,transport,5.7,2.2788447914179444,3,0,0
635,30.69,14,3,retail,12.5,0.22089314393643117,2,0,0
8249,16.49,18,1,retail,4.9,3.9441296341602436,4,0,0
9272,95.95,6,0,food,0.7,0.08072044066825422,2,0,0
7029,23.25,4,2,retail,6.0,4.440074297124773,1,0,0
525,24.94,6,4,entertainment,5.8,4.396968083658026,2,0,0
4118,53.94,23,5,entertainment,3.0,0.14426129257759643,2,0,0
490,25.13,15,2,transport,1.9,9.512268436004453,2,0,0
6946,10.68,17,6,retail,12.0,1.121041689059919,1,0,0
7317,19.54,7,6,food,7.2,0.47348005197435616,1,0,0
6916,75.24,9,3,bills,1.3,1.0004852461314289,2,0,0
4571,21.75,16,5,transport,24.0,7.5418363611895,3,0,0
4590,283.56,12,0,transport,10.4,2.8686203915192587,3,0,0
9625,12.49,15,5,bills,3.8,1.1376689115554162,1,0,0
9173,133.83,22,0,entertainment,1.7,2.726429846366936,3,0,0
7970,64.17,10,6,retail,5.5,0.09267022945806383,1,0,0
7992,35.87,21,5,retail,12.8,2.306819376665213,1,0,0
256,10.16,22,5,transport,12.2,0.5698090765460881,4,0,0
5114,1.36,10,0,entertainment,3.6,2.2635651267444796,2,0,0
8987,146.24,17,5,food,8.9,0.3594950815328327,4,0,0
9504,219.94,9,4,transport,0.8,7.511973268751923,3,0,0
1880,108.38,9,1,transport,3.8,0.3735422932274945,0,0,0
5219,14.79,13,2,entertainment,0.6,4.898803156418742,3,0,0
9874,1685.9,10,3,bills,1868.8,8.139577406590028,8,0,1
4592,415.99,20,5,food,4.4,1.0840939286560434,2,0,0
4254,35.08,4,2,retail,20.9,0.9097685323171836,2,0,0
7804,36.55,10,3,retail,4.3,8.137011733355083,1,0,0
8,6.64,14,6,food,7.4,2.2068112133297726,0,0,0
4184,58.13,12,6,bills,0.4,3.7629861452076585,0,0,0
7930,22.92,14,3,bills,6.6,5.287942607554554,2,0,0
1799,24.08,20,6,entertainment,23.4,0.7931672124000378,0,0,0
57,308.76,9,1,food,0.1,0.11304253778342499,3,0,0
5837,200.5,12,6,bills,0.7,3.376472963867993,0,1,0
2473,3.39,13,1,bills,11.1,6.3575005474869535,1,0,0
1246,39.56,12,3,entertainment,5.4,1.3278940584323384,2,0,0
3232,92.83,11,3,transport,2.6,2.6236463655359232,1,0,0
6009,41.98,12,5,retail,1.2,4.917205671312961,2,0,0
9495,23.76,11,4,bills,4.4,3.2017035767335713,3,0,0
6757,466.93,6,5,retail,1.3,0.6063355220653643,3,0,0
9891,548.71,9,5,entertainment,628.8,117.10348817620502,5,1,1
7527,16.73,2,2,food,7.9,0.15702027116323714,2,0,0
2060,3.3,11,2,retail,2.8,0.7523549055733425,2,0,0
5446,382.79,8,5,bills,1.7,4.577500637705116,3,0,0
4758,98.97,12,1,food,8.9,3.0366055469726905,1,0,0
8887,10.54,10,1,entertainment,8.1,2.7007212033523937,1,0,0
7893,106.2,20,0,food,4.2,3.4392225593171855,2,0,0
3747,77.75,9,4,bills,5.1,7.2027887740600764,2,0,0
8651,185.05,14,3,transport,9.6,2.7151458516025415,1,1,0
4160,49.84,16,6,entertainment,0.9,0.9673189301567358,2,0,0
6229,83.58,9,0,bills,3.0,2.3043899461110526,0,0,0
6616,167.67,21,0,food,4.3,4.580452289598071,3,0,0
804,40.29,18,5,food,0.3,0.05489339324747414,2,0,0
2166,4.26,18,5,entertainment,1.9,0.7947717361983402,2,0,0
875,225.81,15,3,bills,6.3,1.3730874439048633,4,0,0
918,377.3,19,0,transport,1.2,0.0969189741344693,3,0,0
7303,303.93,13,1,retail,1.9,1.7199141095008796,1,0,0
5651,82.18,14,4,retail,2.3,1.8239440271821152,2,0,0
5466,14.55,5,1,food,3.3,0.4177875828822699,5,0,0
7509,61.05,19,5,food,3.9,1.2636226972449223,3,0,0
6678,1.25,20,4,retail,1.6,7.430869858822657,1,0,0
8560,12.19,12,3,bills,3.3,0.16308159980809084,0,0,0
3812,526.21,18,4,entertainment,3.0,1.5241126315010871,5,0,0
3295,8.63,1,3,retail,7.0,0.8456477118128123,1,0,0
7391,53.37,17,2,entertainment,3.4,1.2216676658544876,2,0,0
4649,3.54,17,1,bills,9.3,10.179005728554914,2,0,0
5710,64.77,17,5,bills,3.1,0.8156250719723064,1,0,0
1247,251.06,7,6,transport,3.8,3.8630052003005835,3,0,0
5382,3.66,9,2,food,0.3,2.17634847653157,1,0,0
4842,3.46,12,5,transport,0.7,0.755213067349347,1,0,0
3565,649.0,14,2,entertainment,9.0,0.4096599275165381,5,0,0
7878,42.93,21,1,entertainment,1.9,3.69012088422073,1,0,0
6568,10.02,6,4,food,5.4,3.1244544409702213,2,0,0
4951,480.59,19,3,food,2.3,0.9071827548395747,1,0,0
102,5.38,13,4,entertainment,4.5,3.17674345093692,2,0,0
4783,3.59,14,3,retail,1.3,2.3677355538756117,2,0,0
5353,780.82,16,2,entertainment,1.4,3.356205491847227,0,0,0
4897,14.93,7,2,transport,5.2,0.22454458636535696,1,0,0
4522,133.57,16,2,entertainment,1.5,0.30351670580464624,1,0,0
5999,24.61,21,6,entertainment,1.6,8.657205331247956,0,0,0
7550,35.8,10,3,transport,1.0,0.6363728759665161,0,0,0
3787,68.41,7,3,transport,4.4,3.0139429457604736,1,0,0
4073,49.99,17,4,retail,9.7,0.4175110269679739,1,0,0
2840,146.72,16,3,retail,1.1,0.6109012953911022,2,0,0
7575,7.99,7,2,transport,8.8,1.946058918105952,5,0,0
9758,26.88,18,6,food,4.7,0.2637232960500757,2,0,0
7858,67.78,23,6,entertainment,3.2,0.019963195337924972,2,0,0
9344,19.86,10,5,food,9.4,12.071315876619106,1,0,0
8582,123.31,7,3,food,0.4,1.28985272222388,6,0,0
156,153.14,17,4,entertainment,4.1,0.47012271740797185,4,0,0
2497,20.45,23,6,food,0.1,1.9654738706103565,0,0,0
9279,40.66,22,0,entertainment,1.0,2.9994737920880183,4,1,0
4987,513.35,13,0,transport,3.3,0.9902443030762609,4,0,0
7663,32.25,15,4,entertainment,1.0,0.5873822186858946,0,0,0
4788,192.45,20,4,entertainment,6.5,1.7158732354940183,2,0,0
8488,58.74,12,1,transport,2.0,9.471557539359889,3,0,0
497,65.15,17,0,entertainment,0.0,0.3034453157494319,2,0,0
4310,18.97,19,5,bills,1.8,4.787922990551279,2,0,0
6835,380.26,16,4,food,3.2,0.49570221160458233,3,1,0
1840,13.64,11,2,bills,2.1,0.7336525835394682,2,0,0
5964,38.86,9,1,retail,6.0,1.815504820081998,2,0,0
9580,256.98,15,4,retail,5.3,4.486769711501281,1,1,0
1100,107.1,7,0,transport,1.1,1.2350481570685539,1,0,0
4285,204.41,21,1,transport,0.5,0.16131154694222738,2,0,0
9267,47.67,10,2,retail,2.2,0.3339893795555344,2,0,0
8031,1600.17,20,3,retail,0.0,10.996629231622732,2,0,0
6714,12.81,14,5,retail,4.5,11.699803699136506,1,0,0
8688,39.02,1,2,food,1.1,8.882668106711,1,0,0
6412,52.7,17,1,retail,0.1,1.337462800611334,0,0,0
9890,143.42,9,5,retail,85.9,21.269950049284496,13,0,1
7861,161.49,15,3,entertainment,15.0,1.462172773190835,0,0,0
4841,24.43,22,6,bills,21.8,2.0824739254397886,1,0,0
578,50.01,10,2,bills,15.9,1.8058726195882637,3,0,0
8486,199.07,22,4,bills,0.8,3.4965838571546914,1,0,0
857,102.16,12,1,transport,3.0,0.24026115199566983,1,0,0
7922,69.62,18,0,food,3.8,2.4637347660748823,3,0,0
7057,172.34,10,5,retail,8.2,4.133151374135342,3,0,0
6526,16.69,8,1,transport,10.1,6.844867739227318,2,0,0
4630,82.33,12,3,transport,3.1,1.4395024297112373,3,0,0
9460,181.25,21,4,entertainment,14.5,2.231804031510767,2,0,0
5940,51.91,6,5,bills,3.9,8.359632097611119,4,0,0
3183,33.98,10,4,retail,7.1,3.2261586708988936,2,0,0
7777,1022.56,17,1,entertainment,0.9,1.5892704222739704,3,0,0
2978,49.36,9,2,transport,0.2,0.8347758576745976,2,0,0
2135,14.1,9,4,entertainment,4.4,0.7508046532478703,4,0,0
2145,52.34,18,3,retail,3.9,1.3385665515826224,1,0,0
510,52.98,13,4,transport,0.1,0.959538285158499,2,1,0
2895,94.98,19,2,retail,1.9,4.75794450304852,3,0,0
6592,31.41,20,1,retail,1.4,5.306215371690236,2,1,0
3524,8.53,13,5,food,2.1,0.6609616151688027,1,0,0
4192,65.6,12,0,food,6.4,0.8533486333013518,1,0,0
3681,98.9,6,4,bills,8.1,3.056689574142433,2,0,0
2537,71.9,20,2,bills,5.5,5.449417769097547,3,0,0
605,66.9,12,3,food,6.6,1.3760690817468315,1,0,0
273,13.26,18,0,bills,6.8,1.3274689627056682,6,0,0
3992,5912.9,20,0,retail,12.9,0.28246986323025675,2,0,0
310,29.74,18,6,entertainment,8.0,2.9624462236310847,5,0,0
7450,40.77,23,0,bills,12.8,0.7580531101028614,1,0,0
3570,7.6,10,3,entertainment,2.2,1.7523183105876743,0,0,0
6349,146.0,11,0,retail,0.3,3.1245841357689095,5,0,0
2257,187.67,12,1,retail,0.4,0.7467133860806521,4,0,0
4131,9.89,6,2,transport,7.9,0.4472465727841136,3,0,0
9531,28.25,11,0,retail,0.8,0.2532394920791509,2,0,0
8794,13.92,17,0,entertainment,1.3,6.261768093610932,0,0,0
5010,7.12,16,5,entertainment,1.0,0.4878660112338171,3,0,0
9244,7.84,21,4,food,12.1,10.833348071629487,1,0,0
4529,31.72,16,4,retail,11.8,0.6661573310566976,1,0,0
9769,40.34,13,3,retail,1.1,0.6142148485917713,1,0,0
1304,16.38,19,3,bills,1.5,0.9635386089578533,2,0,0
5298,304.13,12,3,bills,0.5,0.8828533909475824,2,0,0
7342,190.86,9,4,retail,31.5,3.657431799541208,3,0,0
5624,3.5,7,0,transport,1.8,2.65240275548368,3,1,0
5481,100.04,18,1,bills,4.2,0.4348716805165646,3,0,0
7910,89.8,20,4,entertainment,15.1,2.573695531267308,1,0,0
3543,58.83,19,4,retail,1.5,2.931942012876876,4,0,0
2253,85.98,13,1,retail,2.8,2.096546570199105,1,0,0
2667,1054.6,19,5,retail,11.0,2.298758237745953,2,0,0
6407,2.87,18,0,food,19.8,2.2704599059058475,3,0,0
4913,12.46,9,2,retail,0.9,1.9854921319501644,0,0,0
9516,107.13,20,4,retail,1.3,4.52408330764366,2,0,0
757,237.32,8,0,retail,3.6,0.09729745807863055,4,0,0
5194,36.27,21,4,bills,0.9,0.3045044535725023,2,1,0
7753,16.11,19,0,bills,7.9,0.04223263665176026,1,0,0
8197,9.47,21,0,food,4.8,4.208687052549843,2,0,0
456,1347.45,17,0,food,18.0,0.6360898856758961,1,0,0
4822,3.2,7,1,bills,3.0,1.1302585822493296,2,0,0
3362,1693.83,20,6,entertainment,5.0,1.9658188840348214,3,0,0
76,124.13,18,5,retail,1.3,0.2666015499704526,1,0,0
1170,1.31,4,6,food,0.4,5.827530373695957,0,0,0
620,1083.78,11,6,retail,3.9,4.19231455090609,1,0,0
2088,86.96,13,3,transport,3.5,0.7980811300000679,2,0,0
2984,20.85,17,6,retail,0.3,0.659938047948921,3,0,0
2267,6.49,12,4,entertainment,3.4,2.0226030306201928,1,0,0
2303,22.54,23,0,transport,4.2,13.647532530335027,0,0,0
8114,961.45,9,3,retail,7.2,0.9615099379695049,3,0,0
4666,2.12,16,6,bills,1.4,3.3106266133755584,3,0,0
5656,93.46,11,2,food,6.8,0.6006723616233447,4,0,0
5667,1577.73,10,6,bills,8.9,3.126656064014513,6,0,0
6848,3.81,16,2,bills,2.7,4.130993821743884,4,0,0
1015,66.13,19,4,retail,2.6,0.7564118317097829,1,0,0
1115,57.92,16,2,entertainment,3.6,0.6755254742808732,4,0,0
9912,332.3,1,6,entertainment,231.1,1.8662664330196843,7,1,1
6074,31.28,15,5,bills,9.0,0.4386483840306632,4,0,0
2035,51.59,6,6,entertainment,1.2,2.8003133200261154,3,0,0
4079,5.73,0,3,retail,9.3,10.119549065975551,1,0,0
7200,42.09,18,6,food,3.6,4.73279228685108,3,0,0
9039,533.83,20,3,food,3.0,4.020374536692447,3,0,0
5764,34.87,19,4,entertainment,16.7,8.49322291330898,3,0,0
7982,107.81,21,2,bills,12.1,4.935836059929282,5,0,0
6193,291.06,13,6,retail,6.6,1.478956159704477,1,0,0
560,199.16,23,4,transport,6.0,1.2036329335952771,4,0,0
2650,18.95,17,3,entertainment,3.9,3.459287540532941,1,1,0
5070,36.54,14,6,transport,1.2,0.18910461258647032,0,0,0
3147,19.58,13,4,bills,0.4,6.54875020790587,1,0,0
5908,120.05,11,6,transport,6.2,8.345925337845337,2,0,0
9854,23.37,2,6,bills,111.5,0.1758568532767013,7,0,1
5921,24.99,18,1,retail,4.3,1.3919267136443003,3,0,0
3864,30.21,22,4,food,3.6,4.671913453053352,1,0,0
9805,33.1,3,2,retail,580.9,61.13031515372746,10,1,1
7384,20.85,20,6,food,5.9,2.0655007375928855,2,0,0
1234,36.63,12,4,entertainment,2.1,0.693577089581171,4,0,0
5736,137.28,1,4,retail,1.8,1.2393659166662891,3,0,0
514,195.47,19,4,food,7.3,0.9988918776349509,0,0,0
1757,0.8,4,3,entertainment,0.9,8.50115355840505,3,0,0
9576,51.71,14,6,transport,8.0,3.0951259769585344,0,0,0
9168,2.69,8,5,transport,15.1,4.798522225798779,0,0,0
594,107.1,15,6,transport,0.8,0.09692670199928613,0,0,0
796,60.44,18,1,food,1.8,4.952100246839068,2,0,0
6194,44.39,11,5,entertainment,0.3,1.3789554919990392,1,0,0
4640,46.0,22,0,transport,3.4,0.3331805007470843,1,0,0
7447,33.93,19,5,bills,1.8,0.9364277580896616,0,1,0
6851,73.16,13,4,transport,3.6,8.829686368591368,4,0,0
4366,49.51,23,0,bills,0.1,2.15760413197763,2,1,0
9410,11.29,7,3,food,6.1,4.543574429418395,2,0,0
9488,43.7,11,5,transport,1.6,11.881301799995192,1,0,0
4884,63.67,21,2,bills,4.6,3.3934705136906063,3,0,0
2916,1.7,21,4,bills,1.0,0.8786217133851064,0,0,0
3265,8.81,23,2,retail,4.2,2.0404214043375126,5,0,0
1017,250.51,6,1,bills,9.5,3.6276178092098443,6,0,0
2284,25.25,18,5,entertainment,1.8,0.4944899178983065,1,0,0
8155,353.62,12,3,retail,0.7,0.8254248039493118,1,0,0
3054,268.54,0,2,bills,10.0,0.9479959346213682,2,0,0
5996,33.2,11,4,transport,2.0,1.735336527353006,4,0,0
4195,104.43,16,5,food,0.5,1.453137972167125,1,0,0
7818,38.73,22,2,food,2.1,4.153141052079926,2,0,0
8248,4089.65,15,6,food,2.5,0.30100551645049345,0,0,0
7362,1749.8,0,0,bills,17.2,0.038512460170394835,5,0,0
4547,3.49,15,2,retail,3.0,4.05312980360004,3,0,0
5936,10.44,12,4,bills,4.2,0.6594861805788677,0,0,0
666,16.83,11,4,bills,4.9,2.1869749924682944,2,0,0
283,17.07,6,6,retail,1.0,3.3443971535842962,0,0,0
200,65.35,12,0,retail,9.3,5.9434571582823175,0,0,0
1894,292.02,18,6,transport,4.9,0.3070382280694432,2,1,0
2434,121.39,16,4,retail,0.9,2.2563751656966606,0,0,0
4883,8.51,19,2,entertainment,1.3,5.162552223962812,1,0,0
1064,171.57,18,5,transport,9.4,3.370949918644353,2,0,0
117,942.9,7,2,bills,1.1,2.9181718719583034,1,0,0
2489,36.94,10,0,bills,1.4,0.6235536025822881,3,0,0
4442,16.89,16,5,transport,2.5,9.810265186728097,2,0,0
2851,2.29,21,6,bills,2.9,2.5636701713376366,1,0,0
9323,123.72,11,0,entertainment,4.3,1.024361637619886,0,0,0
3036,43.32,7,6,entertainment,3.0,2.4008195589864116,2,0,0
9346,46.79,21,3,transport,3.1,11.976760976943023,2,0,0
2941,319.04,11,6,retail,0.7,8.743998619054356,1,1,0
1671,25.52,22,4,bills,8.0,2.56694180385628,3,1,0
4865,128.69,11,5,food,3.4,1.1071021493669584,2,0,0
1785,34.08,12,5,retail,4.0,2.767239811932842,1,0,0
4016,28.39,17,5,food,1.1,2.862616635392339,4,0,0
4594,29.05,12,0,bills,1.4,2.746326910525143,2,0,0
495,206.59,8,4,transport,9.8,1.0190464324736943,2,0,0
1668,11.6,19,4,transport,1.9,1.4021724130230089,1,0,0
978,23.44,16,2,entertainment,5.2,1.0819665983812738,3,0,0
5356,80.28,7,0,bills,0.8,1.4424681885623771,0,0,0
2000,48.26,19,5,transport,4.7,3.4222626315241875,2,0,0
8941,63.83,12,3,entertainment,3.2,0.3126843562937967,5,0,0
6501,3.48,8,6,food,2.2,6.117654482039947,1,0,0
4087,86.67,11,5,entertainment,4.3,5.485099695752496,1,0,0
5169,1010.01,9,0,retail,5.0,0.6639651059615597,2,0,0
2861,24.91,22,0,transport,1.1,8.637546086219494,2,0,0
8850,37.76,21,5,entertainment,8.2,1.336176177872856,0,0,0
3116,18.21,14,4,bills,7.6,6.224975478991779,3,0,0
8263,12.26,13,6,bills,2.8,1.2498069355552426,2,0,0
5013,5.84,12,0,retail,9.2,0.9591542272214386,1,0,0
3974,94.37,23,5,food,1.3,1.0808629812265365,0,0,0
7729,4.05,15,0,entertainment,4.5,2.185627422606936,1,0,0
7563,1675.81,16,5,food,3.0,10.015147081080155,1,0,0
4342,143.14,19,1,entertainment,3.9,1.2806465175436172,1,0,0
7244,54.71,20,0,food,0.6,1.14280934798984,3,0,0
8219,706.32,10,0,retail,3.3,4.243530822812709,0,0,0
394,48.57,11,3,entertainment,8.2,6.504983313372397,1,0,0
3048,123.23,12,4,bills,13.9,0.6113938855968256,2,0,0
6631,8.0,8,2,retail,1.1,0.8674665649928321,1,0,0
5409,130.0,8,3,entertainment,2.9,5.092204356860901,2,0,0
1781,1564.32,18,2,retail,21.7,2.9395082683261213,1,0,0
9335,2873.06,18,2,transport,1.3,2.8689912864359366,1,0,0
7636,28.06,14,5,food,7.1,2.831678428576432,4,0,0
2218,47.76,17,6,retail,2.7,2.6690883640214835,2,0,0
5243,7.63,21,6,transport,0.7,2.1960646557774544,2,0,0
1864,74.02,21,0,bills,8.2,0.07624978187773138,2,1,0
1591,4.93,13,6,transport,8.6,6.661507577167146,2,0,0
8759,4.78,7,3,bills,0.1,4.029722353203412,2,0,0
4498,29.69,13,5,transport,13.5,0.6842923316815618,1,0,0
6744,20.06,10,3,entertainment,3.0,0.14962980054687486,0,0,0
7365,15.54,9,1,retail,0.8,0.8811741089868819,3,0,0
6749,264.71,10,1,transport,3.2,0.3568911242011989,1,0,0
3240,177.54,17,6,transport,1.9,8.100123399743266,0,0,0
4903,30.26,15,4,bills,4.4,5.059651382870465,0,0,0
2446,269.48,2,0,transport,1.1,0.46118576220773266,1,0,0
2638,183.86,7,3,retail,1.0,3.9180770513244916,3,0,0
7216,80.02,12,1,transport,0.6,3.2723885178154832,0,0,0
3002,30.23,9,5,entertainment,12.5,2.97063674251865,2,0,0
3504,183.97,22,5,entertainment,17.3,2.4564062508851165,6,0,0
5657,1000.97,17,2,entertainment,1.0,0.7753906109610978,1,0,0
6650,48.83,7,4,entertainment,2.4,1.8416125441726516,0,0,0
6032,22.4,19,5,retail,3.3,0.4630722740132307,1,0,0
655,31.78,22,5,retail,0.7,4.0720395794962005,0,0,0
412,711.2,20,1,food,0.1,5.890907270603681,0,0,0
7871,61.92,0,6,retail,2.5,1.1140331403999053,0,0,0
2237,101.61,20,3,bills,0.5,1.1699833698185718,2,0,0
8979,32.17,17,3,entertainment,9.5,1.0898266063424713,6,0,0
7222,7.19,14,1,entertainment,0.1,5.570835449799083,1,0,0
2326,96.32,23,3,entertainment,2.4,3.7075909618011345,2,1,0
6184,3.35,13,2,food,4.8,1.5559288153659097,5,0,0
3137,228.58,23,4,retail,3.0,2.651761523493792,4,0,0
6535,11.24,21,1,food,2.3,1.1553921145073078,1,0,0
8849,11.07,22,6,entertainment,1.3,2.8331471311940843,1,0,0
5739,7.44,18,6,bills,0.9,0.7419200482969119,3,0,0
4122,657.62,6,4,bills,2.2,4.798338572698694,2,0,0
4336,27.08,21,2,food,0.7,0.08416860373902996,0,1,0
6334,8.02,11,5,entertainment,3.1,2.531351455202982,2,0,0
9866,48.13,8,1,retail,222.1,2.2508286517289124,8,1,1
77,35.16,14,2,entertainment,1.3,0.018691759632257117,2,0,0
9099,5.18,14,1,entertainment,3.3,7.770710350836347,1,0,0
3178,433.57,17,1,food,8.4,4.514899250106328,2,0,0
2739,3.65,0,3,retail,9.4,2.082664238703652,4,0,0
9840,44.35,20,3,bills,176.9,24.950362634039855,9,0,1
5721,8.22,13,3,entertainment,3.6,3.597142303275178,2,0,0
7857,2.29,9,4,bills,2.8,1.3565715781936176,4,0,0
6914,112.05,3,2,entertainment,1.9,4.669698090079517,4,0,0
4615,117.4,12,4,food,1.8,8.082061206244024,1,0,0
2597,48.15,11,1,retail,3.0,1.825051460783746,2,0,0
9587,40.26,9,6,bills,0.4,1.8091543390679805,3,0,0
7461,83.41,18,2,food,3.5,0.3523914879344918,1,0,0
1288,1304.97,15,6,retail,4.5,3.6993690850658423,2,0,0
8164,50.53,4,5,food,0.7,4.0190663183608395,1,0,0
1855,14.63,16,5,retail,7.2,0.49126531550641644,4,0,0
2556,34.71,21,4,retail,1.4,2.30023933887046,2,0,0
8106,123.28,3,6,bills,0.8,1.1063544701565304,0,0,0
375,27.78,19,3,entertainment,13.3,3.7260063968863633,1,0,0
9681,41.63,22,5,bills,15.1,1.4998255225011534,3,0,0
8756,150.45,0,0,entertainment,2.5,0.9340231013186774,2,0,0
1834,13.35,4,0,food,3.1,0.6342196422972726,1,0,0
5276,18.04,12,2,food,8.2,0.7805347838266287,4,0,0
7442,79.44,12,2,retail,4.4,9.32315200406458,3,0,0
6345,41.24,6,5,entertainment,1.1,2.6832204260445818,1,1,0
7239,275.43,21,4,bills,24.7,7.773310203409296,2,0,0
7006,622.45,23,4,retail,7.9,2.3302457700919814,3,0,0
5518,15.28,11,5,retail,8.1,2.2651647794322853,1,0,0
1302,119.62,23,0,entertainment,3.2,16.599775406904666,3,0,0
1328,4.97,16,6,entertainment,0.1,0.49183312762957243,2,0,0
9523,45.1,10,3,entertainment,5.8,0.10176181950313884,2,0,0
9602,358.02,11,5,entertainment,20.1,0.42471065631184435,2,0,0
1335,130.82,21,6,entertainment,8.9,4.185566847282003,2,0,0
6141,1626.86,8,4,retail,5.5,4.902910931724988,2,0,0
1364,255.78,12,3,food,1.9,0.2184688896391303,2,0,0
8588,28.22,19,0,transport,0.7,9.974057870597873,6,0,0
940,31.79,18,0,transport,5.4,4.332988008513551,2,0,0
271,810.3,21,3,bills,3.2,0.6550108612578965,1,0,0
8466,112.63,15,5,bills,2.0,1.8655661938152268,2,0,0
2200,115.61,9,0,transport,3.7,2.4160638218261274,5,0,0
7725,62.38,10,4,entertainment,8.9,0.5257289105687556,1,0,0
1228,1055.75,17,6,retail,12.0,2.473734603480886,1,0,0
5731,49.1,15,1,transport,12.1,3.325447719719777,4,0,0
5939,230.31,18,3,retail,1.3,2.644421193493028,0,0,0
5864,176.3,7,3,transport,1.9,0.4855037049956705,1,1,0
5139,360.72,11,3,bills,5.8,3.915581064124444,2,0,0
6048,3.75,10,5,entertainment,1.5,0.9043841673033483,3,0,0
3405,49.66,0,0,transport,1.6,6.444079441273406,1,0,0
5362,8.39,20,0,food,2.3,2.7320867868642984,3,0,0
1173,113.2,18,5,food,5.4,3.1185456779431293,0,0,0
1796,99.9,12,0,food,8.2,6.542319910837852,5,0,0
7613,140.98,16,6,entertainment,1.0,0.6087558734230043,2,0,0
3157,1.55,22,4,food,4.9,2.614376849154577,4,0,0
2198,140.65,1,0,retail,2.9,3.7978148340286113,2,0,0
3995,16.75,16,1,retail,5.6,5.019608446160686,2,0,0
2946,13.98,6,3,entertainment,0.6,0.855066297669943,3,0,0
1531,72.63,13,4,entertainment,5.0,5.192704028067622,1,0,0
3925,65.09,16,6,entertainment,2.2,2.6903299193993258,2,0,0
8268,621.39,10,4,food,9.0,5.067881250726238,3,0,0
2361,3.0,17,1,entertainment,2.3,1.0508501191013178,4,0,0
6450,0.95,11,3,transport,3.8,3.5243091533205817,2,0,0
4183,260.21,10,4,transport,2.0,4.217040887075517,0,0,0
2311,527.01,21,0,retail,2.3,4.82673579446489,3,0,0
6215,34.15,6,2,food,2.3,2.1177815245419587,4,0,0
4212,179.74,2,6,food,1.4,2.818200918762764,1,0,0
3115,34.95,11,3,retail,15.3,0.7863170480168293,0,0,0
7696,9.13,12,5,transport,0.1,5.047588009904816,1,0,0
9515,73.43,13,4,retail,19.7,2.214994322147245,2,0,0
813,34.9,10,5,transport,5.4,3.4478350688488995,3,0,0
2986,378.97,18,5,transport,0.4,3.498246643674961,3,0,0
7876,11.47,19,3,entertainment,7.7,2.920841301590925,2,0,0
1365,26.78,8,0,food,1.2,7.414065398996614,2,1,0
5120,313.47,17,5,retail,3.7,2.08137270866664,0,0,0
6299,93.82,10,3,retail,7.2,7.469021976369863,0,0,0
7767,167.86,8,2,entertainment,0.7,2.4523084055955207,3,0,0
3724,113.48,16,2,transport,3.2,5.38183074526941,1,0,0
7124,43.47,20,6,food,8.6,1.8690152384509449,0,0,0
3527,157.73,17,3,transport,0.8,1.3512608014919796,2,0,0
4516,130.06,14,5,retail,0.1,2.690293278445978,2,0,0
5359,66.49,11,3,food,6.9,4.742989268999616,3,0,0
7795,54.17,6,3,retail,0.5,4.432912476628839,2,0,0
1051,90.63,13,5,bills,2.8,0.5330554431316161,3,0,0
9821,55.98,7,5,transport,290.0,26.963003538448767,14,1,1
2310,231.4,0,0,entertainment,0.3,2.4200524354404465,3,0,0
6021,244.81,14,0,bills,19.5,8.029274048089448,1,0,0
7469,14.85,10,5,transport,8.2,1.0203938398027788,1,0,0
6892,15.49,13,6,transport,0.9,0.43940173257087717,2,0,0
1578,183.57,13,5,entertainment,9.9,6.761299207094218,1,0,0
8541,311.24,21,4,retail,23.5,0.9076393839788812,1,0,0
2347,24.87,16,4,entertainment,4.2,9.345576565824246,2,0,0
8955,1.46,7,6,food,2.4,0.9753706683547195,1,0,0
1210,34.96,9,0,retail,5.8,0.888675915269202,6,0,0
8153,126.96,17,3,transport,0.3,1.198685556449479,1,0,0
8257,16.99,13,4,entertainment,2.9,2.1902744121793916,4,0,0
7168,88.41,23,4,entertainment,1.3,4.618780819436667,2,0,0
9129,4.5,20,1,transport,9.9,1.9595484961024416,4,0,0
3416,17.7,7,4,entertainment,0.9,8.649812173625516,2,0,0
6324,30.49,16,0,retail,1.6,1.4442987849144249,3,0,0
9823,33.35,15,6,food,89.7,6.23461932609193,10,1,1
8876,21.66,23,5,transport,5.3,3.224783518527563,5,0,0
8639,111.23,6,3,entertainment,14.5,2.265053943557601,2,0,0
8654,10.58,18,1,retail,12.8,2.913519847399164,2,0,0
2827,142.53,16,5,food,15.0,2.4521146759523824,4,0,0
5326,13.11,18,5,retail,3.8,7.664478148787186,1,1,0
9928,25585.61,17,5,transport,20.6,3.238880079402772,7,0,1
8551,12.29,2,4,food,1.7,1.2487325727669445,4,0,0
5725,45.93,0,4,food,1.6,1.9926949950107877,5,0,0
1736,39.14,16,5,bills,8.4,1.477651460664431,0,0,0
6937,225.17,9,5,entertainment,6.1,16.278318659580044,3,0,0
5943,66.88,19,5,entertainment,4.0,1.1458057344409105,3,0,0
628,11.08,13,5,food,0.3,12.31521526166583,3,0,0
3976,199.26,15,1,retail,1.9,0.644003871863476,2,0,0
9123,180.25,7,1,entertainment,10.1,1.8640954476794418,2,0,0
4809,2030.16,18,1,bills,12.8,12.28936019448102,2,0,0
7167,151.1,4,3,food,0.2,3.3886659458625408,3,0,0
893,2.61,16,5,retail,0.3,2.8590197714519303,1,0,0
1598,38.21,9,3,food,2.6,4.5327081301429,1,0,0
3339,23.88,23,3,bills,4.1,1.0102991875106375,3,0,0
4520,2.75,9,6,entertainment,1.5,3.276982957410491,1,0,0
5202,195.89,13,0,bills,3.4,2.9983784561814035,1,0,0
2102,168.6,2,1,bills,0.8,0.9255089075295655,3,0,0
9006,26.47,18,5,retail,4.0,1.5609136757986908,2,0,0
7336,20.79,13,1,retail,0.1,2.635532526861933,2,0,0
4224,20.28,17,5,food,0.7,3.3484361494616453,5,0,0
1838,11.06,18,3,entertainment,2.0,2.1869538982794716,1,0,0
1722,58.93,20,3,entertainment,0.6,2.0573673779057255,3,0,0
6855,54.39,0,4,transport,0.7,5.026788238705588,2,0,0
9221,52.76,8,3,entertainment,3.6,2.894215178585477,1,0,0
484,21.38,14,4,bills,3.5,2.0970831294490417,2,0,0
5141,72.76,23,2,transport,12.2,4.135497072038867,2,0,0
5937,280.94,12,2,retail,3.8,8.55655954311814,0,0,0
8023,104.55,14,3,food,3.7,3.5489969466838494,2,0,0
251,11.75,1,6,retail,0.0,7.12159304759059,2,0,0
3343,15.83,7,5,retail,3.8,0.8849356468420784,6,0,0
2002,3.92,1,2,bills,3.3,0.543435126543536,1,0,0
416,202.62,14,6,retail,3.2,3.557759255464868,1,0,0
8400,26.54,7,4,retail,0.9,1.3804708258425702,2,0,0
9332,211.4,13,6,entertainment,14.4,7.816001961595771,1,0,0
8259,155.45,19,0,retail,9.4,6.312155224566609,0,0,0
9183,6.11,19,2,transport,3.8,3.247856947021158,1,0,0
3870,208.43,21,6,food,3.6,6.697290843487887e-05,2,0,0
4517,36.41,20,6,retail,9.9,0.03634150365906441,0,0,0
176,122.32,6,6,transport,5.9,1.4145731611100363,4,0,0
3092,141.24,20,4,transport,4.0,10.5572817727929,2,0,0
1611,80.83,18,1,transport,1.7,0.882387858066948,2,0,0
9032,17.6,9,1,bills,0.0,7.647217424142116,3,0,0
3571,160.12,12,3,transport,15.4,3.169333640486414,3,0,0
9228,198.12,16,0,food,3.9,2.0801755396156203,6,0,0
3403,61.81,3,0,entertainment,0.3,5.778848983003186,5,0,0
3913,44.85,17,0,transport,2.8,2.039486319874335,0,0,0
4964,37.78,21,5,retail,1.4,2.6592999567559343,2,0,0
9588,43.51,1,2,food,0.3,1.4086846028019226,3,0,0
5367,58.65,16,0,entertainment,0.7,2.175961557256672,3,0,0
1938,233.17,7,6,transport,0.2,0.4944412882527194,1,0,0
3706,3238.29,0,5,bills,7.0,3.9929485640092586,0,0,0
9589,9.55,21,0,entertainment,0.6,4.551368132778643,4,0,0
5552,33.61,6,2,retail,2.3,3.3622703310034705,0,0,0
6551,11.54,23,6,entertainment,0.4,5.31531800105256,3,0,0
3047,51.25,18,2,retail,11.6,3.0845584784408384,3,0,0
8943,1864.01,17,3,entertainment,2.3,2.572526994200663,2,0,0
3516,35.26,18,6,entertainment,0.4,0.1715631245405762,1,0,0
8520,15.22,19,5,transport,2.2,4.581770783492694,3,0,0
3448,9.03,11,6,food,12.4,3.058591426926739,5,0,0
2397,30.3,13,6,entertainment,10.8,3.1784349747277307,3,1,0
7656,38.97,12,3,transport,1.9,2.3805408771733547,5,0,0
2409,101.86,23,2,food,1.2,0.8835961915461007,1,0,0
9944,125.25,11,2,entertainment,489.0,55.46021309136993,11,0,1
9578,77.57,20,5,entertainment,16.6,0.3889781186329666,2,0,0
9637,177.22,8,2,transport,4.9,0.7409547509684445,1,0,0
8555,37.33,12,6,bills,1.2,1.2812988491282438,1,0,0
7070,16.04,16,6,entertainment,8.1,5.610426022759281,2,0,0
5708,148.1,13,1,entertainment,0.7,0.2230617184551389,1,0,0
2710,171.06,13,4,food,1.7,0.6665933968721937,1,0,0
5344,24.9,18,4,bills,5.5,0.3947071768712934,3,0,0
6542,91.62,5,4,retail,7.8,2.6928055728594513,2,0,0
4271,6.41,16,3,retail,2.1,3.9134758347496037,4,0,0
1398,6.24,13,5,entertainment,0.9,0.24157919726604798,1,0,0
4242,5.29,18,6,transport,2.5,19.757513247285033,5,0,0
5622,12.08,9,5,transport,0.8,0.3802982526939418,0,0,0
3046,23.71,22,0,food,4.4,3.004985680584448,3,0,0
8367,13.18,22,5,food,0.4,1.699667527783654,2,0,0
8915,3.44,18,5,food,1.4,2.069950980417617,3,0,0
3587,129.62,4,3,transport,10.3,0.03470014442902907,0,0,0
9893,27.14,2,3,entertainment,85.2,58.44838417802738,11,0,1
228,57.48,11,1,bills,6.5,1.7023316367895913,4,0,0
9591,3100.02,11,2,retail,9.0,0.24813598873295678,2,0,0
1125,205.89,18,0,transport,0.7,8.835217285622189,0,0,0
5724,186.44,21,0,bills,13.1,4.0662664835465625,3,0,0
3267,6.07,13,5,entertainment,22.5,3.2038563404974316,1,0,0
9846,1536.73,1,5,bills,578.1,12.087013514325792,8,0,1
8733,99.66,14,4,bills,10.8,0.7502729559255674,0,0,0
8275,2.47,21,6,retail,0.8,2.5103447349090504,2,0,0
8128,167.4,19,4,entertainment,0.7,20.398380018813103,2,0,0
6794,59.17,20,1,food,1.9,6.750236886226723,2,0,0
5016,285.57,23,3,entertainment,9.6,0.29842463463167246,0,0,0
6557,18.75,23,1,entertainment,12.1,0.5221848908748123,0,0,0
4950,2.35,6,2,food,0.7,2.3845479297054606,0,0,0
2652,72.49,12,5,entertainment,4.7,1.0375850589443072,1,0,0
5630,11.37,11,4,entertainment,0.4,1.4221252978697159,1,0,0
365,74.37,11,3,retail,7.8,7.845123068748878,1,0,0
6250,59.49,23,4,food,3.5,2.2957914217134032,2,0,0
9155,33.98,13,5,entertainment,4.8,3.1411477213361185,2,1,0
8847,148.77,10,3,bills,10.9,5.243900494885489,2,0,0
7000,569.89,22,3,entertainment,0.5,1.395308399751111,0,0,0
8601,116.11,20,0,retail,2.2,2.222872949884753,1,0,0
6929,114.46,6,0,retail,3.3,3.057143421008839,1,0,0
2455,75.4,13,4,retail,2.4,3.626064380794098,0,0,0
8188,20.17,0,1,retail,9.7,2.9777760723157676,2,0,0
526,41.41,5,3,transport,2.5,3.790282218494928,3,0,0
6485,34.93,18,0,bills,7.7,3.19813980561341,0,0,0
3021,29.14,23,2,transport,1.6,0.0970111404194818,3,0,0
8402,6.6,20,6,bills,3.1,0.4624485425874688,3,1,0
2867,13.88,20,4,food,5.0,11.523617435210609,3,0,0
3896,35.0,6,2,entertainment,1.9,4.083078982896456,2,0,0
8460,31.96,9,4,retail,1.3,0.173975917740312,0,0,0
9609,31.8,14,3,food,2.2,4.76626048042033,4,0,0
3171,66.0,6,3,bills,1.8,3.4038402422801033,3,0,0
8971,60.7,9,6,food,1.8,0.7959821332122033,1,0,0
4388,37.68,14,2,bills,13.0,3.991296161711727,2,0,0
7784,210.03,20,1,food,16.2,0.5141824463248676,3,0,0
5970,28.08,12,2,food,2.7,0.7127430900506885,1,0,0
4820,45.81,15,6,retail,0.2,1.435715699801361,1,0,0
919,327.95,8,5,bills,5.6,1.8886132588834754,2,0,0
8864,33.17,15,1,retail,2.5,3.9229220430062606,1,0,0
9162,217.0,12,6,retail,1.1,0.8584658729499198,2,1,0
42,521.61,15,2,food,7.1,3.647271624351232,2,0,0
4452,78.03,13,3,transport,9.3,3.576341713371918,1,0,0
7372,200.12,15,4,food,6.3,3.187263790237081,0,0,0
4742,25.63,13,6,entertainment,32.7,5.824414641498597,1,0,0
2838,34.2,18,0,bills,5.5,0.08762088662923453,1,0,0
9525,40.54,7,4,food,3.3,7.354643582485089,3,0,0
3525,3.01,15,3,food,3.5,4.146689124538625,3,1,0
9049,101.86,17,2,transport,10.1,1.1206457287435054,4,0,0
1128,8.24,21,2,entertainment,7.3,5.601854370836166,0,0,0
9790,612.52,15,5,transport,8.6,0.7252874797131902,1,0,0
1679,57.64,18,6,bills,21.0,0.035408954264345656,2,0,0
9397,183.63,17,3,entertainment,0.7,3.957790416554673,1,0,0
9666,18.38,14,1,transport,1.5,4.022658703094512,0,0,0
7526,35.45,17,1,bills,14.6,1.4106312914675814,0,0,0
2731,41.29,5,0,food,9.9,0.8360831811962331,1,0,0
8267,31.96,18,6,transport,4.4,7.561861382120453,2,0,0
121,59.48,3,0,food,0.2,6.904982943652309,1,0,0
6569,97.25,20,4,bills,2.8,6.536126769600418,2,0,0
4901,114.89,6,4,transport,3.4,3.835680587410113,2,0,0
7298,11.11,12,3,entertainment,2.7,0.5713260038960272,1,0,0
886,2.42,11,2,transport,5.9,0.18291968983214027,1,0,0
7494,134.22,18,6,retail,0.2,2.292459947396016,2,0,0
4395,9.44,10,4,entertainment,0.7,0.2663236240760778,4,0,0
3195,13.39,20,3,entertainment,0.2,4.045089406135473,1,0,0
2059,4.01,18,0,transport,14.3,14.474201124015774,2,0,0
3712,60.24,12,0,transport,0.6,1.5464434078081275,2,1,0
8004,60.87,11,2,retail,6.2,1.8566476276586943,2,0,0
1203,182.86,2,1,entertainment,5.2,2.2764289331204575,2,0,0
1098,17.49,17,3,bills,0.5,8.115640508191905,2,0,0
7723,27.36,23,6,retail,5.7,1.9061846199503463,1,0,0
9097,55.99,12,5,entertainment,6.7,0.7852440203048141,3,0,0
4446,6.76,12,1,entertainment,0.7,1.1944503227313272,1,0,0
3316,61.57,16,2,retail,5.0,3.9881111845143065,2,1,0
3014,1395.74,14,6,transport,6.9,2.926757313349981,2,0,0
9879,2004.86,5,4,bills,824.8,18.834484944169063,8,1,1
338,39.78,1,1,transport,8.6,0.7197897107072275,1,0,0
4756,186.2,22,3,food,3.3,1.0962658264425682,2,0,0
4115,241.34,15,1,bills,3.4,0.0015931825636059606,2,0,0
8495,111.27,23,0,retail,1.3,1.859057974897584,1,0,0
3319,123.26,21,1,food,1.7,2.54358762630668,2,0,0
5727,15.46,21,2,food,1.7,4.761699597682346,0,0,0
6315,60.71,11,5,entertainment,2.3,2.5636865524619683,2,0,0
6007,18.75,13,0,retail,0.2,0.5646259472973392,3,0,0
9898,84.78,8,2,bills,1162.2,5.1202840611328035,15,1,1
4475,68.58,17,0,food,0.3,0.9749573547610477,1,0,0
7343,218.86,18,3,bills,11.9,0.8897912796604105,2,0,0
912,24.0,22,2,entertainment,1.7,8.54672769429778,3,0,0
3326,190.72,19,4,retail,1.0,3.3834900560578056,3,0,0
3414,439.39,17,5,transport,10.2,0.7961317753310563,0,1,0
5850,61.84,13,3,entertainment,2.0,2.829725786920271,3,0,0
697,14.2,11,6,bills,4.1,0.16435140294862488,1,0,0
4040,198.56,6,0,entertainment,0.6,2.2881517661831916,0,0,0
4088,339.01,12,3,transport,1.4,0.51565126859012,3,0,0
6400,146.18,10,6,food,4.4,2.497811145774092,2,0,0
5042,15.83,11,4,bills,14.1,3.42436912677254,2,0,0
8939,275.56,12,1,food,10.5,11.701787680121326,1,0,0
1890,73.06,8,2,entertainment,4.0,1.3332199692225908,5,0,0
2230,13.3,5,3,retail,0.1,0.5546651302385278,2,0,0
6353,85.81,20,0,bills,2.9,3.2446041322849712,0,0,0
27,84.24,21,0,bills,6.1,1.123191073464227,2,0,0
6682,23.32,10,6,food,1.2,3.779274824907151,0,0,0
1481,10.22,2,1,transport,1.1,3.9423273965866334,1,0,0
6056,5.35,11,1,entertainment,1.5,0.13983913616250604,3,0,0
6327,94.99,8,6,entertainment,3.4,0.7691191126400835,4,0,0
7052,9.03,13,5,bills,1.6,1.245118151605622,4,0,0
5788,25.94,12,6,retail,1.9,1.8785913128548377,3,0,0
1351,231.9,21,3,retail,1.0,2.2283919228305833,2,0,0
8207,70.96,10,5,retail,10.1,2.067381279153454,3,0,0
1177,1.58,10,2,food,7.8,1.9713575738008,2,0,0
9674,138.87,9,3,retail,2.9,3.884568108570977,4,0,0
7533,20.74,9,6,food,0.2,16.42395607112568,0,0,0
8953,130.7,14,2,retail,22.9,9.952461881408826,3,0,0
8380,23.05,19,5,food,0.9,0.5818390538913858,3,0,0
3671,4.79,21,4,transport,5.0,0.2993397144334919,1,0,0
5373,153.8,16,5,retail,3.0,8.854921211932758,1,0,0
7747,104.23,23,1,entertainment,2.6,3.5767007545897185,2,0,0
6516,4.46,7,6,transport,4.8,5.801958667006817,4,0,0
7130,8.96,16,0,transport,8.7,7.310125289962265,3,0,0
4946,148.33,22,3,food,4.1,1.2242468387462488,4,0,0
2448,16.83,20,6,bills,3.0,3.714175294275673,2,0,0
4334,29.62,21,4,food,2.5,0.6668770524185854,1,0,0
5979,566.61,23,5,food,3.1,0.9501781424327826,3,0,0
7594,18.88,10,2,transport,6.4,0.8262306732979189,2,0,0
9054,141.95,8,5,food,3.8,16.94347512980866,4,0,0
832,210.52,16,6,bills,3.8,0.17503718983992633,1,0,0
6152,117.93,7,5,transport,4.5,2.0369053995448416,2,0,0
5807,163.07,14,4,transport,1.2,6.461801519476602,2,0,0
7691,168.67,11,4,entertainment,8.7,2.503686489646536,2,0,0
1013,18.43,16,4,entertainment,0.1,0.5713285930826315,2,0,0
8169,354.57,20,6,transport,29.7,1.4193885119284744,2,0,0
3927,20.41,19,2,food,7.4,1.5752234751930125,1,0,0
1349,168.18,17,4,retail,22.6,1.6849172819761833,1,1,0
4209,6.79,14,0,retail,1.2,7.143644903057088,2,0,0
305,110.3,8,0,transport,8.8,0.9973109764848955,2,0,0
6280,109.09,11,4,retail,1.4,0.8957675473941205,3,0,0
2184,160.63,12,1,entertainment,1.1,8.28298650944449,2,0,0
7774,164.51,10,4,entertainment,5.5,0.8745551739278901,4,0,0
4688,41.06,9,4,entertainment,9.7,3.0724289917831795,1,0,0
6108,65.8,8,5,entertainment,2.7,3.303117585854629,3,0,0
2058,27.15,6,5,retail,4.2,0.28810283910680723,8,0,0
817,6.47,10,1,retail,5.3,0.41831743839549174,0,0,0
8428,498.86,17,2,food,0.4,9.930229205383915,1,0,0
7832,514.65,16,3,food,4.8,6.493153942454553,4,0,0
6742,12.15,11,6,retail,2.3,1.272109741180761,1,0,0
5796,28.04,20,5,transport,5.6,1.788293032066506,3,0,0
2837,31.84,13,4,bills,1.8,3.5501392496697948,1,0,0
6267,11.01,14,0,retail,12.5,3.615173958162295,4,0,0
3935,155.18,7,3,food,1.1,4.553266368092638,0,0,0
9649,39.69,23,1,food,2.5,2.6228369387503445,5,0,0
9793,7.73,3,5,bills,6.4,7.418417782369792,3,0,0
5713,25.11,16,0,food,0.9,0.8698178683348499,1,0,0
9999,390.0,18,0,bills,350.5,18.392295713126316,11,1,1
4947,91.64,11,5,food,2.1,1.8462314096938064,2,0,0
405,57.88,23,2,retail,6.3,0.13365657801709532,2,0,0
4489,137.5,18,5,retail,7.2,0.03977231342729137,0,0,0
6956,497.31,16,1,bills,3.4,0.500457262776902,3,0,0
791,135.57,12,1,bills,2.0,3.626875046743832,2,0,0
5216,40.38,21,2,retail,10.6,1.8937899479942522,4,0,0
1403,298.95,19,3,bills,9.9,5.697884395176862,1,0,0
7644,152.78,12,5,retail,0.5,1.1684057300300519,2,0,0
8540,11.32,9,3,transport,14.3,2.862267586176924,1,0,0
6023,20.99,14,5,entertainment,21.4,4.055277322765219,1,0,0
3365,5.67,23,6,entertainment,4.1,2.5367436993283645,2,0,0
9101,36.53,17,1,food,0.4,0.5452737698809583,0,0,0
5167,12.78,18,2,food,4.8,5.368666568667054,4,0,0
2376,16.01,16,0,transport,17.0,3.8558500973424787,1,0,0
4024,44.99,14,6,retail,1.5,1.1347151000447957,2,0,0
4629,111.87,12,6,bills,0.5,0.18045937887018032,2,0,0
7821,297.77,12,2,bills,1.8,7.2693647250305045,3,0,0
8320,23.02,22,4,retail,0.7,0.0956909996052954,4,0,0
7695,26.82,23,3,retail,2.0,1.378328817400994,2,0,0
4552,66.79,8,6,entertainment,5.3,0.5108535424045534,2,1,0
4671,158.0,22,3,food,6.3,1.998410569560659,1,0,0
6754,22.06,8,6,retail,2.1,1.4639868198301125,5,0,0
4857,452.97,13,3,entertainment,2.1,1.9962267989799165,3,0,0
9638,31.76,20,0,food,2.6,1.075544186412989,2,0,0
2242,27.96,19,1,bills,15.6,0.9922650283476904,3,0,0
3168,284.5,18,4,transport,4.6,1.9127073463893245,3,0,0
8048,29.47,16,3,transport,6.0,6.468107144805133,1,0,0
6951,18.48,9,0,food,2.9,0.3472439463063745,1,0,0
3666,11.66,19,2,entertainment,0.6,6.115279488007362,3,0,0
9469,4.11,16,3,retail,0.8,4.078094926018345,3,0,0
1987,104.79,8,3,entertainment,6.5,8.804620848981143,3,0,0
2111,129.27,13,2,entertainment,3.2,0.9808295543455006,1,0,0
4477,12.84,5,1,bills,5.8,3.660796066671846,1,0,0
8200,15.33,20,0,entertainment,5.0,1.3538075409417718,2,0,0
1406,8.63,8,2,entertainment,14.2,6.571396923083194,3,0,0
2812,345.04,9,1,food,2.1,0.665048382549239,2,0,0
3000,65.5,18,3,food,0.1,4.2596189266333955,1,0,0
6587,8.96,10,0,entertainment,2.9,1.297765898459522,1,0,0
6608,52.43,18,6,entertainment,1.1,4.678854340866998,3,0,0
9522,166.82,18,2,bills,0.8,0.9756710362743676,0,0,0
5313,3.34,13,0,entertainment,12.2,1.4128776675912922,2,1,0
8130,51.39,9,4,bills,1.1,5.137588211867592,1,0,0
1873,80.78,6,5,transport,2.6,0.17958021456853512,0,0,0
3725,194.94,20,2,bills,9.9,1.6848544647625068,3,0,0
3590,15.34,10,4,food,13.1,0.7353659486295189,4,0,0
4583,2.27,19,6,food,4.2,1.1321495309817744,2,0,0
956,551.04,19,2,entertainment,1.9,1.2427044751099718,2,0,0
5883,23.02,4,2,retail,3.2,10.2418500727028,1,0,0
6924,8.23,19,2,bills,0.0,4.742139867493462,2,0,0
8530,304.48,0,6,bills,0.3,4.378024752531217,0,0,0
9420,104.24,7,1,entertainment,1.9,1.8145550563085995,0,0,0
2513,247.04,16,1,retail,1.1,0.5292757195444533,2,0,0
2991,158.29,14,2,bills,5.2,6.888944208781834,2,0,0
8829,48.97,2,6,transport,5.0,0.09283884663759104,1,0,0
7044,7.13,9,6,entertainment,2.5,1.6491781374705334,1,1,0
5185,2.69,2,5,bills,4.2,0.8438983090067662,1,0,0
9276,33.48,19,6,food,12.4,0.11743842275961427,2,0,0
917,5.33,14,1,transport,1.0,3.37169780078551,3,1,0
1773,8.95,22,4,retail,0.2,4.09791110184018,0,0,0
6163,171.7,15,1,entertainment,1.8,7.474343525242213,2,0,0
3380,419.22,3,3,transport,13.5,0.607694552961818,2,0,0
5780,65.07,21,4,retail,0.5,2.0041918614205403,1,0,0
9358,99.93,14,6,entertainment,22.1,1.3710180256451365,2,0,0
7013,82.37,21,5,bills,14.4,2.127952273012873,1,0,0
5086,79.77,20,3,transport,7.9,4.7601401829055145,4,0,0
7763,15.82,18,2,food,0.6,4.848598869431202,1,0,0
3415,568.85,19,4,transport,2.3,2.4117903982405644,4,0,0
5516,40.64,23,2,retail,1.8,0.5322153258259325,1,0,0
9386,391.58,15,3,bills,12.4,3.835852738633089,1,0,0
6578,4.86,11,0,entertainment,9.9,3.024078675747682,1,0,0
7443,67.11,10,4,retail,0.1,0.7896076579162739,3,1,0
6237,48.96,14,4,transport,5.9,2.1317453873472587,4,0,0
1047,56.18,19,0,retail,1.1,2.845412463931363,2,0,0
1915,36.95,10,3,transport,5.0,0.1246424412106121,2,0,0
5105,397.37,12,3,transport,2.1,3.724006013479789,1,0,0
4960,253.4,18,5,bills,3.5,0.6387224236595639,2,0,0
8483,28.58,19,1,bills,3.9,1.6325940248990412,6,0,0
1188,19.14,0,2,food,20.7,1.7331864252012938,2,0,0
6609,457.59,17,0,food,15.9,3.15559434197914,1,0,0
5272,31.0,13,4,transport,13.5,4.662208427922151,3,0,0
4790,802.67,21,2,retail,0.3,1.0702855581086217,3,0,0
6567,301.6,21,5,food,16.3,0.528099089169218,5,0,0
7085,33.2,18,6,retail,8.2,7.726585674467334,1,0,0
515,146.95,4,5,food,32.1,0.7365951572213394,3,1,0
5581,49.85,11,0,retail,7.2,4.14113061816169,3,0,0
2983,15.76,14,3,transport,0.9,1.2899807922609976,0,0,0
4153,8.49,7,4,food,5.0,0.12076253408859625,1,0,0
7681,8.27,8,2,food,13.6,2.027584799664896,1,0,0
5540,447.86,15,1,entertainment,4.4,2.9828674275974376,1,0,0
1632,88.71,12,6,bills,7.8,6.547739851413944,3,0,0
6078,342.8,6,4,retail,3.9,0.2958690891452801,1,0,0
7475,73.56,6,4,retail,0.0,4.486194889467697,0,0,0
9750,6.75,21,5,retail,0.5,1.1803596857423886,5,0,0
1617,138.88,7,3,food,0.1,2.4364230849956714,1,0,0
2592,16.0,17,0,transport,0.1,6.024410200050779,1,0,0
872,10.76,11,2,retail,1.7,6.503030495324574,3,0,0
2558,13.18,19,1,food,11.9,4.412511945651445,2,0,0
8365,6.14,12,3,transport,1.5,5.454959955939618,1,0,0
170,35.21,20,1,bills,0.0,6.665072973683529,2,0,0
7900,2756.53,13,1,food,3.4,2.479867736528363,2,0,0
2585,2.07,14,0,transport,2.0,3.729241901223447,1,0,0
9071,103.7,12,2,food,10.8,4.74264396033429,3,0,0
7275,439.64,12,3,food,2.9,0.416866029741647,0,0,0
9326,172.99,12,0,food,5.6,0.08894899332279055,2,1,0
8961,26.97,6,5,transport,0.9,4.875708485211237,0,0,0
2859,132.65,22,2,retail,2.9,9.272205133016097,1,0,0
9434,244.75,12,6,entertainment,0.8,7.372480901071844,1,0,0
4563,6.01,14,4,food,0.2,1.5135797108605038,1,0,0
5342,47.39,9,4,food,4.9,10.925041019354923,1,0,0
5829,3.92,7,4,retail,0.7,0.2726795690636943,5,0,0
5744,82.31,12,3,retail,2.2,1.5678627875742648,3,0,0
5673,51.62,10,6,food,7.7,3.7074335061455823,4,0,0
1990,8.31,13,4,transport,1.1,2.982825026272514,1,0,0
8168,69.25,13,5,food,4.6,7.722967354609924,3,0,0
3393,72.39,21,5,entertainment,7.0,1.2557234385863363,4,0,0
6509,112.24,6,0,entertainment,10.3,1.402545293162269,1,0,0
6532,184.16,17,3,bills,3.5,0.9777983017700955,1,0,0
8107,34.78,12,1,food,1.1,8.3799068516607,1,0,0
6095,113.31,12,2,transport,0.4,3.06950797898003,2,0,0
9883,228.44,6,6,retail,242.2,81.56846691929991,10,0,1
4916,355.27,13,5,entertainment,1.9,2.3106341810419506,3,0,0
2756,3.88,22,0,retail,1.0,3.360911991914453,0,0,0
5858,10.51,8,5,entertainment,2.0,1.788781199124334,2,0,0
1769,42.62,7,2,bills,9.2,3.516804588341687,3,0,0
2364,14.83,17,4,entertainment,5.6,2.9839669541426463,2,0,0
5653,69.99,22,0,transport,4.5,8.723726775025954,0,0,0
1257,120.45,13,3,transport,1.4,0.9267711687044522,1,0,0
164,128.5,22,0,food,5.5,2.140605896303918,5,0,0
8198,10.53,5,4,bills,3.2,2.6016210535064936,3,0,0
2330,181.85,10,5,food,0.6,0.18102044106179405,2,0,0
8254,591.78,13,1,bills,9.8,1.7386361465836566,1,0,0
7360,16.42,17,5,entertainment,0.2,4.024947381945074,2,0,0
8736,42.37,18,6,transport,0.7,4.573264247175717,3,0,0
6454,165.67,17,5,entertainment,10.8,0.6326953896430688,4,0,0
308,141.37,10,4,bills,3.8,5.85320969770014,3,0,0
6494,278.47,8,0,food,1.2,0.6793477242070437,3,0,0
9813,541.62,0,6,bills,2864.2,15.901256817290502,10,0,1
3300,110.64,15,0,retail,1.6,9.56340976153298,5,0,0
5264,5.69,17,3,food,7.5,5.015392079735553,4,0,0
9275,3.57,14,3,food,2.2,2.658360053458152,1,0,0
9087,13.42,16,5,bills,14.0,2.967064042132444,1,0,0
703,697.01,9,3,transport,1.8,0.47339568107291774,3,0,0
2782,813.85,13,2,transport,4.1,3.3647204512872535,1,0,0
8740,16.91,4,0,food,0.9,9.163496363380027,0,0,0
7756,12.95,4,6,food,0.2,9.529131747968485,7,0,0
3845,46.86,10,0,transport,3.0,4.538783686547135,2,0,0
2874,304.88,11,6,retail,13.5,5.983464675215486,2,0,0
812,174.3,11,5,food,4.3,1.7357717128249552,2,0,0
1102,138.0,5,2,entertainment,6.8,5.112865984180423,3,0,0
6497,80.42,1,2,transport,4.8,2.3222424554732686,1,1,0
6577,45.27,21,5,transport,9.2,1.7843296665943125,1,1,0
4792,50.98,6,3,entertainment,0.3,0.3352523156756534,3,0,0
5137,53.57,14,4,bills,12.7,0.1533087725082999,0,0,0
5825,834.4,12,3,retail,1.0,3.923818290432446,4,0,0
1901,241.33,11,6,transport,11.4,0.5603668047460296,1,0,0
6879,1467.78,9,1,retail,2.3,2.8628127068878206,2,0,0
9138,242.58,20,3,bills,0.9,0.37444018925982037,1,0,0
4105,14.82,23,1,entertainment,4.3,2.382664888247721,5,0,0
5393,125.68,8,2,retail,4.0,3.4692456559228972,0,0,0
3111,24.68,13,1,retail,3.0,2.187244164463129,4,1,0
4606,8.43,9,0,retail,0.4,1.4034807084875434,3,0,0
5192,10.99,12,0,retail,7.6,6.866816807765241,3,0,0
5091,9.01,9,5,entertainment,0.1,6.941860532197525,1,0,0
5875,10.65,15,3,food,0.2,0.23370553753878137,1,0,0
4056,54.76,13,5,retail,0.4,3.646588557480457,0,0,0
3819,233.31,14,1,transport,3.3,8.577442003675088,5,0,0
4411,6.0,7,5,bills,3.5,1.306644577256958,1,1,0
5664,25.9,19,3,transport,0.1,7.669638356876464,3,0,0
3149,83.65,17,3,bills,7.8,1.019350717115909,2,0,0
7558,124.88,20,2,bills,4.6,6.874451224585979,1,0,0
8860,286.43,11,0,transport,0.3,4.36253193159019,2,0,0
9356,8.82,6,2,food,16.5,0.37329139616501295,3,0,0
5575,2.54,13,4,food,8.0,3.2129811105995616,2,0,0
5957,29.32,13,2,retail,4.2,3.9592036292229986,1,0,0
6321,144.76,12,4,transport,5.9,1.6052168048524813,1,0,0
5456,165.13,13,1,retail,1.5,1.4489899748808397,2,0,0
6968,43.98,23,2,entertainment,13.4,1.5617768565165142,3,0,0
4034,40.76,16,2,food,2.7,7.2102974024895845,2,0,0
1298,31.72,12,3,food,11.5,6.405345457980408,2,0,0
4568,77.88,14,4,retail,6.3,0.7758312335424828,1,0,0
8618,13.95,16,6,bills,15.9,12.668562632092414,1,0,0
9938,1961.56,21,6,retail,32.3,13.540157612196095,12,1,1
7727,40.19,17,6,entertainment,6.9,5.65907780400604,5,0,0
6813,31.93,9,0,food,1.5,1.2164086179100964,5,0,0
2975,235.58,17,3,retail,2.7,1.129240192408882,4,0,0
2461,72.71,17,1,retail,26.8,2.4182582895302254,4,0,0
7406,540.38,6,3,bills,4.7,2.558561029375615,2,0,0
7743,11.33,11,2,retail,0.2,4.34029924906143,2,0,0
4413,281.7,16,3,entertainment,17.5,2.0047058398172015,2,0,0
6071,7.92,1,5,food,3.0,4.046210965626961,2,0,0
272,234.08,14,5,entertainment,0.8,2.4383483662157093,4,0,0
1000,54.94,21,0,entertainment,5.1,1.9013960030026753,6,0,0
654,17.16,9,4,bills,8.9,0.39775895746358225,4,0,0
6779,215.48,18,0,entertainment,6.2,0.9794261794664423,2,0,0
9324,9.74,6,4,bills,0.7,1.9657509386204195,1,0,0
1902,48.09,19,4,transport,6.2,2.016006304052689,1,1,0
1474,117.24,15,0,retail,22.2,1.4601523092398958,1,0,0
8123,25.5,16,3,retail,12.4,0.7049308064158917,2,0,0
9131,4.58,19,4,bills,0.5,0.7442153087717636,3,1,0
2042,411.79,1,4,entertainment,6.3,2.754190985334877,2,0,0
9400,17.72,13,2,bills,0.9,0.5127848087016726,0,0,0
1155,17.34,18,4,entertainment,3.3,6.811924233939293,4,0,0
359,201.4,16,3,bills,1.5,3.2054420011471962,3,0,0
3849,60.05,7,2,food,0.3,1.3833781470246689,2,0,0
2976,119.47,20,0,retail,0.1,12.289287936348126,2,0,0
7327,144.76,12,5,entertainment,0.4,0.21463933811026104,2,1,0
7358,7.91,15,6,bills,1.8,0.9252364441489547,5,0,0
1251,96.9,15,0,entertainment,5.3,5.087677257146606,2,0,0
9174,12.97,3,2,transport,8.6,0.7501972486573094,2,0,0
3589,18.57,0,6,entertainment,1.7,1.1688536887500007,1,0,0
2884,87.46,14,0,food,2.4,0.24060166555881207,4,0,0
1294,105.71,10,0,transport,7.6,17.91235696170899,4,0,0
8920,147.26,20,6,retail,1.3,6.958683319402674,0,0,0
3650,23.89,17,1,bills,8.0,0.6902603931072859,1,0,0
802,26.99,19,5,retail,4.8,0.18165187139274,2,0,0
1974,105.15,12,1,bills,5.6,0.7307067371739546,1,0,0
4682,138.63,13,6,entertainment,0.6,0.08891877195135618,2,1,0
570,35.74,21,3,transport,2.0,0.958729550791422,1,0,0
2064,118.81,17,3,entertainment,2.9,0.40531206254938085,4,0,0
4135,19.33,2,5,entertainment,2.7,2.704621802503259,3,1,0
2888,22.98,4,6,entertainment,10.0,1.755082540250469,0,0,0
3947,4374.61,21,2,transport,0.6,0.959850764051615,2,0,0
7129,35.16,10,6,bills,6.8,5.883992437665311,1,1,0
2203,6.46,22,4,bills,5.9,5.187358352985267,3,0,0
231,27.62,13,5,retail,6.3,11.185022479455276,0,0,0
3909,63.77,19,6,entertainment,4.8,2.566091179075883,3,0,0
8681,27.28,17,4,transport,1.2,4.710691846918312,2,0,0
6838,106.03,18,4,bills,1.2,1.6782214546572838,1,0,0
3259,48.79,21,3,food,1.1,3.121117986507093,2,0,0
2107,3.68,6,2,entertainment,4.9,0.8021389857607049,2,0,0
4707,37.58,6,0,entertainment,0.5,0.22880692818691853,2,1,0
1045,317.1,12,1,bills,2.6,3.7881061588524845,3,0,0
196,21.29,2,5,bills,4.8,5.211378200255037,5,0,0
8010,16.06,13,6,food,8.5,0.47472876871476993,3,0,0
86,155.5,18,4,retail,1.0,0.2606845442009781,2,0,0
9459,20.23,16,1,food,1.5,5.037565206939213,2,0,0
5337,188.13,13,4,entertainment,2.2,4.472357033001461,5,0,0
8180,383.37,14,5,transport,11.3,0.5685101605807665,4,0,0
5164,16.31,16,4,entertainment,4.0,5.19324558975804,2,0,0
7211,228.55,17,3,retail,1.1,8.289536384290129,1,0,0
1480,1.44,12,6,entertainment,3.9,0.7620608179857872,3,0,0
7921,235.08,12,5,transport,1.0,0.8086836780356897,1,0,0
5594,17.11,22,2,entertainment,0.3,5.869784555715456,1,0,0
4296,12.07,14,1,transport,5.4,2.340485705769173,1,0,0
4710,72.08,12,4,food,2.0,2.711622535812879,2,0,0
3486,117.19,20,6,retail,0.9,2.4640501176120617,1,0,0
7332,1210.42,14,3,entertainment,0.7,2.6259295786147736,2,0,0
8734,411.35,20,3,food,1.0,8.167694727218421,1,0,0
9563,77.13,11,6,retail,5.2,2.056292210524617,0,0,0
4102,7.75,11,2,bills,1.6,3.2612675875146078,0,0,0
1232,35.03,19,0,transport,0.7,4.6933067189359114,4,0,0
1780,116.87,9,4,bills,0.1,5.200825060463876,1,0,0
1505,354.61,20,4,entertainment,7.5,0.40828049766997826,0,0,0
5971,73.03,13,4,bills,1.1,2.8504421570188683,6,0,0
5110,36.04,19,3,bills,4.6,3.2451138749166537,3,0,0
2453,19.25,10,6,bills,0.3,5.979468150320805,3,0,0
7309,52.5,20,6,transport,1.9,0.7039546598787486,0,0,0
2456,19.22,19,3,bills,1.1,1.0754365546151448,4,0,0
4979,361.91,11,6,bills,5.6,1.051403074718547,2,0,0
9411,115.59,16,5,transport,1.4,5.413837912110255,4,0,0
1350,104.2,12,0,entertainment,2.0,1.3889311202932233,2,0,0
1776,48.0,17,5,food,5.2,0.5154509669493617,0,0,0
6722,6.4,13,3,transport,1.1,0.7286861130566447,2,0,0
9336,12.33,5,5,entertainment,1.7,2.678232934914309,4,0,0
801,92.75,10,6,entertainment,13.7,1.2139037306964557,2,1,0
2402,551.27,17,0,transport,4.9,0.4226341230538338,2,0,0
9789,49.9,10,6,transport,16.1,4.570347775131519,1,0,0
3735,170.53,16,1,transport,0.3,1.7011847922692538,6,0,0
8069,3.05,17,0,bills,4.3,0.6940553167294549,3,0,0
9374,38.56,20,0,retail,1.0,1.3805522598082316,4,0,0
1833,42.92,18,1,entertainment,28.5,14.81516425554538,2,0,0
6623,917.34,0,4,bills,7.4,6.941631726537352,2,0,0
7721,332.88,19,0,entertainment,19.8,2.902307884676054,1,0,0
8122,8.87,9,2,bills,3.5,4.791750525761961,2,0,0
8389,73.61,15,4,food,0.4,3.327441035530242,2,0,0
3957,15.57,19,1,bills,0.0,6.076891142848041,2,0,0
818,23.36,8,5,food,2.3,12.161240588168576,1,0,0
2154,19.76,12,5,retail,2.9,1.546903193339313,2,0,0
8468,146.19,20,4,transport,3.0,4.082326336130051,2,0,0
7811,8.52,2,3,transport,5.8,3.8626909039665014,4,1,0
1839,74.23,12,0,retail,1.8,0.1739268645497789,0,0,0
5705,21.49,16,0,transport,14.8,3.586940207857906,3,0,0
5620,93.61,13,0,food,3.0,1.6464410320009621,3,0,0
1847,141.5,15,0,transport,3.8,0.0806749943041132,2,0,0
4619,105.76,11,2,transport,2.4,1.157629783396105,1,0,0
7053,7868.77,17,6,retail,2.8,5.695043115557608,5,0,0
8454,253.69,8,5,bills,15.7,3.5071477347339624,0,0,0
2613,49.92,16,6,retail,0.9,2.843621445146022,2,0,0
9446,64.77,18,5,transport,0.8,1.0408621733969032,2,0,0
9633,13.3,20,5,food,7.3,1.1049777362748143,2,1,0
345,62.5,18,0,retail,7.9,1.203877869051246,0,0,0
4731,9.77,21,4,bills,3.2,0.3576852436834604,1,0,0
3579,35.54,8,6,transport,1.0,3.521085511547299,1,0,0
9096,21.86,14,1,bills,5.0,0.6680413831591654,2,0,0
1511,15.49,1,3,transport,3.6,3.3559883242642963,1,0,0
6511,24.63,14,1,food,3.1,6.203466732014382,2,0,0
8839,11.31,21,1,food,0.5,7.794917266463766,1,0,0
9091,39.87,20,6,transport,9.3,1.4227105693893312,1,0,0
622,11.81,15,2,bills,3.5,7.295406594586602,2,0,0
1293,382.6,19,1,bills,1.8,2.2774684936832967,1,0,0
5127,115.45,18,0,bills,10.3,0.10953760628789955,2,0,0
5711,24.44,18,4,bills,3.1,3.635023563389716,1,0,0
162,9.32,14,6,bills,0.8,5.370204347917693,2,0,0
2168,519.61,17,2,bills,0.9,2.190905470794987,3,0,0
9741,127.05,20,3,entertainment,10.1,1.8889695921656897,5,0,0
7195,94.91,10,0,bills,3.5,12.71021893839485,0,0,0
3203,13.1,22,4,bills,1.2,2.74989715904065,4,0,0
3421,838.25,21,2,transport,1.1,0.4629744605306744,1,0,0
7510,41.25,16,3,bills,9.7,0.47187070958872074,0,0,0
5128,18.15,21,4,retail,0.1,15.97526460666116,1,0,0
9517,45.66,14,1,bills,0.5,2.3762560013498115,1,0,0
30,81.46,22,3,bills,4.1,1.6369263651203978,1,0,0
5257,11.43,13,4,bills,0.7,6.103079439843793,4,0,0
8343,245.52,9,0,retail,6.6,4.835903450622633,0,0,0
4767,12.64,17,0,food,2.3,0.7955998057760147,3,0,0
1542,5.76,11,0,retail,21.7,1.3637631297430937,0,0,0
41,45.06,16,2,food,0.2,0.1462831241638023,1,0,0
9629,89.95,6,6,transport,2.0,3.2101144949433578,1,0,0
4744,22.46,21,4,transport,3.5,3.2123450265304148,5,0,0
6823,7.98,15,6,food,2.4,1.7033385900570437,1,0,0
6358,12.31,14,1,entertainment,0.8,1.5070913563631425,3,0,0
4975,6.71,17,1,transport,1.4,3.616472044242465,3,0,0
3075,237.58,9,2,transport,0.3,1.580293099039673,5,0,0
1645,111.58,10,2,bills,4.2,1.313498126461675,4,0,0
3082,6.83,17,2,transport,3.1,6.078738213506389,0,0,0
2340,39.51,16,6,transport,1.6,1.985493861790294,2,0,0
1586,12.8,22,0,food,1.2,5.417740928397254,0,0,0
6962,450.76,19,0,bills,8.2,1.7386527230855764,0,0,0
6313,76.88,20,5,transport,0.8,8.214502015565174,2,0,0
6431,42.77,15,3,transport,2.0,4.695993046851429,2,0,0
7073,339.6,10,3,retail,6.2,3.190145640027329,3,0,0
1382,24.66,15,4,retail,4.0,1.6539121779257457,3,0,0
7626,62.98,20,1,entertainment,1.3,5.449329640578881,3,0,0
1179,2.1,13,4,transport,2.3,1.131264174458317,7,0,0
7646,55.58,14,6,transport,11.1,5.810367125743647,3,0,0
2263,700.65,12,6,transport,25.7,6.3863630938810125,2,0,0
25,91.41,21,4,transport,4.4,2.2026345432150674,3,0,0
5677,14.4,11,6,bills,5.9,1.7220584004090589,3,0,0
8813,4.12,20,3,food,8.5,1.6040750306479898,2,0,0
4111,2.24,5,6,retail,6.0,2.2003678051095843,1,0,0
6190,75.86,13,2,food,18.4,1.8888385337792852,0,0,0
1941,150.72,3,6,transport,2.7,10.543525227065258,2,0,0
7004,225.42,18,1,retail,3.7,0.6230294934969092,2,0,0
8355,44.03,18,0,bills,2.0,1.7572371260555966,0,1,0
2366,26.14,16,4,bills,6.8,3.5383605934223405,3,0,0
5488,44.38,16,2,entertainment,7.3,0.15161232744974465,2,0,0
6272,7.15,15,5,food,3.2,0.740968019820796,0,0,0
8580,255.56,14,4,retail,12.5,3.5513136624097967,2,0,0
4607,82.73,21,2,bills,0.0,3.1788392761108173,1,0,0
8055,43.32,8,4,transport,3.8,4.021063866582657,2,0,0
386,205.12,18,3,food,3.3,14.15643722842924,3,0,0
2664,29.97,13,4,entertainment,18.8,2.671525482874644,2,0,0
4771,178.36,9,1,retail,4.6,0.8155946501168226,2,0,0
7436,502.64,18,5,entertainment,6.2,2.9268076281851445,0,1,0
5553,296.47,7,3,retail,0.0,3.670672466413431,1,0,0
7744,128.72,23,6,transport,8.7,1.591267265163302,0,0,0
9636,198.21,19,6,food,3.8,1.1716287949304165,2,0,0
6019,15.98,0,3,transport,0.6,1.5591314368554547,1,0,0
278,263.47,23,4,retail,0.4,3.4624008156559034,2,0,0
4044,71.96,10,2,entertainment,3.7,2.7672128922484767,2,0,0
1151,147.33,18,5,retail,4.4,0.5830996951071582,4,0,0
6053,40.23,9,2,retail,4.0,0.8487697192990227,2,0,0
7428,57.55,10,6,retail,0.5,2.8977302232116244,1,0,0
5087,229.25,16,6,entertainment,7.8,3.275235089785518,4,0,0
5265,181.12,21,5,entertainment,5.5,1.8473619215529005,3,0,0
6715,262.25,18,0,transport,0.5,2.923985026020822,2,0,0
8626,203.28,21,0,entertainment,2.3,0.3539783867576731,4,1,0
3503,7.03,19,0,food,3.0,0.7977539837923651,3,0,0
1076,159.44,23,5,retail,2.3,0.18746570949334496,1,0,0
653,29.69,16,6,food,3.1,4.181619794976673,2,1,0
50,67.99,17,0,retail,0.3,3.856210063275271,3,0,0
8572,35.64,20,5,transport,13.5,3.9524760590356296,1,0,0
3176,59.37,2,6,food,0.1,4.956816749191353,2,0,0
6544,53.49,6,0,transport,3.2,7.760167231746607,1,0,0
1446,93.88,14,4,bills,2.3,3.5441831737326996,2,0,0
1237,50.48,12,0,bills,4.3,1.1558410898230371,3,0,0
9260,77.27,23,5,entertainment,1.3,3.559526026588797,2,0,0
142,2.45,11,1,food,1.6,3.126176484304061,3,0,0
4755,243.9,11,0,bills,2.3,0.45198922861616153,1,0,0
6339,77.64,18,2,transport,2.4,3.795730031857598,2,0,0
4882,63.31,20,6,entertainment,1.1,0.4731836994100165,2,0,0
6146,97.34,20,2,retail,12.8,2.9422605224398577,3,0,0
5572,12.07,10,3,entertainment,13.1,0.784167714389812,2,0,0
816,94.61,18,3,entertainment,6.4,0.19063865894481513,2,0,0
6695,88.88,20,2,food,19.4,1.708155534269996,3,0,0
1215,22.92,16,1,transport,2.5,1.7216139662755046,1,0,0
5525,456.7,14,3,bills,2.1,0.9633729933066897,2,1,0
3422,23.01,13,4,entertainment,0.9,3.1138006167531893,2,0,0
5218,132.83,14,4,bills,6.7,11.224378009788722,1,0,0
3911,98.87,8,3,transport,4.9,4.16867117251331,1,0,0
1867,12.85,22,6,transport,1.4,5.3249828786563365,1,0,0
8970,119.89,6,6,bills,0.7,6.651019039374892,4,0,0
7028,86.39,12,0,food,7.6,2.2953675083720553,4,1,0
773,197.9,15,4,entertainment,5.3,0.24634836225720497,2,0,0
7181,7.03,11,3,food,2.9,0.5772938492014296,2,0,0
8712,33.16,20,6,bills,8.0,11.014800608495655,1,0,0
5852,51.56,10,0,entertainment,3.4,0.8509583878745843,1,0,0
9166,236.85,11,4,entertainment,2.1,0.4098650600645131,1,0,0
1688,5.96,21,1,transport,1.5,1.642062319184057,4,0,0
6953,1316.74,8,6,retail,0.3,1.8401663798783359,1,0,0
2770,31.92,17,4,transport,4.5,0.013913287281593545,2,0,0
4898,17.39,14,6,bills,6.4,3.8683618662887236,1,0,0
762,280.02,12,4,transport,13.9,1.2681976384530635,4,0,0
9152,18.62,23,5,transport,1.1,1.8107163886734254,2,0,0
7318,45.78,13,6,retail,4.5,2.03233051631681,4,0,0
2800,56.63,7,5,transport,0.5,3.9630138771623633,2,0,0
1275,136.78,4,1,entertainment,2.9,1.055476759067766,0,0,0
2327,72.77,20,3,bills,4.8,9.736894995594316,2,0,0
9258,348.04,23,6,food,10.7,0.7562707244572776,2,0,0
7675,6.1,6,0,entertainment,0.0,0.25210128280378746,3,0,0
2090,32.48,23,2,retail,0.4,2.8826096338549236,1,0,0
4587,51.85,19,4,retail,1.6,1.0113696022915062,1,0,0
6941,13.43,17,5,entertainment,8.1,5.792084180332319,2,0,0
6765,135.14,23,2,entertainment,1.8,1.6871995221459115,3,0,0
9521,233.74,16,3,retail,3.1,0.467909568431778,1,0,0
5487,8.62,9,4,food,10.4,0.4151326489372658,1,0,0
4784,140.89,2,2,entertainment,9.1,0.3488542782623993,1,0,0
6527,59.76,20,0,bills,4.8,0.6899474574380124,0,0,0
899,85.81,23,5,transport,6.1,0.8655455523685638,3,0,0
8523,8.25,19,5,retail,9.8,1.3732026914322994,0,0,0
638,21.51,9,6,food,2.5,2.53151754685497,2,0,0
5836,167.81,21,1,entertainment,5.8,6.741317385898716,5,0,0
6515,324.29,20,5,transport,3.7,0.23959830994211234,1,0,0
3196,46.39,10,1,food,15.7,0.7011278763088087,2,0,0
194,8.5,20,3,bills,0.7,0.6334384677027589,0,0,0
4602,9.59,16,3,retail,1.1,3.5535288061113786,2,0,0
1947,344.09,17,5,food,8.6,11.22503020170363,3,0,0
5892,5.26,14,3,entertainment,1.0,2.9848163851826226,1,1,0
8433,16.15,13,3,bills,3.2,3.085546416259927,3,0,0
2999,264.86,11,3,food,6.5,0.5429003114455503,0,0,0
3963,48.85,11,3,entertainment,2.8,0.517659611895569,1,0,0
5033,13.3,23,6,food,6.8,6.215264484129131,4,0,0
2425,36.97,22,6,bills,10.9,3.1223089044179337,4,0,0
8299,2.31,8,4,bills,3.8,8.185267161675492,2,0,0
5601,39.79,17,5,transport,11.2,1.9500580564088978,2,0,0
6161,7.66,3,3,transport,14.5,2.3217683682510457,1,0,0
5044,50.1,22,0,retail,10.4,1.0028082371415166,1,0,0
7501,31.41,21,2,bills,11.0,2.649216951143025,2,0,0
6080,82.2,15,4,food,4.8,11.349145840345258,2,0,0
2407,325.05,19,3,entertainment,1.7,0.061024604506400716,0,0,0
2317,259.24,19,3,bills,2.0,1.9893332273036126,0,0,0
2677,50.15,21,6,retail,6.5,1.1382149373338795,1,0,0
8567,3.06,21,0,bills,6.6,12.050722048639745,3,1,0
7471,93.61,10,0,entertainment,19.6,0.9548662763901747,3,0,0
3922,164.18,14,4,transport,2.8,1.302620762229529,2,0,0
8271,24.95,20,3,food,16.5,0.3353950638010017,1,0,0
3880,65.96,18,6,transport,2.2,0.02371003780085193,0,0,0
1809,10.84,8,4,food,9.7,2.985220502622773,1,0,0
2757,28.4,21,4,food,0.6,1.3375760981005718,2,0,0
5475,86.3,11,6,food,22.6,9.22848815101234,2,0,0
6107,748.77,15,5,retail,2.5,0.593315974232862,4,0,0
5096,213.61,13,4,bills,3.1,1.9782725412837086,3,1,0
9586,124.02,10,5,transport,1.8,8.664566888103804,4,0,0
7651,369.2,9,6,food,1.1,0.15937090375972893,2,0,0
2262,172.91,19,5,retail,2.1,2.67480387546967,2,0,0
3640,3.28,18,6,food,3.0,3.957504870657643,2,0,0
3443,61.61,10,0,retail,7.6,8.427269622865907,2,0,0
800,117.19,10,0,retail,3.6,0.9952908356250876,2,1,0
9140,6.75,9,0,entertainment,0.4,1.3281388968175314,2,0,0
4164,129.46,10,5,entertainment,1.2,2.0566957667364267,2,0,0
1052,10.88,19,5,food,3.2,1.2391598369141068,4,0,0
4957,201.47,15,4,food,8.8,7.138832307308498,4,0,0
2160,40.28,15,4,retail,1.4,2.9709588297927993,1,0,0
4370,484.91,2,6,retail,2.7,9.680631758334346,1,0,0
4584,19.8,16,0,transport,3.2,0.45420334532585044,1,0,0
5981,49.05,12,6,entertainment,1.8,2.145792336386715,0,0,0
4582,27.42,19,2,entertainment,1.0,0.035041280360712995,1,0,0
9128,513.08,22,4,retail,14.3,0.918644536193596,2,0,0
8908,114.87,19,6,entertainment,0.4,3.403156304843022,0,0,0
3350,5.58,16,0,food,0.5,5.056729281526468,1,0,0
5465,361.5,21,0,entertainment,7.2,8.258266437796898,1,0,0
6136,40.81,5,6,transport,1.8,1.8949603477934882,1,0,0
9526,3.17,12,3,entertainment,3.7,1.2259244652830026,0,0,0
1292,2042.8,19,5,bills,1.0,2.6808433293503025,2,1,0
3767,1480.2,23,4,food,1.7,0.24095022683972636,4,0,0
264,10.02,5,4,bills,4.0,0.13761598482314702,3,0,0
8145,36.89,11,3,food,3.0,1.5659940093808147,4,0,0
993,32.47,7,6,entertainment,5.4,13.469383213557617,0,0,0
3110,12.33,7,5,bills,3.8,2.7626364511844277,2,0,0
2619,13.69,10,4,retail,1.5,0.2426475441264493,4,0,0
9808,893.85,0,5,entertainment,302.8,6.4165560231315215,5,1,1
3669,22.64,18,3,entertainment,7.8,9.5892963717865,3,0,0
9354,118.88,6,2,bills,0.4,12.471396087987502,1,0,0
6493,122.24,11,5,food,2.4,2.9096656453450556,6,0,0
4075,15.45,5,2,retail,2.5,0.9657355174424422,1,0,0
3378,2330.43,8,5,retail,1.1,2.3587320653208117,1,0,0
5163,589.52,21,1,retail,4.1,1.2938927782096794,3,0,0
3167,31.13,13,1,entertainment,7.6,2.869723873901311,3,0,0
8841,472.5,13,1,bills,0.6,5.8391572095288,1,0,0
6387,194.74,20,1,entertainment,1.6,3.1902074137929883,3,0,0
6436,6.03,6,1,transport,3.4,4.616968556535997,0,0,0
103,343.76,15,0,food,8.2,6.660469337685177,1,0,0
6120,37.62,10,6,transport,5.0,0.5096210239725796,0,0,0
9500,79.12,17,0,bills,7.1,16.0450718359564,2,0,0
4993,27.36,11,5,transport,8.3,0.8573697145626566,4,0,0
6553,17.58,18,3,bills,7.7,2.7285806286099428,2,0,0
5911,52.01,17,2,bills,0.1,0.913094914413232,2,0,0
2008,13.15,19,2,entertainment,14.8,4.70379232092408,2,0,0
758,22.79,18,0,transport,2.9,3.8734308805649555,3,0,0
5381,65.94,7,1,bills,0.3,3.0989438823084257,4,0,0
1514,250.82,6,4,food,3.0,0.76255380552961,2,0,0
7271,231.02,20,6,retail,3.0,0.7479765897759845,1,0,0
6392,61.09,11,5,bills,4.7,0.7712771790854271,1,0,0
3338,17.31,9,2,bills,4.8,1.736707903036343,2,0,0
1255,29.0,18,3,bills,7.6,1.1252947275806149,3,0,0
5872,663.77,22,1,transport,1.4,3.2232204057933114,1,0,0
4845,19.38,19,1,entertainment,3.4,0.106717626451896,2,0,0
1299,5.27,16,3,entertainment,1.5,6.506027614437221,0,0,0
9088,88.85,20,3,transport,5.9,9.02351534198638,0,0,0
4432,1.05,12,5,bills,0.1,0.38376356777797105,1,0,0
6710,1297.43,10,3,bills,12.2,0.7552394720195873,1,0,0
8598,369.28,12,0,transport,5.7,2.579924375455268,0,0,0
7640,2036.08,8,2,transport,5.3,3.4130966782111765,0,0,0
2642,27.78,11,4,food,0.2,1.1278333691735463,1,0,0
2392,609.27,9,5,food,1.8,1.8910579915062011,0,0,0
6641,11.66,8,4,food,7.2,4.456609292251832,6,0,0
2350,265.7,17,0,bills,2.3,1.8560877992478761,2,0,0
4586,13.12,14,4,transport,3.6,0.9381589724095832,2,0,0
9668,6.52,11,1,transport,2.7,5.323195976846482,3,0,0
7238,418.04,10,3,transport,9.3,5.516388286392063,2,0,0
6620,57.69,21,3,transport,1.7,0.49770380437251266,2,0,0
7687,8.35,13,5,entertainment,3.5,0.378103469753063,5,0,0
5742,7.71,22,4,food,1.6,2.710391836210628,1,0,0
9984,1393.69,8,6,retail,159.4,40.86368210610172,8,1,1
7905,131.13,19,6,bills,0.9,2.84350588873908,1,0,0
9947,121.84,3,2,food,650.2,69.8080582677923,13,0,1
6626,9.87,16,4,food,1.3,0.24482478171166683,2,0,0
8382,89.67,9,0,food,5.2,1.054730566121284,5,0,0
2136,125.43,19,4,entertainment,1.2,2.108921598088556,1,0,0
7092,154.55,1,3,entertainment,2.1,1.2775056425767262,0,0,0
8261,2339.41,8,2,retail,3.1,5.782804939513113,2,0,0
6878,42.8,10,5,food,3.5,2.712334850422757,0,1,0
9116,12.65,17,0,food,4.0,2.6723983636336293,1,0,0
7731,24.24,11,6,transport,6.4,0.6744986595817561,2,0,0
754,393.24,0,5,entertainment,8.3,2.9779152513761162,1,0,0
8840,8.06,16,2,retail,3.8,4.009838542022278,1,0,0
431,2.76,6,0,transport,1.1,0.09781021042059185,1,0,0
4912,13.56,17,2,entertainment,2.8,3.6991305527542693,1,1,0
8754,28.31,12,0,retail,1.1,1.2160966077632467,2,0,0
8296,726.79,18,3,entertainment,4.5,1.5844935497898314,3,0,0
4066,105.48,6,1,food,1.4,0.2086549605381734,1,0,0
4613,304.17,18,3,transport,1.8,3.097981545976838,5,0,0
1163,198.48,19,1,transport,3.7,0.5404750573033251,1,0,0
2208,36.17,22,0,entertainment,7.8,1.2199766467866457,2,0,0
737,80.88,13,2,food,2.0,0.2622048533323312,2,0,0
9347,59.17,23,0,entertainment,3.9,0.28252372504657425,1,0,0
4462,116.77,11,1,retail,2.7,0.7149202422286006,2,0,0
2949,40.34,19,3,transport,12.1,1.19616653673139,0,0,0
9948,676.51,3,2,transport,1285.0,13.217143807388814,12,0,1
6220,14.01,13,2,entertainment,3.1,3.2243759503602076,5,0,0
6117,6.72,11,0,retail,0.9,6.232146851757984,3,0,0
4226,5.73,10,2,bills,5.4,1.4288772275029076,2,0,0
167,11.45,9,1,retail,9.6,0.3216109904786115,1,0,0
8124,118.16,12,3,entertainment,1.1,0.7194750467229999,2,0,0
8330,5.71,23,6,transport,2.1,0.455549835930781,5,0,0
3243,81.05,20,0,transport,3.2,0.24784197226180224,3,0,0
6787,16.83,23,6,entertainment,1.2,3.441712266519023,2,0,0
8240,34.69,11,4,retail,8.3,2.712933662787121,2,0,0
7602,23.07,20,6,transport,0.6,4.941230131049542,5,0,0
292,61.8,17,6,bills,2.1,2.4953238063137095,2,0,0
1075,17.83,14,1,food,6.0,4.9567082626453765,1,0,0
3038,40.04,10,3,retail,0.1,4.220157508468455,3,0,0
5641,13.11,16,1,food,0.7,7.7725924368068995,1,0,0
3005,215.29,11,3,bills,15.7,1.1637150159145648,1,1,0
5217,99.43,18,6,food,3.0,0.4167717424160904,2,0,0
828,157.86,14,6,entertainment,5.4,0.5254366882091263,2,0,0
6591,230.07,18,5,transport,0.3,2.2220210570284222,1,0,0
4721,24.91,20,2,retail,6.8,2.975530215036586,3,0,0
367,6.98,6,3,entertainment,13.7,6.174602097767438,2,0,0
5703,28.65,9,5,entertainment,1.4,0.8117681369213993,3,0,0
3089,40.76,18,4,transport,0.1,0.32943245360880874,0,0,0
9288,45.86,11,3,transport,10.6,4.254511008981422,1,0,0
1794,90.17,9,0,retail,8.0,1.5750461764792978,1,0,0
5301,3.92,13,2,transport,0.9,6.094749241721151,4,0,0
6510,11.53,10,6,transport,10.7,9.392972738500177,2,1,0
5145,30.32,10,5,bills,9.3,1.9746972868055033,2,0,0
6192,181.98,14,6,bills,4.0,1.204742013765815,2,0,0
6462,11.08,17,6,bills,13.4,4.3334048014438125,4,0,0
8357,47.34,14,5,entertainment,0.9,1.0658209191438879,1,0,0
1166,58.38,21,1,retail,1.2,1.7955281960912293,2,0,0
6041,402.82,16,1,entertainment,1.7,5.547550123769382,2,0,0
1434,11.27,9,6,transport,2.3,6.687664043872601,0,0,0
3714,81.17,15,6,bills,7.3,1.0312151364828086,1,0,0
6013,57.87,7,2,food,4.4,2.2471118223925837,4,0,0
8752,138.4,21,4,food,0.4,2.8346610180886875,3,0,0
3289,64.32,12,6,entertainment,1.2,6.549465680506394,3,0,0
9280,100.85,9,1,bills,3.1,5.181795803022818,4,1,0
4481,112.57,14,3,bills,0.3,1.0730363513931012,0,1,0
5107,112.94,18,0,bills,3.9,0.5207457469411428,4,0,0
4749,15.45,19,5,retail,3.7,1.5550394292729792,3,0,0
3648,606.42,9,1,transport,2.4,0.6754114055468865,5,0,0
4051,123.77,20,4,food,5.3,0.43082905211350286,2,0,0
6322,35.81,22,0,food,13.7,3.885739160552256,1,0,0
7421,281.57,20,6,transport,6.1,1.9622501044878224,4,0,0
1445,267.78,23,5,retail,2.7,0.43555077600735925,1,1,0
8214,92.15,19,5,retail,8.3,1.9748540807485957,1,0,0
9506,4.98,23,6,bills,5.4,3.198846375071466,2,0,0
6893,30.19,17,5,retail,10.2,15.437386793524738,1,0,0
5426,51.51,13,4,retail,1.0,0.35723547440937464,6,0,0
7487,18.22,19,5,transport,0.7,0.21693227268509616,6,0,0
2542,3.66,22,4,transport,7.4,1.3992587957939355,0,0,0
7700,311.68,20,3,food,2.3,4.302375969311969,1,0,0
5053,10.32,20,3,food,11.3,4.873432889999627,2,0,0
6151,26.54,9,4,transport,0.1,4.747245623470242,0,0,0
6741,13.23,19,1,bills,5.3,1.404990230831533,3,0,0
849,19.96,13,6,transport,5.1,0.6369596046348258,4,0,0
8846,199.8,10,6,entertainment,2.8,0.5950031085893469,3,0,0
7584,444.68,3,3,transport,4.3,2.024917802045497,2,0,0
6683,808.66,17,1,retail,0.1,0.6975526918562132,0,0,0
2447,16.42,17,5,food,2.3,7.060832529480026,0,0,0
9348,8.79,13,1,transport,1.8,0.6646754848328287,2,0,0
2671,183.58,13,4,transport,4.6,5.498409363585822,5,0,0
2212,231.74,18,6,food,2.6,10.284574570044498,2,0,0
5823,80.66,18,5,entertainment,11.3,0.4121909816982657,1,0,0
2736,4.79,19,6,transport,0.3,1.295479450439473,0,1,0
1371,30.04,19,5,entertainment,2.0,4.587826874545913,0,0,0
4290,15.38,12,0,food,3.8,3.317744127851374,1,0,0
2025,878.47,13,6,transport,0.3,13.60701467866409,0,0,0
348,81.77,15,6,food,1.8,0.7676589969978942,3,0,0
5524,43.89,15,0,bills,1.7,2.392145184336208,3,0,0
7503,663.81,13,5,food,5.9,1.2962731053469463,2,0,0
5098,14.18,7,3,retail,5.1,0.9724458222404473,2,0,0
1268,67.37,7,0,bills,0.9,1.8276875963201498,0,0,0
2660,104.53,23,1,bills,6.1,1.4233325540286854,2,1,0
6212,125.94,15,5,retail,6.4,6.0915300691856835,2,0,0
3161,39.89,0,5,retail,0.1,2.8183221052192753,3,0,0
7492,31.55,16,4,transport,0.5,7.990958033758757,1,0,0
1259,48.73,18,5,retail,0.6,0.7998144300781167,2,0,0
1509,298.94,14,4,transport,1.2,10.024455398428469,7,0,0
471,79.25,12,4,bills,4.9,2.3258218227958163,6,0,0
3255,24.63,21,3,retail,3.1,2.231158097893945,2,0,0
1296,159.71,18,1,retail,2.3,6.760535626097006,2,0,0
986,4.74,8,1,bills,4.7,0.7066865031388496,2,0,0
8721,244.07,6,1,transport,0.7,9.845772434649483,0,0,0
6976,2.13,17,4,retail,4.5,0.6606505332800682,0,0,0
6751,88.94,18,0,entertainment,4.7,1.6355437445806706,2,0,0
4915,231.65,23,6,transport,6.6,6.019967994992114,1,0,0
4309,50.4,17,0,entertainment,5.6,0.5038593470045079,2,0,0
7467,20.32,15,3,transport,3.8,0.32203850609024526,2,1,0
9573,48.08,10,5,food,14.1,0.20835441561265433,2,1,0
6963,361.69,21,4,transport,12.3,1.2917200337815136,1,0,0
7846,51.01,12,5,retail,3.0,3.1246392185802603,1,0,0
2969,102.78,20,3,transport,0.0,8.689501033422683,2,0,0
9753,113.0,1,5,transport,6.1,5.10174257173218,2,0,0
9450,14.93,15,2,food,3.1,2.870581986227993,1,0,0
3377,15.16,14,2,retail,11.6,0.051389273604063014,1,0,0
7288,53.91,16,5,retail,2.1,3.3598266243465584,4,0,0
7699,253.43,8,4,bills,0.7,8.286707407605416,1,0,0
3374,29.19,6,6,retail,5.0,0.9960134742225384,2,0,0
3175,86.58,14,3,retail,21.2,0.5946013144856712,1,0,0
8883,64.46,10,1,retail,1.4,1.7081469180608067,2,0,0
4303,3.06,20,6,retail,9.9,0.6646228315811352,2,0,0
9313,8.88,14,2,transport,2.4,0.2698096763377706,3,0,0
3093,2.55,21,6,bills,6.2,5.6958960638073375,2,0,0
6600,24.83,23,6,bills,6.6,8.5572037574214,3,0,0
2485,9.7,18,1,bills,0.9,0.2686814733452056,2,0,0
2786,33.84,18,0,food,7.9,0.6886265567718435,2,0,0
5029,361.06,6,5,bills,10.9,2.0052519142175127,1,0,0
9451,5.76,12,6,entertainment,1.7,2.9695902625712223,3,0,0
3431,458.12,19,2,entertainment,3.1,1.7868850958037559,2,0,0
2093,111.91,6,2,retail,4.7,2.7663011480851827,2,0,0
1327,24.28,8,2,retail,2.7,0.19190128170034496,0,0,0
6850,114.74,5,2,bills,0.1,1.3500984231893542,0,0,0
1775,3.1,9,6,retail,2.6,0.7125864744711926,2,0,0
3207,10.59,13,1,retail,1.0,1.6916084047275115,1,0,0
6377,312.43,20,6,transport,5.6,2.590162613562781,0,0,0
7191,95.77,7,1,entertainment,3.2,0.04116661120891937,3,0,0
3784,39.6,6,2,retail,0.4,1.1303332407825593,0,0,0
3938,109.58,17,6,entertainment,0.4,1.8833556210708027,1,1,0
2336,16.46,16,6,entertainment,4.8,2.655156849834832,1,0,0
7780,10.94,12,4,entertainment,10.7,6.958598317285251,3,0,0
8906,51.64,21,2,entertainment,1.7,0.07845530828533497,2,0,0
5628,23.46,10,0,entertainment,3.7,3.104156541448531,1,0,0
9153,34.25,17,4,entertainment,0.2,2.2590224367495364,1,0,0
8666,6.74,15,4,transport,6.8,2.769003914150625,3,1,0
3269,471.49,18,4,entertainment,0.3,3.9805777580556345,0,0,0
6977,7.71,17,2,food,0.5,1.39616837900185,0,0,0
2224,172.39,20,6,retail,12.9,2.4254069290226887,0,0,0
7115,28.32,1,2,bills,4.2,7.966174053903499,2,0,0
2688,140.48,3,5,food,15.5,2.583279533192555,2,0,0
2428,302.24,13,1,retail,3.7,1.8111688088889024,4,0,0
172,81.28,13,2,entertainment,7.5,2.5415479939719097,3,0,0
1264,107.72,13,6,transport,3.6,1.6796573146075662,2,0,0
5963,13.42,21,5,food,5.2,4.060575214794761,2,0,0
1063,6.89,20,1,food,0.4,0.42207168040903575,0,0,0
61,118.23,11,1,entertainment,17.2,0.482143017188587,1,0,0
5249,251.18,23,4,bills,3.4,1.1625375672429854,4,1,0
2246,0.85,10,4,bills,15.6,3.2914434251284237,3,0,0
3873,40.05,11,5,bills,7.7,1.5576216421866573,1,0,0
7185,327.32,13,1,food,2.5,0.2345269725156985,4,0,0
2758,36.58,15,5,entertainment,0.2,11.13893407106917,2,0,0
480,211.44,20,1,food,12.1,0.5626652196583264,1,1,0
390,50.26,10,2,food,4.3,2.2032874512804845,3,0,0
683,7.71,8,6,transport,1.6,8.694860127796082,2,0,0
6716,15.24,16,3,transport,4.8,2.2318251625684438,2,0,0
884,33.27,10,3,food,7.3,9.946835369739878,2,1,0
8631,22.66,15,2,bills,0.7,4.65783171779572,3,0,0
2509,12.65,9,3,bills,0.7,1.7606571043741546,6,0,0
3776,81.93,21,1,food,1.6,1.1435020696187737,0,0,0
4534,146.76,23,4,food,4.5,3.097199091957581,3,0,0
5316,35.47,6,0,entertainment,0.9,1.5508830312963577,2,0,0
675,78.24,15,5,entertainment,0.7,8.675803283887271,1,0,0
1116,78.3,11,1,food,3.7,0.8574749630279062,3,1,0
8595,81.72,10,2,transport,0.5,0.441302748608901,2,0,0
1672,66.38,11,3,food,1.1,2.5989727817859887,3,1,0
26,35.26,6,2,food,4.1,1.2572759012433923,4,0,0
8085,206.03,22,1,food,2.2,7.842463363760485,2,0,0
1117,110.14,19,3,entertainment,16.5,0.2854870910946179,1,0,0
2540,46.35,3,6,transport,4.7,0.5519640327124706,3,0,0
2073,4.64,1,0,transport,6.6,3.345360852893709,4,0,0
5084,210.87,13,0,entertainment,8.8,5.034342727564063,1,0,0
8075,99.15,7,3,bills,4.2,4.633634789519402,3,1,0
3067,8.69,6,6,bills,0.4,0.5769431836500346,2,0,0
5252,205.47,21,4,bills,4.8,1.8308739970945438,1,0,0
1396,64.4,13,6,bills,21.9,1.4805348993105447,0,0,0
2595,350.59,0,2,entertainment,3.8,0.5555125431166429,3,0,0
8161,306.12,21,2,food,2.8,0.8815897903100983,1,0,0
5335,10.46,7,3,entertainment,1.3,0.4154513727775893,6,0,0
8798,30.1,18,4,food,15.0,7.615049852083054,1,0,0
2235,1640.05,18,2,food,0.0,7.147978934442717,0,0,0
4714,43.0,21,6,transport,1.6,0.7355852188178742,3,0,0
5510,2028.08,20,1,transport,7.2,0.480682485880785,2,0,0
4699,567.99,8,5,transport,0.0,3.658489502506221,3,0,0
4660,26.96,7,5,retail,3.5,5.19668705263358,2,0,0
5242,44.22,23,5,entertainment,0.4,1.7583657378796147,3,0,0
2477,30.62,23,6,food,6.3,0.3447180280414178,1,0,0
5187,128.02,18,5,food,3.3,2.249723474985571,3,0,0
1055,9.52,17,6,transport,14.3,0.2256721750068142,0,0,0
9479,83.93,7,2,retail,3.3,2.16768120897569,0,0,0
7217,13.49,20,3,entertainment,2.3,4.325498384386198,3,0,0
9154,266.8,13,5,bills,3.0,1.608623746301098,3,0,0
67,41.92,6,4,transport,2.1,0.8236648546954506,2,0,0
1508,415.5,12,1,transport,0.9,0.0504377342089241,5,0,0
5433,351.93,19,5,food,0.6,4.555076119688639,1,0,0
2575,39.64,13,5,bills,33.7,1.4960693281570299,3,0,0
7524,324.52,21,2,bills,9.4,4.314358796735549,3,0,0
8269,12.74,12,5,entertainment,8.3,2.1913500571453204,2,0,0
9872,1139.04,4,0,bills,266.8,49.00175598733152,7,1,1
8536,65.16,20,1,food,3.6,2.9356290854976,1,0,0
3320,17.45,6,5,entertainment,5.0,2.8295098249978263,0,1,0
9317,25.46,13,2,transport,14.8,0.3993998620966921,0,0,0
501,169.28,5,5,bills,0.2,0.3485517290159915,2,0,0
3091,35.28,20,5,entertainment,14.3,6.278027912238639,1,0,0
3583,126.09,12,5,transport,1.6,3.2691065927144574,1,0,0
6816,10.79,15,1,transport,1.4,1.1310995998939803,1,0,0
968,71.92,8,2,transport,2.0,0.2295383835533722,1,0,0
309,14.19,19,3,bills,3.1,2.2980716186716528,3,0,0
4720,68.83,15,5,transport,17.3,6.3387549403118655,2,0,0
3495,2019.73,11,5,food,6.5,0.3863743658531044,1,0,0
3929,315.48,8,2,transport,2.9,1.6095352060397459,1,0,0
5585,55.97,12,2,bills,2.2,1.8400203591917457,1,1,0
8143,1201.89,7,0,bills,2.1,0.7020738473151311,2,0,0
8680,17.94,13,6,food,10.8,3.448201381917972,2,0,0
8341,214.92,18,5,bills,0.3,5.1782853092486425,5,0,0
1689,82.92,1,3,food,17.6,3.687053841755357,2,0,0
3850,99.36,20,3,entertainment,0.7,2.9999283704543362,0,1,0
2524,23.22,6,3,entertainment,3.0,0.1150292092175208,3,0,0
8456,19.09,12,2,transport,1.2,3.2819816004710907,4,0,0
1252,13.04,19,3,transport,3.9,0.9155260389806221,0,0,0
1520,6.54,17,4,entertainment,1.2,2.9067066480572183,1,0,0
3727,193.41,18,6,retail,1.0,4.863533052799895,3,0,0
2178,446.81,14,3,entertainment,0.3,5.971707953249607,1,0,0
7567,61.94,20,2,retail,2.2,5.912492016539398,2,0,0
1583,6.27,1,2,entertainment,0.2,0.7709757284731695,1,0,0
2854,12.08,12,5,food,7.2,3.5916742712590097,1,0,0
5560,124.53,11,6,retail,0.2,3.791294652554946,3,0,0
3883,3.49,14,0,bills,2.5,0.948459500296438,0,0,0
7351,12.21,20,5,bills,0.7,0.5823934355377957,3,0,0
5495,31.39,10,6,entertainment,1.2,2.965973314470904,1,0,0
6771,1.7,19,0,food,5.0,10.525610097458957,4,0,0
7069,18.04,21,3,retail,9.4,0.2801175141530756,2,0,0
4439,16.31,7,1,entertainment,4.7,2.6444352681098424,2,0,0
7590,19.63,19,4,bills,9.8,7.75361977041473,1,0,0
1242,20.51,18,3,entertainment,4.3,0.8221385969675494,1,0,0
8627,308.87,18,1,entertainment,6.9,2.196136996421444,1,0,0
5726,68.85,20,1,food,4.9,7.264880332812703,1,0,0
3986,88.05,17,4,transport,1.3,4.694408455898933,2,0,0
656,5.25,14,1,bills,26.4,4.882781880351545,0,0,0
4090,235.4,22,3,retail,1.5,0.1344267172174306,0,0,0
6768,135.0,10,3,bills,2.4,4.066174131518217,0,0,0
5661,610.01,7,6,transport,5.9,0.0315660086054008,4,0,0
6756,159.5,13,0,food,0.3,10.354455573491698,2,0,0
293,93.24,22,1,retail,17.2,1.9939859824623682,2,0,0
4289,58.46,16,2,entertainment,4.0,2.651998454232849,2,0,0
262,33.42,14,4,retail,4.0,1.4227247836163328,1,0,0
2588,22.36,13,3,food,3.1,0.9545975397273695,3,0,0
7746,726.87,18,6,food,5.8,4.03575627347686,1,0,0
903,670.36,21,5,food,3.4,2.213212843322611,3,0,0
3146,40.58,0,4,retail,3.1,1.244279773217971,2,0,0
6445,27.81,13,5,bills,1.0,5.945850119545568,1,1,0
960,161.48,17,0,entertainment,2.8,9.333458124042956,3,0,0
4417,65.12,23,5,food,0.3,0.3714763348216045,0,0,0
8308,15.21,10,3,bills,6.5,0.8573725322301285,4,0,0
2280,97.5,19,4,retail,1.5,2.7313392007618447,4,0,0
2259,209.69,9,6,entertainment,8.6,0.8485224921625814,0,0,0
7606,8.77,11,3,transport,0.2,2.1040796369024553,2,0,0
624,28.22,23,2,food,6.0,0.19503469568259357,0,0,0
3708,97.96,8,3,food,9.2,1.793122261439441,1,1,0
7169,5.65,2,5,entertainment,1.9,13.800486358244836,1,0,0
5026,21.79,17,2,food,1.4,4.26523566338814,6,0,0
2320,21.41,0,3,food,0.2,9.943177308433844,0,0,0
1095,65.84,22,6,entertainment,1.2,0.5043406285675265,0,0,0
136,1.97,12,6,food,1.6,5.57498167359218,1,0,0
8605,443.44,11,0,bills,9.5,1.4301883873947778,2,0,0
9601,20.2,7,3,transport,0.8,5.212407581625229,1,0,0
1767,18.87,14,3,food,8.0,2.561122674316563,0,0,0
1088,15.58,20,5,retail,0.9,2.599541986821155,2,0,0
3950,901.43,8,6,food,0.6,1.7249902674906221,1,0,0
6049,561.82,7,5,food,5.5,10.458405608363538,0,0,0
6093,1024.0,13,2,entertainment,0.0,13.909911283258394,1,0,0
4260,14.08,8,5,entertainment,1.8,2.767258138875064,6,0,0
5793,34.22,12,6,food,7.9,2.2209706140432197,3,0,0
1656,20.63,21,4,bills,6.5,1.3666369250593733,3,0,0
7616,1365.47,9,5,food,1.6,1.7895541328931328,2,0,0
8795,31.75,16,6,bills,2.1,0.4875163453679859,1,0,0
5918,16.25,12,3,retail,6.1,1.1113866244507535,2,0,0
5687,12.61,20,3,transport,1.2,1.1723859096410365,0,0,0
119,58.14,18,0,transport,0.6,0.9373562857275411,1,0,0
4398,143.55,9,6,entertainment,17.5,3.6826593335282904,2,0,0
1687,111.52,7,4,bills,0.4,8.771734711645212,3,0,0
7205,10.67,16,3,retail,3.6,0.33490238592822885,3,0,0
8020,37.9,10,3,food,8.9,5.400503030138307,3,0,0
3004,185.53,12,2,retail,2.3,0.5098040653314946,1,0,0
9055,373.17,20,2,entertainment,0.8,3.4444044040253274,1,0,0
7980,68.95,19,3,food,0.4,2.6757630230925296,0,0,0
2779,174.4,17,3,transport,10.8,2.2943297421177675,1,0,0
7481,229.57,22,5,food,10.3,5.613331788345599,1,0,0
9231,1.74,9,3,entertainment,3.8,0.0694033362749337,5,0,0
5417,26.64,19,0,transport,4.4,0.26680154968651215,2,0,0
6264,390.84,6,0,retail,1.9,0.0671384416061354,2,0,0
3790,6.6,21,2,bills,15.2,2.0496544251261555,5,0,0
2459,91.38,18,4,transport,8.0,1.0113216317110394,2,0,0
9111,226.21,5,0,transport,1.0,0.5519576106612623,1,0,0
3347,5.82,16,6,bills,0.4,0.39001899127884276,2,0,0
4415,55.79,7,2,transport,0.8,0.6711146372455238,1,0,0
4969,29.06,10,3,retail,0.4,0.5572482810554783,1,0,0
3653,13.88,17,1,food,9.9,4.327981943690613,4,0,0
9461,295.84,1,4,bills,1.0,2.5082684652862857,2,0,0
1647,229.04,13,6,food,4.7,0.25067198106881294,1,0,0
4450,12.37,12,4,bills,0.2,1.0049607143240196,1,0,0
7823,122.62,22,3,entertainment,10.1,3.457172840684842,2,0,0
7772,191.17,10,2,food,5.7,0.36033333290464514,1,0,0
8808,543.17,23,1,bills,2.4,2.052957934343749,1,0,0
6881,43.81,10,2,transport,4.3,0.6399121938366358,3,0,0
835,78.2,0,5,retail,5.8,0.9088622883552365,1,0,0
2413,267.03,22,4,transport,6.8,13.092512937269712,3,0,0
888,3.48,6,2,bills,10.1,1.511615615215527,5,0,0
5642,82.82,2,1,retail,0.7,0.15264258670357653,2,0,0
7225,290.48,19,3,food,5.4,5.455842676443571,3,0,0
6884,16.2,7,2,transport,1.3,0.9635909530250804,0,0,0
9631,51.15,22,6,bills,4.3,1.1135697969853462,3,0,0
6778,78.55,22,3,retail,2.3,3.446971513767181,1,0,0
6366,278.36,6,4,entertainment,8.3,0.7275100321971888,1,0,0
1606,50.4,16,3,transport,6.1,0.1019267171667059,3,0,0
5747,249.68,14,4,food,2.3,0.9012539559554116,0,0,0
6367,149.05,18,2,bills,8.2,2.6752929456413237,2,0,0
8638,560.56,14,4,bills,2.0,4.019223026913711,2,0,0
4853,15.72,19,4,retail,0.0,0.7369831350793168,4,0,0
9853,311.1,20,6,bills,905.1,35.21394099947089,10,0,1
7562,2.26,9,4,transport,18.4,6.327406977763227,2,0,0
289,66.32,17,4,entertainment,5.1,0.6261961984652469,4,0,0
7153,17.64,12,0,retail,4.7,7.414685058451128,0,0,0
427,34.36,21,3,bills,5.2,2.660970929522362,1,0,0
1061,162.39,15,4,bills,1.7,5.15298543538754,4,1,0
1685,87.0,9,5,transport,14.3,2.958733422900385,2,0,0
6664,66.16,13,4,entertainment,14.9,5.224600704116426,2,0,0
750,51.48,6,4,transport,0.0,0.1211343785519558,1,0,0
4377,272.31,20,0,food,4.4,1.8221236229940914,3,0,0
6747,390.41,15,4,bills,0.4,5.972641796256752,3,0,0
243,17.36,22,1,transport,1.3,1.7883249624564743,0,0,0
9246,158.62,12,5,retail,3.3,2.2791660643560836,3,1,0
1725,262.88,14,5,bills,3.5,1.6295586664061026,3,0,0
1320,2026.77,2,5,transport,12.0,3.465780612625685,1,0,0
6105,710.29,0,1,transport,0.9,0.5315521003453741,4,0,0
6276,19.41,20,2,entertainment,0.2,0.6374036966517421,4,0,0
2043,36.3,14,2,food,4.6,0.4687659399822991,1,0,0
3836,56.83,10,3,food,12.3,0.38446338264568336,1,0,0
7098,19.35,12,1,transport,0.4,3.2947785501919524,1,0,0
1145,41.32,18,5,food,4.9,0.05298033418734631,4,1,0
6561,22.78,18,5,bills,0.0,0.3850777190214205,2,0,0
2313,35.65,16,3,transport,7.6,1.1030890758832634,3,0,0
5020,51.49,10,2,retail,0.0,1.5402094742647048,1,0,0
4856,5.07,11,3,food,1.1,1.7640679493163103,2,0,0
3122,18.09,11,0,food,3.6,1.1736130602019315,1,0,0
8047,114.26,11,4,bills,17.0,3.698330584346902,0,0,0
2883,390.85,11,6,entertainment,0.9,1.0495539217993761,3,0,0
6686,386.13,7,6,retail,3.3,2.957183350324946,1,0,0
4509,40.26,10,3,retail,7.4,1.5597456539613326,2,0,0
2308,366.29,23,3,food,20.6,4.976037772380682,1,0,0
6717,22.83,7,3,transport,3.7,3.6611094417081267,0,0,0
1848,23.68,14,0,transport,12.9,8.060889264489365,3,0,0
5834,214.73,7,0,transport,1.2,0.6444899902164714,1,0,0
8281,158.59,1,4,transport,23.1,0.6419355689367381,1,0,0
6719,109.93,17,3,retail,7.2,6.091222852778952,1,0,0
1375,49.07,21,1,bills,0.2,0.2151596797840825,1,0,0
1305,45.13,8,4,entertainment,4.9,1.705484380754323,3,0,0
8011,495.47,22,3,food,1.0,30.859264732033374,1,0,0
7388,39.97,6,1,transport,6.3,5.7100716505177225,4,0,0
3321,52.09,2,4,entertainment,3.1,1.4926463169210606,3,0,0
1104,147.7,2,4,transport,0.7,1.7543830044849646,2,0,0
4726,101.62,3,4,bills,4.3,6.542559588889438,0,1,0
3364,112.53,6,0,transport,1.3,0.7861282410844277,2,0,0
8019,39.53,22,6,retail,2.1,1.4763741700740243,6,0,0
4863,48.6,12,3,entertainment,10.7,9.37875969941004,2,0,0
4294,120.91,19,0,bills,8.3,2.1639437961652925,3,0,0
5436,6.97,20,5,bills,4.2,6.722922538743523,3,0,0
5104,148.97,20,4,food,0.5,0.675822155569576,1,0,0
133,40.1,23,3,transport,0.4,1.2088384062312403,4,0,0
1702,187.82,13,0,retail,9.5,3.0110997558401005,1,0,0
8139,80.19,18,2,food,0.3,0.7225214390816452,1,0,0
8543,2.59,7,0,transport,1.5,3.539025526170512,3,0,0
9287,71.52,22,3,bills,3.3,0.10907167709710301,3,0,0
2833,31.89,17,4,entertainment,0.3,2.9227924409922417,2,0,0
7184,15.76,11,3,retail,5.2,1.3700120539604568,1,0,0
5935,24.14,22,2,retail,0.3,5.387673043655605,2,0,0
8053,27.4,10,2,bills,4.2,0.23900660582755695,2,0,0
5593,22.78,10,6,transport,8.0,0.018897888379430718,4,0,0
6654,17.89,20,6,bills,1.3,2.486516232131402,1,0,0
8395,50.92,23,2,retail,18.7,0.07789365091730455,0,0,0
9072,211.92,16,1,transport,5.4,3.6458731359344507,3,0,0
7630,417.98,7,1,retail,0.7,1.924679215289307,2,0,0
9218,338.39,18,1,transport,2.5,4.9390587122334555,1,0,0
7440,33.45,22,0,transport,0.6,12.55070496153171,7,1,0
5631,24.11,18,3,retail,4.5,5.1485140590612595,2,0,0
7940,223.04,20,6,bills,0.3,4.954358690280822,6,0,0
9685,446.65,15,2,bills,4.1,2.287873768416537,0,0,0
5821,617.99,12,2,entertainment,5.0,0.7256535084301127,5,0,0
1790,193.39,17,0,transport,2.4,2.1106686236371246,2,0,0
3332,25.98,18,3,retail,0.4,0.10593604829022223,3,0,0
6806,28.69,13,0,transport,0.9,5.720836275834704,4,0,0
1373,3.54,21,3,entertainment,2.8,6.254828692955996,1,0,0
1660,57.04,18,0,transport,4.1,10.635366889799366,3,0,0
3107,23.94,9,6,entertainment,1.3,3.982942130967535,4,0,0
7090,245.41,22,6,retail,5.8,14.334775814607056,4,0,0
640,14.61,15,0,retail,9.5,3.834681191461481,4,0,0
3468,156.8,13,4,entertainment,1.2,6.117954650247191,3,0,0
3494,20.42,9,3,food,10.1,3.305128455937046,2,0,0
7855,67.25,0,4,food,2.8,5.421545631738192,3,0,0
5441,175.19,12,2,entertainment,1.7,3.7066799393523504,2,0,0
9311,14.51,17,2,retail,4.4,0.912057965400356,2,1,0
1464,55.4,12,0,bills,3.6,1.0447678213956328,4,0,0
4495,503.05,21,0,entertainment,5.2,5.269419834877223,0,0,0
5049,286.83,5,5,bills,1.1,0.6811051638511739,2,0,0
7024,28.98,10,0,entertainment,3.8,0.35775989592413143,2,0,0
521,93.47,17,6,bills,1.2,1.3215977733747475,3,0,0
8755,497.94,20,1,retail,4.5,3.390109351697747,1,0,0
6380,18.55,20,3,food,3.7,1.1250618488465358,3,0,0
6067,10.24,2,3,food,28.7,3.093524121599567,1,0,0
7713,28.22,11,5,bills,4.2,0.720908215687288,1,0,0
8812,89.86,21,1,retail,1.3,0.9590060116856213,0,0,0
3749,25.12,16,4,food,1.1,2.015560282285526,3,0,0
5183,163.83,21,5,retail,28.0,0.04943531031033769,2,0,0
3138,98.61,1,3,transport,3.8,7.120269465219745,2,0,0
9063,71.33,9,6,bills,2.3,1.3917270867256732,3,0,0
2119,46.48,18,6,food,16.5,1.9926694760839956,4,0,0
5745,19.18,7,1,entertainment,2.1,1.0032901685340172,2,0,0
9448,32.3,19,1,retail,4.1,1.4857776742465238,5,1,0
6390,7.86,14,2,entertainment,2.4,2.9669542349837355,3,0,0
7555,12.39,6,2,transport,2.3,4.844376514106517,1,0,0
4352,13.62,17,5,retail,2.5,6.322147420126543,1,0,0
4127,118.53,11,6,bills,1.4,7.0702095325069765,1,0,0
2289,69.27,7,4,bills,3.2,2.370214094485801,1,1,0
8435,11.2,14,6,entertainment,0.1,1.5144785188097232,1,0,0
9630,10.47,15,5,food,5.2,0.5193416112202941,1,0,0
1906,15.97,14,4,food,1.6,0.9451036052381461,1,0,0
4961,16.05,17,5,bills,3.8,1.8536319074067025,1,0,0
892,20.2,10,6,transport,0.6,1.1140530842895429,3,0,0
3844,214.0,21,4,retail,16.8,1.4337307234314594,1,0,0
4902,228.0,15,0,bills,1.2,7.317306036977144,5,0,0
9611,296.76,9,1,entertainment,6.2,0.4280438857997486,3,0,0
6948,27.96,8,1,transport,3.4,2.1058871120682014,1,0,0
7347,69.14,10,6,retail,3.5,1.1633992277486342,1,0,0
9265,77.75,8,3,bills,5.6,6.173799339934297,1,0,0
9798,22.13,14,2,food,1.1,1.2628384501235428,3,0,0
3333,404.73,7,0,food,1.1,0.5204119076048018,2,0,0
3324,32.55,16,5,retail,6.0,4.012343416284713,2,0,0
5760,78.33,9,3,retail,1.8,0.5894197880581307,1,0,0
7295,153.35,9,1,entertainment,9.2,2.3591276409757764,3,0,0
6959,24.37,9,0,retail,3.3,0.016752412137401525,0,0,0
1961,58.07,20,6,bills,0.6,2.6275631622447073,3,0,0
2403,18.76,7,5,retail,1.8,3.1344345082042837,2,0,0
1212,879.94,18,6,bills,0.7,0.459045654872685,2,0,0
9281,64.66,10,4,bills,8.5,1.3936085377651564,2,0,0
8678,89.88,9,1,transport,3.9,3.6069267872421324,0,0,0
9349,112.68,6,1,food,3.4,0.7537880218136097,2,0,0
1978,19.89,10,1,entertainment,4.8,3.9563296587590466,3,0,0
5308,97.24,12,2,retail,4.2,0.2940205899787905,1,1,0
3355,14.85,13,4,entertainment,2.3,0.5803072157305927,3,0,0
7202,870.35,21,4,entertainment,3.6,4.028172924913858,2,0,0
9438,220.02,22,2,transport,0.9,3.5974055800587865,3,0,0
1686,287.37,7,3,retail,9.6,2.657447804590794,1,0,0
3200,270.75,17,4,retail,6.3,2.8100147622596374,2,0,0
8229,362.48,17,0,bills,9.1,2.8995244511745986,3,1,0
9997,241.91,3,0,entertainment,408.1,36.643578834236905,9,0,1
1496,55.16,9,0,entertainment,1.2,3.006163031229228,2,0,0
9524,39.61,9,1,entertainment,5.8,2.052928221593345,1,1,0
1387,48.0,14,4,food,22.5,3.10805334339412,1,0,0
1618,142.98,15,0,transport,1.8,13.833065502985075,4,0,0
4854,2509.08,19,4,bills,4.1,0.04623444966441101,2,0,0
951,403.34,19,0,retail,6.1,5.135184420244354,1,0,0
8977,578.72,11,3,food,5.0,5.005363332741404,1,0,0
6361,64.38,20,4,transport,1.1,0.7699384977626307,1,0,0
9306,116.65,11,6,retail,11.0,1.0470872824661346,2,0,0
3521,100.71,7,6,entertainment,2.6,7.555673891083584,2,0,0
82,168.9,20,2,bills,9.3,6.415500884882139,1,0,0
2576,43.13,17,3,food,9.3,0.23573656734594203,3,0,0
4759,157.31,20,0,entertainment,3.2,5.937626929697889,1,0,0
7315,104.87,7,0,food,0.3,2.632574000656871,2,0,0
2261,20.38,16,0,bills,11.2,1.89844569361831,3,0,0
8481,317.14,13,6,transport,8.4,0.6510734576182227,1,0,0
5214,121.69,11,1,bills,8.8,2.0867256861449386,3,0,0
5924,10.68,13,6,entertainment,10.2,1.0521596769225652,3,0,0
9544,37.44,16,1,retail,5.3,0.4741008636168478,0,0,0
5927,12.97,14,0,entertainment,9.6,0.7944773516326925,1,1,0
5304,190.61,9,3,retail,3.4,4.554254603577922,6,0,0
237,34.2,20,1,entertainment,15.5,0.06895088981572448,1,0,0
6094,8.47,17,1,entertainment,4.3,2.192254061807198,4,0,0
8039,672.19,5,2,entertainment,1.0,1.0089907546862174,2,0,0
4216,43.37,9,6,food,0.7,2.2322207266972938,1,0,0
2009,354.42,19,1,entertainment,4.0,2.6604294335475043,6,0,0
1749,105.62,16,2,food,7.2,1.7877131871426328,0,0,0
7162,2.23,10,0,retail,19.6,5.145733542801299,0,0,0
5124,10.18,12,6,food,1.5,0.7251778362413266,3,0,0
190,43.75,21,2,entertainment,3.1,0.8727106367161968,1,0,0
7311,16.17,14,6,entertainment,1.3,4.003050125211586,1,0,0
7147,8.25,13,5,entertainment,9.6,12.272477490429203,0,0,0
5458,64.66,21,2,retail,3.2,2.0452686485790936,2,0,0
4988,7.66,16,5,bills,6.5,7.332988146285844,2,0,0
7529,291.02,10,6,transport,11.2,3.487365724069447,1,0,0
882,28.77,20,2,food,4.4,12.38842370699146,1,0,0
6560,56.77,14,0,transport,1.2,4.2574991863056635,1,0,0
6263,17.75,9,6,entertainment,2.8,5.791375532942246,1,0,0
2878,199.22,23,3,food,4.1,2.077968977278524,2,0,0
2632,47.25,23,0,food,2.7,3.173397455042166,1,0,0
5496,146.13,19,4,food,4.3,1.3027850072234284,2,0,0
7614,137.41,1,0,transport,12.5,4.959001164607495,0,0,0
5859,84.8,15,5,entertainment,0.2,6.149585757734102,4,0,0
3507,149.03,19,6,transport,2.4,0.460361909924499,2,0,0
3842,1340.99,12,4,transport,2.4,5.617318422203526,0,0,0
1939,54.84,8,4,bills,15.1,2.4526763721724545,2,1,0
9739,21.33,3,3,food,18.3,5.174017592038529,3,0,0
6925,50.69,14,4,entertainment,18.4,1.7549853185701236,0,0,0
837,9.65,4,3,retail,3.8,0.1389988163058567,2,0,0
5224,21.43,8,4,retail,2.8,1.0729197791336098,6,1,0
5806,34.14,7,4,food,0.3,1.7115504512740631,2,0,0
7335,1408.47,7,4,entertainment,0.7,16.16137259602192,0,0,0
4798,99.79,21,4,retail,1.6,0.715017248377645,2,0,0
9607,99.23,16,5,bills,0.6,0.8169669636784742,2,0,0
414,70.58,22,4,food,0.6,1.2883256814485247,1,0,0
7220,86.74,11,4,food,1.7,5.8608829436610925,2,0,0
4931,6.1,20,1,food,8.5,0.0027144690018070664,2,0,0
7664,4.14,15,0,entertainment,4.8,1.6418377633691168,0,0,0
5287,51.28,10,6,retail,15.8,6.505702719697208,2,0,0
6164,35.62,11,3,food,1.4,1.6305154019901167,2,0,0
6740,168.89,12,1,bills,1.8,4.7558281485828555,1,0,0
2078,14.87,6,3,retail,1.7,6.527229364596662,1,0,0
491,22.59,12,4,transport,6.0,1.855474857998824,0,0,0
1067,48.88,19,1,food,2.5,1.054273136616661,0,1,0
8644,2.67,6,1,food,2.2,4.391620797379859,1,0,0
2845,12.66,5,2,transport,0.8,1.6227278149871696,1,0,0
6262,70.48,9,5,retail,2.9,1.2987594145578605,2,0,0
533,44.34,21,5,transport,1.4,1.1274849096269501,0,0,0
3444,73.21,17,5,bills,4.5,2.1665203101436736,4,0,0
4939,243.08,19,5,bills,0.3,2.305658302210855,1,0,0
9171,9.05,23,3,bills,3.7,1.9235438868532821,1,0,0
4227,108.25,13,5,transport,9.2,0.2598768340650889,3,0,0
3217,53.66,13,4,retail,2.2,9.620327056958143,2,0,0
6777,40.44,20,2,bills,13.5,5.286793712504117,1,0,0
4078,112.49,0,1,retail,4.8,0.9361345165134779,0,0,0
1426,11.9,22,3,retail,7.1,0.6185199111637192,2,0,0
5282,90.0,8,0,retail,3.7,1.0498909522755224,1,0,0
609,131.96,13,0,transport,1.4,1.4402770214156169,3,0,0
2046,605.83,8,2,entertainment,6.4,0.6327692827303995,2,0,0
7880,69.04,9,6,entertainment,3.5,3.302502703636459,1,0,0
9409,19.89,17,3,entertainment,2.1,3.0380256373258994,1,0,0
9227,74.61,13,0,entertainment,7.3,0.8181988820701207,2,1,0
4282,1052.59,7,4,retail,6.0,2.3228352552458844,3,0,0
9833,92.48,22,3,transport,287.8,57.31008037818822,9,0,1
815,33.52,9,5,bills,3.0,4.930298845044151,3,0,0
1570,32.46,19,2,retail,1.2,0.04963813370916686,2,0,0
494,112.5,13,5,food,0.0,0.8818178703067412,2,0,0
1610,1.75,15,2,retail,10.9,1.9010356220931703,2,0,0
3603,3.98,6,4,food,4.6,0.458575921498947,2,0,0
3053,6.83,20,4,transport,2.2,2.3197849084238475,4,0,0
2829,83.39,16,6,bills,2.3,1.362477374468717,2,0,0
1755,361.97,19,3,bills,8.1,0.4212246315296193,4,0,0
7566,10.83,17,5,transport,30.5,2.1855383061138327,5,0,0
7042,140.94,17,5,food,9.5,3.160738845086728,2,1,0
934,9.29,18,2,entertainment,0.1,4.050932425197734,1,0,0
1595,5.01,2,2,transport,0.8,0.16087454817040944,2,0,0
218,31.81,6,1,food,1.4,1.4000114185834087,4,0,0
898,100.72,8,3,transport,9.2,1.1289401811064408,2,0,0
4909,10.22,11,0,entertainment,8.2,0.9541417260935928,1,0,0
1436,114.48,6,2,food,0.4,2.05079816450097,1,0,0
1969,23.0,14,2,transport,1.9,0.6970487289077422,2,0,0
9613,29.74,6,0,bills,2.7,1.667883751563091,3,0,0
2362,270.42,18,5,food,5.5,2.105177512402774,3,0,0
4908,966.42,14,1,retail,5.8,10.967894420107033,1,0,0
6258,11.77,21,2,bills,2.4,1.5213981548264002,0,0,0
2122,42.75,19,2,retail,1.3,5.826486312665971,0,0,0
8689,105.67,22,5,retail,2.1,2.3004537534602276,4,0,0
9207,181.79,11,3,food,1.3,7.921476978600435,2,0,0
8203,929.62,21,0,bills,3.3,2.3681334535020806,0,0,0
3341,21.07,19,4,food,0.8,0.2995138550393719,3,0,0
444,496.85,8,3,bills,2.2,3.221647897386706,2,0,0
1695,99.24,6,1,entertainment,5.5,4.043686564491329,1,0,0
7534,18.32,20,6,bills,7.4,6.188200798321528,4,0,0
7010,2498.78,8,5,entertainment,9.9,0.4304272525454942,2,0,0
197,55.1,17,4,bills,7.6,1.5460695130508157,0,0,0
8416,271.0,15,3,transport,2.7,1.0497513227502513,4,0,0
4684,43.45,10,2,retail,0.5,0.34346319162155803,2,1,0
3726,308.29,21,4,bills,7.5,2.5763568858069545,3,0,0
1425,4.82,20,6,bills,0.4,2.460066568443172,2,0,0
3066,258.12,23,6,bills,0.7,3.2053678121227813,3,0,0
8785,25.09,8,4,food,10.8,1.2024305777662447,1,0,0
7060,2.78,12,4,bills,17.3,0.6789241726937887,3,0,0
1614,31.86,15,0,food,7.6,0.9773045575167629,3,0,0
4519,188.36,8,6,food,1.8,7.954217708185766,4,0,0
788,31.42,16,5,entertainment,1.3,5.191544093044543,4,0,0
9861,324.47,0,3,food,567.7,8.661832751665047,4,0,1
7397,2.44,22,0,bills,6.4,2.8702362457433415,1,0,0
1343,574.91,7,3,transport,1.7,2.867945781055937,2,0,0
765,10.69,9,2,transport,2.6,2.1829643141873882,1,0,0
149,31.83,19,5,bills,7.5,2.911277108522717,2,0,0
211,31.36,20,4,retail,4.5,1.0252910949847973,3,0,0
2637,146.72,14,2,food,10.2,2.131359577924127,2,0,0
155,13.38,15,1,retail,13.4,2.175963114315105,1,0,0
1763,5.55,1,0,entertainment,0.6,0.009497416441143984,2,0,0
6144,52.27,17,1,entertainment,6.0,5.677972618306489,4,0,0
4414,5.26,21,5,food,14.7,1.2447922500806257,1,0,0
2651,202.91,7,6,transport,0.2,0.08116039507119181,5,0,0
9139,3.93,21,3,food,0.7,4.965900110858311,1,0,0
21,39.82,15,6,transport,0.9,1.1010994134065237,0,0,0
4161,16.13,2,0,retail,5.7,4.995161203206382,2,0,0
354,10.46,8,2,bills,1.8,0.6783456961842443,2,0,0
8859,776.96,20,1,entertainment,21.6,3.807668662226331,3,1,0
6242,376.26,15,4,transport,8.7,12.531983276427667,2,0,0
8336,130.74,21,4,entertainment,0.6,1.1437650729052797,0,0,0
5101,151.64,6,5,retail,1.8,2.766794005366467,4,1,0
9982,195.02,15,4,entertainment,1131.4,22.11794075040076,14,1,1
4541,130.6,19,2,transport,12.3,0.26551897330714275,0,0,0
581,18.05,20,1,retail,12.3,5.839758109193419,2,0,0
2906,20.55,12,0,retail,8.9,1.2515612547524504,2,0,0
3156,185.04,16,3,retail,2.4,2.012685214591051,5,0,0
110,164.63,10,2,transport,2.1,2.3818560632673953,5,0,0
9942,2150.34,3,6,retail,354.0,13.076236969570754,7,0,1
1419,22.96,23,6,bills,1.7,3.1410953293028845,2,0,0
1808,14.48,8,5,transport,17.9,3.087612623825348,1,0,0
2528,13.71,12,3,retail,4.1,5.555380245940778,1,0,0
2116,9.15,22,0,entertainment,13.0,2.496325410017128,1,0,0
775,106.2,9,0,entertainment,2.7,1.7658397012913032,2,0,0
7405,50.02,16,0,retail,1.2,9.640451247853694,0,0,0
6103,22.79,21,2,food,8.2,4.523892208403729,3,0,0
8534,23.61,18,6,food,1.1,5.841051259128424,3,0,0
7166,525.79,19,1,bills,3.3,0.7531496462419014,3,0,0
4133,12.3,21,1,bills,5.7,3.3716772810223246,1,0,0
8027,10.28,16,2,transport,7.3,0.06447078927760633,0,0,0
3397,4019.38,7,4,retail,6.7,2.62436853285101,0,0,0
6132,47.12,14,2,transport,12.0,6.057623577053475,2,0,0
9184,53.2,8,0,bills,3.2,0.9232568683943971,2,0,0
1793,447.43,20,4,retail,7.3,1.0171617446358312,5,0,0
6546,67.35,20,1,entertainment,6.6,0.3444305047381396,4,0,0
9004,201.74,20,5,retail,9.5,0.850167197501726,1,0,0
3918,107.72,14,6,retail,6.5,1.0560123421838816,2,0,0
507,62.46,11,5,bills,3.0,3.2233926444359695,2,0,0
2722,62.79,21,4,transport,12.2,1.0696732761938919,1,0,0
680,31.04,23,0,retail,0.2,1.413497465452799,2,0,0
7287,9.58,18,1,entertainment,16.3,3.362718170755416,2,0,0
7498,88.48,18,4,transport,4.6,0.7967959209557456,1,0,0
58,26.73,13,4,entertainment,0.1,5.131170193593788,3,1,0
8830,30.3,16,3,bills,9.6,2.433845332916528,2,0,0
657,9.17,19,3,transport,6.3,1.7056124674693907,2,0,0
33,160.88,11,1,food,3.5,0.20691017244966087,2,0,0
8258,9.0,7,0,retail,15.3,3.217210109417539,0,0,0
4848,3.48,20,1,entertainment,1.3,5.586425996511478,1,0,0
6286,3.19,5,6,entertainment,9.3,3.922333147093072,2,0,0
3094,29.04,15,1,transport,7.9,0.24151107415944909,1,0,0
8434,10.3,14,3,entertainment,6.0,2.222637508778379,1,0,0
9464,107.38,18,2,bills,2.0,1.3152735228132901,4,0,0
610,173.67,14,2,entertainment,9.1,0.13461590193016051,4,0,0
7432,0.55,19,3,food,2.7,0.040472209822529165,4,0,0
1325,160.35,16,0,retail,4.8,0.9627152709483915,2,0,0
5083,23.05,21,6,entertainment,6.1,0.7895954288639531,3,0,0
1629,5.19,10,0,food,8.9,1.5512779550457512,3,0,0
8568,110.34,21,5,entertainment,1.7,0.8039425883688973,2,0,0
7233,294.46,0,4,retail,2.3,4.199973925008633,3,0,0
5348,122.63,9,1,entertainment,17.0,0.5791851158727088,3,0,0
798,72.81,10,5,transport,3.0,1.0381679221058797,4,1,0
6150,14.09,17,5,bills,7.8,4.083494639387513,1,0,0
3425,141.43,10,0,retail,1.5,0.3654423213869231,1,0,0
1973,95.36,21,6,retail,0.1,0.8955749087505007,4,0,0
897,57.32,9,1,retail,10.4,4.113857038854815,3,0,0
8937,42.69,12,4,transport,17.5,3.007640239844582,2,0,0
5152,204.68,20,5,transport,0.4,3.2339157879673595,3,0,0
6113,27.42,13,4,transport,7.3,0.5436947605651152,1,0,0
8005,28.95,19,4,food,1.8,4.482422691386688,4,0,0
3969,43.9,5,5,retail,7.2,0.8365747139253601,1,0,0
7045,139.02,19,3,bills,2.7,0.3956223760622768,3,0,0
3187,107.19,21,3,bills,0.8,13.351553144116334,1,0,0
2396,18.76,0,2,bills,6.2,0.6576058652445181,1,0,0
5197,48.96,16,1,transport,0.7,3.5139572661278526,0,1,0
6939,20.74,7,5,food,0.0,4.234009256514353,1,0,0
1394,68.95,7,3,food,0.6,0.8880172063409686,1,0,0
5700,19.97,21,5,bills,0.6,11.76017259908136,4,0,0
9285,9.18,13,3,bills,10.9,2.5005390798642475,1,0,0
1154,209.27,8,0,food,2.0,0.7656672515122342,3,0,0
171,36.28,14,0,entertainment,5.5,0.4173751907259158,5,0,0
8956,55.19,21,4,transport,8.0,3.8442278076257974,3,0,0
7479,150.37,13,1,transport,2.3,0.07840653584237614,2,0,0
2679,56.58,6,1,transport,8.4,2.2768084805434987,1,0,0
8561,20.68,20,2,transport,0.7,3.7424962894109375,4,0,0
9064,170.24,20,6,transport,12.8,6.46227875888739,3,0,0
9553,67.78,13,2,retail,7.5,0.07997369623095885,2,0,0
6186,68.43,19,3,food,7.1,0.39934740546245684,3,0,0
4302,15.0,17,4,retail,0.5,1.6980469099148214,2,0,0
1789,57.59,11,4,transport,6.7,1.5847751811298776,2,0,0
4093,5.78,17,3,entertainment,3.7,0.637055238938824,1,0,0
4878,38.74,18,1,transport,1.9,1.5784710136163804,1,0,0
6940,84.91,16,3,food,5.9,0.9105651012907154,5,0,0
3130,68.92,11,3,entertainment,4.3,0.47053344369570327,1,0,0
2803,24.64,12,6,retail,3.3,2.234028654095934,0,0,0
8898,198.17,20,4,retail,3.4,17.378085745537913,1,0,0
8683,153.45,13,1,transport,1.6,18.387356206057664,1,0,0
928,70.8,23,0,retail,1.7,0.32906716677839093,4,0,0
9338,21.12,16,4,bills,2.0,1.677213559946936,0,0,0
4010,226.99,3,4,entertainment,12.1,1.747970510578679,2,0,0
8046,20.6,13,3,entertainment,1.6,5.293491205800295,0,0,0
3398,5.88,17,2,bills,1.0,1.4493886805183838,4,0,0
2639,539.52,15,4,food,5.9,2.4698024301352772,1,0,0
9408,1.62,17,1,bills,3.0,1.986871612781693,1,0,0
4510,46.76,12,1,bills,10.8,2.2168079692584133,3,0,0
1567,297.5,11,2,food,2.0,2.3909663333954025,4,0,0
3574,82.38,14,5,bills,2.6,0.030708626359265544,4,0,0
2264,27.65,13,3,entertainment,6.7,5.400187712002873,0,0,0
1884,75.68,9,4,food,2.8,5.06952544506203,1,0,0
645,206.99,1,3,bills,2.4,1.2906773552760908,0,0,0
7977,4.26,16,4,bills,11.7,2.2386095764840586,1,0,0
5263,496.71,22,6,transport,0.8,5.181351689216039,1,0,0
8439,74.37,6,4,retail,2.4,3.4508577615631584,2,0,0
1043,36.97,0,2,food,11.8,5.098487548312777,2,0,0
2146,1015.65,10,5,food,0.1,0.26593568576696597,2,0,0
7583,992.9,19,3,retail,0.6,1.4514000234005302,2,0,0
6867,233.8,21,6,retail,7.5,7.815412198478295,2,0,0
7329,69.5,12,5,bills,7.3,0.4289050438862384,4,0,0
3856,47.99,16,4,retail,2.9,6.425531051036181,3,0,0
4297,137.75,7,5,transport,16.0,0.3523743864852604,1,0,0
3805,92.04,18,1,bills,4.9,0.3533605476690857,4,1,0
1562,7.27,1,2,transport,2.9,4.874029075770914,3,0,0
9610,55.36,8,6,entertainment,1.1,2.8522244970794066,3,0,0
6582,39.05,21,4,transport,1.2,0.2645678097801578,4,0,0
7652,723.45,15,4,retail,7.2,0.8597227771015026,1,0,0
2321,61.42,16,3,transport,4.1,2.2350677292667553,2,0,0
9372,17.53,18,6,food,5.1,3.21928017044631,3,0,0
1596,108.57,15,3,transport,0.6,7.7707106229529295,4,0,0
8852,28.95,18,2,transport,4.6,2.757192645776424,2,0,0
3118,35.03,16,4,transport,1.1,0.469952901687977,2,0,0
4990,10.57,11,1,food,3.1,3.8656322677555894,2,0,0
421,37.43,15,5,entertainment,1.8,3.593960691864459,1,0,0
6955,2.64,15,2,food,11.1,0.590788724177878,2,0,0
7151,272.03,20,1,food,3.8,0.8224098567334872,2,0,0
8880,73.03,23,0,transport,2.5,0.27041166805020367,2,0,0
8432,83.09,9,6,transport,7.6,0.2950555023576239,1,0,0
1921,343.59,12,4,food,5.6,2.993888046054704,1,0,0
2780,136.84,16,4,retail,6.4,0.9359013276616331,1,0,0
8993,12.79,9,2,entertainment,3.7,4.617122536689869,1,0,0
8629,334.72,19,4,food,1.8,0.48830858587334963,1,0,0
6015,244.28,19,1,food,2.9,0.5497481021178967,2,0,0
9549,7.26,17,3,retail,4.8,1.1739654214205648,2,0,0
3451,34.43,9,4,transport,5.2,0.9022691909528737,2,0,0
1472,105.71,10,1,food,9.6,3.3122251365202926,5,0,0
8549,10.31,14,1,entertainment,1.9,3.553671337232929,3,0,0
4829,84.72,18,2,food,8.9,0.2602644815790973,4,0,0
7111,28.73,18,1,retail,4.6,0.14357834652435195,1,0,0
5380,178.13,10,6,food,1.5,2.7526296661355008,2,0,0
5000,134.55,13,0,food,4.0,2.250946967070523,1,0,0
7752,1.41,13,0,transport,0.3,0.35594053116137686,2,1,0
9058,121.44,21,4,transport,7.1,3.0185995454327843,4,0,0
9396,1392.21,3,4,bills,4.2,0.8912343168633086,0,0,0
6122,7.86,6,2,retail,4.1,1.9740261408910376,0,0,0
443,1.76,18,0,transport,0.3,2.1788083326794068,2,0,0
5435,46.06,21,5,food,1.1,1.2777076213733127,4,0,0
7792,257.71,23,4,food,3.5,1.5021643936636342,4,0,0
3126,65.42,6,3,bills,22.4,13.363071956427312,4,0,0
4335,59.38,13,3,food,16.1,0.3530867348865849,1,0,0
4232,75.02,12,3,retail,0.4,1.2769169170602395,4,0,0
3956,318.51,9,1,transport,3.5,6.114607593845269,0,0,0
1186,173.96,21,4,food,13.0,1.0208643936515231,0,0,0
2469,55.41,15,2,retail,0.8,2.8253503754845815,1,0,0
2903,2.07,22,1,retail,0.1,0.8292002905906302,2,1,0
5138,69.92,8,2,entertainment,4.2,2.6037254340940708,2,0,0
5418,40.02,19,1,bills,0.5,1.8004020052131418,2,0,0
1633,219.63,14,1,retail,5.6,1.7792756100806262,3,0,0
9000,11.49,21,4,retail,2.6,1.1057404704925022,4,0,0
904,4.12,18,4,food,2.0,1.6978295834565074,1,0,0
8474,13.63,7,2,transport,2.0,9.857413854977956,3,0,0
7132,383.58,16,1,entertainment,6.8,7.53998679107055,1,0,0
7870,8.74,7,6,entertainment,3.5,1.695644771103725,3,0,0
3772,33.07,17,3,bills,1.1,0.15637379681162508,3,0,0
9499,50.5,1,3,food,1.9,0.5826151493038456,2,0,0
1286,2.1,13,0,food,10.8,5.371340889800434,3,0,0
2795,244.76,17,6,bills,4.7,2.3614239215385457,1,0,0
3837,85.67,19,3,entertainment,5.3,2.5791209636890478,1,0,0
7991,62.12,18,4,transport,0.5,3.7549592055221837,3,0,0
4421,63.23,18,0,transport,9.2,0.45555147622999215,2,0,0
1920,288.96,10,5,entertainment,8.6,2.3286848068947865,3,0,0
5058,18.34,23,4,bills,4.1,1.9736729759936367,4,0,0
8972,13.13,6,3,food,0.8,0.429531114218178,3,0,0
4530,20.12,20,4,entertainment,13.5,1.881915253283844,1,0,0
6640,28.67,10,2,bills,1.3,1.4482920992649972,4,0,0
7508,141.34,17,0,retail,0.5,0.7830712452456232,2,0,0
7693,119.82,12,2,transport,3.7,1.4392595537029422,2,0,0
2959,4.55,9,4,bills,8.7,3.383942911377817,1,0,0
5906,33.36,23,2,entertainment,1.0,3.6514680538409934,1,0,0
9432,204.9,2,6,food,2.7,0.3618625454931427,2,0,0
6065,206.91,6,6,retail,4.0,1.050620902835115,1,0,0
2846,3.07,16,4,entertainment,12.4,3.6712715603591644,2,1,0
6736,195.7,12,2,retail,0.5,0.417313771064191,3,0,0
8350,210.56,15,5,food,2.2,1.1619015600019467,2,0,0
4521,297.94,21,4,entertainment,3.5,5.434266004823644,1,0,0
5570,88.86,5,0,bills,7.3,5.6414539216743185,1,0,0
1506,12.14,7,1,retail,2.0,3.1347628354077406,2,0,0
6197,30.75,18,1,entertainment,4.9,0.2453249632638524,2,0,0
743,31.97,11,0,bills,2.9,4.7648221741227905,2,0,0
9195,11.95,20,2,entertainment,3.2,0.35356605340130387,2,0,0
4802,49.75,20,2,bills,1.3,1.130691029949169,3,0,0
1411,49.45,23,4,entertainment,15.5,4.003761125042293,2,0,0
1646,36.64,17,0,transport,2.4,2.3911250395435704,3,0,0
74,27.18,15,0,food,0.8,2.37833844302751,2,0,0
2373,101.03,8,1,transport,11.8,5.811485022552607,5,0,0
7899,24.52,13,5,entertainment,18.1,4.196390804750081,4,0,0
3775,45.06,21,2,entertainment,1.6,0.12412428176715849,3,0,0
5229,98.21,22,3,entertainment,6.6,5.062801367189772,1,0,0
7165,292.9,21,4,transport,11.7,3.6634708979478434,0,0,0
1363,119.05,2,2,transport,4.5,0.7961239426337248,1,0,0
6474,3.82,11,1,entertainment,5.0,2.1894429542536935,3,0,0
5469,169.29,21,6,food,1.5,4.844375393076582,1,0,0
670,4.56,13,1,retail,17.5,1.4996705003400148,1,0,0
8349,1730.12,20,5,bills,3.0,1.5682929794198257,4,0,0
5065,125.57,6,3,food,10.4,2.1707537414052602,1,0,0
1536,39.1,12,6,transport,4.1,0.20118505385045493,1,0,0
8512,191.81,15,5,food,4.3,3.7562681296403366,1,0,0
1768,504.22,13,3,retail,2.6,2.014414712758624,2,0,0
8282,120.53,9,2,food,29.9,9.001973899149673,2,0,0
3231,18.1,23,0,bills,4.4,1.41322967581202,2,0,0
7348,170.65,23,2,bills,0.3,6.406410635841397,0,0,0
5422,1512.36,8,3,transport,5.6,1.5697736351088294,4,0,0
1574,3.66,12,0,bills,1.7,3.082572055622717,5,0,0
4206,468.41,7,3,transport,13.9,7.237276534232863,3,0,0
2301,82.31,10,2,retail,4.1,3.0529265757417257,2,0,0
5103,58.74,23,6,bills,10.8,0.15769697738354957,2,0,0
6767,47.31,19,5,transport,0.7,3.2621931721026627,2,0,0
2931,273.23,21,2,food,14.1,0.0840015277360667,2,0,0
4608,123.32,7,6,entertainment,3.8,4.879378985003731,0,0,0
3821,117.86,1,4,retail,6.4,3.1283183650416286,2,1,0
2290,22.04,23,0,transport,1.4,18.761255832887976,3,0,0
3780,10.84,12,5,entertainment,4.7,4.921141728018465,2,1,0
698,30.92,21,2,transport,3.8,3.0535942556491955,0,0,0
8769,13.89,20,5,entertainment,0.1,0.5915339142690794,2,0,0
6424,4.38,19,2,transport,2.5,0.467892491693496,2,0,0
2171,46.17,23,6,transport,2.1,12.36238279577397,1,0,0
4465,14.26,21,4,entertainment,4.3,1.4906737506809558,4,0,0
5066,247.7,14,5,entertainment,2.8,1.646388987205614,1,0,0
9418,33.14,17,5,bills,0.8,0.0597171526260502,3,0,0
5401,7.77,15,3,food,11.6,6.316486430348911,5,0,0
6885,261.53,4,3,bills,17.0,4.3044124308726035,2,0,0
7316,50.4,9,4,entertainment,0.3,5.4107334044102195,3,0,0
2228,30.69,16,3,bills,5.8,0.4670249543428915,1,0,0
8208,93.92,11,2,entertainment,17.0,2.2893226897605046,2,0,0
1033,303.23,13,0,retail,1.5,3.280833029457848,3,0,0
215,42.47,8,4,retail,4.8,4.379140663967087,1,0,0
6989,86.35,13,2,bills,0.2,0.2465296004115088,0,1,0
2789,31.29,7,0,retail,18.8,0.5414452904661595,2,0,0
5878,511.56,6,2,retail,1.4,6.040762737252951,2,0,0
4307,39.7,12,3,entertainment,7.6,1.6700504802245053,1,0,0
7952,117.23,22,4,transport,4.8,0.6234392888634982,4,0,0
4179,513.19,19,2,retail,3.3,4.036059688149848,2,0,0
3329,671.38,14,6,entertainment,9.3,0.6283283235857153,2,0,0
6533,38.92,16,5,bills,3.9,0.12562058356966055,1,0,0
1705,25.4,8,0,bills,2.6,4.493006138048305,3,0,0
8571,478.74,16,4,bills,2.3,0.77822977215938,6,0,0
6042,9.89,12,1,transport,10.3,3.7329329603469175,3,0,0
1518,32.24,16,3,bills,0.2,2.9717284091904483,5,0,0
2128,183.25,14,0,transport,6.4,0.8982638650794612,0,0,0
7666,187.84,10,1,bills,0.3,2.688016651816098,0,0,0
9530,89.32,11,4,entertainment,13.1,2.4628683503743103,3,0,0
1576,42.54,17,5,entertainment,3.2,5.201705798715228,4,0,0
85,11.48,22,3,retail,4.3,0.25438594301930034,2,0,0
5285,22.52,11,4,retail,0.8,0.3463089765532078,2,0,0
4662,40.09,21,3,retail,4.5,0.8647541489664434,2,0,0
7408,179.76,21,3,transport,0.8,1.4736493323003026,2,0,0
8499,141.52,16,3,bills,8.5,0.9396556455386533,4,1,0
4008,31.56,14,2,bills,6.6,3.9742492206001736,0,0,0
1456,9.65,19,3,food,4.7,0.687262018356084,2,0,0
627,153.78,2,6,transport,1.9,2.6873245256100224,2,0,0
751,6.94,21,6,bills,0.8,5.229206436279444,1,0,0
202,88.15,21,3,entertainment,7.5,0.39154698015968437,2,0,0
1555,8.66,19,3,food,6.0,2.827088300042075,4,0,0
7556,34.31,11,4,food,1.0,1.0148313039678605,0,0,0
9916,832.71,1,5,bills,496.3,52.90878841817639,12,0,1
9456,720.63,18,1,retail,10.3,0.8148112018581857,0,0,0
9211,6.07,8,0,transport,2.1,4.180957312972909,0,0,0
3596,27.01,16,2,transport,1.6,3.585757035271401,2,0,0
5776,374.68,23,2,transport,2.2,1.3314563997143458,4,0,0
8371,401.69,12,2,food,1.4,13.75507319100959,4,0,0
1604,29.03,7,6,entertainment,4.4,1.7172885630808363,1,0,0
4265,72.92,14,4,retail,4.5,0.5315974249440769,2,0,0
2564,151.99,19,2,entertainment,29.7,2.485232274293695,2,0,0
242,11.83,20,4,bills,1.1,0.918627100514668,2,0,0
4780,64.86,19,4,transport,1.5,2.23540807051218,1,0,0
7547,12.9,8,1,retail,1.2,0.16798180590927891,2,0,0
9379,31.53,13,0,transport,8.2,5.227923016539654,0,0,0
7828,193.24,22,5,retail,8.4,2.549400788968478,2,0,0
7545,167.95,11,6,transport,14.1,3.9240935124968583,0,0,0
7523,15.47,6,4,bills,1.3,2.0784956230568774,1,0,0
6402,262.16,6,2,transport,2.4,6.551426427039608,0,0,0
8377,18.34,3,1,food,2.7,4.133458202137388,0,0,0
2426,25.93,11,1,bills,1.4,6.422454564182516,3,0,0
3509,2.31,17,1,transport,4.7,1.8035000089501674,1,0,0
692,18.23,18,6,food,0.8,1.4977983698982023,4,0,0
9925,2201.36,7,0,food,125.5,12.512528558482778,7,0,1
9950,87.27,17,1,bills,772.0,64.36781002787914,12,1,1
4886,70.27,2,6,transport,0.3,3.2456290361480296,0,0,0
6118,2.68,12,0,bills,6.0,3.2519319028262013,2,0,0
5007,4.45,10,1,bills,5.6,0.4545253569355704,1,0,0
4301,69.67,5,2,transport,1.6,0.8472892013285884,4,0,0
3745,34.41,14,2,retail,4.3,1.0282564722789518,2,1,0
5909,15.85,11,4,transport,1.7,2.42489217377737,2,0,0
7622,64.08,18,0,food,3.7,2.7516144528843736,2,0,0
3155,15.84,2,6,transport,2.6,2.2294815370233563,2,0,0
1701,18.64,12,3,transport,31.2,2.2701557540982202,0,0,0
2541,78.01,21,2,transport,2.7,1.5407973767928254,0,0,0
5372,75.77,15,6,transport,11.5,3.794447881006062,0,0,0
7423,124.29,3,4,bills,3.5,3.095185968781977,1,0,0
1339,38.02,16,4,retail,12.8,0.594155974509547,1,0,0
8390,131.76,7,2,retail,1.1,0.6183211605268555,3,0,0
9816,471.81,0,6,entertainment,184.6,4.8548262541255705,15,1,1
2117,69.66,8,2,transport,5.9,5.598119881730557,4,0,0
5222,7.4,20,4,entertainment,4.9,5.3313612726444735,2,0,0
8948,237.99,13,0,entertainment,1.2,1.0658095520395698,5,1,0
8978,11.84,11,2,retail,4.0,4.9704832803115995,3,0,0
6653,82.01,11,5,entertainment,4.8,3.5403956245638804,1,0,0
2274,4.83,13,1,bills,2.9,2.165656439050814,1,0,0
1462,119.06,21,5,entertainment,3.6,0.39827432776477195,1,0,0
6057,204.4,8,6,food,8.7,2.8147297901737356,4,0,0
1904,3.17,20,4,entertainment,1.9,0.5372309428389508,1,0,0
195,18.13,14,2,bills,0.7,5.219063192249872,1,0,0
8073,65.52,19,0,food,2.5,5.351400274170951,3,0,0
6721,67.71,14,3,bills,4.0,0.8664876512812429,3,0,0
2957,35.89,5,1,retail,2.6,0.5656638482903152,3,0,0
561,78.08,8,5,bills,3.4,0.9261224692146591,1,1,0
1661,133.17,21,2,retail,0.0,0.9313093899444224,4,0,0
408,66.94,9,0,retail,0.4,0.030726274773312225,2,0,0
7548,711.82,17,5,entertainment,2.1,10.147319526797673,0,0,0
5676,188.04,21,2,retail,8.3,1.0864772006745511,3,0,0
3042,6.8,15,2,entertainment,2.7,1.7692094446398998,2,0,0
3964,146.7,17,3,bills,2.8,7.466698084355006,3,0,0
3740,117.04,21,6,transport,14.6,1.1282812525219064,1,0,0
8302,121.8,8,3,food,1.5,5.214742435927782,2,0,0
1563,226.23,17,0,transport,7.3,1.5610210835519622,5,0,0
3340,1116.96,22,5,entertainment,1.2,4.588883260871684,0,0,0
740,2.59,6,5,food,0.1,0.43614365814069944,3,0,0
6269,157.27,9,1,transport,2.5,3.91574395548503,4,0,0
9425,71.6,21,3,retail,4.0,6.249442281511563,4,0,0
9073,227.55,23,1,transport,6.9,0.679489761076677,1,0,0
6368,4.96,6,5,food,6.2,1.7140675849005385,3,0,0
9078,5.07,23,3,retail,1.6,1.6798680493395275,4,0,0
4578,7.42,21,1,bills,4.2,1.097531914493018,0,0,0
2656,7.0,17,1,bills,9.6,4.2400314124355205,5,0,0
5499,662.68,11,0,transport,1.2,0.4421794942914338,1,0,0
1879,1.46,12,5,entertainment,16.0,0.18432184163294218,1,0,0
789,90.2,20,4,transport,2.2,3.630451957781766,1,0,0
9618,1011.84,23,0,transport,4.2,2.270920785987423,1,0,0
7338,41.61,15,1,bills,1.1,0.3703287743591265,1,0,0
4141,27.71,21,2,food,4.2,8.446166538926509,0,0,0
1028,162.3,10,6,entertainment,3.3,0.22182115464759622,1,0,0
5792,27.59,7,6,bills,1.8,1.0763684939486973,0,0,0
8584,246.56,16,5,transport,4.8,0.3299919937472978,5,0,0
2814,29.99,11,6,entertainment,0.7,1.6730376996721161,0,0,0
4031,9.07,20,3,food,1.9,3.298062340541426,1,0,0
4914,30.26,13,4,entertainment,4.4,0.5241229601872739,3,0,0
5902,743.91,20,4,retail,1.8,8.01299653997253,1,0,0
2449,59.38,18,0,retail,3.1,5.927661577395897,2,1,0
9839,7450.41,0,4,food,54.9,33.33043751182536,12,1,1
8179,140.18,15,2,transport,2.9,0.0697180744843596,2,0,0
9186,1048.73,18,0,transport,10.2,1.6443261987200868,2,0,0
84,2.18,2,1,retail,19.5,7.508477154073573,3,0,0
2254,243.87,4,2,entertainment,15.8,0.7623631080485962,0,0,0
9416,59.52,17,0,transport,3.0,1.3878367299714438,2,0,0
5047,119.08,22,2,retail,2.2,3.751136282724788,2,0,0
1819,1327.73,19,1,transport,0.2,0.8604947858761348,5,0,0
7773,15.24,9,2,retail,22.1,1.9243650366427323,1,0,0
2988,46.03,10,2,retail,4.0,0.9817516904714646,6,0,0
2483,207.56,19,3,entertainment,9.1,1.0031251093893254,1,0,0
8945,110.02,13,4,retail,2.6,2.0523524259542723,3,1,0
3417,7.47,14,4,entertainment,1.3,0.5156681939030969,2,0,0
2170,467.19,21,4,entertainment,5.1,0.29601159325907744,1,0,0
1777,596.01,15,6,food,7.6,6.609279073108421,5,0,0
358,9.17,8,6,transport,7.9,0.7593123657957501,1,0,0
6123,968.01,22,5,bills,1.1,1.4991759155647388,1,0,0
9978,319.24,1,1,retail,83.3,61.49252645794073,7,0,1
2100,284.53,15,0,entertainment,0.0,0.8670206761155088,3,0,0
6899,11.66,15,2,bills,4.7,1.1874491536045015,2,0,0
907,15.92,6,0,transport,4.0,0.9058077668258031,0,0,0
1747,2.92,14,6,retail,8.8,4.3830856166062695,3,0,0
5213,577.05,21,4,food,5.8,0.10063150237559645,2,0,0
8306,11.74,6,2,transport,5.2,5.106921654825343,4,1,0
8724,45.24,8,4,bills,1.0,0.7154043334014053,1,0,0
6800,19.75,17,4,food,1.3,2.0745292833157336,3,0,0
7177,9.45,19,3,entertainment,8.7,0.21208374142027864,0,0,0
9641,285.69,23,1,bills,7.4,4.3457182501062475,3,0,0
1602,6.98,21,5,retail,3.2,3.997442032254346,3,0,0
5528,58.42,14,0,bills,2.3,0.5155038158886945,0,0,0
8704,20.21,16,5,transport,0.7,2.094194384742086,4,0,0
8370,67.24,15,1,food,7.0,12.425725059039914,1,0,0
7400,22.21,22,3,transport,2.7,2.5498648733938074,1,0,0
6782,130.11,17,4,retail,4.4,7.649718848372357,2,0,0
591,15.81,9,3,food,0.8,0.8458923667125275,2,0,0
1982,50.67,1,1,entertainment,12.6,0.9592510965492063,0,0,0
1041,65.75,20,4,bills,4.2,2.7556062297709567,2,0,0
4460,374.33,18,5,food,2.1,0.2148840052701576,1,0,0
8397,177.43,18,4,food,1.9,4.909008567457446,3,0,0
4188,34.57,7,4,transport,3.7,3.6202812667445263,4,0,0
2488,50.34,15,4,transport,7.4,3.208398301351685,2,0,0
4407,624.54,21,0,retail,5.7,7.558122218999987,5,0,0
4113,75.85,6,1,bills,1.8,7.781458487100849,2,0,0
9540,22.9,7,1,bills,9.7,1.363105443560555,1,0,0
3062,516.55,10,5,food,4.4,0.6953811549332826,1,0,0
8779,72.61,13,1,bills,8.6,0.12756842345937563,2,0,0
1418,22.89,18,6,retail,7.4,0.12934235165144722,2,0,0
8314,128.41,15,5,food,3.6,2.066024473077048,2,0,0
1726,3.81,14,3,entertainment,0.2,7.260155280343291,2,0,0
14,127.78,9,4,entertainment,9.1,4.969928671169631,3,0,0
7874,11.4,12,4,entertainment,4.3,4.994069971911896,2,0,0
4836,1.7,16,5,transport,3.7,5.183776472927942,0,0,0
6668,5.8,21,6,food,12.3,3.5255472629538804,3,0,0
6652,68.42,10,3,retail,0.2,8.507543822522727,0,1,0
943,38.31,7,1,bills,3.5,2.4437373013147634,0,0,0
937,57.14,9,1,retail,7.8,0.922273511191821,2,0,0
7160,259.19,20,0,bills,0.6,0.28276479668278154,4,0,0
3537,809.38,12,1,bills,6.0,8.29224859855649,3,0,0
1066,237.01,17,5,food,1.6,0.5249545182866576,2,0,0
665,20.79,13,2,bills,4.4,5.742490275103655,4,0,0
6853,292.39,14,2,entertainment,7.9,6.289143310444606,2,0,0
3388,15.57,13,3,food,10.3,1.3096410195721044,1,0,0
8409,240.09,18,2,retail,0.4,4.858954485370734,1,0,0
9290,248.63,20,2,bills,4.5,0.49097515147939985,3,0,0
403,97.16,13,2,transport,2.9,1.222086388004293,1,0,0
500,368.54,6,1,retail,4.0,5.640942330243037,1,0,0
7881,17.66,17,2,bills,10.9,1.2644517404111517,1,0,0
8640,52.41,20,0,food,14.5,2.7599926068337957,0,0,0
9985,3341.14,20,1,entertainment,67.5,28.68897582150896,17,0,1
718,386.61,5,5,food,1.7,7.628178410098386,2,0,0
671,10.42,7,6,transport,3.1,5.3324833353263825,1,0,0
4357,130.68,18,0,retail,2.6,6.8041345075255215,3,0,0
223,296.79,14,3,transport,0.1,5.537672387782449,1,0,0
1500,12.75,16,4,bills,3.2,1.0575083306125224,3,0,0
3026,181.38,14,2,retail,7.7,1.3442231181182842,5,0,0
9188,63.82,7,2,food,12.8,2.2022332614219415,1,0,0
2626,59.35,13,6,bills,21.2,1.5553112497015715,2,0,0
1200,16.25,10,0,food,2.2,3.643636485048834,2,0,0
6871,292.02,6,6,entertainment,1.2,0.5252291941457707,0,0,0
1797,1158.46,12,3,retail,5.9,1.9651399954129976,2,0,0
5706,24.68,19,1,transport,0.3,16.041931426117287,2,0,0
1289,35.17,15,0,food,5.4,2.087118524160845,2,0,0
6030,8.34,23,3,bills,5.2,4.45929996788586,3,0,0
6629,52.74,18,5,entertainment,1.3,9.673489039882366,2,0,0
1109,66.51,19,3,entertainment,0.5,0.40978580023882577,2,0,0
2441,8.79,13,2,transport,5.6,1.5607076796977282,5,0,0
313,223.27,9,5,retail,6.7,3.701641124274326,6,0,0
3597,453.37,21,1,entertainment,4.5,1.3080170554535546,5,0,0
3435,8.56,17,6,food,0.7,11.91774204066327,0,0,0
7657,5.31,17,5,entertainment,12.4,1.3187734478132636,2,0,0
6593,135.61,19,2,transport,1.0,7.451836143851905,3,0,0
9081,97.68,17,4,transport,0.9,0.08324170949864007,3,0,0
4793,50.81,18,1,food,0.3,0.9682789384494848,5,0,0
6723,36.19,21,4,entertainment,0.4,0.6235169286090778,3,1,0
6706,135.97,15,5,entertainment,0.4,2.691448542440874,2,0,0
1972,247.21,23,2,food,0.1,1.198483996076535,0,0,0
729,20.63,13,4,food,0.7,0.503542504465385,4,0,0
8634,13.59,15,5,entertainment,6.2,1.9921833983646557,0,0,0
1301,180.97,20,6,transport,5.7,3.8375660885317444,0,0,0
5492,104.92,2,5,retail,5.3,2.116222913570542,3,0,0
4210,0.85,11,4,entertainment,3.5,4.781686717315903,4,0,0
5767,17.92,19,2,retail,0.2,6.85874011022319,2,0,0
6413,122.23,13,4,bills,1.0,2.3431687233244434,2,0,0
6355,138.4,19,4,food,0.5,6.485583590348791,1,0,0
7820,7.85,11,3,entertainment,0.1,1.4427442111274829,1,0,0
8485,109.96,14,4,entertainment,14.4,4.603409138924299,1,1,0
3833,30.01,10,5,bills,8.3,6.371069635293412,1,0,0
7456,201.62,16,5,transport,8.3,0.63883497123632,1,0,0
3085,16.69,10,2,entertainment,18.9,0.563048871451243,3,1,0
6285,893.86,1,0,retail,3.9,0.29184418451621186,3,0,0
7541,261.6,8,1,retail,7.7,2.360912122486566,1,0,0
2162,210.4,21,6,entertainment,16.1,1.5230232190504025,2,0,0
5763,42.02,23,1,entertainment,3.1,5.133166991907579,2,0,0
5156,1600.69,15,6,entertainment,5.8,0.878653442801755,1,0,0
6470,118.33,13,1,retail,12.5,1.1190522677105113,2,0,0
2729,16.46,17,3,food,0.2,6.238591962772221,2,1,0
1732,19.77,11,6,transport,5.1,0.5674860891987115,0,0,0
2033,65.25,16,3,retail,1.0,0.9905062200966108,1,0,0
5111,45.77,21,5,entertainment,3.8,1.40409771293705,4,0,0
2781,76.12,14,1,food,4.4,5.751549976509024,1,0,0
5205,8.5,18,6,food,6.7,2.2004811498071346,2,0,0
5686,13.39,8,6,bills,6.2,1.745583215718892,5,0,0
7157,37.44,18,6,food,3.6,0.5964174768629958,1,0,0
3174,17.45,5,1,transport,1.0,1.3665405492532299,2,0,0
8959,110.1,10,1,food,5.5,1.2409963567967253,2,0,0
7670,177.11,12,0,retail,1.1,2.7927762491158017,2,0,0
8177,101.68,5,0,food,7.4,0.39376930663460596,4,0,0
3626,10.78,12,1,transport,1.7,3.3511651058733802,1,0,0
9619,23.35,23,4,bills,2.6,4.778302721450286,2,0,0
7559,20.07,15,0,transport,3.5,3.894750527890423,3,0,0
186,118.8,4,4,entertainment,1.5,0.15222273840504902,2,0,0
8489,81.5,23,1,bills,2.0,1.858107035592958,0,0,0
282,115.19,16,6,retail,0.1,1.338834952686839,1,0,0
3610,158.08,10,3,entertainment,4.8,1.5563249556524543,4,0,0
3230,7.58,22,0,retail,8.0,4.21382137342635,4,0,0
6029,830.48,9,0,retail,6.2,1.2263508355968622,3,0,0
5258,10.09,0,4,transport,4.0,1.3472053564197584,3,0,0
7595,301.05,15,1,entertainment,4.2,7.524689775799332,1,0,0
8175,30.52,4,1,entertainment,2.8,3.419145172412653,1,0,0
6845,2.59,13,1,food,1.7,0.6450665086857506,1,0,0
2723,223.96,18,0,retail,6.0,1.3525377779539154,1,0,0
2338,29.03,13,4,transport,1.6,0.06620681263667587,0,0,0
476,6.86,21,1,bills,3.8,1.6687050291355308,4,0,0
840,13.58,2,2,retail,3.8,2.2066223813539896,1,0,0
8566,240.03,19,3,entertainment,4.1,0.1176622146990379,0,0,0
5769,61.11,3,2,entertainment,1.9,2.954916916274103,2,0,0
1652,73.95,18,0,bills,7.5,2.5742687559717328,3,0,0
3447,75.87,17,5,bills,2.1,7.175517950129304,2,0,0
7641,25.16,16,2,entertainment,9.8,0.9972488489554854,4,0,0
8935,62.29,23,3,bills,4.9,1.6130140837951132,0,0,0
8408,111.3,16,6,food,1.8,5.719675620679849,1,0,0
1108,67.45,11,0,transport,1.3,3.005787270071809,0,0,0
5896,9.87,13,1,entertainment,1.6,4.1622025327914205,3,0,0
8669,266.6,22,2,bills,2.9,1.9293990741917644,1,0,0
9261,8.57,20,5,transport,4.0,6.357634528197675,2,0,0
8997,33.05,14,4,entertainment,10.4,5.0077360174003,1,1,0
8331,133.99,10,4,food,0.7,0.4629496906381014,4,0,0
6114,25.77,12,6,transport,6.5,2.396821760288859,2,0,0
6599,16.75,9,1,food,5.4,1.5320542758284648,1,0,0
2391,80.5,7,3,food,9.5,1.0759831300269982,2,0,0
2964,65.43,16,6,bills,0.8,4.738237821678906,1,0,0
592,25.34,10,0,transport,0.4,3.7142428019797884,1,0,0
3227,7.43,12,5,transport,8.4,2.94330355595796,0,0,0
4274,1675.83,6,5,bills,12.7,0.9613736820901311,0,0,0
9794,5.86,13,6,transport,4.4,0.7521784040956903,2,0,0
1430,1046.16,11,1,transport,3.5,3.598821020440673,2,0,0
260,18.05,14,2,transport,0.6,0.9132672233205381,2,0,0
3275,212.1,1,3,transport,0.2,0.12391209512113549,1,0,0
9254,40.88,18,4,entertainment,3.0,0.3218771859946415,3,0,0
1744,14.09,18,5,retail,0.2,1.432614159696754,2,0,0
596,71.44,20,1,retail,0.1,0.996105064803047,4,0,0
3881,87.54,1,6,transport,6.9,4.321861322069931,2,0,0
8387,675.03,5,4,transport,1.8,3.702602202879616,2,0,0
9574,30.87,9,4,bills,3.3,1.2327342676507433,6,0,0
830,1145.53,20,5,bills,2.5,4.4670414598926635,0,0,0
4371,539.57,5,6,entertainment,4.8,0.16569262278126534,3,0,0
4137,27.46,14,2,entertainment,2.4,0.7540988092845289,1,0,0
8422,38.32,9,4,transport,10.4,2.2792898004898623,0,0,0
145,381.68,10,1,retail,10.9,4.755347472792911,4,0,0
2886,14.01,19,4,entertainment,16.1,2.6151242250835844,2,0,0
3274,75.07,18,6,retail,9.8,7.785757745969667,1,0,0
6106,18.95,10,2,entertainment,5.8,2.283419151926368,6,1,0
1058,32.66,13,5,bills,5.8,0.2188675573613263,2,0,0
1204,139.92,22,5,retail,5.7,2.252606194980636,2,0,0
7089,37.11,21,6,entertainment,1.5,3.4171373908878886,4,0,0
8774,25.6,15,6,retail,1.1,11.575465982152355,1,0,0
8345,119.02,2,0,transport,0.6,0.10983199514574277,4,0,0
1739,306.19,3,0,entertainment,26.2,4.294642826993577,2,1,0
2278,19.7,9,5,entertainment,10.9,1.1015149785243372,3,0,0
7355,18.36,18,6,retail,1.2,0.6434489015613715,2,0,0
1239,5.29,11,1,bills,4.2,1.1214736935951395,3,0,0
3588,75.87,17,5,bills,5.5,1.4879334053265878,3,0,0
4849,13.83,9,1,retail,5.5,4.662844706292623,1,0,0
633,64.83,5,5,retail,6.4,2.539531621369055,2,0,0
4071,45.79,22,1,bills,5.0,0.4991616491555302,2,1,0
8713,55.95,18,4,transport,0.6,0.32243791393912824,2,0,0
7076,9.63,15,0,entertainment,2.9,1.3142753461306453,2,0,0
4683,156.15,9,1,bills,7.2,1.111339902505435,2,0,0
1187,527.81,15,1,retail,15.3,5.318392532568279,2,0,0
2771,40.84,10,5,entertainment,4.5,0.16435241708416426,1,0,0
6789,1773.45,14,1,entertainment,21.3,4.034711067645066,0,0,0
5897,34.48,8,5,retail,0.4,1.1334832358590212,1,0,0
6318,234.07,13,4,transport,4.8,2.902053847146483,5,1,0
9628,129.87,17,2,retail,2.8,6.484735867468962,1,0,0
7270,15.93,21,5,transport,7.3,3.6375410178104595,2,0,0
1828,225.68,10,3,retail,0.1,0.37680378945835424,3,0,0
382,9.4,21,3,entertainment,1.7,1.4948907205362703,3,0,0
3283,18.32,10,4,transport,11.9,0.40242097467063787,4,0,0
9754,135.96,12,2,bills,1.8,1.5427805714218203,1,0,0
3886,108.5,23,0,entertainment,13.1,4.195027205110566,1,0,0
1820,327.52,15,0,entertainment,7.0,3.0616457148198197,1,0,0
8024,27.28,0,5,transport,4.9,0.5195192779207649,2,0,0
2384,58.45,13,4,food,9.4,4.321669799483477,4,0,0
3260,109.38,8,4,entertainment,0.4,0.8332185307801905,3,0,0
1759,71.24,23,3,bills,3.2,5.01132329116191,2,0,0
3580,25.4,8,6,retail,11.5,1.4071220226032124,1,0,0
6920,72.0,3,0,food,4.1,0.3546285676161551,3,1,0
1429,57.93,20,5,food,27.5,0.29271441385142455,1,0,0
40,3.25,10,2,retail,2.5,3.0471713078826745,4,0,0
7500,137.96,13,2,entertainment,2.8,1.797379068292294,0,0,0
1156,61.0,10,1,retail,1.0,0.8369939836397557,4,0,0
8353,49.21,23,2,transport,0.8,1.7143441422393946,6,0,0
5699,3.15,18,5,food,1.2,2.4146298159157116,1,0,0
1057,45.31,17,4,transport,27.8,1.0764348043109013,1,0,0
7083,66.46,6,6,transport,1.5,4.5233812101274005,1,0,0
1590,313.17,10,4,retail,4.3,8.96191246675895,2,0,0
5868,13.28,19,3,retail,11.2,0.23160655826486926,3,0,0
3383,11.84,9,0,food,3.9,3.1199072626260973,0,0,0
106,448.6,14,3,entertainment,7.1,2.860181686807471,3,0,0
9243,45.87,18,1,entertainment,4.5,0.986016144660264,2,0,0
7493,78.91,23,6,retail,6.1,0.27592039721910655,2,1,0
474,110.25,23,1,bills,1.2,3.7634125198853137,2,0,0
9620,156.43,14,2,entertainment,4.5,1.2700955127669018,0,0,0
5820,100.99,17,4,bills,2.6,0.3424720768596869,4,0,0
4555,33.82,18,2,food,4.0,3.8729769094934956,3,0,0
5339,92.6,17,4,transport,0.8,4.687799949923415,0,0,0
5544,4.39,19,3,food,1.7,2.652198747969614,2,0,0
739,22.07,17,0,retail,0.6,2.987258618865513,4,0,0
8170,81.56,18,2,retail,8.9,0.5961665398388902,2,0,0
9441,413.88,13,1,transport,0.1,15.223117639542012,2,0,0
5588,8.71,22,6,transport,3.4,0.13209069426522163,1,0,0
648,60.32,15,1,bills,4.3,6.81580704699593,1,0,0
2815,672.07,6,4,food,10.1,2.100754838012704,2,0,0
9018,248.74,11,2,retail,2.3,1.7996599531970787,2,0,0
1479,355.49,17,1,transport,2.3,0.9321355413623411,1,0,0
7210,40.11,17,0,transport,3.0,0.8615949022965033,1,0,0
9181,7.74,20,1,retail,3.0,0.28581274733882245,1,0,0
6903,40.71,4,3,retail,5.2,6.098377826310214,1,0,0
5954,202.73,9,4,food,5.5,5.380052512398022,4,0,0
691,39.73,13,5,food,11.1,3.535954022195472,3,0,0
3867,27.02,16,4,food,12.3,0.5305892344187317,2,0,0
8747,13.74,15,3,bills,11.7,1.771080295631371,1,1,0
2091,356.4,11,4,bills,5.3,18.825682057332244,1,0,0
8243,99.57,16,0,bills,2.3,0.23166019051712006,1,0,0
1354,216.51,12,6,transport,0.2,6.654710583947933,1,0,0
2141,115.34,7,1,retail,4.9,6.908398143312706,4,0,0
4877,183.67,13,4,transport,2.9,4.1567032166314455,1,0,0
7612,7.63,13,6,retail,7.8,0.054400354306055373,0,0,0
6755,121.87,9,4,bills,4.7,6.172108371995975,0,0,0
4890,33.57,16,4,food,1.4,4.877623547293682,1,0,0
2823,11.29,9,1,transport,1.2,5.45028007638039,3,0,0
9331,138.51,21,1,bills,13.4,0.22615669712058462,0,0,0
5267,133.79,9,1,retail,2.2,1.2236583256804923,3,0,0
1891,129.52,14,0,bills,42.7,3.5010346196620468,1,0,0
6988,67.26,6,4,retail,1.0,0.4271374624339344,2,0,0
7920,17.82,6,3,transport,1.3,2.8168796903608686,0,0,0
2698,209.89,12,0,bills,0.5,3.247967157654374,1,0,0
1337,16.91,21,1,food,11.2,1.6073998568283836,2,0,0
3652,3.08,18,6,entertainment,0.4,2.5945717222830034,0,0,0
6110,94.26,12,0,retail,7.9,0.9448312908566865,0,0,0
1412,85.0,10,2,transport,10.2,2.896371148100257,1,0,0
1943,20.92,14,4,retail,1.7,8.484343483673952,2,0,0
3040,466.16,21,5,bills,2.9,1.6584534458489817,2,0,0
8573,26.64,17,6,transport,16.9,1.6781887790464567,1,0,0
3194,322.86,7,5,food,0.1,3.114979524509127,1,0,0
4717,102.0,13,5,retail,8.4,5.469333742869756,1,0,0
134,82.58,5,1,entertainment,10.4,0.6335467356831497,4,0,0
201,69.34,13,4,food,22.3,5.903841782570556,2,0,0
1756,22.51,19,4,retail,1.3,1.0907554155262127,4,0,0
6702,524.17,12,0,food,1.7,4.6265021524946,3,0,0
7007,10.67,19,6,bills,10.9,4.3359304196992445,0,0,0
6310,8.08,9,5,entertainment,9.4,4.747559405472375,1,0,0
8117,49.48,1,3,transport,14.5,2.048107179154252,4,0,0
1976,22.21,18,1,entertainment,1.9,6.859973772464109,2,1,0
6575,398.06,19,5,transport,2.3,1.4963921505971776,3,0,0
3278,169.17,21,6,bills,7.4,2.252175739090847,1,0,0
569,194.55,10,0,entertainment,6.8,0.4397271162716996,2,1,0
7259,120.05,11,0,food,0.8,0.5328466892120309,1,0,0
862,18.96,15,4,retail,9.0,3.373166185949401,6,0,0
3073,27.36,23,6,retail,0.2,0.3737741862561955,4,0,0
3993,207.0,13,6,entertainment,6.6,0.4439326075273798,2,0,0
9919,29.09,12,5,bills,289.7,13.826503007257228,9,1,1
1020,252.4,21,4,bills,1.5,3.245586827473441,3,0,0
7835,56.71,13,0,retail,2.3,8.537981036231885,0,0,0
4434,44.85,18,5,transport,6.5,2.3808000814145767,1,0,0
889,28.02,19,5,retail,0.2,1.3131408878467221,3,1,0
8655,18.05,9,6,retail,4.1,0.6854746008972319,1,0,0
7354,34.93,9,4,retail,8.2,1.3919662805751951,0,0,0
2083,131.9,13,1,bills,13.6,1.73332368628486,3,0,0
547,19.74,16,1,transport,2.5,1.098996085895654,1,0,0
5227,123.07,19,6,food,4.6,3.854961543343717,3,0,0
4143,5.62,11,0,bills,1.8,0.4959226223890444,1,0,0
1588,120.05,13,0,food,6.2,1.4081595109751954,2,0,0
4824,38.89,18,4,transport,0.6,0.6864743420576764,2,0,0
9209,71.78,14,3,retail,2.4,15.295850715864816,2,0,0
3607,5.96,2,1,transport,3.4,0.5657924442177579,1,0,0
7803,10.27,18,4,entertainment,2.5,0.7225056135592254,4,0,0
2041,13.55,11,4,bills,3.8,1.2610096346362392,1,0,0
585,14.29,22,2,transport,11.5,7.683307059389335,4,0,0
3788,1054.71,13,6,retail,2.5,0.2498586020994374,1,0,0
8873,50.56,22,6,retail,2.2,0.13642551672387943,1,0,0
4048,1.19,11,0,transport,0.8,1.5223735565437453,0,1,0
5155,9.77,12,0,transport,3.3,3.6857699849031738,4,0,0
4369,21.23,19,6,transport,0.1,1.1112783036044784,6,0,0
4261,26.99,19,6,transport,2.5,0.10206781286171326,4,0,0
6774,107.92,15,0,bills,4.1,4.331828976711753,1,0,0
6908,260.96,19,2,retail,3.1,0.6797176638894272,3,0,0
3632,23.32,12,3,food,14.3,2.2650290769805226,0,0,0
399,84.63,13,2,food,4.2,0.3933835919430357,4,0,0
1024,354.15,9,0,food,19.7,1.7492260230853707,4,0,0
477,17.09,6,2,retail,4.1,1.5117736696993807,2,0,0
6468,22.13,13,1,food,0.5,3.875895450104257,2,0,0
464,128.44,19,2,food,14.2,0.3463173459342219,1,0,0
9904,1880.65,3,5,bills,862.9,8.7676282949081,14,0,1
7218,120.07,8,4,retail,4.4,2.6492293777616993,3,0,0
3197,164.54,15,5,transport,5.6,7.591334305088995,2,0,0
5500,4.43,21,3,transport,1.6,3.751088190821446,2,1,0
3381,55.54,21,0,retail,1.6,3.185476821870604,1,0,0
449,1.67,14,1,retail,3.5,6.286364346615397,1,0,0
6303,239.26,23,4,bills,1.5,1.5525881380591247,1,0,0
9699,233.16,14,0,bills,0.9,3.5170684869139874,1,0,0
9659,18.75,20,1,bills,2.2,0.8103495375945282,3,0,0
5683,9.07,2,0,food,1.2,4.8327283341064895,1,0,0
5228,77.97,9,2,bills,17.8,0.4514954445869603,2,0,0
4677,59.38,11,2,entertainment,13.6,6.973611341428308,2,0,0
1745,133.32,16,0,retail,1.2,7.765089331572868,4,0,0
546,204.52,12,6,retail,0.6,0.2621500593701747,3,0,0
3467,184.17,15,5,bills,9.1,3.447049456844921,0,0,0
1983,92.41,9,2,bills,1.9,5.442777149515836,2,1,0
6289,75.65,19,5,food,4.8,0.2393729013738608,1,0,0
6692,9.45,20,0,bills,9.2,0.36709646712294425,2,0,0
1220,245.17,17,6,retail,0.5,0.4614567275927852,1,0,0
6760,5.76,9,2,retail,0.0,1.7286018477114298,2,0,0
9756,2.73,8,6,entertainment,4.9,2.4176752639726695,4,1,0
5987,164.49,9,3,entertainment,5.4,0.6407180762350746,1,0,0
5290,22.82,12,5,transport,5.2,2.845371505700423,4,0,0
1830,44.47,0,3,retail,1.3,4.524065614690544,2,0,0
4831,119.44,21,3,bills,1.1,2.5303026460967413,1,0,0
1667,127.46,21,4,entertainment,0.5,0.9091402280805976,3,0,0
6124,14.03,10,0,transport,0.2,0.44371158706284686,2,0,0
8685,28.98,21,2,transport,1.3,2.0947503491651407,2,0,0
70,95.91,15,0,entertainment,15.3,3.6683090380101686,3,0,0
230,70.9,10,4,retail,9.8,4.710771841772912,2,0,0
1432,14.72,13,0,retail,1.6,2.659498637739556,1,0,0
1836,93.52,20,4,bills,3.4,5.622934069995596,3,0,0
2862,39.18,10,6,entertainment,1.9,1.9841754583707805,2,0,0
7363,70.92,22,5,retail,5.5,1.084237657495083,0,0,0
3655,19.65,11,4,food,1.3,2.385307848147606,3,0,0
1662,75.1,5,4,transport,3.1,0.22602732898516456,1,0,0
3711,23.8,19,5,food,3.4,8.067723818084216,1,0,0
9647,39.94,15,2,transport,0.3,4.313965251713011,0,0,0
2450,202.34,6,1,retail,13.2,0.7727350282575751,2,0,0
6938,18.12,12,4,bills,15.8,1.6458418494186615,2,0,0
2967,499.67,6,6,entertainment,2.1,0.9708243440086263,1,0,0
3412,38.26,11,1,entertainment,2.1,3.988672103069718,5,0,0
4499,1.85,18,3,transport,1.3,2.042748259799541,0,0,0
8642,167.02,20,2,transport,5.1,3.134362877155249,2,0,0
2249,1697.19,22,1,entertainment,0.3,2.831616151087062,1,1,0
3731,62.25,13,2,retail,5.3,2.268960916800102,1,0,0
2562,99.92,20,1,food,18.3,0.31886170386533524,1,0,0
6865,36.95,18,2,food,0.1,0.7991989365624639,0,0,0
6583,2.91,16,6,bills,7.0,1.76177747107851,2,0,0
2691,25.25,13,3,food,2.7,2.1319304169584257,1,0,0
7446,2326.33,7,4,bills,2.3,11.514542207472006,0,0,0
2023,68.79,13,4,food,2.3,0.7793096337946621,4,1,0
5005,142.7,0,2,food,0.3,1.4371261817355758,0,0,0
8942,60.88,18,5,bills,4.8,2.2021117830852663,4,0,0
4358,2.08,18,1,entertainment,3.8,5.6056876166950715,3,0,0
7917,12.76,13,0,food,4.8,2.1880428470606916,1,0,0
9812,4086.7,5,5,bills,120.7,18.847415726893477,13,1,1
7885,22.93,18,5,bills,27.5,4.178795565455193,2,0,0
7782,57.66,12,6,entertainment,1.7,2.711555882460709,0,0,0
4382,961.0,19,1,entertainment,1.4,0.2510530514811087,1,0,0
7665,85.34,12,6,bills,9.1,0.7233180456295355,4,0,0
772,41.92,13,0,retail,0.1,2.8052593735459186,3,1,0
7673,28.42,17,1,transport,4.2,0.32559406092745624,4,0,0
8777,1322.31,21,2,retail,7.3,0.29442362829425145,2,0,0
619,81.43,15,6,bills,5.2,7.134860653963694,1,0,0
9605,24.62,10,4,entertainment,10.4,4.7222738117812995,2,0,0
4272,2.56,11,1,bills,3.0,3.1222678695845385,3,0,0
1718,43.56,19,0,retail,2.1,3.3483378820453513,2,0,0
5168,1450.62,15,2,transport,5.1,1.1252097278336808,2,0,0
7627,78.5,18,2,bills,1.0,1.094045835464256,1,0,0
2913,8.07,14,0,food,3.8,1.288481885237275,1,0,0
9185,256.48,10,0,retail,2.9,6.324425295405566,2,0,0
8270,53.09,10,0,food,5.4,0.6148389524654758,1,0,0
6753,47.81,21,0,transport,18.9,3.5810187046650572,3,0,0
8223,28.7,4,0,entertainment,5.0,1.6527824413838528,5,0,0
113,14.51,13,1,bills,2.6,1.365679320679061,5,0,0
9837,6744.43,7,6,bills,445.0,28.19920364325247,14,0,1
6909,51.49,3,6,retail,3.5,4.082018338929402,4,0,0
1085,511.72,18,0,retail,8.8,3.5670164144743355,2,0,0
9375,118.59,16,4,bills,1.2,0.5081963406600606,2,0,0
8817,4.12,17,3,entertainment,8.1,5.210286094818072,1,0,0
3657,52.39,10,1,entertainment,7.0,2.5714662524239933,1,0,0
7424,3.94,18,5,food,7.1,6.985317560937015,2,0,0
6226,28.4,4,5,transport,14.4,1.5150110054649866,2,0,0
7430,394.55,23,5,entertainment,1.5,0.9653831458090585,0,0,0
2345,1295.82,10,2,food,2.4,0.19168979286794063,1,0,0
3007,0.7,4,4,bills,3.2,9.056458597757315,2,0,0
3643,252.48,9,1,retail,2.7,1.0045021165841923,3,0,0
810,447.3,3,1,transport,6.7,5.118394389647591,0,0,0
8159,62.53,8,5,entertainment,2.0,1.1590693381095707,2,0,0
3832,44.81,18,4,retail,3.5,1.2869627270298856,0,0,0
7805,11.65,18,6,transport,6.3,0.997298741794221,2,0,0
4562,67.14,8,3,bills,3.7,4.6996011157791076,4,0,0
5303,1726.28,18,2,entertainment,0.8,1.1263996045393911,0,0,0
6981,29.22,5,4,entertainment,5.4,1.9942866212679953,1,0,0
6818,18.87,13,5,entertainment,13.9,2.0120321146700837,3,1,0
1623,1914.35,3,3,retail,9.4,0.5956704255322061,5,0,0
2082,7.36,10,1,food,5.7,0.8841839089037715,1,0,0
2241,397.04,17,5,bills,7.1,2.0558276474042763,0,0,0
5280,4.59,21,4,entertainment,4.8,6.8464579079587,1,0,0
8821,78.77,22,1,bills,0.2,6.6382392963885275,1,0,0
781,25.74,2,5,transport,7.3,4.861284440796801,0,0,0
1008,527.47,18,3,transport,3.6,6.280175362304111,1,0,0
1693,80.6,11,5,bills,2.2,1.3451015416637904,1,0,0
625,100.07,21,2,retail,5.4,0.8340700009780505,1,0,0
4761,119.27,16,4,transport,8.6,0.8795443859244341,1,0,0
1535,302.35,10,0,retail,1.4,1.4844261258953546,2,0,0
2631,13.5,23,4,bills,9.9,2.034190562178039,4,0,0
6245,13.24,10,3,entertainment,1.2,4.301459448364216,4,0,0
2832,216.6,14,3,retail,1.6,0.8594204986797679,2,0,0
335,46.15,13,2,retail,1.4,2.827874826294993,4,0,0
2027,16.68,8,4,transport,10.6,4.038959009898178,5,1,0
5754,11.3,7,6,transport,3.5,0.24729496871718148,2,0,0
3620,20.7,13,5,entertainment,1.0,0.752151910158503,2,0,0
79,26.2,13,0,bills,7.0,5.641616061072358,2,0,0
2307,98.05,7,5,transport,4.4,5.725019441617994,1,0,0
8028,37.16,18,5,transport,3.1,0.41986413410367285,1,0,0
8659,246.75,15,6,bills,0.9,0.23323691000558255,6,1,0
5871,155.08,22,5,bills,6.0,0.39547660905083193,2,0,0
5262,66.58,11,0,transport,2.2,0.08093840787921523,1,0,0
6338,150.94,18,6,entertainment,6.8,0.0016405814446648328,3,0,0
8185,55.24,7,1,entertainment,0.6,5.68969659897504,1,0,0
4354,1.6,17,6,retail,0.6,2.5771738917322735,3,0,0
4438,99.18,19,6,food,4.6,5.585819884221029,1,0,0
5126,433.7,17,6,bills,14.9,0.581027337557806,1,0,0
7142,28.74,1,4,transport,0.3,2.530008214438024,4,0,0
7290,0.5,13,4,retail,0.6,4.254984701589724,4,0,0
7650,301.45,17,5,retail,1.7,10.160502268926594,4,0,0
5113,134.98,9,2,entertainment,6.2,1.6064647504823726,2,0,0
1431,29.45,9,3,transport,2.2,2.9641469232029647,1,0,0
2097,78.68,10,5,entertainment,5.8,3.6018924013821065,3,0,0
7813,5.01,17,0,transport,14.6,6.577796298292547,2,0,0
2666,13.75,10,2,transport,0.1,3.4169120645431317,0,0,0
9881,7946.36,20,4,transport,669.6,21.744553398870234,11,1,1
8509,7.69,12,3,retail,0.5,6.917245377557364,3,0,0
1691,75.39,20,3,entertainment,2.2,9.393366336682824,3,0,0
2176,177.07,17,1,entertainment,3.2,0.9376699523858625,1,0,0
839,69.8,16,3,food,0.1,6.1891489630876,3,0,0
4591,20.95,11,2,transport,5.8,0.7663263192244917,0,1,0
2079,33.09,17,1,entertainment,3.6,1.2023390464223611,4,0,0
6738,28.37,13,6,retail,6.6,1.646562604183156,3,0,0
8384,9.56,8,0,bills,1.9,0.45121911122692426,1,0,0
5198,172.4,10,4,transport,8.0,6.170007905322347,2,0,0
409,79.92,6,0,bills,0.9,4.963470881135596,2,0,0
4785,376.39,10,0,transport,8.6,0.7268531653819423,2,0,0
7141,14.11,10,4,bills,2.4,9.503025918754153,1,0,0
8623,26.64,12,5,food,6.3,3.563390425082291,0,0,0
6403,17.84,12,5,food,1.5,2.837404182165503,2,0,0
4729,46.32,22,0,bills,5.2,1.2803333864960549,2,0,0
174,212.16,13,5,retail,3.4,1.7328061787020304,2,0,0
3045,50.86,15,3,entertainment,1.8,2.100087312410377,2,0,0
8041,103.54,18,4,entertainment,3.4,4.370491630058737,2,0,0
7959,18.46,17,1,retail,0.4,3.3712812285393534,2,0,0
9443,7.43,23,1,entertainment,5.1,1.1273658277365524,3,0,0
8000,49.81,5,6,food,4.1,6.744271897395436,1,0,0
3162,210.73,13,3,entertainment,14.4,1.1761280098806381,3,0,0
4535,88.62,13,5,food,1.4,0.6943075841063766,2,0,0
5134,686.11,22,4,bills,1.5,6.524570953427745,3,0,0
3997,55.2,12,0,transport,3.0,1.59013154235685,2,0,0
3027,270.53,0,4,bills,2.0,1.764716024906859,0,0,0
63,221.57,14,4,food,10.4,1.173467133579491,1,0,0
2924,3.79,18,0,transport,1.5,9.427187751918312,2,0,0
8321,55.01,21,5,bills,0.3,2.835144959907165,1,0,0
7557,100.1,17,6,food,1.1,7.048462420801556,0,0,0
7949,32.47,14,6,retail,7.8,2.1599039413583356,0,0,0
9759,16.59,8,1,transport,0.0,2.723362725981275,1,0,0
5019,232.95,16,4,entertainment,8.3,3.286670206258628,1,0,0
5204,108.69,12,6,food,33.6,5.329920334186937,0,0,0
11,7.98,21,0,bills,0.8,3.7165684025521992,1,0,0
8995,57.89,12,5,entertainment,5.0,5.675243217618841,2,0,0
4906,240.27,20,4,bills,7.7,0.5036278765053069,3,0,0
866,340.97,18,0,bills,5.0,0.7450665357787953,3,0,0
9414,330.58,16,6,transport,1.1,1.6229281410453544,3,0,0
6373,61.33,13,1,transport,0.4,2.6035068812225535,0,0,0
372,239.02,19,2,food,4.4,7.6708817911341445,0,0,0
616,881.8,7,0,transport,2.0,0.5633210378754618,1,0,0
3497,14.22,0,1,entertainment,2.5,3.0352505476323013,0,0,0
7237,44.92,11,5,retail,0.5,1.2752157013385614,0,0,0
7790,4.31,10,6,transport,1.7,4.6234798995677515,0,0,0
1308,332.45,23,5,transport,11.1,3.2917123467625022,5,0,0
7554,733.6,21,1,retail,3.7,0.5848865530157379,0,0,0
1954,909.79,14,3,transport,2.9,2.304665533945799,2,0,0
6253,82.76,14,1,food,5.0,1.655616903846245,3,0,0
869,223.01,8,2,food,18.4,0.11978660394784636,1,0,0
1766,204.29,15,6,bills,1.5,2.965657744910987,2,0,0
6675,6.69,20,6,food,8.3,1.0632803178765027,0,0,0
8086,299.51,17,1,bills,3.0,0.7280618355677372,1,0,0
3308,155.11,22,3,bills,3.2,1.3972414388362204,1,0,0
1984,11.01,18,1,retail,21.6,4.404871732607619,1,0,0
1558,35.27,19,2,food,4.8,1.2376747077453465,2,1,0
1814,58.42,7,6,bills,10.3,0.4439131477018561,3,0,0
5810,10.99,7,1,food,8.4,0.23195204446475287,2,0,0
4173,18.59,15,1,food,1.1,0.8121810150058355,1,0,0
6864,23.17,19,4,entertainment,3.9,0.9445083634072664,3,0,0
8632,65.4,20,3,food,1.5,0.5639681296754202,0,0,0
8109,742.26,20,3,transport,3.3,2.21347670388261,3,0,0
6491,79.97,12,6,entertainment,0.9,8.813517850852339,0,0,0
1467,65.52,10,5,entertainment,0.3,2.1510008449392433,2,0,0
8089,47.9,12,4,bills,12.4,1.2939118231979494,2,0,0
707,33.23,21,6,retail,14.3,3.7395191827010246,0,0,0
5891,507.71,11,4,retail,1.2,1.292363600962364,3,0,0
4437,130.53,15,2,bills,7.9,7.088346224408466,2,0,0
3874,6.67,13,4,retail,1.5,6.4889594001897635,0,0,0
7496,11.92,14,0,bills,6.4,1.322603289775896,1,0,0
1256,27.99,7,6,retail,4.6,4.738543755573711,6,1,0
5922,230.0,18,1,food,1.2,0.08264564201142992,1,0,0
6685,29.79,10,6,bills,0.1,3.0046195927254074,6,0,0
5952,110.25,19,5,food,15.2,4.759531800170806,3,0,0
8496,102.12,17,3,bills,7.5,1.322424429162276,1,0,0
1714,70.24,22,4,transport,1.9,0.6800382036789065,3,0,0
1866,7.15,8,4,food,0.6,2.6177593733519986,2,0,0
4151,810.5,17,1,bills,1.9,2.311200870035796,0,0,0
465,18.67,7,2,entertainment,2.1,2.8699213955862004,5,0,0
2900,147.07,6,1,bills,1.9,3.8216553424708373,1,0,0
6460,89.57,16,5,bills,3.4,3.0913529550356658,0,0,0
8283,2.45,20,5,bills,7.7,0.7382036554251893,3,0,0
8174,129.02,13,2,bills,5.7,1.5868231116363531,7,0,0
9622,17.09,13,5,entertainment,0.8,2.3628776649070065,2,0,0
4234,113.78,10,2,transport,8.7,0.21176725380167183,2,0,0
5982,22.65,10,4,bills,0.2,4.200107978457245,4,0,0
1206,77.49,19,3,transport,2.6,4.352774384105713,3,0,0
7751,137.96,15,4,food,3.4,5.879594651758441,2,0,0
5675,298.1,9,0,food,0.8,10.290093383916446,3,0,0
9852,692.16,19,6,entertainment,156.4,54.70012445818635,8,1,1
1314,34.74,23,2,transport,0.5,3.936787810447142,4,0,0
5502,64.12,10,2,transport,0.5,6.875405056482254,1,0,0
6795,153.71,7,0,transport,0.1,0.3596409480099689,3,0,0
6297,41.15,20,0,entertainment,11.2,0.1854709360115927,1,0,0
3396,12.62,17,2,retail,2.8,4.506994688366733,3,0,0
8772,1456.35,20,5,retail,6.4,1.1586435296492485,5,0,0
8430,114.95,12,6,bills,0.2,0.7686329871553583,0,0,0
6344,18.98,21,3,retail,9.1,6.437929090332326,2,0,0
4974,27.09,19,5,bills,4.6,0.8868843628327235,3,0,0
6200,548.72,12,3,entertainment,1.8,0.4121776383665311,1,0,0
9547,5.97,17,3,bills,2.2,0.9755635702894383,1,0,0
9435,433.19,13,3,retail,7.6,0.39670396955077386,4,0,0
8657,5.19,14,6,bills,2.1,3.096758306850803,1,0,0
3523,37.33,11,6,transport,15.0,3.447427611508566,3,0,0
1786,210.74,1,0,bills,8.0,8.880599052935397,0,0,0
6069,66.16,21,6,bills,1.7,0.05756934109288123,1,0,0
5075,123.35,16,6,transport,2.4,0.4800686149226945,4,0,0
2245,61.24,17,4,bills,0.4,2.9734088545506556,3,0,0
7231,377.52,18,6,food,4.7,11.299247880343612,3,0,0
4458,29.65,20,2,entertainment,5.8,2.5416151221608945,3,0,0
473,8.57,21,0,entertainment,1.8,1.3817910965150733,1,0,0
4532,384.36,16,4,food,8.9,6.2043613987048944,2,0,0
6854,50.68,20,3,food,3.3,4.774289655224518,2,0,0
8677,854.12,4,4,bills,0.9,1.0269412456330742,1,0,0
6724,28.61,14,1,entertainment,4.4,0.6371855329814404,4,0,0
1121,365.6,11,2,transport,5.6,1.232608542696048,2,0,0
5060,41.66,9,6,entertainment,5.5,2.310552762392928,2,0,0
1470,53.3,18,4,transport,8.3,2.320399175642064,2,0,0
9781,378.66,8,4,bills,0.5,4.162585884253262,1,0,0
1953,42.69,4,6,retail,13.3,9.205353365234197,1,0,0
9161,55.99,19,2,bills,1.9,1.290867152454382,1,0,0
7032,34.4,12,0,transport,3.2,1.005931411909711,1,0,0
8455,8.69,21,4,bills,3.5,1.3528730551654555,3,0,0
1433,331.18,8,3,transport,3.3,2.6206380835612135,3,0,0
8322,102.47,17,4,entertainment,1.9,2.811053886764629,3,0,0
3303,41.16,10,3,entertainment,3.8,1.0468438814736336,3,0,0
5797,33.39,18,0,transport,6.6,4.080599582812109,0,1,0
4086,56.89,15,6,food,4.0,0.8456507108308755,2,0,0
5421,22.22,9,0,entertainment,3.1,0.17081046411781992,0,0,0
4832,216.66,13,3,entertainment,5.4,1.5687037087548852,3,0,0
4806,14.79,13,5,bills,0.9,4.340316404193645,4,0,0
3586,54.32,8,6,food,1.7,0.89785425568889,1,0,0
575,51.25,18,3,retail,1.5,0.28146833915221925,1,0,0
8129,12.16,20,3,bills,3.4,6.111009723645806,1,0,0
1230,204.14,19,2,retail,4.1,6.15185211350974,2,0,0
2096,12.14,10,2,transport,2.5,6.048937905222505,3,0,0
6673,74.49,14,1,transport,0.7,4.303758522617972,1,0,0
2389,325.22,14,5,food,5.6,3.1521863732441284,0,0,0
1329,16.3,23,4,retail,3.4,4.384443165954908,5,0,0
5545,70.75,6,3,entertainment,2.0,1.3891954815359318,0,0,0
7075,47.69,19,2,transport,2.1,0.621814923096105,4,0,0
7243,53.89,12,5,retail,0.5,4.139089197624827,2,0,0
1118,70.9,11,1,bills,7.9,1.591944053204029,1,0,0
1317,23.19,16,1,food,0.3,3.247355506516029,2,0,0
3663,10.21,21,5,transport,6.0,0.8035280110696212,4,0,0
6880,74.37,16,3,bills,7.4,5.323826184042889,2,0,0
3032,92.09,21,2,bills,2.4,3.346069380532197,2,0,0
4328,45.39,16,5,retail,0.4,2.4062859128865615,1,0,0
1384,4.91,21,5,bills,1.0,8.80928586594677,4,0,0
6378,125.29,8,0,transport,5.2,1.667623921781669,4,0,0
2288,546.1,23,6,retail,4.7,1.6814248169118517,2,0,0
4719,115.93,13,1,food,17.1,2.4431016636352534,4,0,0
5349,1.97,19,5,transport,1.3,6.0444959463740595,0,0,0
4508,76.79,16,5,entertainment,4.8,13.396453890606683,4,0,0
3016,408.23,17,6,entertainment,14.6,0.16058151263595266,1,0,0
4032,198.02,9,0,transport,3.0,0.7297332395878072,1,0,0
5268,42.94,18,5,transport,3.2,3.728167226006546,1,0,0
4440,1.88,19,4,transport,2.1,2.76250384866698,2,0,0
728,6.98,17,6,entertainment,2.5,0.9141914956949972,1,0,0
424,122.06,17,5,bills,2.6,1.5204788373591787,1,0,0
7757,4.3,12,2,retail,1.6,2.3795035384890486,3,0,0
7307,18.85,19,4,food,1.6,0.6185586864796423,3,1,0
8022,42.41,17,4,food,7.4,1.5561494415565225,0,0,0
6219,10.73,18,1,retail,3.1,1.469473906855232,5,0,0
4468,351.39,19,2,transport,1.2,3.8800801937176193,4,0,0
4479,99.96,11,1,bills,8.2,9.720486195734821,3,1,0
1638,150.04,13,2,transport,1.1,2.8318017133974367,2,0,0
4142,43.54,23,0,retail,5.6,1.017641522704794,1,0,0
902,0.63,3,4,entertainment,5.8,3.582300464400131,1,0,0
1241,183.58,14,1,bills,8.0,2.0051268628484946,0,0,0
6466,94.23,17,1,food,0.5,0.45105564846575086,3,0,0
7619,24.59,6,4,transport,3.0,16.010754945173208,1,0,0
9238,7.45,12,0,bills,3.4,1.2703258205150525,0,0,0
7786,72.35,19,6,transport,3.8,4.97593235439121,5,0,0
3514,47.01,14,2,transport,0.7,1.8177679630496595,4,1,0
5803,589.01,19,2,bills,0.5,0.5760676851438054,1,0,0
4478,55.27,14,2,retail,0.5,0.2493891521524132,2,0,0
1554,4.01,6,1,bills,0.9,0.5246374477344307,2,0,0
7453,211.1,21,1,food,13.5,3.688161824998969,2,0,0
777,47.74,6,1,entertainment,16.7,0.5468305756641076,4,0,0
9038,46.23,20,3,entertainment,13.8,2.848911248712159,0,0,0
7831,29.6,18,1,bills,13.0,13.147152829970993,2,0,0
5122,4.79,7,5,entertainment,5.3,0.834075642053351,1,0,0
2932,108.95,22,1,transport,5.3,3.053364439458899,1,0,0
6323,100.02,2,2,transport,0.8,1.8074968811566732,1,0,0
2879,39.83,10,2,entertainment,2.8,3.74438541689745,3,0,0
8451,34.04,20,0,transport,1.9,2.0036548917458994,1,0,0
422,51.54,11,6,bills,4.2,4.568217890350629,1,0,0
2101,43.34,19,2,transport,13.5,0.3496318595579182,2,0,0
2109,151.16,11,0,retail,8.9,1.0376118290372371,5,0,0
2767,196.11,17,6,bills,9.3,4.140377005631589,3,1,0
2936,31.13,13,0,transport,3.1,0.9470270773782841,1,0,0
108,688.3,6,5,bills,0.5,0.3908225712249722,2,0,0
7382,5.59,12,2,transport,0.3,2.2718364802710984,2,0,0
5210,45.63,19,0,transport,13.4,3.687445400539403,2,0,0
6913,463.46,16,2,bills,9.5,0.7602347266342814,2,0,0
8131,25.97,3,4,entertainment,4.8,0.1696031765464323,0,0,0
7284,62.96,11,6,transport,4.6,7.782957404680591,5,0,0
1958,1600.53,13,6,bills,7.6,3.031048425203232,1,0,0
9109,118.78,22,5,entertainment,12.2,1.3216165540582179,1,0,0
6643,130.96,14,1,entertainment,8.5,0.5187483706762585,0,0,0
3375,36.44,21,3,bills,9.4,3.7285210890243525,3,0,0
8273,36.21,17,2,retail,1.4,5.910393975145638,2,0,0
5188,109.21,22,1,entertainment,5.5,0.13336837021034118,1,0,0
7662,84.24,12,0,food,2.7,0.9129080141286131,1,0,0
3490,53.79,23,5,food,20.9,4.8392059653870785,0,0,0
1684,27.07,16,2,food,7.3,0.7838330060042276,1,0,0
2382,28.78,12,0,transport,4.0,5.248711227602313,3,0,0
2103,408.87,8,0,food,5.7,2.2003614811957672,1,0,0
7470,18.6,16,4,entertainment,3.0,4.669103131694861,2,0,0
8932,40.71,20,6,food,1.3,0.15187801991811162,4,0,0
6523,60.57,9,1,food,0.0,2.150369109491433,1,0,0
5246,1171.55,17,4,bills,2.0,6.913170199912022,2,0,0
2717,0.26,14,1,transport,6.4,4.647931733128263,1,0,0
9940,18157.1,7,0,bills,33.7,23.610737632856285,16,1,1
7800,5.1,21,4,bills,8.7,0.6770386138179294,2,0,0
5253,47.15,18,2,retail,3.4,2.5836444994748287,4,0,0
5447,16.01,9,3,food,1.7,1.2149031952433242,3,0,0
6579,306.18,18,4,bills,10.2,6.083509840781761,2,0,0
1815,170.27,14,1,food,6.7,4.173083427314391,4,0,0
6785,46.15,23,5,retail,7.3,0.4437836885747982,0,0,0
44,95.17,18,1,transport,4.7,9.649001031659672,2,0,0
1167,631.35,10,0,entertainment,4.2,6.002462814499351,4,0,0
7339,23.04,18,4,bills,5.0,0.1799699055103503,1,0,0
6047,401.81,21,4,food,3.8,2.0705511610525305,3,0,0
4625,81.99,22,6,transport,1.0,0.5790943819732499,1,0,0
785,34.37,21,3,entertainment,4.3,4.443158218276741,1,0,0
6739,236.22,6,4,transport,0.0,7.104947985267023,2,0,0
7863,18.29,19,1,transport,1.1,8.839747704500596,2,0,0
23,179.13,22,1,entertainment,14.8,0.8344462165799744,2,0,0
7300,165.46,13,0,transport,2.3,4.459824595225873,3,0,0
708,70.98,23,6,entertainment,0.4,4.896909667377201,3,0,0
878,88.21,10,6,food,4.5,7.045374819771888,1,0,0
3510,226.56,0,2,food,3.5,0.9335680058984221,3,0,0
3968,225.96,16,4,transport,2.7,3.8323411526872015,0,1,0
6043,76.77,18,5,transport,7.1,2.7294396839216866,1,0,0
6453,18.46,23,6,bills,0.9,0.5481727751738569,2,0,0
7859,239.63,15,1,bills,10.9,1.0902021889801972,1,1,0
8458,103.28,18,0,transport,0.3,3.865808795001776,4,0,0
7349,16.04,18,5,retail,0.2,8.17196782738109,1,0,0
2689,12.38,13,4,retail,2.0,2.130892099435479,3,0,0
5097,67.16,21,3,entertainment,3.3,1.9478150132051089,4,1,0
2873,1298.66,5,6,retail,2.0,5.53173344312846,1,0,0
5755,877.34,17,0,entertainment,21.0,2.2803347771274396,1,0,0
6176,53.72,14,1,transport,0.2,3.3452478568637765,2,0,0
7279,642.78,13,0,retail,2.2,1.843624771701195,1,0,0
5554,116.97,6,4,entertainment,9.1,3.5438206699417862,1,0,0
8923,137.95,14,2,bills,15.5,2.4693148410836465,3,0,0
9655,2.8,12,2,retail,4.0,1.2714914305131055,0,0,0
5507,2432.96,21,5,bills,12.9,4.014531766912609,1,0,0
8015,17.84,16,1,entertainment,1.1,0.6719245633404388,1,0,0
438,106.02,18,3,retail,1.1,7.18543434143602,4,0,0
1822,336.26,0,1,retail,7.9,0.9426508128402542,4,0,0
659,15.87,6,2,transport,6.2,7.5681326941206635,4,0,0
8528,14.26,4,0,entertainment,10.3,0.585601588756897,3,0,0
8807,101.86,10,0,entertainment,11.5,1.1817701460341263,1,0,0
5412,85.15,6,2,entertainment,1.4,3.944644572008953,4,1,0
5171,5.8,20,5,retail,4.7,1.4625061217607767,2,0,0
6389,15.07,2,6,transport,17.3,1.5543690831348536,1,0,0
3215,5.58,17,1,entertainment,6.0,8.822000021669501,2,0,0
599,196.12,6,3,entertainment,6.3,0.17802879748383085,1,0,0
353,68.26,14,2,bills,12.6,2.8851379187468376,1,0,0
9597,3.48,11,0,bills,2.7,4.449489887785493,1,0,0
855,10.48,13,5,food,2.9,0.932767786709739,4,0,0
9468,20.6,18,6,retail,7.0,4.84956469994342,3,0,0
7071,24.81,11,6,bills,3.1,0.1597726262585155,2,1,0
7543,29.67,9,3,retail,0.4,0.42394673334222854,2,1,0
9851,159.13,2,6,bills,231.1,55.50258491095453,8,1,1
5300,94.34,20,1,entertainment,11.5,0.8653665263109104,1,0,0
9654,19.88,6,6,bills,7.0,0.36637570467656966,1,0,0
2887,109.59,8,6,entertainment,9.9,0.8343313082525825,1,0,0
4665,99.64,14,2,bills,0.1,0.17246587933486962,4,0,0
2501,155.82,13,5,entertainment,4.7,1.3387690088935709,2,0,0
1849,110.65,16,0,food,5.9,2.032830903156428,4,0,0
6234,34.56,18,1,entertainment,8.5,7.749855222934692,1,0,0
1502,76.72,21,0,entertainment,0.1,11.808784550863809,1,1,0
8980,478.55,20,5,transport,3.5,1.33816209859653,3,0,0
6992,56.62,10,3,transport,6.0,5.211558602898587,5,0,0
8714,39.7,17,0,transport,4.0,1.4930783932081848,3,0,0
6839,69.47,9,4,retail,3.6,0.562906992459355,1,0,0
6507,616.58,7,6,transport,0.2,4.606502310657121,2,0,0
7704,96.54,9,2,retail,1.3,1.5198185994092177,2,0,0
836,76.92,21,0,retail,0.5,0.7383222979722261,0,0,0
890,51.75,9,2,retail,7.6,1.8228414389095144,3,0,0
3500,368.69,8,1,transport,2.0,23.54277303980961,3,0,0
1779,41.03,6,1,bills,2.2,2.2960932929915434,3,0,0
3906,128.12,11,6,retail,6.7,0.9917224615094429,5,0,0
5542,6.38,16,3,bills,4.2,3.3103118201043764,1,0,0
9785,20.43,8,4,bills,7.6,1.5259169735301785,1,0,0
1952,87.0,23,3,food,4.1,8.141420574052184,0,0,0
9015,53.3,8,2,transport,0.9,4.019343242638385,3,0,0
1561,13.94,22,5,entertainment,14.3,1.1251926108002697,1,0,0
2061,600.56,23,5,transport,4.0,2.7043293604325336,4,0,0
1423,31.37,8,5,retail,0.9,0.04202520533176812,0,0,0
3427,6.34,16,1,entertainment,1.2,1.2236663133289394,1,0,0
7319,355.05,5,2,entertainment,7.2,0.9472851398257475,3,0,0
2359,425.78,7,1,entertainment,5.6,4.786600791225098,5,0,0
694,27.46,19,4,bills,6.2,5.51692721824093,0,0,0
6737,125.21,13,5,entertainment,4.3,1.5689009981076076,2,0,0
7235,99.19,21,1,retail,1.2,1.3021406592118434,2,0,0
8888,233.7,20,1,transport,2.7,1.1677935265008563,2,0,0
2960,9753.31,4,5,bills,2.3,2.0601233534251238,1,0,0
5390,32.57,7,5,food,12.4,1.9717885521485563,2,0,0
4738,3.02,6,0,retail,7.1,0.7235364059205837,2,0,0
7444,1611.46,11,2,transport,2.9,0.010259199329225461,4,0,0
8224,101.36,16,5,transport,12.7,0.5941613592890798,2,0,0
3851,4.22,19,4,bills,5.3,2.654918413586608,1,0,0
2291,41.53,13,1,entertainment,2.4,5.806829322203928,5,0,0
3843,334.91,14,4,retail,2.4,12.096491729946548,2,0,0
1181,11.19,18,6,entertainment,1.7,0.6291180631776796,2,0,0
4091,1.88,11,4,retail,4.9,0.9596856464917439,3,0,0
9831,2297.13,4,1,bills,625.6,37.78960047272257,9,0,1
8871,475.38,10,0,food,5.0,5.1930589608824995,1,0,0
8473,1115.36,10,2,bills,0.8,0.15492440674024133,1,0,0
8518,5.09,10,5,food,0.1,1.4400554012145432,1,0,0
2578,231.27,16,0,food,0.5,0.36506830059495116,2,0,0
6688,18.76,15,5,retail,6.0,7.5928761252381065,3,0,0
357,5.5,10,2,transport,2.1,2.5162485367742558,3,0,0
7569,20.88,20,1,bills,5.7,1.7132855955344346,1,0,0
6928,10.11,15,3,transport,6.9,0.13740276878820742,0,0,0
7074,192.78,14,1,food,2.4,0.7963391025191808,2,0,0
1626,3.93,15,1,retail,8.7,4.381907761176054,1,0,0
3529,7.45,15,2,entertainment,14.3,2.6750827228192318,1,1,0
4620,24.03,15,1,bills,0.0,2.7379510222518926,2,0,0
7733,3.82,8,3,bills,6.0,3.60347610319768,2,0,0
3018,605.35,23,5,food,0.5,0.8035003585727878,2,0,0
6666,12.33,18,4,entertainment,1.1,0.955906157165413,3,0,0
2144,2232.46,19,3,retail,6.6,1.7716500112676914,2,0,0
3108,69.62,3,6,food,1.5,3.0116483725447587,3,1,0
2273,211.72,9,2,bills,5.9,1.323668724517561,3,1,0
8761,6.12,10,0,retail,0.9,0.7421919763999807,2,1,0
2802,0.85,20,2,entertainment,1.7,0.6878854515133146,0,1,0
8921,10.12,11,2,food,0.5,0.44441118315556744,1,0,0
9430,8.76,15,5,retail,0.6,6.0453844941169335,1,1,0
6205,38.26,13,6,retail,1.0,12.750528289437824,1,0,0
1971,20.89,18,0,food,1.3,5.816697200522766,3,1,0
763,22.78,21,4,bills,1.7,6.744828393136835,3,0,0
9927,1991.51,5,3,entertainment,2376.3,14.201183079942208,12,0,1
5003,57.24,23,1,bills,2.3,2.8116263569524187,2,0,0
4493,4.7,8,3,transport,3.3,2.7195967457162746,3,0,0
2544,8.87,14,6,retail,5.1,16.4441079361727,0,0,0
6624,40.32,7,3,retail,5.0,6.207713804939452,3,0,0
7951,75.37,17,2,retail,0.2,0.26908072130166616,1,0,0
3268,1.04,15,4,retail,0.7,2.5574667595891625,3,0,0
793,171.12,11,4,entertainment,8.3,2.119110622668205,1,0,0
4038,193.62,13,0,entertainment,2.1,0.3881288145493816,1,1,0
8749,5.14,9,0,retail,5.3,0.37544948976358833,2,0,0
6428,7.9,17,6,bills,0.6,0.6071019519981439,2,0,0
2057,46.35,15,0,bills,0.5,0.05803435476288533,3,0,0
8502,81.07,21,0,retail,3.2,3.9353054037180892,2,0,0
7402,141.31,16,4,retail,14.7,0.058662587333233845,4,0,0
7459,81.74,10,5,food,3.6,1.1580924809425224,3,0,0
8044,677.81,23,1,entertainment,25.3,1.0575853220127516,1,0,0
9848,198.19,23,1,retail,1986.9,63.60348500785234,9,1,1
5923,138.61,18,0,food,3.4,0.39737870408040643,0,0,0
9368,163.75,15,3,food,0.9,0.6283523270608752,1,0,0
4000,27.82,21,2,entertainment,4.6,8.641650047094865,2,0,0
8793,12.34,12,0,transport,7.2,5.948600343639087,1,0,0
4215,116.77,12,3,bills,3.3,5.1215524181639385,1,1,0
8297,48.68,12,3,bills,1.8,0.11990030193930615,1,0,0
3410,212.13,12,1,transport,5.6,0.4601029853429349,2,0,0
3758,103.63,14,3,entertainment,7.4,1.9509108427483692,2,0,0
1872,17.97,9,5,retail,0.9,0.9088232205582244,2,0,0
6060,174.12,18,5,bills,2.9,2.4809514745264325,2,0,0
4724,96.37,19,4,transport,3.6,0.5631830889495452,0,0,0
3826,1.16,8,3,retail,2.0,0.9151954674650489,3,0,0
7603,191.83,19,2,transport,12.2,0.0376152194014178,1,0,0
1068,194.0,15,1,entertainment,4.1,4.172834140061148,1,1,0
8969,337.18,8,6,retail,2.6,5.141812926626505,2,0,0
2751,78.91,10,4,transport,2.6,4.401134001197975,2,0,0
8127,5.35,18,5,entertainment,5.8,9.449761813476668,0,0,0
4394,41.37,19,3,entertainment,0.2,0.6159103597107104,2,1,0
5884,6.23,7,6,food,1.6,3.7375777430757404,0,0,0
6766,1104.17,19,1,bills,10.6,6.573237240718157,2,0,0
6222,26.36,19,0,bills,0.8,1.0917641597044974,2,0,0
989,45.83,8,6,entertainment,32.5,1.3851096312179767,0,0,0
7009,46.11,6,3,retail,0.3,1.2988098296620092,1,0,0
3554,41.45,11,5,transport,6.3,2.7879447694032793,2,0,0
6882,75.78,15,3,retail,4.1,2.1943484385093126,4,0,0
3165,10.88,10,1,transport,15.9,2.140523143559008,2,0,0
8152,50.13,19,3,retail,8.3,10.957329566559112,2,0,0
1450,237.19,4,0,retail,8.7,5.9958870179129775,2,0,0
1546,26.71,18,1,retail,1.2,1.0028063245013343,0,0,0
3065,3204.22,15,1,bills,9.0,3.191538766898341,2,0,0
9427,240.03,18,5,bills,0.2,2.381886713649102,2,0,0
8026,33.23,3,4,transport,4.9,2.9029955344190967,2,0,0
3044,595.75,6,0,retail,2.4,8.094187292687774,1,0,0
8962,3.84,6,4,entertainment,2.0,1.5751186584667884,0,0,0
3688,107.42,12,1,bills,1.0,6.4115273908954595,1,0,0
2189,135.46,7,3,entertainment,4.7,4.693403622136367,3,0,0
5035,0.52,6,3,retail,8.0,0.35989277571672884,0,0,0
7711,26.37,17,1,transport,6.7,0.3269250027020076,1,1,0
2560,6.28,20,0,food,3.5,1.8271005798228563,2,1,0
3996,171.32,18,3,retail,1.3,0.13989226821931783,3,0,0
9309,178.09,13,0,entertainment,3.6,1.4865145374188675,3,0,0
7701,349.28,9,5,food,2.1,0.5655631321910403,0,0,0
3562,156.96,7,5,retail,4.4,2.2948786286121794,1,1,0
9799,46.09,15,6,bills,4.0,1.5966847465266523,2,0,0
8420,44.13,11,3,retail,5.6,0.7789479377164061,0,0,0
2498,26.07,13,1,bills,2.7,2.3634010179097356,3,0,0
5561,50.15,1,5,entertainment,3.7,10.832565087666286,1,0,0
4560,3.47,16,2,entertainment,0.3,0.1417288840068454,2,0,0
5815,24.63,21,1,food,0.5,0.45689645399475265,2,0,0
1233,123.35,6,6,bills,3.5,3.6043089684534633,1,0,0
1704,183.23,7,5,bills,0.3,4.820064089215835,1,0,0
709,214.7,18,6,entertainment,13.5,1.606211653576259,1,0,0
3779,267.56,17,6,transport,0.4,1.521842245142505,4,0,0
3190,395.08,18,3,transport,4.5,4.742904977244901,3,0,0
7483,389.36,16,2,entertainment,3.4,5.599009105548226,2,0,0
107,9.95,16,0,entertainment,0.6,1.0453162850000408,1,0,0
5627,29.76,13,5,transport,2.5,2.3989798752631684,3,0,0
6709,227.82,10,4,bills,8.9,6.16265024186656,2,0,0
516,47.81,21,6,entertainment,0.1,6.0283788558657925,2,0,0
2603,507.54,10,1,bills,0.3,0.7896167090709174,3,0,0
7155,195.31,18,5,entertainment,2.9,0.12674531852659654,2,1,0
8379,39.2,19,5,transport,2.7,3.2876748327315743,3,0,0
7404,7.72,17,0,food,0.5,0.3406419779423082,3,0,0
8104,87.66,19,4,entertainment,0.6,3.9018745718874426,3,0,0
700,17.82,15,1,entertainment,0.2,2.079515478231648,1,0,0
7839,14.05,21,0,bills,8.6,0.9108462717779785,2,0,0
1449,98.24,23,3,retail,4.7,3.2103253553777877,4,0,0
1628,9.74,19,0,entertainment,2.1,2.088455316359271,0,0,0
1692,217.38,16,3,bills,1.4,2.035439881472833,3,0,0
6888,27.81,22,1,retail,8.6,2.207003597725934,3,1,0
9787,95.84,20,1,food,2.6,0.9515909455965058,4,0,0
3076,666.86,12,3,bills,7.1,2.0834902919650427,1,0,0
7139,27.39,11,2,food,2.2,3.093514415947297,2,0,0
316,153.92,16,4,bills,0.5,1.954676792396849,2,0,0
7145,31.62,20,6,bills,13.8,1.5928478545184357,1,0,0
2909,15.06,16,4,retail,2.5,3.1382171184091616,4,0,0
9960,57.86,7,0,entertainment,716.6,12.439826016099465,11,1,1
4213,10.15,18,1,entertainment,5.3,2.664922280572396,2,1,0
4149,114.51,23,4,bills,1.0,4.419668989818005,1,0,0
9447,49.68,11,1,retail,5.0,2.6414865346097818,3,0,0
6102,299.6,19,4,retail,7.7,0.6398956091733436,1,0,0
4574,34.97,13,1,transport,0.9,1.2255307579752461,1,0,0
4860,60.93,21,5,bills,4.7,5.599917403768266,1,0,0
1027,79.26,23,4,entertainment,3.9,4.776463292171094,2,0,0
7894,54.39,18,4,transport,16.0,4.249194975175332,2,0,0
2799,40.01,13,0,food,1.8,0.014638404990875441,1,0,0
2466,38.13,16,6,transport,11.8,4.30940510944203,2,0,0
1651,10.49,10,4,bills,1.7,1.1629890150536606,5,0,0
482,35.18,15,6,transport,2.0,1.2639207069447569,1,0,0
5299,43.84,9,4,transport,10.1,3.5466053610989974,2,0,0
8758,119.73,8,6,food,0.4,7.570341463540688,3,0,0
4241,123.11,18,1,food,8.5,0.7671853923001122,1,0,0
2929,150.18,7,0,transport,20.0,0.5314959294402126,3,0,0
144,5.95,4,6,bills,0.8,0.8627925573638844,1,0,0
6921,113.05,14,1,bills,7.7,0.3495785217532329,5,0,0
7734,84.78,16,2,retail,10.7,0.871083267660939,2,0,0
4451,33.9,16,4,bills,2.0,3.3849250078832585,1,0,0
4692,112.4,16,1,retail,2.6,1.8583499255081295,2,0,0
3556,25.81,12,2,entertainment,1.2,0.2997891060996005,5,0,0
2243,68.52,7,0,bills,2.5,2.020490533823065,1,0,0
2343,35.47,21,1,entertainment,5.3,2.749011667421086,2,0,0
7326,277.06,13,2,food,26.2,0.9877449852749318,3,0,0
5801,43.14,20,2,entertainment,2.2,0.9050707527141507,1,0,0
8447,169.67,17,5,entertainment,18.9,3.280901425482214,2,0,0
7680,0.57,18,2,transport,0.7,1.9597363988766046,1,0,0
3595,27.95,7,2,retail,1.2,14.434101709793085,0,0,0
2783,20.29,9,0,bills,2.2,0.05248930267187986,5,0,0
4408,100.63,22,6,entertainment,5.4,1.8299459296314873,2,0,0
5991,32.65,12,1,transport,5.1,3.9678169337054747,2,0,0
2420,249.95,17,5,food,4.1,1.6110532334468148,2,0,0
1812,69.8,19,3,retail,3.5,8.74353452666759,2,0,0
7473,33.22,17,4,food,2.3,3.046989919828235,2,0,0
4928,271.13,7,4,retail,15.4,1.7106115720039112,3,0,0
124,264.11,13,1,bills,1.4,2.603596997806764,2,0,0
6869,7.29,18,1,transport,8.6,2.6787687694740487,3,0,0
9996,21.31,0,3,transport,350.4,52.01305866022014,13,0,1
4158,10.74,19,3,transport,0.7,7.723940807236719,0,0,0
4273,241.52,16,4,transport,0.3,0.6556490301724182,3,0,0
4085,6.59,19,6,bills,12.7,6.084678245363439,3,0,0
8448,28.1,18,0,retail,2.9,3.1760030921877327,3,0,0
8040,42.8,11,2,bills,19.6,1.0489427350930938,2,0,0
7266,112.92,4,6,bills,13.6,0.291857233800042,2,1,0
2098,33.47,7,1,retail,1.0,1.64254532199402,2,0,0
9929,78.14,13,4,entertainment,93.4,12.688564767491572,9,1,1
3349,36.49,14,1,transport,4.4,2.5797268011457666,1,0,0
8063,2939.73,11,1,retail,1.1,1.534491680401866,2,0,0
7856,69.16,7,2,food,0.6,0.5290327529009708,0,0,0
4384,68.56,12,1,entertainment,0.5,6.136482334061576,6,0,0
4315,30.57,18,5,entertainment,0.4,1.8235601186590409,0,0,0
2713,103.78,21,1,entertainment,5.2,3.6912141861115284,2,0,0
8163,66.02,17,6,retail,1.2,1.5292019246742614,0,0,0
5092,97.34,8,4,transport,1.7,3.37810363356793,3,0,0
5131,487.17,9,1,transport,4.0,0.6745983405329001,4,0,0
3298,101.63,7,1,transport,5.5,0.5800797727703014,4,0,0
7802,19.65,7,1,bills,1.9,5.9594596078230815,3,0,0
5983,2943.05,17,1,bills,4.2,0.2958050025128941,2,0,0
2834,91.32,17,6,bills,2.9,3.0344522878420617,2,0,0
2741,24.43,10,2,retail,1.9,0.953545915155377,2,0,0
6430,342.79,2,3,food,5.1,6.741547080633131,1,0,0
1451,15.08,12,4,retail,2.4,0.3872893755289505,1,0,0
4812,47.23,16,4,transport,0.0,0.4068266132885956,1,0,0
644,13.24,11,5,retail,9.0,3.2570048499626223,1,1,0
4279,188.6,23,4,food,4.7,0.4260951758312379,2,0,0
7393,113.11,14,6,bills,0.1,0.8475689892766951,2,0,0
8895,2.36,18,1,retail,12.3,1.1297252451966486,3,0,0
1850,34.62,18,0,entertainment,10.9,0.18501103557310472,1,0,0
5325,236.02,12,1,retail,12.5,0.49001172200399157,0,0,0
8729,408.08,23,5,bills,12.1,2.8175589783317587,2,0,0
337,2.89,16,1,entertainment,2.7,1.1940663561560472,0,0,0
9366,126.56,8,0,retail,2.2,0.6567782742384819,1,0,0
4704,49.6,14,2,entertainment,0.5,9.476949858869926,0,0,0
9621,25.74,6,4,food,2.1,1.3748742872418267,4,0,0
9656,13.71,19,4,bills,3.2,2.3344371215782056,3,0,0
1285,79.74,13,2,transport,4.8,3.5527567129637796,3,0,0
9528,20.54,2,3,transport,1.3,3.51290073815432,2,0,0
4632,110.91,10,4,bills,1.0,1.7448003099926146,1,0,0
462,73.79,16,3,food,7.2,0.9610048063721193,3,0,0
6693,373.7,15,6,entertainment,12.3,0.19967064203887674,2,0,0
9533,12.84,13,1,transport,5.1,7.087255422127437,0,0,0
2457,117.19,18,5,retail,0.6,0.29770769145265186,4,0,0
8471,28.24,13,4,retail,1.3,13.469648480534744,0,0,0
3999,21.37,21,0,bills,1.4,9.365635363189266,3,0,0
2896,13.79,7,1,food,19.9,13.182255552039361,1,0,0
5623,47.37,23,1,retail,8.6,1.8263085484893697,1,1,0
6824,34.42,0,3,transport,11.5,2.7175790191779825,2,0,0
8399,3.54,2,3,transport,2.9,0.961270673890369,2,0,0
4896,7.6,18,4,bills,10.2,3.6738530057047294,5,0,0
8682,20.68,5,0,food,2.2,2.571467644155174,2,0,0
9965,1977.99,23,3,retail,397.1,7.2905632759591015,7,0,1
4109,154.74,21,1,entertainment,3.5,1.2202968897191788,2,0,0
2323,64.29,10,0,retail,8.5,5.343037765137173,0,0,0
3392,32.11,22,3,retail,2.2,3.9547520627044284,1,0,0
4089,21.6,6,4,food,2.2,0.4608670532680314,1,0,0
8986,14.48,9,4,food,1.7,4.075949064299254,1,0,0
239,30.37,20,6,retail,6.6,5.270185162961567,2,0,0
8684,96.93,19,1,bills,6.1,2.1979477560615965,1,0,0
448,120.53,8,2,entertainment,5.9,3.7945650652249414,2,0,0
3485,287.02,7,5,food,34.2,1.1798191207190762,0,0,0
6725,3.37,20,2,bills,5.8,0.31400113644295935,3,0,0
767,25.49,22,6,bills,0.0,0.34812908955601984,1,0,0
4561,15.11,11,3,food,1.2,2.2921204326765294,2,0,0
2685,27.26,16,6,bills,4.5,3.4123513292382004,4,0,0
2839,1073.0,10,5,bills,0.8,3.0592328428883224,2,0,0
4329,58.46,4,2,bills,0.2,4.949199974875297,1,0,0
8590,2735.16,14,3,entertainment,4.6,0.724418932411519,5,0,0
7301,4.86,16,5,transport,2.6,4.8032127253987476,4,0,0
6257,47.57,9,2,retail,11.5,5.056283322792001,4,0,0
1569,17.08,13,0,transport,1.0,0.5515276903485705,3,0,0
4488,51.53,2,1,entertainment,8.6,2.1230403645757305,0,0,0
9838,61.9,23,3,transport,10.9,19.02700127445737,11,1,1
2445,168.2,14,2,food,0.5,0.8877268820922632,1,0,0
266,269.3,2,5,transport,17.5,2.680512783845719,1,0,0
7219,76.14,20,0,food,9.8,4.383525873564588,4,0,0
5036,125.27,1,4,retail,9.9,1.9962582986277604,3,0,0
6072,122.54,13,1,bills,11.6,0.0705621856844733,1,0,0
6621,17.23,8,2,transport,2.7,0.568257236160595,1,0,0
7280,252.72,12,2,food,1.7,0.7704647249148345,0,0,0
4955,7.32,17,3,transport,4.1,0.8583101156090598,6,0,0
3177,39.49,23,3,transport,1.0,1.9849640461439337,1,0,0
6996,21.7,16,4,transport,3.9,6.3009900445950064,1,0,0
2074,89.44,8,0,entertainment,3.3,2.8754044366258915,1,0,0
6796,5.67,22,1,entertainment,1.2,0.1374484633799151,1,0,0
685,18.63,19,2,retail,2.7,1.7490493536703944,0,0,0
4694,36.77,18,3,food,6.6,2.5760761393303495,5,0,0
879,1.74,19,4,retail,8.2,0.01667839452169951,0,0,0
328,344.11,17,4,transport,1.8,1.528536731008681,0,0,0
2479,18.3,10,5,food,12.5,1.656239559077859,2,0,0
1717,76.04,20,0,food,1.1,0.004067669909364781,0,0,0
7768,1064.27,14,1,transport,1.7,3.9137377932082456,5,0,0
3121,350.58,6,6,entertainment,2.7,0.49674265607815277,0,0,0
9247,92.68,15,1,bills,1.0,0.3065321870251939,1,0,0
8984,15.45,16,6,bills,4.3,2.350863078212708,2,0,0
5443,69.67,15,0,food,22.1,2.490711220941326,0,0,0
8780,19.33,13,5,entertainment,5.8,1.3868748075774302,1,1,0
673,1321.48,19,5,bills,9.2,0.485119085339723,1,0,0
4376,7.26,21,2,transport,2.7,1.3422483363572328,2,0,0
8052,403.89,20,6,bills,8.1,1.7664217424408726,3,0,0
6489,6.46,13,6,entertainment,3.1,6.656098136317961,2,0,0
3253,72.09,13,5,entertainment,0.8,4.543784132203701,5,0,0
5989,18.15,12,4,entertainment,0.8,12.783913094748936,4,0,0
3173,28.29,14,1,bills,1.8,4.684134428198402,3,0,0
2985,64.82,5,3,bills,2.0,0.7900945928474149,2,0,0
6130,12.31,17,5,transport,3.3,4.091664106417779,2,0,0
8038,4.88,14,5,food,9.7,5.44534293654316,1,0,0
436,60.92,18,4,retail,7.1,5.314681163778114,3,0,0
7175,93.29,12,2,food,8.9,0.9475248352750797,1,0,0
158,374.33,17,4,transport,2.1,2.0180695496087533,2,0,0
2325,151.26,12,0,transport,13.8,4.88093416166787,2,0,0
2169,41.42,19,4,retail,0.7,2.6624216637361124,2,0,0
5707,3.38,16,6,food,1.9,0.11062091201781474,2,0,0
5607,95.94,12,1,retail,5.7,0.5693948628777136,2,0,0
8525,51.13,22,0,retail,5.3,13.46489903552815,1,0,0
5350,100.92,14,0,transport,25.0,1.344934423003108,3,0,0
7956,45.99,12,5,food,2.3,8.075808083973225,2,0,0
5753,28.02,10,1,entertainment,4.5,9.917268021749447,6,0,0
8500,35.83,8,2,food,6.6,0.3782510664400887,1,0,0
3806,183.83,13,4,retail,2.7,0.4413182918920549,3,0,0
347,7.88,11,2,entertainment,13.3,1.120511801397983,2,0,0
4810,29.03,11,4,transport,2.0,0.799153119374068,4,0,0
8735,87.53,16,1,bills,7.4,6.99944463446854,0,1,0
6472,43.6,18,5,entertainment,8.3,2.34297889275372,3,0,0
6420,7.16,9,5,food,7.5,3.175950283341047,3,0,0
3515,6.71,13,6,retail,0.0,0.5005369430494058,4,0,0
8834,88.6,17,3,food,3.8,2.356096509868637,0,0,0
6260,23.87,20,0,transport,4.6,2.3042429352251323,0,0,0
9545,328.92,21,2,bills,1.0,1.175391865554694,3,0,0
6979,22.98,20,0,retail,7.8,3.1282014686278172,2,0,0
8235,71.43,18,4,food,1.3,2.564357394715604,2,0,0
9933,3919.26,1,4,bills,396.9,17.836351950962403,15,0,1
8050,57.51,17,1,entertainment,2.5,1.578971508447689,3,0,0
2161,70.19,14,1,bills,12.2,1.708483770674794,2,0,0
5508,1190.12,20,0,bills,2.5,2.336496878922043,1,0,0
2252,2096.75,9,1,food,1.5,3.834749096638357,1,0,0
2370,15.46,13,0,transport,0.1,5.950050040135611,0,0,0
6711,13.79,17,1,food,12.7,0.4741565639105506,1,0,0
5471,1639.74,13,6,entertainment,4.0,2.289852839435329,3,0,0
2954,138.19,14,6,transport,3.6,7.082374925981997,3,0,0
7254,47.89,8,5,bills,5.2,4.360839083089241,1,0,0
1979,20.24,19,0,bills,3.5,0.8271528585260693,4,1,0
8745,53.85,18,2,transport,0.2,1.229666311830008,1,1,0
45,107.25,20,0,entertainment,0.5,1.7774556923273774,0,0,0
9635,57.88,13,1,retail,4.5,1.0011161846284717,1,0,0
2521,71.48,11,1,entertainment,16.3,0.1466462137264471,1,0,0
6391,90.28,6,3,bills,6.9,4.820236896287027,0,0,0
1676,127.92,12,0,entertainment,6.6,2.8730550705651634,2,0,0
2341,45.44,19,1,transport,6.7,8.952114327284422,1,0,0
9952,607.9,1,2,transport,1243.4,4.233898932708426,12,1,1
674,12.53,11,1,bills,2.0,0.49731701794689487,0,0,0
7293,30.61,12,2,retail,35.4,4.115684736118718,3,0,0
7146,170.74,15,6,transport,0.7,2.709128466622543,2,0,0
4609,21.68,22,1,entertainment,2.0,1.3173439707382504,2,0,0
1134,56.94,19,2,bills,2.7,3.6100003754245877,1,0,0
6764,240.0,13,4,bills,2.4,0.4927818345632071,2,0,0
2054,251.18,7,3,entertainment,4.5,4.460707114340208,1,0,0
8763,27.03,19,1,entertainment,7.0,1.9797638053012685,0,0,0
1001,24.33,22,0,bills,4.3,2.068451251878555,1,1,0
1267,75.57,11,6,food,9.0,2.7072710705465934,0,0,0
7838,31.65,1,5,retail,20.2,6.356817226880306,2,0,0
3751,52.53,19,4,retail,2.4,4.971574942396052,2,0,0
1127,67.03,19,0,bills,13.5,3.6862310937076783,1,0,0
9269,6.4,11,2,retail,2.7,3.368583004347415,1,0,0
4471,387.75,14,4,retail,20.2,2.340003220013389,2,0,0
9230,37.13,19,0,retail,20.2,4.36514581586906,4,0,0
8954,228.95,6,2,transport,2.8,9.598694950157382,4,0,0
6088,67.07,7,3,entertainment,3.7,8.136014755007533,1,0,0
3903,4.37,20,4,entertainment,2.5,5.383163395118919,0,0,0
1993,20.48,12,0,retail,2.1,0.5553640193023734,2,0,0
7779,367.5,13,3,food,7.6,0.7181317446809552,2,0,0
3517,7.65,20,2,retail,10.8,0.6860623596058713,3,0,0
4424,165.96,6,4,retail,0.4,0.8222305471847913,1,1,0
2759,13.88,8,6,bills,4.4,0.6119207359163192,0,0,0
9882,40.08,6,3,entertainment,46.0,56.78708627303316,5,1,1
8542,1282.72,12,5,food,15.3,0.8852331191754848,1,0,0
7502,68.12,3,4,entertainment,15.7,1.9086475082429537,2,0,0
838,8.37,18,5,entertainment,0.7,0.9182544108391753,0,0,0
4181,40.75,8,1,bills,6.9,1.3196612570594586,2,0,0
7532,15.71,4,1,bills,0.3,4.662951047305436,2,0,0
2018,18.69,8,4,transport,1.1,3.7876309440548956,2,0,0
6448,4.79,1,6,food,15.6,1.9541390726787224,2,0,0
3639,401.71,6,5,bills,5.1,2.068142331919726,0,0,0
9483,222.39,1,4,entertainment,0.3,5.90031081183464,2,0,0
3946,14.51,17,2,transport,34.3,2.8424033044975827,2,0,0
5612,31.03,17,4,transport,2.7,9.369688062900181,2,0,0
177,159.38,12,1,retail,5.1,1.9211617312698894,4,0,0
1123,13.32,19,1,bills,0.7,5.1082467268223235,1,0,0
5865,172.47,10,3,bills,2.1,1.4755846349913568,1,0,0
6191,146.29,20,6,entertainment,1.6,3.4160388456778485,3,0,0
9327,34.79,21,2,food,3.5,3.778324793301417,1,0,0
1774,43.16,10,2,retail,2.6,3.0518845276399458,5,0,0
7654,19.13,11,6,entertainment,2.5,5.099409028599593,3,0,0
9626,253.91,8,3,entertainment,18.2,2.508226185384024,1,0,0
9262,95.16,19,3,entertainment,3.1,0.6829410921531911,1,0,0
5319,195.2,6,4,retail,1.0,2.983837073887689,4,0,0
2123,150.62,21,2,food,1.0,3.109764715947718,1,0,0
5052,93.03,11,5,bills,2.6,2.458166599615357,2,0,0
8833,62.77,8,2,bills,0.5,2.152436385475352,3,0,0
9021,183.13,20,0,retail,13.3,9.512947982501746,0,1,0
2993,200.74,11,3,retail,1.0,9.280903528564473,3,0,0
1050,286.38,10,6,transport,3.2,2.5376560953629808,1,0,0
191,68.09,10,4,food,3.5,6.390130348209889,2,0,0
3236,30.11,11,6,food,3.5,0.9994091378571232,5,0,0
2769,6.39,14,2,food,5.6,1.4660275370634859,3,0,0
780,57.9,15,1,bills,2.6,0.7093299441461847,4,0,0
519,228.28,19,4,transport,0.8,1.1260076206793777,3,0,0
1297,28.59,7,0,food,1.7,0.8462556906028782,2,0,0
19,12.27,14,1,bills,1.5,0.5356746786481046,2,0,0
4466,22.65,6,0,food,2.2,1.275794628207969,1,0,0
2654,72.09,18,0,entertainment,4.9,0.8575425763538409,1,1,0
7055,2.42,18,6,bills,5.5,2.0048948794448593,1,0,0
5340,19.81,2,4,transport,7.4,0.025929680114299695,2,0,0
8225,1.63,14,1,bills,1.5,0.8252286100939534,4,0,0
3876,642.36,20,3,entertainment,13.1,5.77538287650935,3,0,0
1087,14.35,19,0,entertainment,0.2,2.2418820707670504,2,0,0
7668,56.45,19,2,food,0.3,2.3170716660954445,3,0,0
5756,1.87,19,2,food,2.1,3.672033978655292,2,0,0
6365,79.93,7,0,retail,2.8,5.732066289847359,3,0,0
432,11.02,8,3,transport,0.6,3.619258416145523,2,0,0
9869,2594.66,9,0,food,1074.0,34.69756366539809,17,0,1
2572,37.03,23,2,transport,14.0,0.32966857390909343,0,1,0
5766,72.02,19,4,bills,3.5,1.7407758125690775,3,0,0
3599,303.38,8,3,entertainment,6.2,1.958649380710267,1,0,0
9118,18.35,14,5,food,1.5,0.1165631240984492,0,0,0
854,64.93,12,1,food,1.0,2.5070333359870505,3,0,0
8014,12.97,6,2,entertainment,8.1,3.105893051467298,1,0,0
8369,138.36,14,2,transport,3.7,1.2346872559382795,3,0,0
9723,328.85,10,0,transport,3.4,4.268193523973027,3,0,0
3270,28.96,9,0,food,4.9,2.101218048949932,2,0,0
4538,69.02,19,0,entertainment,1.4,5.847749534994463,2,0,0
6033,156.37,13,1,retail,1.9,4.123960470653834,2,0,0
5740,8.16,14,1,bills,2.1,0.7546018338798732,3,0,0
2032,214.61,19,0,bills,0.7,3.39770153106891,5,0,0
7914,4.6,13,0,bills,2.5,0.34954381329652684,2,0,0
9278,22.42,2,6,bills,5.1,3.4570158745110953,2,0,0
1592,137.71,18,3,retail,0.4,1.4409085994935429,2,0,0
8828,298.37,20,5,entertainment,8.3,2.268863935094424,1,0,0
2899,173.13,19,5,retail,1.1,0.3558164337983583,1,0,0
9775,10.02,13,6,transport,0.9,0.6228858746280945,4,0,0
2334,39.77,9,2,entertainment,5.4,3.1467169308136675,2,0,0
1622,119.7,22,3,entertainment,9.3,2.1032341081618084,1,0,0
9614,19.55,13,4,entertainment,1.2,1.6622969968138857,1,0,0
2511,4.53,15,2,bills,1.9,12.520022611476474,4,0,0
6986,325.93,12,3,entertainment,0.1,1.3612789289416898,1,0,0
5251,301.53,7,6,entertainment,0.7,1.6518858349289531,6,0,0
8088,98.99,19,0,retail,3.8,1.7698366521371915,3,0,0
8596,154.26,15,5,food,1.0,7.592123490742153,1,0,0
5008,453.44,18,1,bills,11.1,0.8296975999267494,3,0,0
1811,76.21,0,1,entertainment,2.6,9.320819726047011,1,0,0
7269,1315.35,22,1,bills,8.5,0.6083855196811925,5,0,0
3245,1069.47,4,2,entertainment,7.9,0.20458223970526548,0,0,0
4525,370.82,22,0,food,6.2,0.9007439664595748,2,0,0
9249,79.7,6,6,bills,7.3,1.262512650103086,1,0,0
3313,42.74,8,6,retail,4.7,9.643953824937318,1,0,0
6273,296.65,17,6,bills,0.2,0.10918512609366292,3,0,0
3352,3.92,7,5,entertainment,1.1,0.6270120337355999,0,0,0
8503,40.0,17,3,retail,4.1,1.5284659603227666,2,0,0
4992,1.84,3,1,bills,0.3,6.760967724056664,1,0,0
5149,7.61,19,3,bills,2.9,0.09446833179337713,1,0,0
3542,18.22,11,6,retail,5.2,1.3355589783051365,2,0,0
5933,54.1,17,0,transport,2.3,1.9355585075241761,3,0,0
6452,257.03,6,5,retail,3.7,1.3452358243797355,3,0,0
3511,9.89,1,3,transport,3.0,6.878976321577342,0,0,0
118,29.07,12,3,entertainment,2.1,5.087261225713243,2,0,0
8213,225.01,14,3,food,14.3,3.076551793021073,1,0,0
274,57.21,15,6,retail,3.7,4.813143960797854,0,0,0
8032,51.75,1,1,bills,7.6,5.541381938852332,3,0,0
43,19.71,6,3,transport,0.4,1.4371729877927093,1,0,0
5848,713.46,14,2,bills,17.4,1.6879266870376286,2,0,0
1091,13.33,16,1,entertainment,7.7,8.488900617935471,3,0,0
1114,126.7,14,1,transport,7.2,1.8549914384820734,3,0,0
5331,198.38,13,4,transport,1.6,0.4892328556902554,1,0,0
5142,57.07,15,2,transport,1.8,3.9556432680740112,1,0,0
6971,7.21,19,1,retail,2.0,4.0955818055513085,1,0,0
9743,78.65,12,1,transport,0.8,0.8813071429862811,2,0,0
7816,21.5,1,1,food,2.7,4.903517698805302,2,0,0
5468,28.76,15,4,retail,9.8,2.8509745415262033,3,0,0
9900,1569.24,23,2,bills,358.2,49.07900550171856,13,1,1
5094,35.44,18,6,transport,3.5,2.500872032847064,0,0,0
2614,16.06,11,6,bills,8.4,3.704527864937411,3,0,0
7966,4.78,16,0,food,5.0,3.7322331742503607,0,0,0
1663,66.36,12,6,food,1.4,6.995847736644859,2,0,0
5461,70.82,11,2,food,1.4,1.6409643172404076,0,0,0
7025,12.75,13,0,food,3.4,0.702350077285482,5,0,0
6204,70.42,13,3,food,0.1,10.761264394265549,3,0,0
6605,2.88,14,4,entertainment,0.2,1.7702219665399221,3,0,0
504,91.12,22,1,bills,2.1,5.528001838749286,2,0,0
2890,39.92,19,1,entertainment,2.8,8.763509872767246,2,0,0
3337,118.58,12,6,transport,4.2,1.2373188469024798,1,0,0
1459,35.3,18,5,entertainment,10.7,1.637141555328343,2,0,0
3908,21.99,8,6,transport,0.8,0.47173979921698955,0,0,0
1135,74.62,18,5,retail,0.2,1.8318552102002443,1,0,0
4811,208.82,18,2,bills,6.9,3.119528721862978,3,0,0
5064,208.18,21,4,entertainment,13.1,1.615649329092436,3,0,0
9042,14.27,16,0,retail,7.3,0.0419834971721391,0,0,0
2358,30.18,12,6,retail,4.3,4.402852650274411,3,0,0
9135,472.43,20,5,food,0.2,0.521141913622833,1,0,0
1898,88.01,13,1,food,5.9,0.1895503671890993,2,0,0
2703,6.43,16,6,transport,10.6,0.2614959309120001,2,0,0
5587,286.25,17,5,transport,0.6,2.449552712064336,2,0,0
5523,243.87,18,1,bills,21.3,1.1641809121108555,0,0,0
3958,32.16,13,0,bills,7.2,5.4751319148380535,2,0,0
7844,3.5,17,5,bills,10.4,7.300509742204684,0,0,0
1831,24.76,19,4,retail,5.1,0.7737189129041484,4,0,0
8510,344.74,11,4,retail,7.1,3.6689195767830016,1,0,0
3795,464.94,17,3,entertainment,1.3,1.774870391332871,1,0,0
4003,7.25,5,0,transport,2.2,1.5872619341756349,4,0,0
2529,12.39,6,4,retail,3.9,2.0265640142209955,3,0,0
4230,176.34,17,3,retail,3.8,0.13010221963435187,0,0,0
150,108.79,13,2,transport,0.2,0.20118423034297395,1,0,0
1439,17.96,9,1,entertainment,1.1,0.2472128495928006,2,0,0
1549,138.32,23,1,bills,1.3,0.8705040749718284,3,0,0
7976,35.37,16,6,food,5.7,8.062590032898049,6,0,0
3342,243.97,20,1,retail,5.9,0.7731189247803298,5,0,0
8132,88.12,20,2,retail,5.0,4.916652679534553,2,0,0
7806,40.68,6,4,transport,3.5,1.529194454306188,3,0,0
5757,22.89,17,0,entertainment,4.6,2.1350841132036065,4,0,0
1996,13.33,7,5,retail,2.2,3.965892205692719,1,0,0
3773,38.2,3,3,bills,9.9,5.033167584080876,3,0,0
3291,10.01,20,1,transport,2.4,5.500453082185573,2,0,0
3491,36.14,15,3,entertainment,6.2,1.7997840903652946,1,0,0
535,137.53,18,3,bills,0.1,6.092748023883502,1,0,0
8079,14.04,21,6,food,8.4,0.010878337733212454,2,0,0
756,14.31,23,2,entertainment,4.7,1.5803042588400205,2,0,0
677,43.59,22,4,bills,9.9,1.6314575355058425,1,0,0
6073,24.29,18,6,bills,3.1,5.74537925827193,3,0,0
6066,15.78,15,6,retail,0.5,0.5300416063538702,2,0,0
9752,116.09,19,2,entertainment,10.6,0.5464748772262369,4,0,0
64,19.95,10,0,entertainment,0.7,1.191160596159322,1,0,0
1854,18.33,19,5,entertainment,4.5,0.4482689788774481,0,0,0
2004,101.83,14,4,retail,10.7,2.5847290128211164,3,0,0
9565,195.75,21,1,food,10.0,0.846479705881968,1,0,0
3830,692.2,11,2,retail,2.4,0.2549604655508081,4,0,0
5286,15.18,13,3,retail,5.7,0.08063145488900894,0,0,0
2209,634.15,12,3,food,0.4,1.7016375836378086,0,0,0
9473,55.83,22,6,retail,1.0,4.1714332032819454,1,0,0
6246,57.35,19,3,food,2.8,3.7786135794714033,2,0,0
5749,34.88,6,3,bills,9.3,1.03821585893422,0,0,0
6618,305.36,22,4,food,1.3,0.01933398125802725,3,0,0
2108,78.09,4,5,retail,15.0,8.115038552482886,2,0,0
4249,313.11,20,2,transport,6.0,2.38492574461045,1,0,0
5108,10.85,12,2,transport,0.1,0.8675097211957596,0,0,0
753,247.53,12,0,transport,1.2,0.2262815901009176,3,0,0
3153,40.31,20,4,entertainment,2.4,1.0227210242431577,5,0,0
5567,105.74,18,6,transport,5.7,10.826666686371428,4,0,0
9776,277.35,20,6,entertainment,5.5,5.862705019211487,0,0,0
8894,40.67,13,3,bills,9.5,3.6817521075117705,1,0,0
17,56.97,16,3,entertainment,1.5,0.9195551650334381,5,0,0
5895,86.11,18,0,entertainment,11.9,1.486817702976653,6,0,0
9747,138.55,21,4,food,1.6,0.2534130602749541,1,0,0
6384,182.87,13,1,bills,3.9,1.832749442744631,3,0,0
5221,25.03,15,1,bills,12.0,1.1245579178366776,3,0,0
3535,78.4,22,4,retail,3.0,2.1161748403652796,4,0,0
843,22.99,14,1,transport,4.5,1.4086348381774627,2,0,0
1277,92.29,9,5,retail,1.8,10.733624475518292,1,0,0
3641,95.89,10,2,bills,3.7,2.060910583979847,1,0,0
6435,105.96,14,0,transport,1.8,1.37409082339643,2,0,0
906,35.42,8,1,bills,11.7,1.7454979553663716,1,0,0
9857,1797.37,2,3,entertainment,1143.1,19.916620605187674,12,1,1
1199,1302.51,11,2,bills,1.9,0.33355958724369267,0,0,0
7455,50.75,17,5,food,1.4,0.046800113975561414,1,0,0
5605,162.53,9,3,food,3.0,1.314819140217328,4,0,0
5663,98.63,12,6,retail,0.1,0.7227028562229371,3,0,0
6901,132.6,20,4,bills,0.7,3.428707220454116,3,0,0
8650,684.41,19,6,transport,13.6,0.6201022902756723,7,0,0
2952,48.16,19,3,bills,9.7,2.165703093216087,3,0,0
5324,58.68,11,0,entertainment,0.6,4.768436441898013,0,0,0
2697,44.58,21,0,entertainment,7.6,1.9020303246500831,2,1,0
6201,38.27,6,0,entertainment,1.9,3.840816399143012,1,0,0
896,8.12,17,3,entertainment,4.2,1.4141957514574421,0,0,0
5531,87.85,13,4,bills,1.9,6.831843472745969,2,0,0
6099,14.13,23,6,transport,1.6,1.207796026911385,2,0,0
3437,305.34,17,4,retail,2.5,6.986564483337506,0,0,0
2902,339.02,21,3,bills,15.6,9.296355653193444,2,0,0
8746,851.32,16,4,bills,2.2,1.1481851846914768,8,0,0
406,7.87,17,4,retail,1.0,3.739025235998127,1,0,0
3585,224.53,14,1,entertainment,4.8,5.019643716409561,2,0,0
9013,107.07,11,4,entertainment,5.9,0.0798844118390261,2,0,0
9100,411.23,13,1,bills,0.9,1.3253262086698312,2,0,0
9103,45.68,19,0,bills,10.2,6.334000762929305,2,0,0
3433,157.38,19,0,bills,16.4,2.7411575565339037,1,0,0
94,23.56,12,6,entertainment,3.0,5.1081398230051684,1,0,0
9726,80.1,11,2,entertainment,2.2,2.197263780048251,2,0,0
7799,21.46,20,6,entertainment,3.2,4.493853939877208,0,0,0
6012,26.06,20,6,bills,3.1,1.3119519230470396,5,0,0
7750,11.78,17,0,entertainment,6.0,1.1903855934175227,1,0,0
9510,18.11,5,3,bills,5.4,0.8009479374411099,1,0,0
6156,7.55,16,6,entertainment,8.2,5.42396202827015,2,0,0
3009,46.66,22,6,bills,4.9,7.102696982805957,0,0,0
8398,505.34,14,3,transport,8.5,11.345079921121012,0,0,0
4015,778.57,15,4,transport,14.0,3.866298521915029,2,0,0
5555,91.11,17,0,retail,1.9,0.3603260625997846,3,0,0
1980,33.03,12,1,transport,1.2,1.3376983905740192,3,1,0
5701,49.47,21,4,bills,2.8,0.6719438674088685,2,0,0
7105,53.11,21,2,entertainment,1.1,0.4290794753014391,1,0,0
7187,6.44,21,3,transport,2.4,2.4624324426993645,2,1,0
4240,17.61,12,1,food,0.4,7.085875049053945,1,0,0
961,203.47,17,6,retail,4.3,1.122171854131245,4,0,0
7061,1142.62,9,1,retail,14.4,1.4651768907797,3,0,0
7257,39.01,17,2,food,1.7,3.4218030819665555,4,0,0
7429,35.3,17,0,entertainment,20.9,3.45862484139393,1,0,0
9612,15.68,8,5,bills,3.2,1.4775730910903597,4,0,0
6809,25.78,12,3,entertainment,3.9,0.6313818830208768,2,1,0
3623,116.62,17,6,food,16.7,2.458814083350106,3,0,0
2587,69.04,14,3,transport,3.6,2.194604063366978,2,0,0
1141,28.76,16,6,bills,2.6,2.8146107912008986,1,0,0
6421,27.04,22,4,entertainment,3.1,9.514698677131282,3,0,0
3266,54.01,13,4,bills,5.9,1.1606608073912248,3,0,0
4687,121.39,14,6,entertainment,0.6,0.24127446484374115,1,0,0
5116,42.01,16,2,retail,1.1,2.786351482652334,1,0,0
9370,55.15,20,4,entertainment,2.5,4.984029129985697,3,0,0
6096,57.23,11,1,retail,5.7,6.075038646689384,2,0,0
9941,1658.33,2,0,entertainment,39.1,79.79364333110814,14,0,1
5819,124.57,2,4,retail,5.6,1.3647317706347137,1,0,0
6950,1.62,19,1,food,0.9,1.4759608149123566,2,0,0
7097,159.7,21,1,bills,1.4,1.209679823203278,4,0,0
9158,15.74,11,6,entertainment,2.1,8.84226669873613,1,0,0
7585,143.03,15,1,retail,7.0,6.350478573428791,4,0,0
7134,14.97,11,3,food,0.2,9.719664275681808,0,0,0
8991,23.66,13,5,entertainment,3.3,20.446604917865308,1,0,0
2641,20.2,16,0,food,7.2,5.413563989140122,2,0,0
1278,6.61,6,4,entertainment,7.2,3.470733525975173,0,0,0
5130,193.64,6,1,retail,0.0,0.6501314988802935,1,1,0
4775,31.8,13,0,bills,9.0,3.527957829178506,4,0,0
5913,184.34,21,5,retail,3.3,1.3607502818063153,2,0,0
5680,26.21,19,5,bills,2.5,3.0426486592155535,0,0,0
3665,41.15,18,6,entertainment,17.8,7.005162710073304,2,0,0
376,57.81,21,5,food,6.6,2.7746474260299943,2,0,0
6773,6.45,9,4,retail,0.3,0.02272502372863836,0,0,0
297,359.84,8,1,retail,5.8,0.2161696305419624,3,0,0
6521,19.77,6,2,transport,5.7,0.9888320700715783,5,0,0
6926,38.87,20,6,bills,0.3,4.130668779072303,1,0,0
4193,173.28,9,1,food,2.6,6.551142825500957,3,0,0
3961,112.05,19,0,food,2.6,1.9095317215797403,1,0,0
8545,46.8,7,6,entertainment,2.3,14.712763187066937,4,0,0
8875,145.23,11,6,food,2.6,2.5093047404219533,2,0,0
9229,136.65,9,0,entertainment,10.9,7.313578073688996,3,0,0
6518,716.07,12,4,transport,0.1,0.9761643037266442,1,0,0
3926,30.33,14,4,bills,4.6,0.31683677681451267,3,0,0
3,113.59,18,0,retail,2.8,0.44978915631040584,1,0,0
2678,212.4,23,2,transport,0.8,2.7041226589263068,0,0,0
3729,78.36,1,5,bills,1.8,0.0046223808378894685,1,0,0
9009,141.7,18,1,entertainment,1.9,0.5241372816588454,1,0,0
6174,164.75,19,2,retail,2.1,1.8679780442247922,2,0,0
2084,123.93,12,3,food,0.0,4.509429266197428,2,0,0
8975,16.14,15,1,transport,4.0,0.7067483192637938,3,0,0
2486,2.11,10,2,transport,5.2,0.6824568767169614,0,0,0
3241,171.4,10,5,transport,11.8,1.7303447526219276,2,0,0
6639,1297.8,19,5,retail,0.2,3.185073836105669,0,0,0
6379,1.11,8,1,bills,3.5,5.681730083871192,2,0,0
2038,25.44,19,1,food,1.9,11.822756866885564,2,0,0
5311,48.81,8,1,retail,0.0,3.281157308934784,2,0,0
2240,6.48,17,2,retail,4.8,1.2168119431277642,2,0,0
2300,847.16,12,5,bills,20.9,7.898000396911392,1,0,0
4237,107.08,6,1,retail,8.0,2.138803854271539,6,0,0
1002,14.12,17,6,transport,3.5,6.3476536298074056,1,0,0
3768,450.1,8,1,food,0.3,2.6781028539133347,2,0,0
1201,305.98,13,1,retail,2.3,2.4105245722856403,1,0,0
1587,12.81,16,6,bills,3.2,6.349713536257166,4,0,0
6482,2.2,21,0,transport,4.6,0.6723754940535712,2,0,0
1366,69.23,11,1,food,2.5,2.4660902485694463,1,0,0
2826,43.76,20,5,entertainment,0.3,1.9209261120623036,1,0,0
5688,128.48,19,2,retail,1.4,0.17919707825483178,3,0,0
9484,41.87,17,4,bills,6.6,5.393288380994861,1,0,0
7299,97.47,23,4,retail,5.0,2.3742725828024684,5,0,0
3330,40.78,23,6,food,10.4,2.658521322658164,0,0,0
9471,190.14,11,6,transport,7.2,4.141843170687389,3,0,0
5520,52.09,12,0,transport,0.4,2.1862553041666524,3,0,0
1410,99.64,19,6,retail,1.7,2.905848482189816,4,0,0
2989,60.91,12,6,retail,8.1,5.6350237088138995,2,0,0
9010,619.5,19,1,food,6.1,7.509826160977617,3,1,0
3634,24.44,18,5,food,1.0,0.7357961167355556,3,0,0
7414,19.97,15,4,retail,3.0,3.698371512395708,1,0,0
9270,17.05,14,6,entertainment,9.5,2.5651495893915635,1,0,0
9282,131.17,6,6,transport,6.4,12.896152040122548,1,0,0
7867,19.25,21,6,food,3.0,1.862522392227964,2,0,0
1009,458.29,12,4,food,11.1,6.309134667061035,2,0,0
9105,286.54,10,4,retail,5.5,0.30212563754413413,1,0,0
2375,76.51,10,0,transport,6.0,0.03598987612902445,3,0,0
6713,1487.85,20,1,retail,5.8,0.5228590045500425,2,0,0
5323,24.62,7,0,transport,17.1,8.041613810385664,5,0,0
6805,315.1,9,6,retail,0.7,2.9350793559709185,3,0,0
2395,12.46,4,0,bills,0.9,4.386108312947394,5,0,0
5173,72.55,22,1,bills,0.5,0.13637658753416365,1,0,0
9910,1835.0,0,1,bills,49.7,7.274390259025568,7,0,1
1353,139.95,6,0,bills,1.6,3.4559073319096165,2,0,0
3719,507.11,9,0,transport,12.9,1.0403087768696766,2,0,0
6309,20.84,15,6,entertainment,1.0,2.4804028440216586,2,1,0
318,20.34,12,6,food,10.3,0.46890127183705443,2,0,0
7425,45.17,19,5,transport,26.5,2.1262234352572897,1,0,0
8338,12.45,20,3,entertainment,2.1,7.065026846860376,4,0,0
3769,6.23,15,6,retail,16.3,0.06565363071890404,2,0,0
8351,86.54,14,2,transport,1.9,8.87067477749553,6,0,0
5046,249.44,19,1,bills,4.0,7.901331875033746,5,0,0
59,194.78,2,3,transport,2.6,2.5015471008873043,2,0,0
809,2377.29,7,0,entertainment,5.9,4.556693672558685,2,0,0
687,388.72,0,6,transport,0.5,3.6115910268959492,1,0,0
2047,307.67,16,4,transport,4.4,0.2824826825295428,2,0,0
3072,8.15,9,6,retail,2.9,6.288956322193242,5,0,0
7294,225.99,18,6,retail,0.6,0.022197170939511658,0,0,0
2196,88.41,14,5,transport,5.3,4.951103659197901,2,0,0
5942,29.18,18,6,retail,2.0,2.8260839475448494,4,0,0
2013,79.64,21,4,retail,4.8,3.7880180176641307,3,0,0
5261,86.08,14,6,bills,13.9,0.926388577240991,3,0,0
9083,21.23,19,5,food,3.4,2.991012750359137,3,0,0
782,20.15,10,0,entertainment,7.2,0.3174602008255587,0,0,0
1080,252.54,10,1,retail,1.8,7.933482758672844,4,0,0
6172,566.96,21,6,entertainment,0.0,0.5459342722083645,2,0,0
411,80.14,21,6,bills,0.3,2.0288735991625932,2,0,0
9877,100.67,21,2,food,591.1,8.922036161130338,9,1,1
7012,301.57,21,3,transport,1.4,0.37014258649593346,2,0,0
6147,24.17,11,5,bills,5.8,17.97508068567347,2,0,0
4166,42.06,10,6,food,1.2,2.058504267066075,2,0,0
2159,605.12,7,6,transport,0.9,1.405138163558512,0,0,0
2221,13.6,20,6,retail,6.7,2.5537408020264363,2,0,0
4457,10.07,18,4,transport,2.3,9.700074257832965,1,0,0
2270,60.31,14,5,retail,6.9,0.17137054742956434,2,0,0
9255,40.24,13,1,food,0.4,3.289029800865433,1,0,0
2686,14.62,19,0,entertainment,4.5,0.9147605404388088,1,0,0
2015,16.51,21,1,retail,0.1,2.016348474415522,4,0,0
4320,296.79,21,2,bills,4.4,3.6865482966371896,2,0,0
4518,15.38,9,0,bills,2.6,7.531019816336755,0,0,0
7890,253.91,23,5,retail,5.4,0.6902593602263077,2,0,0
4198,30.03,18,5,food,4.5,1.6528807693386225,0,0,0
8663,245.47,20,5,entertainment,0.8,3.796275905145519,1,0,0
152,179.7,11,6,retail,4.5,8.537010453186024,4,0,0
4539,137.52,21,0,entertainment,14.1,0.6882664051243982,1,0,0
4823,263.14,11,6,retail,0.3,0.9721783004220207,1,0,0
4976,102.67,23,2,bills,2.2,4.431181076479722,1,0,0
2292,13.46,12,2,retail,2.1,3.756982244201552,1,0,0
7159,39.53,16,0,entertainment,2.6,4.2234557465326565,3,0,0
3354,20.13,18,5,entertainment,1.6,1.8946532193082095,1,0,0
9318,43.31,22,2,entertainment,5.0,12.141559015873678,2,1,0
8121,10.27,13,3,bills,2.3,0.9577496463326851,3,0,0
3755,3.3,15,0,food,2.2,0.5563751712911731,0,0,0
3662,43.65,15,5,retail,4.1,10.532830259495384,1,0,0
1126,65.21,22,5,transport,8.3,2.0289403497068723,1,0,0
3604,2.31,10,1,bills,6.8,3.9678390853180154,1,1,0
4669,183.02,21,5,transport,0.4,1.552993060196893,0,0,0
8544,2.93,10,5,transport,1.8,6.004249862057204,0,1,0
4652,111.71,14,4,food,2.1,3.5065627726261672,4,0,0
6240,110.84,11,0,food,0.8,2.813011263024573,2,0,0
9048,1763.95,7,5,entertainment,21.2,1.6889823392920693,1,0,0
612,25.63,16,0,bills,0.7,0.6032737720380815,1,0,0
6900,3.95,17,5,food,1.0,6.72496248985704,0,0,0
169,192.6,9,4,retail,3.1,4.242542006699533,2,0,0
9719,78.43,10,6,entertainment,8.8,4.0192285459231485,2,0,0
7422,30.56,22,6,food,7.5,11.776149305735858,0,0,0
2421,71.81,16,1,retail,0.0,0.33070923654730366,5,0,0
3989,375.54,13,1,bills,2.0,1.1861445890488083,0,0,0
542,36.13,12,6,food,4.0,5.507844311800621,4,0,0
7599,242.26,19,0,transport,6.8,0.008183450937246955,3,0,0
8084,11.35,10,3,retail,11.9,0.9367287218728364,6,0,0
138,304.01,7,4,food,0.9,4.657778546973302,4,0,0
4383,6.75,23,3,entertainment,13.1,10.579706308680695,1,0,0
7420,21.75,4,3,food,13.0,5.3130302341862246,1,0,0
6936,12.26,19,6,entertainment,8.8,1.481515175626894,1,0,0
4231,53.3,22,1,bills,4.2,0.39240773239722626,3,0,0
887,249.87,21,1,bills,10.9,0.18783703793972767,2,0,0
8291,62.04,13,0,transport,18.4,0.800167452659041,1,1,0
7812,9.49,20,3,retail,9.5,1.0464292548413265,0,0,0
3691,14.08,22,1,retail,10.1,1.6371937318319962,3,0,0
8635,253.22,18,6,food,4.6,0.1803049598647838,4,0,0
713,7.32,21,3,retail,11.8,1.9275726273079952,0,0,0
9615,107.45,20,0,food,14.2,1.4055063641516015,1,0,0
2185,127.97,12,3,bills,0.6,1.397806819013696,2,0,0
5997,22.73,16,3,transport,6.7,3.681360481442211,1,0,0
3133,46.66,15,0,bills,1.7,8.21153586598526,2,0,0
1023,20.69,19,6,entertainment,1.2,1.8306310636680063,3,0,0
5429,31.2,12,2,transport,12.9,0.1295014143995563,0,0,0
9677,13.54,18,6,retail,0.8,2.8529254878412824,1,0,0
9657,1.71,18,2,bills,3.0,0.1430493607374671,2,0,0
9470,46.15,19,2,retail,2.7,12.781617652416616,2,0,0
1846,23.33,17,6,transport,0.2,4.076990922899277,3,0,0
7787,10.41,7,1,retail,1.6,14.20541440927122,0,0,0
5784,73.08,10,3,food,0.1,4.043297745516974,3,0,0
7549,304.75,14,5,retail,1.6,12.675534323033247,2,0,0
8965,35.45,9,3,retail,11.5,0.18813453427843602,1,0,0
4506,33.62,15,3,food,9.1,7.800300650430977,2,0,0
4324,261.97,19,6,food,8.1,4.198762160250861,1,0,0
8696,133.22,13,2,transport,2.0,1.46398069341309,0,0,0
4972,9.03,5,3,transport,1.4,1.304975273216345,1,0,0
4941,382.38,8,5,food,5.5,0.41321979009936016,3,0,0
9235,16.41,20,6,transport,1.5,4.356031813738074,0,0,0
1010,22.96,22,6,transport,2.0,0.42290007268667373,2,0,0
9582,325.11,18,6,bills,0.6,0.2721350675831067,4,0,0
1594,68.12,14,2,retail,0.4,2.6893990971273505,1,0,0
5121,71.4,9,6,entertainment,1.5,1.7975594721927846,1,0,0
2089,41.67,5,5,bills,1.4,6.333598570541842,1,0,0
8773,406.23,7,5,transport,0.4,0.7509720953376242,1,0,0
6020,11.81,20,5,food,3.0,8.474586785375763,4,0,0
2828,162.48,16,6,transport,0.8,4.862086676607545,1,0,0
3114,1199.48,9,5,entertainment,7.4,5.642215351330956,1,0,0
1457,261.29,14,4,transport,9.3,12.098775325784969,2,0,0
1461,8.8,18,0,retail,9.8,0.48364078794505033,1,0,0
6915,741.63,14,4,food,4.4,2.199111258827575,2,0,0
8277,28.1,23,4,entertainment,2.4,1.6248739392547913,1,0,0
5907,178.04,13,6,retail,5.3,2.8787683020188153,2,0,0
6679,76.98,4,1,bills,2.1,0.1491263959497352,1,0,0
6492,386.38,23,5,transport,4.1,4.796913035867536,5,1,0
9662,16.7,20,2,bills,10.5,0.4255296612326266,1,0,0
4427,148.85,6,3,food,0.2,3.754716150659967,2,0,0
1825,19.81,7,5,entertainment,1.6,13.243967352677885,0,0,0
720,254.16,21,6,entertainment,1.0,0.6997751452597477,1,0,0
7369,4.86,11,0,transport,34.0,0.2564811178825043,2,0,0
6039,156.43,22,3,entertainment,3.1,1.6361924113214852,5,0,0
7937,16.52,11,5,transport,6.1,0.09412885285745382,4,0,0
4564,6.01,14,2,entertainment,0.4,0.24399587463620845,1,0,0
6217,1375.1,8,3,bills,7.0,8.274701961189495,2,0,0
9429,4.35,21,1,bills,2.4,4.590415393047021,2,0,0
2819,22.97,16,0,transport,0.3,0.9974995224824149,2,0,0
1150,21.33,7,3,transport,3.9,0.6022880717332492,1,0,0
2944,17.56,18,3,food,4.4,4.877331647680724,2,0,0
4596,90.02,19,3,transport,1.0,8.088559436858851,2,0,0
7107,299.17,12,6,transport,4.1,2.8695363588051244,3,0,0
7063,13.86,2,1,transport,1.1,3.722131268625117,3,0,0
7975,1237.9,6,3,retail,13.5,1.8319855809176202,3,0,0
5474,81.18,2,2,transport,7.9,4.070258293646539,1,0,0
3762,73.21,7,3,retail,1.0,3.279046368859972,1,0,0
2460,10.64,19,4,retail,1.2,0.06386112257525992,5,0,0
8710,523.96,19,5,entertainment,16.6,2.2691767938980982,1,0,0
165,859.46,13,6,transport,1.2,0.591395152507086,0,0,0
8706,5.64,13,6,food,0.5,3.8914619295954624,3,0,0
3750,639.61,10,5,food,4.2,10.173933287941733,1,0,0
8149,39.39,11,6,bills,4.6,2.379997012222571,2,0,0
7967,102.58,13,1,food,3.3,0.4550915373213412,2,0,0
9413,15.94,17,6,bills,7.6,1.2980527936769946,1,0,0
5893,3.33,15,0,transport,0.7,2.393783566003375,2,0,0
6810,5.96,20,0,bills,0.5,1.3874794099883367,2,0,0
4191,288.84,20,2,transport,7.0,1.8769469183068834,1,0,0
3351,64.85,10,6,food,4.5,10.971588970622435,2,0,0
5415,15.07,15,2,retail,2.6,0.06939053674530768,3,0,0
5869,207.98,8,0,bills,5.7,4.445200956259546,2,0,0
2747,54.52,22,5,entertainment,9.9,0.9255409339622007,1,0,0
2733,0.77,9,5,bills,2.0,1.0459363758628974,4,0,0
2690,63.99,14,2,bills,5.3,0.19417761738575356,1,0,0
910,26.8,7,2,food,3.2,0.14572685357301707,1,0,0
2586,732.91,17,6,retail,2.8,3.008798004752177,0,0,0
2602,0.98,12,4,bills,6.7,3.2862393345315395,1,0,0
2458,36.33,7,5,entertainment,3.0,3.314272595462482,3,0,0
7407,185.75,16,0,retail,1.9,0.7196912485507307,1,0,0
5521,25.13,15,1,entertainment,2.2,2.876370332278354,1,0,0
9121,4.38,15,2,retail,4.6,0.8773259301268888,2,0,0
6432,13.41,16,4,entertainment,1.7,6.539463047784533,1,0,0
3358,174.1,13,1,bills,3.0,4.053655343432013,0,0,0
8837,315.22,9,5,food,0.6,0.29497466986325704,1,0,0
8700,92.64,18,5,entertainment,11.1,2.808367885442265,2,0,0
1402,172.59,1,1,retail,0.9,9.297503564008048,3,0,0
5640,11.08,11,2,bills,5.1,1.343468404497528,0,0,0
1477,472.15,10,1,food,2.6,2.3283451401556965,3,1,0
933,234.28,15,5,entertainment,10.3,0.6909414184684716,0,0,0
935,98.49,19,4,entertainment,8.8,0.8277815095213201,2,0,0
2272,13.84,11,4,bills,1.5,0.28006943698666076,0,0,0
2701,259.94,22,0,food,5.0,0.35589175738133144,1,0,0
9203,98.87,13,3,entertainment,5.0,0.414814348876565,0,0,0
7431,2403.48,18,6,transport,7.5,0.6417492518654195,3,0,0
9226,1263.4,21,0,entertainment,17.6,1.988534834692915,0,0,0
4445,6.44,18,3,food,1.4,9.14231922092053,3,1,0
4697,21.22,9,6,entertainment,2.8,0.34010991066820156,2,0,0
2530,7.31,16,2,transport,0.5,5.618092739044788,1,0,0
5696,93.02,2,2,transport,1.4,0.13812608268095478,2,0,0
1635,33.43,17,6,entertainment,0.4,1.6767442854027572,5,0,0
3945,2.04,2,5,retail,1.5,1.2356223078265454,1,0,0
6598,62.06,16,5,food,20.2,0.004176281119952969,0,0,0
163,12.25,11,3,food,3.5,0.4985764093465862,1,0,0
3201,201.33,18,1,transport,10.1,1.8152138383972316,1,0,0
4922,85.32,19,0,transport,5.8,3.5114239816086905,4,1,0
8981,52.15,15,5,food,6.2,3.375094438070682,5,0,0
5549,28.86,7,5,entertainment,11.2,4.822429919075631,3,0,0
4121,194.44,13,0,entertainment,11.3,0.9999211556391,0,0,0
1807,2.6,10,4,retail,5.9,0.9874490503819644,0,0,0
2044,114.63,8,0,food,6.4,1.4196670363149764,4,0,0
5738,270.87,14,0,food,1.6,8.732497622333817,4,0,0
5789,17.04,9,4,bills,0.8,5.592504990341463,3,0,0
5720,166.28,13,0,transport,0.5,12.659818597547734,0,0,0
4709,236.22,22,2,retail,1.5,0.574811731489099,1,0,0
1415,117.82,11,5,bills,13.5,0.8591558986691503,2,0,0
4685,2.9,16,5,entertainment,1.4,0.09797591267036757,1,0,0
3134,33.3,21,1,food,0.2,1.8686539758310832,2,0,0
4400,138.58,19,4,food,21.3,0.8568269417790999,5,0,0
6875,15.68,19,1,entertainment,0.8,0.04115011672829108,2,0,0
6642,100.28,18,0,food,4.3,2.5373931048001994,0,0,0
1761,43.65,20,3,retail,27.2,3.4595437257063537,3,0,0
4801,7.21,6,4,transport,1.2,2.0011817177241875,0,0,0
8294,45.47,22,2,retail,5.8,3.9957817343337987,1,0,0
2901,128.16,13,2,entertainment,8.5,3.3399498590834096,2,1,0
2647,124.89,22,0,transport,0.2,1.804760056348602,4,0,0
4626,27.69,11,2,bills,10.0,0.9946454280848467,4,0,0
1551,274.27,14,2,bills,3.3,4.1790402142395795,1,0,0
9075,9.93,23,1,entertainment,1.3,2.193204283016849,5,0,0
5709,3.54,18,5,retail,0.2,2.0330464035974174,3,0,0
5718,167.88,14,5,bills,6.9,0.3306628952636086,3,0,0
1619,35.43,14,1,transport,3.5,3.8601766629715075,2,0,0
3361,22.01,11,2,food,2.2,9.354197249797927,2,1,0
2068,69.06,16,5,entertainment,0.1,1.7385714600577833,1,0,0
1680,407.53,20,1,food,0.3,0.47335758964112457,3,0,0
834,6.96,11,5,entertainment,2.2,0.1397025069435457,1,0,0
9673,170.33,10,6,retail,2.6,1.5988189204651175,2,0,0
1627,256.16,19,0,transport,0.1,0.12851165276877202,2,0,0
7632,24.98,9,1,retail,4.2,5.420885823136461,4,0,0
1358,5.84,12,6,bills,5.4,3.3234071595202277,4,0,0
9056,128.19,15,3,entertainment,16.5,1.2803798785665348,3,0,0
3822,43.4,17,1,transport,0.7,3.08465777361828,0,0,0
8878,13.16,22,1,food,5.8,0.17677257230317017,0,0,0
302,46.93,22,1,food,1.4,2.233767888629812,5,0,0
6731,22.93,8,5,bills,6.1,1.4178523162174652,1,0,0
7877,178.34,14,5,retail,3.8,8.303690287488767,2,0,0
7511,6.36,5,2,food,4.8,8.958443893244592,1,0,0
9115,61.43,20,2,retail,4.1,1.2283406137384925,3,0,0
2860,11.94,19,0,food,15.6,4.228416300338372,2,0,0
9180,66.66,13,2,food,3.4,8.17708511408137,0,0,0
4663,21.87,7,3,entertainment,16.6,0.7448574588869659,0,0,0
8401,517.77,7,5,bills,1.0,0.8614132731246684,4,0,0
1841,57.01,11,5,food,6.9,1.3633030157470178,2,0,0
1678,65.55,17,5,food,0.3,3.994894066352058,0,0,0
5174,8.38,17,4,retail,12.4,4.090243790970167,3,0,0
1956,306.44,11,6,bills,9.1,3.8029776373741147,3,0,0
8611,31.21,17,2,entertainment,24.7,2.866570121168291,0,0,0
2948,18.52,12,6,transport,6.9,0.3379211411870498,5,0,0
5403,199.54,12,4,bills,1.4,2.4680891152749815,2,0,0
9164,6.93,17,1,retail,6.7,2.9332784241783076,3,0,0
3786,242.65,17,0,transport,1.2,3.553249781528973,2,0,0
9543,15.7,12,6,retail,4.5,3.2090202982413127,6,0,0
9512,6.85,4,2,bills,0.4,4.034265081138928,5,0,0
1770,76.45,18,3,transport,1.6,3.8915436170471267,1,0,0
7079,61.93,19,1,transport,2.7,1.2724229700278051,3,0,0
3098,31.56,12,3,entertainment,1.7,1.111423531972403,3,0,0
440,10.45,13,6,food,10.5,0.975915915214505,1,0,0
8674,17.44,10,2,entertainment,0.2,1.1618766207336373,4,0,0
8641,1285.59,6,2,food,4.4,2.8717786813051256,2,0,0
5369,61.69,20,5,retail,4.0,2.3583361444478785,2,0,0
1926,53.44,8,3,bills,0.5,0.5168919323390954,2,0,0
7412,7.22,18,0,bills,1.6,0.13517329907397135,2,0,0
4774,312.61,12,1,transport,1.0,4.469439297635206,1,0,0
4978,88.54,16,3,bills,1.8,14.512705641317607,5,0,0
5679,320.75,14,0,bills,3.8,0.07175972633174424,0,0,0
1835,31.47,15,4,transport,0.1,0.9922618414663669,1,0,0
9560,155.61,16,5,entertainment,2.4,12.057476110317825,1,0,0
2925,28.18,13,1,food,15.5,1.8590506343717408,1,0,0
7356,25.41,20,4,food,4.2,2.341442648000418,2,0,0
1356,38.92,12,2,transport,2.9,1.520160163086706,3,0,0
5748,88.66,22,6,food,4.1,2.1043524796873228,2,0,0
205,206.13,18,4,entertainment,2.8,0.7909454364439483,1,0,0
9694,150.51,14,3,bills,2.2,0.6542016616617443,2,0,0
6728,33.4,16,5,entertainment,3.2,0.07313799423973588,2,0,0
603,191.49,7,3,entertainment,13.2,0.18934381410845313,3,0,0
2891,6.51,19,3,food,3.7,6.073244911225149,4,0,0
7718,180.04,14,2,transport,3.0,5.999426959903369,2,0,0
6512,5.35,14,2,retail,1.7,3.6939104699650507,0,0,0
7722,54.6,10,0,bills,6.6,3.250454720903962,3,0,0
3242,119.93,13,6,entertainment,1.1,0.494830239307518,1,0,0
4981,9.93,12,2,transport,7.0,7.849092966605502,1,0,0
6856,27.93,2,2,transport,2.7,4.335076086228165,1,0,0
234,73.36,9,1,entertainment,11.2,2.575734490954028,0,0,0
5080,1525.41,15,3,food,7.1,1.3590665520600747,1,0,0
6203,3.36,15,4,retail,13.9,5.110399841681898,2,0,0
4104,182.06,16,6,food,8.8,1.415503028883034,2,0,0
7330,10.01,9,3,bills,5.3,7.663778047439358,1,0,0
4340,81.92,17,1,entertainment,5.5,0.6213654623227666,0,0,0
8436,70.5,9,4,bills,1.2,3.141655831424864,1,0,0
2354,186.44,13,2,entertainment,2.2,2.539817273305497,3,0,0
4174,11.69,7,3,transport,4.0,3.703503528108895,4,0,0
8470,292.06,20,4,retail,4.5,0.5820206333103369,0,0,0
2987,137.35,14,4,transport,0.6,3.750410989054257,1,0,0
7081,73.56,21,4,bills,5.7,11.529670155792482,3,0,0
8872,730.13,8,1,bills,1.9,0.5903598617587271,1,0,0
4644,28.69,14,5,transport,1.2,3.0817372061019017,3,0,0
4679,88.11,12,2,bills,1.4,2.1376347191005096,2,0,0
7224,384.76,23,0,retail,3.3,0.6726481635859857,4,0,0
7907,83.1,22,5,food,3.2,2.6956920925877115,2,0,0
7519,54.41,12,3,food,1.3,4.302045378053421,1,0,0
7121,126.51,14,6,bills,13.8,0.12607164925762016,2,0,0
9353,164.49,15,1,bills,1.8,11.3519777364553,4,0,0
7587,66.3,14,5,entertainment,5.2,1.1799027528351231,0,0,0
6254,33.96,22,3,bills,9.6,3.934830081465366,1,0,0
8822,203.26,6,3,food,1.6,0.15460025671254873,0,1,0
2550,9.48,11,4,entertainment,6.1,0.40134417401636235,2,0,0
9130,4.52,10,3,transport,4.1,0.6804333617368283,1,0,0
5743,41.76,11,6,retail,2.8,1.8191177281311868,3,1,0
1720,7.62,21,3,bills,0.2,3.907227656011398,3,0,0
9033,27.13,13,5,entertainment,10.1,1.7262289290593733,3,0,0
3859,29.1,8,5,retail,3.9,2.860398783310511,4,0,0
6183,11.95,20,0,retail,2.1,11.087707416636256,0,0,0
5176,1.7,10,6,entertainment,9.5,5.500845495057849,1,0,0
7965,46.83,12,2,food,11.4,1.286184806744819,1,0,0
4959,41.26,21,1,retail,8.6,0.5678002987688529,1,0,0
1164,324.51,2,6,entertainment,15.5,6.0972906025589815,2,0,0
46,113.4,16,6,entertainment,7.0,4.172426394563601,1,0,0
1070,56.58,6,3,bills,1.3,3.1254866812118216,2,0,0
3734,78.77,12,0,transport,0.8,2.5318960553885073,1,0,0
5536,133.45,6,2,transport,1.1,2.638870689064641,3,0,0
8212,7.32,12,5,retail,5.7,3.271979945101748,0,0,0
6890,76.91,12,1,retail,16.1,10.094820122222188,2,0,0
4152,81.43,16,0,retail,3.9,1.8692244295260085,3,0,0
827,331.4,19,3,entertainment,14.9,1.1753416272204933,0,0,0
4391,217.87,8,3,transport,1.2,2.2631393439650265,3,0,0
1231,96.72,21,0,bills,1.4,1.3472028756097796,3,1,0
1548,18.0,19,2,transport,1.0,0.34664200647054605,2,0,0
4053,1217.34,15,1,retail,1.8,0.1122797655814187,1,0,0
2112,22.31,18,2,food,4.0,8.603377368742777,2,0,0
9090,1.54,19,5,food,0.3,0.16524121235670614,1,0,0
5425,15.06,12,2,bills,2.5,1.0421553203860874,0,0,0
407,26.95,13,1,entertainment,2.9,2.555228361098792,2,0,0
6405,17.56,7,2,transport,1.9,2.3670874656390244,5,0,0
9445,1540.88,15,1,entertainment,1.2,2.4713556181473875,1,0,0
5879,48.24,13,5,transport,2.5,2.3745634646810303,1,0,0
3678,90.03,13,6,transport,0.3,0.07465107544878341,6,0,0
3919,249.2,12,6,transport,0.3,0.8303827298697729,0,0,0
7715,84.4,23,6,entertainment,3.6,0.3920846694531057,0,0,0
8563,69.9,17,4,bills,1.7,2.3041850176343344,1,0,0
7620,98.05,23,5,entertainment,0.2,5.962621663730738,1,0,0
3418,24.71,17,5,entertainment,11.3,3.1981959507164164,2,0,0
572,366.2,2,5,retail,4.2,4.754825740218673,3,0,0
9575,12.45,12,6,entertainment,5.1,2.091706867712001,2,0,0
8272,92.85,18,1,retail,1.0,3.296216530026864,2,0,0
7067,138.94,13,4,retail,7.2,3.7017310597029156,2,0,0
5515,11.2,13,5,food,2.8,1.3326648589231969,2,0,0
93,159.47,15,4,entertainment,4.3,0.05990662768266783,4,0,0
1545,245.53,3,4,food,0.8,0.712139879554769,4,0,0
8209,334.15,21,0,food,29.0,3.874144042162861,1,0,0
1860,285.93,14,2,retail,3.3,2.451963001329312,3,0,0
4548,25.43,22,2,entertainment,1.3,0.11722399042650067,2,0,0
4937,67.65,18,3,retail,3.0,1.2944546988697128,1,0,0
8095,253.42,16,1,retail,4.9,0.9459778936772765,1,0,0
8524,11.7,12,6,entertainment,3.0,0.5801411871318736,8,0,0
6895,72.65,12,1,entertainment,1.0,1.744985626435414,1,0,0
9257,37.2,23,0,transport,0.1,0.3031552587703599,0,0,0
4557,36.54,23,6,entertainment,6.9,0.1436323448039601,2,0,0
702,20.06,10,3,retail,3.2,1.7729584651359571,1,0,0
9600,175.3,10,4,transport,10.1,0.6314426955170414,0,0,0
8668,164.67,7,5,food,8.3,0.7416892866559002,2,0,0
2982,74.73,12,1,retail,0.8,0.01288957921210732,3,0,0
786,89.34,6,6,entertainment,0.3,2.9317368147053253,1,0,0
5452,37.53,20,6,food,2.4,0.3667363199108188,1,0,0
682,18.5,9,3,entertainment,0.8,1.5296761809354478,3,0,0
4435,16.9,16,4,transport,1.8,0.8743089792177846,1,0,0
2353,7.46,23,0,transport,0.1,0.28304895888298587,1,0,0
3988,7.88,18,5,transport,5.4,6.379993765787173,1,0,0
7173,757.63,6,5,food,4.1,0.9704037146864458,0,0,0
3673,6.87,7,3,retail,1.9,0.5670144370642685,0,0,0
3970,53.95,8,4,bills,1.5,2.7996216290549647,2,0,0
7273,113.58,6,0,bills,5.5,3.1319507055836056,2,0,0
9419,3.57,10,0,entertainment,0.2,6.626613003589009,2,0,0
8337,11.79,17,1,bills,2.3,1.2017414237534059,1,0,0
7409,99.09,19,6,entertainment,3.4,7.386137454732516,4,0,0
4751,11.52,15,3,entertainment,6.5,3.986383648660907,1,0,0
1494,541.06,10,6,entertainment,5.1,1.484742773047375,0,0,0
759,4.52,18,3,food,1.6,3.991387613140618,0,0,0
5746,948.89,17,3,food,1.3,0.2394037706998206,2,0,0
9939,297.25,0,4,food,190.3,6.837215567396261,12,1,1
346,20.42,8,2,food,1.1,20.29058417104476,1,0,0
3612,60.79,14,4,food,9.1,0.13765600855647475,1,0,0
6877,14.52,22,2,transport,6.0,2.6666347741309386,2,0,0
6046,634.77,10,6,retail,5.2,0.7620865275252529,1,0,0
7267,220.28,10,4,food,2.8,1.1019107345189438,1,0,0
3445,15.91,8,6,entertainment,30.3,0.522044475084592,0,0,0
3541,26.51,19,6,retail,3.2,0.250089835664336,1,0,0
587,36.09,14,0,food,2.4,1.0286618959976832,1,0,0
4165,181.93,21,5,retail,23.4,6.128374317076571,2,0,0
4012,610.45,17,4,entertainment,1.1,3.928218014802859,2,0,0
4348,118.47,15,5,transport,4.2,2.5707398834110853,3,0,0
9964,1767.04,10,3,transport,446.4,2.7327780360282037,11,1,1
7313,4.21,6,5,transport,6.2,0.45581803147564054,2,0,0
518,577.73,0,3,transport,16.2,1.3400652169701386,1,0,0
6138,4.26,18,5,food,3.5,0.605958874348442,1,0,0
9394,224.88,21,4,food,1.3,1.2802225845977484,2,0,0
6148,47.46,23,5,bills,4.2,0.9441745242719723,1,0,0
4638,151.7,21,3,entertainment,3.2,0.897016351979338,4,0,0
2615,151.21,17,0,transport,0.2,2.6842733246115573,3,0,0
8787,6.17,21,1,entertainment,0.9,2.745458354503992,4,0,0
6832,2.88,15,4,food,2.1,2.608449890353316,2,0,0
5115,41.61,17,2,transport,1.7,1.9969493185151808,2,0,0
2516,140.19,7,5,retail,2.8,0.922129708908919,1,0,0
2863,109.66,21,5,retail,3.5,3.203149673546502,2,0,0
4648,3.35,16,1,retail,3.0,4.285604047470689,1,0,0
9330,28.23,6,2,entertainment,3.3,6.643147260030226,2,1,0
7026,593.63,10,6,food,2.3,0.8532041167841219,4,0,0
9259,124.37,17,1,retail,3.4,0.2021265506429269,1,0,0
9981,11.82,16,3,retail,345.8,74.98838825736263,6,1,1
6216,144.22,22,1,food,7.1,1.3938425568826027,1,0,0
2734,315.11,8,6,entertainment,3.8,5.966556699089115,2,0,0
3540,174.51,17,3,entertainment,4.7,4.121821208360164,1,1,0
1665,4.88,19,4,food,0.2,2.6020181567015706,3,0,0
9835,79.86,7,3,food,157.4,9.847836394396762,13,0,1
2172,56.29,22,2,bills,3.0,0.5847735414617464,0,0,0
9908,6990.42,0,2,retail,81.3,52.16413177581675,10,0,1
3458,51.8,11,2,transport,0.3,2.5368257936601113,1,0,0
4604,91.44,19,2,retail,2.4,1.33399951331075,1,0,0
1208,20.83,18,1,transport,4.0,1.2194855075251843,3,0,0
5951,82.23,17,2,retail,4.7,2.2590610831619973,4,0,0
7887,11.63,22,0,transport,1.9,0.6029825586886379,3,0,0
6524,7.85,20,0,bills,2.1,6.92969148305323,1,0,0
7143,255.09,11,5,retail,0.5,0.29734741529535735,1,0,0
1883,38.59,15,6,retail,0.1,0.8053488937421606,1,0,0
1174,22.52,20,6,retail,0.7,2.9421770023151366,3,0,0
2790,57.71,21,6,entertainment,0.5,4.123744261324207,1,0,0
7513,124.89,7,6,transport,6.3,0.7991325311562857,2,0,0
4894,17.68,20,5,retail,5.7,1.4300248082406906,1,0,0
8265,27.01,11,1,transport,3.0,1.4803292600386067,2,0,0
257,10.53,15,2,food,11.9,0.21321039010718507,1,0,0
8251,20.31,18,4,entertainment,18.8,1.2793369762716984,3,0,0
7178,240.43,6,2,transport,10.1,6.835396624318876,2,0,0
4924,74.73,6,5,transport,2.7,0.23571438681848114,1,0,0
9623,72.64,8,6,retail,5.6,4.862072369883843,2,0,0
9403,266.86,19,0,bills,2.5,3.4310300746422566,3,0,0
8845,65.68,9,2,transport,24.9,4.024092317885118,3,0,0
7601,68.89,18,3,entertainment,6.6,0.5302970947276153,3,0,0
1079,55.74,11,1,retail,4.4,4.195022228243491,2,0,0
5148,12.82,6,1,transport,2.2,6.679699430589602,4,0,0
7226,26.86,15,4,bills,10.0,0.23386100049032238,0,0,0
1453,30.83,15,1,transport,1.8,0.31542418315481513,1,0,0
493,38.03,17,5,bills,5.4,0.7565368440185065,3,0,0
1407,27.11,18,4,food,2.7,0.4299875227793081,0,0,0
5654,7.91,7,4,food,7.4,1.0618541658333296,1,0,0
9016,96.69,9,2,retail,1.2,2.6124352690875656,3,0,0
8649,39.59,12,5,bills,2.9,8.084662829624644,1,0,0
5259,51.6,13,6,retail,14.7,0.12968120530215882,1,0,0
1113,36.37,17,6,bills,7.1,2.8083488841365813,1,0,0
3892,306.33,12,3,entertainment,8.0,0.09958845884833105,0,0,0
9149,166.89,19,5,entertainment,6.9,2.334445581502941,0,0,0
618,85.08,20,0,entertainment,6.3,0.6685157260309387,3,0,0
1949,74.53,10,6,food,4.3,8.368417834130488,3,0,0
8797,379.39,6,1,bills,0.6,4.1496440237033525,2,0,0
2383,9.63,13,0,retail,1.1,5.641707178574775,1,0,0
9536,116.79,0,4,bills,11.2,5.60955458000424,0,1,0
8624,593.52,7,2,bills,6.7,0.4491147720522134,3,0,0
7942,434.29,15,3,transport,8.5,3.673676725076832,3,0,0
420,143.05,18,0,transport,2.7,0.27411798620595174,1,0,0
5534,113.79,14,2,entertainment,4.0,0.7427985559703343,1,0,0
1397,202.94,0,2,transport,0.1,2.8593803961663817,3,0,0
5158,85.44,21,3,retail,2.1,0.22708384275235144,1,0,0
7208,314.16,9,1,bills,3.2,0.7596040647845169,3,0,0
2363,9.91,3,6,food,26.4,8.552919951193084,1,1,0
8392,112.78,20,2,bills,1.6,12.45797876483983,1,0,0
3798,123.16,14,5,retail,4.2,3.720573705062723,0,0,0
3917,21.03,23,2,food,4.5,2.324065527738275,3,0,0
7546,32.92,22,6,transport,1.5,3.85901426379926,4,0,0
7278,32.3,13,5,food,9.3,3.4711901319161647,4,0,0
4861,106.95,17,5,bills,13.5,0.02088534271692786,1,0,0
6025,1112.92,14,5,food,3.4,2.9930240683680105,4,0,0
4635,694.02,15,4,food,2.1,1.1705767159697327,2,0,0
4387,411.19,18,6,entertainment,5.1,4.814004701575818,0,0,0
9663,34.95,18,1,bills,7.0,1.3106610214832588,2,0,0
2778,59.47,1,2,transport,3.3,0.7015039407342266,1,0,0
2115,7.77,21,5,transport,12.6,5.579310379474693,1,0,0
3994,884.36,11,0,entertainment,11.1,1.9302259270429194,6,0,0
4862,26.5,20,6,bills,9.4,5.32756729272306,0,0,0
5255,216.86,6,6,entertainment,0.2,0.4809638087589079,4,0,0
5590,5.23,18,6,entertainment,4.4,0.799442365259567,2,0,0
4098,6.44,13,1,transport,4.5,0.04057790503143166,1,0,0
752,110.83,15,6,entertainment,2.9,1.2894145965165713,2,0,0
3432,46.29,13,2,bills,15.3,0.11972278657976866,1,0,0
4843,110.88,21,5,food,8.3,2.8492156803418247,1,0,0
6393,37.72,18,3,food,0.9,4.284051649408235,5,0,0
3522,16.56,18,2,entertainment,1.5,1.2884660508765322,3,0,0
5038,30.85,13,5,food,0.4,2.4415366405133465,3,0,0
2106,33.92,15,2,retail,1.8,0.9509639393898393,3,0,0
9534,14.05,9,3,retail,31.0,0.4681501535185486,2,0,0
3466,7.6,15,5,entertainment,0.9,6.210452499650824,5,0,0
9849,1422.32,18,3,transport,159.3,15.597162512849168,8,0,1
3424,5.85,13,5,transport,0.3,6.080428262114481,3,0,0
4528,45.61,17,3,retail,0.8,0.5306386928560604,1,0,0
4920,25.56,13,4,transport,0.9,1.7659835406943185,5,0,0
6011,193.0,12,4,food,3.9,3.4723466935831673,2,0,0
4124,92.35,3,1,bills,3.4,0.31499193633176736,1,0,0
7451,126.46,8,0,bills,0.9,0.5330650359525275,2,0,0
451,16.22,11,4,food,1.4,1.962290280118408,0,0,0
5617,111.22,9,1,food,9.3,5.201228230776701,1,0,0
6155,1458.9,21,0,transport,0.7,1.8079811941492367,1,0,0
6967,6.4,12,4,bills,5.3,1.6452034940626505,1,0,0
3966,440.92,14,0,food,1.0,0.7898151472693591,2,0,0
6997,528.71,13,2,food,2.0,4.925230427387141,1,0,0
1333,59.89,19,4,bills,28.5,1.4701971383733459,4,0,0
2571,204.23,13,0,retail,1.6,16.01263804846806,1,0,0
4110,174.54,17,5,retail,6.8,0.1145961631438999,4,0,0
2067,49.27,12,0,bills,3.2,0.8637923881909041,2,0,0
4933,87.86,9,5,retail,2.8,4.155305838926255,2,0,0
577,45.43,11,6,entertainment,6.3,5.4009464035838635,1,0,0
8851,156.7,15,4,bills,1.8,0.7765245342633663,7,0,0
6483,24.06,17,4,retail,17.4,0.835478797769876,1,0,0
2223,30.65,15,4,transport,1.3,1.4151060951030165,4,1,0
9684,18.23,13,0,entertainment,2.8,1.2386020447063393,0,0,0
9956,815.47,4,0,transport,1653.1,10.06065064667962,8,1,1
9757,49.82,20,6,entertainment,7.2,4.6434005988388645,1,0,0
3695,19.9,18,4,bills,0.7,1.343338978508248,2,0,0
6133,43.55,12,4,retail,5.0,0.8991200256502989,3,0,0
1197,3.4,15,3,bills,11.0,0.5777925368678524,0,1,0
15,183.21,22,2,retail,3.7,0.8732111199018158,1,0,0
3219,406.29,5,6,retail,3.6,0.5726825854051927,2,0,0
6603,326.28,17,3,bills,6.0,0.7387519182048713,1,0,0
3481,25.22,18,4,retail,3.6,2.0738965160290124,5,0,0
6437,286.69,14,3,entertainment,6.6,1.1209623372141027,1,0,0
6669,78.86,10,5,transport,0.7,0.42551080928646445,1,1,0
4543,76.04,16,1,food,0.4,6.551191668229106,5,0,0
7520,13.29,20,3,food,7.8,1.7773633909050561,1,0,0
3791,21.79,22,1,retail,1.7,9.93745405381068,1,0,0
8753,65.68,12,1,bills,3.0,1.0420777794572378,2,0,0
7576,606.04,10,1,entertainment,1.5,5.733587352860753,3,0,0
1326,2.9,13,1,entertainment,7.1,6.249676441185006,2,0,0
5967,9.48,10,3,food,9.1,4.074136887759299,4,0,0
3050,3.33,6,5,retail,1.5,1.0801142909336754,3,0,0
6050,3.56,14,3,retail,1.9,3.931461806814383,2,0,0
9315,555.26,9,5,transport,2.9,1.9100030350931876,1,0,0
7008,99.4,13,4,food,8.7,3.5566775677695714,0,0,0
2335,25.9,19,5,bills,0.7,6.9366842277686285,0,0,0
3544,41.34,13,1,entertainment,4.9,0.362126617153709,1,0,0
2140,5.69,12,6,food,0.2,4.593475449875062,3,0,0
7591,70.71,12,1,food,1.4,3.0477321622093765,2,0,0
2130,11.18,12,4,transport,1.9,0.01374703535990843,4,0,0
3549,30.96,16,3,food,11.1,3.5232906157439396,5,0,0
7093,23.2,17,0,bills,1.0,5.413550844065189,2,0,0
9035,4.83,17,4,bills,7.5,0.5331969008883398,2,0,0
2958,0.75,11,3,retail,7.9,0.912958049503208,1,1,0
9382,110.11,21,0,retail,4.9,2.5913523649076,3,0,0
3722,17.92,18,2,entertainment,1.7,5.103242419562422,3,0,0
261,70.88,11,6,retail,1.4,1.2068065142878819,2,0,0
3211,3.74,7,6,entertainment,6.9,5.125304838248428,4,0,0
6416,1020.15,14,0,entertainment,2.5,1.2466424001229197,3,1,0
4624,71.26,9,4,bills,9.7,8.219869637102608,2,0,0
7830,52.42,18,2,bills,2.9,0.4109912669363733,0,0,0
8066,112.43,19,6,food,15.7,0.43518085881262275,1,0,0
2573,17.05,11,6,transport,0.3,0.17105917251161068,2,0,0
3978,293.69,20,4,food,7.3,1.6517627425916641,2,0,0
4599,320.71,12,5,food,0.2,1.0540454002456952,2,0,0
6780,316.89,14,1,bills,7.8,0.29903188047303975,3,0,0
51,62.99,20,0,retail,7.1,1.9485096807891114,4,0,0
6018,2.9,10,3,bills,9.3,0.7657741740465696,2,0,0
9973,3010.41,2,1,food,68.8,13.38873975746255,8,0,1
8599,58.69,21,4,retail,10.0,1.8048451492625903,4,0,0
3008,271.76,10,1,bills,4.2,0.12744245355713793,3,0,0
4065,551.58,16,2,transport,14.7,0.20317717888384673,3,0,0
222,62.21,19,6,transport,8.3,3.9506928280070284,0,0,0
244,62.19,21,4,bills,7.5,0.41857981382265597,1,0,0
7419,3.37,16,1,transport,1.0,0.5672462367034199,0,0,0
8316,115.82,15,5,transport,0.4,1.372297834743944,3,0,0
2774,49.68,15,6,transport,1.1,5.584255858112572,2,0,0
7565,71.51,20,4,transport,31.6,0.8374917178324136,0,0,0
8042,73.36,20,4,bills,1.5,0.2568309518672891,0,0,0
1935,687.85,12,1,bills,17.2,1.2437459748279267,5,0,0
4353,21.16,23,1,food,4.9,2.8710700064915997,2,0,0
2673,1.49,15,3,bills,5.3,3.5565530625382236,0,0,0
2065,167.84,18,4,retail,1.9,3.58368935096813,4,1,0
8901,35.46,6,4,transport,20.0,3.503571562164974,2,0,0
1370,9.74,4,1,food,0.1,4.452783298352706,1,0,0
1528,319.35,12,3,retail,0.7,1.1537734037725562,3,0,0
9107,5.98,17,3,retail,1.0,0.7525882348512092,3,0,0
1516,98.33,12,5,retail,2.9,1.976547545466893,2,0,0
1019,142.96,15,3,entertainment,2.2,1.0212923949586796,1,1,0
4713,81.31,7,6,food,0.5,2.0362104826799072,1,0,0
5354,12.94,4,6,retail,5.6,0.4217049984453294,2,0,0
7605,111.65,17,3,transport,4.5,0.1935681689072841,6,0,0
1538,7.37,2,4,food,14.3,1.6355063049083092,1,0,0
3258,62.19,23,2,entertainment,8.7,4.723427966455047,4,0,0
8333,738.57,20,5,retail,2.7,2.423991357324532,1,0,0
9733,43.17,4,5,bills,12.2,0.6327336052960097,2,0,0
489,36.65,8,1,bills,6.8,2.9136421974016313,2,0,0
9,65.9,9,1,food,1.5,1.3964834265564812,2,0,0
4092,286.35,13,6,bills,6.0,0.5960908926707719,1,0,0
7686,904.02,9,0,bills,1.3,3.774947836547701,2,0,0
4157,117.66,19,6,bills,0.3,6.182182065259955,3,0,0
5043,4.59,6,5,bills,4.5,1.0513368482703418,2,0,0
4020,10.64,15,5,transport,7.5,0.7233291249899696,5,0,0
7504,17.04,20,4,retail,14.5,4.421671788462736,3,0,0
9205,183.4,15,6,food,1.3,1.3892359708692466,2,0,0
7703,355.65,21,0,retail,1.6,0.20952122952979346,2,0,0
3502,167.49,5,6,entertainment,2.9,1.9289252870253106,1,0,0
2880,7.85,21,6,entertainment,5.3,0.36365623239293277,1,0,0
5583,222.29,12,1,bills,11.1,0.20982774359397866,1,0,0
8113,434.23,0,1,bills,1.2,1.2784316564050475,1,0,0
9192,8.58,11,3,food,14.2,5.7601794954657795,4,0,0
5505,77.77,18,5,transport,4.7,18.933265334792797,2,0,0
6729,26.27,16,1,food,2.9,0.13296824122382447,2,0,0
7227,194.64,14,1,food,0.3,3.638874916170767,1,0,0
7378,122.01,16,4,food,3.1,1.7774309849661016,2,0,0
8368,304.53,23,1,transport,0.9,4.172552218451119,0,1,0
4397,3.66,11,5,bills,0.6,12.218010069601979,4,0,0
4647,26.88,12,0,entertainment,4.7,2.863777711774324,1,0,0
4222,139.34,16,2,food,3.4,0.5206697007039225,0,0,0
1533,26.16,18,3,food,0.4,1.9345561026248195,4,0,0
5547,82.31,20,2,retail,1.1,1.4551095769401685,3,0,0
1376,43.05,14,3,bills,3.1,1.7378251938212692,1,0,0
8885,725.84,19,6,transport,6.3,8.060791544590682,2,0,0
6225,46.12,0,0,bills,9.2,6.006054744360393,1,0,0
4099,33.46,6,1,food,1.7,3.149158843321449,5,0,0
7685,307.13,8,6,bills,3.0,1.405432955363267,1,0,0
1372,152.69,19,2,transport,8.7,2.5175636569614115,1,0,0
1207,6.37,20,4,transport,6.9,5.861700769218442,2,0,0
513,35.03,13,1,food,5.8,2.242816116198717,1,0,0
7050,47.32,10,6,transport,3.5,2.8044613211244234,2,0,0
5697,34.1,6,3,entertainment,0.5,0.07455045392010633,3,0,0
573,60.11,19,2,retail,0.9,0.9551619895648843,3,0,0
1198,47.83,11,0,food,3.4,0.31681291175455684,4,0,0
3469,7.26,6,0,food,10.7,0.41546576283645387,1,0,0
9144,25.18,18,1,food,17.9,3.9038941902330313,0,0,0
7392,54.89,6,6,entertainment,2.4,0.5480999930142958,0,1,0
5112,200.82,23,5,bills,1.2,6.531248049047176,1,0,0
6691,19.44,12,1,retail,7.3,2.3640893512070944,2,0,0
6181,7.9,13,3,food,2.4,2.014137812460244,3,0,0
5778,2.35,21,2,entertainment,2.4,4.74012556781956,1,0,0
6980,37.8,9,5,food,15.2,8.9103806666747,2,0,0
1189,106.92,19,3,food,8.8,6.766654824660645,4,0,0
3687,63.97,15,1,bills,0.6,0.4594885318817512,0,0,0
9106,126.75,14,5,transport,2.0,3.0922912057407608,1,0,0
3256,8.34,17,6,transport,0.6,1.6962212012827527,2,0,0
4494,59.2,21,6,entertainment,0.9,6.460689311978095,1,0,0
4544,31.17,18,2,entertainment,5.1,7.40298325832741,2,0,0
5385,55.82,9,5,entertainment,2.7,5.370712763113846,1,0,0
1096,139.68,14,1,transport,8.2,1.2037492192965014,1,0,0
2239,29.24,19,5,retail,8.7,2.7558372606328754,2,0,0
2622,25.98,13,1,transport,3.1,7.521056174332246,5,0,0
2980,584.89,17,6,transport,4.0,0.35886001859297645,3,0,0
6529,131.52,3,3,entertainment,1.6,4.46256769110644,3,0,0
9737,47.2,8,2,food,4.4,4.221686562658094,1,0,0
7730,39.87,13,2,transport,4.1,1.5975856722848425,4,0,0
9744,165.15,16,1,retail,0.5,1.0987134322981582,0,0,0
8315,565.98,6,6,bills,6.4,0.12311683173888564,2,0,0
7906,11.03,20,0,transport,0.8,5.935249523991168,2,0,0
7341,1901.66,17,2,transport,7.8,0.6533085227993762,3,1,0
6230,129.46,11,5,entertainment,3.0,1.0349031408658682,4,0,0
1657,138.45,13,3,food,13.0,1.3468205089283727,1,0,0
9836,45.51,1,2,bills,550.2,8.003405502401817,13,0,1
114,5.7,19,0,retail,1.5,0.6424946899815406,2,0,0
676,1.85,15,1,transport,6.4,13.318717117720393,1,0,0
4268,156.07,13,1,entertainment,1.4,4.159596889838766,4,0,0
6775,79.86,19,6,bills,0.5,2.3195518387809524,0,0,0
9490,71.1,10,5,entertainment,10.9,2.9208283835047055,2,0,0
5692,5.03,19,2,bills,0.0,5.368461364857669,2,1,0
3960,534.56,10,5,entertainment,3.3,5.144325763046244,3,0,0
8569,252.46,20,3,food,5.1,15.203459099490901,2,0,0
1235,17.34,10,5,transport,1.8,0.7035037080779376,1,0,0
9931,64.72,7,5,entertainment,312.3,6.800365006016017,6,0,1
589,77.37,12,4,retail,4.8,0.39103429174833837,1,0,0
9093,50.5,13,1,food,0.7,4.634376902208194,0,0,0
5378,428.46,15,2,food,4.9,0.16611841335366795,2,0,0
6541,129.53,20,0,transport,4.2,3.9717997778555554,1,0,0
3840,478.44,22,1,transport,7.9,0.9083598627988998,1,0,0
4953,56.4,21,3,bills,7.7,1.9223759538761713,1,0,0
6842,35.49,17,3,retail,0.3,0.17681943670510555,1,0,0
5090,169.14,13,3,retail,7.6,1.4773723217352643,1,0,0
7916,129.48,20,6,transport,3.1,0.7714050420811599,1,0,0
4995,28.08,19,6,entertainment,28.8,2.516289568082652,2,0,0
3860,43.05,20,1,food,0.2,0.04011499020241125,3,0,0
1950,27.98,21,4,entertainment,2.9,0.1221541790481542,2,0,0
6857,29.96,15,5,transport,1.1,0.540443104983819,1,1,0
8067,8.61,11,5,food,2.6,8.299541683296374,3,0,0
4399,1571.19,12,6,transport,4.6,12.82199171240627,0,0,0
1417,230.54,21,2,bills,1.1,7.586122669187299,4,1,0
1345,179.29,20,6,bills,14.1,3.0395619803056473,4,1,0
8221,46.31,20,5,food,6.0,0.39977567040984885,3,0,0
9727,277.0,2,1,retail,6.4,7.32198094728416,1,0,0
3885,1100.93,9,4,retail,3.4,0.6677193339465859,3,0,0
7637,66.15,17,6,bills,4.5,6.91876465442509,4,0,0
9239,170.09,18,4,food,3.4,3.7888128841078763,2,0,0
2762,129.65,20,0,entertainment,0.1,0.9100089478527496,0,0,0
6752,1.39,17,2,bills,2.4,0.04691214564240025,1,0,0
6659,185.1,12,1,bills,19.7,5.885722442337847,0,0,0
101,257.52,6,6,entertainment,2.7,5.3307901939174585,4,0,0
1859,46.18,11,1,bills,8.0,2.412152760316993,2,0,0
6580,138.27,10,6,entertainment,4.0,0.6716416915080762,5,0,0
5048,495.14,21,5,food,3.6,4.533437759184936,0,0,0
1649,132.99,11,6,entertainment,0.0,8.702478028828079,1,0,0
5375,7.58,10,3,entertainment,1.3,1.6522632465490208,2,0,0
6170,2814.61,23,3,entertainment,22.1,7.1050963706775825,4,0,0
4611,8.55,8,4,entertainment,3.4,3.9696609333397452,1,0,0
6296,328.19,8,1,food,8.4,1.2678441494280719,0,0,0
7660,754.3,19,2,transport,4.0,1.5989288250360738,0,0,0
4507,1177.63,21,6,transport,12.8,10.513115234757933,1,0,0
8150,101.31,14,1,entertainment,4.8,2.3706119060836652,2,0,0
8731,62.07,12,6,retail,16.4,0.15888827267263136,1,0,0
9426,182.09,6,1,food,0.1,0.7559109172823197,2,0,0
1140,804.81,18,4,retail,1.9,1.4559686740343039,4,0,0
3764,46.78,16,4,entertainment,4.0,10.826733700015907,4,0,0
248,50.72,9,5,retail,3.4,3.222386788856195,2,1,0
3943,6.72,18,4,food,2.3,3.3002644430462746,3,0,0
2785,26.94,1,3,entertainment,11.0,0.3765391259088343,3,0,0
4132,55.73,19,3,retail,2.3,1.4930814512258004,3,0,0
4668,31.99,12,4,retail,4.5,5.528455606018501,4,0,0
9819,8163.75,2,6,retail,220.1,4.416285389956287,6,1,1
8359,4.34,14,0,entertainment,6.5,1.1497167621754059,1,1,0
36,647.74,20,3,transport,2.4,0.16139302300121575,2,0,0
5275,225.43,7,1,entertainment,0.2,1.0486478487657775,3,0,0
8552,5.04,19,1,transport,7.6,2.6779350591598865,1,0,0
2621,58.85,15,1,food,7.4,1.5809599473184655,4,0,0
32,40.61,14,1,transport,2.8,0.11661893119379621,1,0,0
7170,508.78,21,3,food,4.0,0.34815052257204554,3,0,0
9440,41.07,12,6,food,3.2,1.5603707239298967,0,0,0
9703,21.9,14,4,bills,1.1,3.2359823070830576,1,0,0
5853,22.49,20,2,transport,0.1,0.3104612637544385,0,0,0
3394,18.33,11,6,retail,3.9,0.17880649664155515,3,0,0
641,983.51,22,3,retail,5.7,0.5434782144327837,2,0,0
8881,55.99,11,2,retail,2.2,4.8407359179466045,1,0,0
9080,150.32,19,5,entertainment,4.3,2.5564898703173906,4,0,0
5125,52.97,18,3,food,0.2,0.9500442253845227,3,0,0
7765,285.52,9,4,transport,0.6,1.5707967647830838,1,0,0
7994,36.87,22,6,retail,0.4,4.320596062521165,3,0,0
7068,12.14,5,3,food,0.4,0.9818279499785756,3,0,0
5129,11.43,19,1,entertainment,0.6,6.908275184337491,2,0,0
6294,20.14,18,3,retail,1.8,1.3650316689052964,1,0,0
6213,266.08,13,3,entertainment,10.5,0.34881033262035627,5,0,0
2003,5.44,15,5,food,7.3,2.7408326017136604,4,0,0
3890,61.42,11,6,retail,3.0,3.491628387539418,4,0,0
8508,18.66,15,4,transport,0.9,0.8012908204456495,3,0,0
9169,208.68,12,3,food,6.4,0.03348523366007988,1,0,0
7474,36.48,10,2,entertainment,3.5,4.335212264516369,2,0,0
4019,23.6,6,0,transport,5.3,2.430130134252716,0,0,0
2816,160.74,12,5,bills,1.8,0.40951258008010316,2,0,0
8578,23.2,17,6,food,2.1,0.05591516095989937,1,0,0
6655,112.62,6,1,entertainment,3.1,3.2365711064511684,1,1,0
7223,124.54,1,5,bills,0.6,0.5360136072966861,5,0,0
1369,19.93,13,0,food,1.6,3.350404016116714,2,0,0
131,273.77,16,3,transport,2.5,10.319914784926333,0,0,0
5358,45.07,9,2,transport,6.8,2.431825206875336,0,0,0
8614,17.19,9,5,retail,1.5,0.5812364555031422,2,0,0
6291,11.4,19,4,transport,0.4,2.3998846686945874,3,0,0
9472,4.12,20,4,food,0.0,3.212479837165752,5,0,0
9768,55.47,10,5,entertainment,8.0,1.384221097010153,2,0,0
6786,90.21,21,5,entertainment,0.9,1.7908172532497455,1,0,0
7929,76.5,1,6,bills,2.3,1.6506074502263224,0,0,0
2329,32.97,9,4,bills,1.8,13.243466092543166,3,0,0
4239,16.91,13,1,bills,0.6,13.307513257433879,1,0,0
1532,40.57,16,5,retail,2.8,1.3167812778036332,1,0,0
7736,40.34,13,3,entertainment,6.5,0.08386882435225274,2,0,0
2676,110.96,0,4,retail,8.5,3.418852560445279,3,0,0
4859,253.34,18,1,retail,3.6,3.412771893948954,2,0,0
5394,72.65,10,3,food,4.4,0.9472107866072155,1,0,0
3135,1029.26,17,1,bills,6.2,4.16415216512779,1,0,0
8260,96.49,8,1,bills,5.3,5.9212941788862565,0,0,0
6563,4.5,14,1,transport,2.8,2.2692444157964884,3,0,0
8417,144.05,16,6,food,0.2,3.837962636177675,2,0,0
3781,12.25,15,2,food,0.3,1.4286023739045273,4,0,0
2328,34.24,9,4,transport,0.0,3.2733913276775963,3,0,0
116,79.78,21,2,bills,6.4,2.8903769323167383,1,0,0
95,351.1,21,6,entertainment,7.4,1.9451996501050517,3,0,0
5973,1534.67,21,5,transport,0.1,0.26347294156634266,3,0,0
5990,22.11,16,5,retail,4.8,0.01583190538919882,0,0,0
5644,10.97,17,4,bills,3.4,0.7035811655770736,2,0,0
764,100.23,10,2,food,0.7,0.03580212493159298,7,0,0
522,129.44,19,4,entertainment,3.6,0.11616362887920437,3,0,0
6836,35.81,17,6,retail,7.1,6.827887328274732,1,0,0
7199,295.97,12,3,retail,20.2,1.4781929639372815,0,0,0
576,49.24,8,5,entertainment,2.2,4.393229218809415,5,0,0
8407,831.23,17,0,retail,0.9,9.71686954672911,3,0,0
4996,10.27,8,3,bills,7.1,1.5751202589560245,2,0,0
8342,607.39,9,0,food,4.4,5.002364770138453,2,0,0
1049,321.24,17,0,food,4.5,4.801791289138993,0,0,0
8673,111.7,16,4,retail,1.2,1.3912944460944618,3,0,0
9911,325.75,3,3,bills,84.6,16.190992913906047,6,0,1
363,296.6,23,3,transport,0.9,7.323848726628198,3,0,0
5136,15.33,19,6,entertainment,0.3,4.666147771236264,1,0,0
9770,176.38,11,6,food,4.8,1.1120275372295816,1,0,0
9596,2.71,13,2,entertainment,2.8,1.3992009982645583,3,0,0
1731,311.63,5,5,food,3.0,1.108398807672704,2,0,0
5241,121.77,6,6,entertainment,2.1,2.250197005999998,2,0,0
4396,71.36,21,2,retail,8.0,0.45457485349561355,2,0,0
8167,24.06,9,3,food,2.4,3.2025172450099832,2,0,0
8309,42.73,7,3,retail,2.4,6.781107322022125,1,0,0
7373,39.17,11,0,food,4.2,0.41437123911221463,2,0,0
6394,243.24,10,1,retail,1.3,0.19750311977175422,4,0,0
8732,37.78,20,4,retail,0.5,1.8428830401826317,3,0,0
4082,9.54,19,0,transport,2.7,0.4211597087059679,2,0,0
3754,239.64,21,1,retail,0.3,0.09591847875988915,2,0,0
28,18.66,14,1,transport,9.0,0.2637361501159625,4,0,0
2805,10.75,14,3,bills,2.8,3.1286060886257467,0,0,0
6271,13.37,14,2,transport,7.0,1.8446207878262864,5,0,0
7497,488.69,13,3,transport,0.1,0.7442831031691933,2,0,0
3672,165.26,12,6,entertainment,1.8,0.41902371539393846,1,0,0
2186,39.53,20,4,entertainment,3.2,1.2284119852576505,1,0,0
2593,3.86,16,3,food,16.8,3.5456254113191106,1,0,0
1801,39.95,7,0,transport,7.8,7.693462347840369,1,1,0
4140,31.11,9,5,transport,4.6,1.2310284407501064,5,0,0
3642,508.26,10,2,bills,1.4,0.8959038116063391,3,0,0
8742,24.78,12,2,food,7.1,12.802810042625058,4,0,0
1824,159.36,15,1,bills,4.7,4.494876473970152,1,1,0
5118,41.17,18,1,transport,2.2,4.256153462610871,2,0,0
6943,210.21,9,2,transport,0.3,2.301219777959722,3,0,0
377,987.46,9,4,transport,13.5,3.178402617917273,2,0,0
317,370.18,14,4,entertainment,14.9,0.44667377418469867,1,0,0
681,1909.82,6,5,retail,15.1,4.214990561320759,2,0,0
9387,635.5,16,4,entertainment,5.3,3.903939582475557,1,1,0
3866,15.74,12,3,entertainment,9.0,0.0659942811070244,5,0,0
2922,24.77,9,0,bills,0.7,4.743762449928736,0,0,0
6451,260.27,17,1,transport,21.5,3.497797024833043,5,0,0
1970,33.42,22,1,retail,0.5,1.693340618396975,1,0,0
9983,431.39,3,1,bills,206.1,16.6284925892419,12,1,1
4938,766.45,12,0,retail,3.4,0.2214863219226385,1,0,0
182,6.19,13,0,entertainment,1.5,2.6907558044165185,3,0,0
2066,1049.98,21,5,retail,1.5,0.12251399001347973,2,0,0
7815,18.51,10,3,food,7.2,0.599595223929352,2,0,0
4880,174.29,15,5,entertainment,9.7,4.019609718385421,1,0,0
6064,84.6,13,3,transport,1.1,0.5438441231986968,3,0,0
2531,94.72,19,6,entertainment,10.1,0.23989047912836414,1,0,0
7728,23.79,13,2,entertainment,1.2,5.172705353373928,1,0,0
4331,10.05,2,5,transport,3.1,8.410866390278311,2,0,0
1999,30.33,4,0,bills,8.8,3.286434564190021,2,0,0
210,33.37,12,3,food,1.6,7.403683192390053,5,0,0
8690,85.69,19,6,food,10.5,1.1839829948408906,2,0,0
7964,0.68,12,2,transport,2.6,2.253213436715363,2,0,0
3700,38.22,12,3,food,2.1,7.628954830577763,2,0,0
3796,66.72,9,6,entertainment,8.1,9.347142181273423,4,0,0
705,33.48,19,6,entertainment,20.4,0.8757032974356134,2,0,0
2481,62.37,23,4,retail,0.4,2.4059845138036646,1,0,0
3501,35.92,20,4,food,0.9,0.2927905583093855,1,0,0
868,3.4,12,6,retail,15.3,3.0207560973253376,0,0,0
3081,7.18,10,2,bills,6.3,1.134296689087573,3,0,0
5953,6.48,13,1,food,5.2,2.263203450874374,1,0,0
1753,21.62,18,1,bills,9.3,7.896125626963444,0,0,0
9242,108.18,21,0,food,6.2,0.4450483488062552,3,0,0
7895,19.51,9,3,transport,0.2,2.76809639824803,1,0,0
6139,28.29,20,6,entertainment,3.2,1.499860388975932,1,0,0
6127,14.08,14,6,bills,1.6,4.558432118369197,1,0,0
4748,25.84,10,5,entertainment,3.7,2.5559267534144623,2,0,0
1607,65.91,5,0,food,1.6,2.824502081886542,3,0,0
1194,226.81,13,2,entertainment,1.1,6.0311932155578045,2,0,0
668,99.89,14,1,entertainment,0.2,3.387533610346688,2,0,0
6547,5.39,11,4,bills,9.2,0.6845107301677791,1,0,0
2919,53.68,22,5,retail,2.5,2.5300880025941894,3,0,0
3981,60.06,19,3,bills,1.6,6.383343980678893,1,0,0
774,32.69,21,1,transport,9.3,2.880597308195127,7,0,0
4159,45.06,18,0,bills,2.6,7.831960365010941,1,0,0
696,31.08,10,4,entertainment,0.7,2.1406282977903657,4,0,0
7265,36.17,20,2,transport,3.5,3.8858921267930544,0,0,0
1881,27.44,19,4,entertainment,4.9,2.7638929913079053,3,0,0
2114,63.63,13,6,bills,3.1,0.4526077921019606,2,0,0
7926,188.98,9,4,food,0.0,0.526216724710195,2,0,0
6817,67.53,16,5,retail,8.0,3.7816869880100628,0,0,0
7183,507.3,9,0,retail,0.8,1.7003099459324038,2,0,0
8558,36.29,15,4,food,2.8,4.887206270697228,1,0,0
3214,17.59,11,4,retail,3.3,3.6645860208883763,3,0,0
8848,44.92,11,4,retail,5.8,7.147108774970832,3,0,0
4128,3571.2,11,0,transport,9.1,1.5149457143464773,3,0,0
9969,11.99,21,2,entertainment,696.3,129.52970047183717,7,0,1
1605,16.45,8,4,food,0.5,1.9744582613172734,1,0,0
5279,48.66,19,2,transport,0.5,2.6984483225658957,1,0,0
7229,186.94,16,4,food,5.7,6.1411966365733655,4,0,0
1782,29.28,20,1,retail,2.4,1.2971082597903725,1,0,0
1146,8.36,7,0,transport,6.3,5.767708396715077,6,1,0
6911,53.07,6,2,transport,1.2,0.01635187574412317,3,0,0
1046,188.67,9,2,entertainment,5.0,2.84808790980904,1,0,0
7879,216.09,10,3,food,1.5,6.795629239040392,1,0,0
2760,73.72,13,4,bills,0.2,0.227959720468603,1,0,0
9783,8.4,18,6,transport,0.2,3.403315400700361,1,0,0
10,68.88,12,2,entertainment,14.7,0.5515470592164744,0,0,0
7213,44.93,8,3,retail,4.6,0.13384762035133863,1,0,0
6607,42.52,11,2,retail,0.4,1.5729487443892436,2,0,0
3221,46.41,19,6,transport,5.1,6.115192397535839,3,0,0
393,45.32,9,3,bills,0.2,1.2027572992643802,2,0,0
3548,35.51,10,3,food,1.4,0.23775119311349158,2,0,0
8893,469.22,18,5,retail,5.0,0.033050552501172836,0,0,0
7540,165.67,0,0,transport,6.9,0.5945289096915087,4,0,0
4185,77.66,12,5,food,0.1,6.071174219852713,2,0,0
1572,50.31,21,0,entertainment,0.6,1.0897504030184963,2,0,0
8652,205.97,2,4,entertainment,4.5,0.7497135161532136,2,0,0
2333,25.08,11,4,entertainment,2.1,2.153975576339428,1,0,0
180,245.45,14,2,food,4.6,0.6857473054763301,2,0,0
6960,9.63,11,6,bills,4.6,0.6047421033827767,1,0,0
499,37.47,16,2,bills,2.4,9.626013100731939,2,0,0
7760,23.34,17,2,food,2.2,2.9887075789834396,2,0,0
1405,36.41,13,1,transport,4.3,2.2987063147339963,1,0,0
3647,1457.23,21,0,entertainment,4.3,5.511486137717434,2,0,0
9110,95.01,6,6,food,1.6,0.40808653956886015,1,0,0
2387,133.17,23,6,transport,8.1,3.5039738692842777,0,0,0
3430,296.68,14,2,transport,2.9,1.5695226294744509,1,0,0
6169,48.93,14,0,transport,0.8,12.677180928068314,2,0,0
2581,67.17,20,4,bills,1.7,2.3866856891055828,2,0,0
285,73.06,4,5,transport,9.1,4.196101388486101,2,0,0
9562,291.54,22,0,bills,3.6,0.7938296569249264,2,0,0
8478,49.72,20,1,bills,5.5,7.466784267601758,3,0,0
233,175.51,19,2,bills,0.8,1.4870480793202194,2,0,0
7793,16.96,7,4,retail,1.6,6.6245889660478126,0,0,0
2226,86.03,12,1,entertainment,2.6,6.921427343610688,2,0,0
970,6.41,17,0,food,7.0,2.2183055600009034,1,0,0
2754,56.36,11,6,bills,5.0,3.5507195364557793,4,0,0
8811,4804.51,18,5,entertainment,2.9,2.8189461731046923,2,0,0
3384,13.23,21,3,food,2.5,0.05085205910203948,2,0,0
5759,49.17,11,3,bills,1.8,6.434491050292218,3,0,0
4026,82.68,11,1,transport,2.2,0.45622123082449284,1,0,0
5212,48.22,21,5,retail,4.5,5.941737839142487,1,0,0
5527,58.26,21,4,transport,11.7,0.5483997889535613,1,0,0
4162,49.14,23,2,food,4.6,0.1872020292701188,0,0,0
5504,95.99,18,3,food,3.8,5.677600819905413,1,0,0
3899,57.51,2,1,retail,2.2,6.7073659038186,1,0,0
295,19.73,20,0,food,2.1,4.983433715630448,3,0,0
7958,53.93,6,6,food,6.2,8.303954431033628,2,0,0
8090,23.2,21,4,transport,2.1,1.5828993056484064,1,1,0
5716,49.31,18,1,food,13.1,5.804786736316243,2,0,0
1858,26.29,19,6,food,4.3,5.073588813747519,3,0,0
7903,18.83,21,6,retail,7.3,36.39248154244198,1,0,0
8577,25.94,12,4,food,0.7,5.63893477808832,2,0,0
3251,3870.52,18,4,entertainment,22.1,0.020843564410182817,2,0,0
8600,24.79,6,1,retail,4.3,8.725748468120834,5,0,0
4081,20.98,12,2,bills,9.9,2.032705810298196,2,0,0
880,183.84,18,1,bills,10.9,2.6800236573207434,3,0,0
2204,37.44,13,5,entertainment,3.1,6.425761724050257,3,0,0
1566,11.13,10,1,retail,7.0,5.243870942561321,3,0,0
4233,30.96,17,2,retail,28.0,0.38125832748492805,3,0,0
2193,429.91,15,0,bills,2.3,0.1816510516926509,2,0,0
4373,1799.82,20,1,retail,0.5,3.763626752268994,3,0,0
3869,383.28,16,5,bills,0.9,0.41639786528136746,1,0,0
3102,75.57,19,1,retail,5.3,0.1765978480000842,2,0,0
9804,1110.88,20,6,entertainment,941.6,36.774935795300706,8,1,1
9478,2253.61,20,6,retail,8.3,2.2213363707670117,1,0,0
1168,285.03,16,3,entertainment,2.7,5.243075157966216,0,0,0
8799,6.08,10,4,bills,19.4,2.262649171771552,3,0,0
2761,39.62,7,5,bills,7.2,0.1557965904700586,1,0,0
3069,1.73,7,5,retail,11.4,3.0844033509141866,2,0,0
2006,90.45,8,3,food,2.7,0.567443220897239,2,0,0
6783,47.39,9,1,food,3.3,5.199870748196938,0,0,0
6180,64.13,12,5,transport,3.1,11.994989635318218,1,0,0
2306,34.07,23,6,food,8.6,3.1796621637388394,1,0,0
7174,211.74,20,6,retail,5.2,3.042028711455843,2,0,0
3348,73.43,6,2,transport,1.8,4.228784674323352,2,0,0
8835,204.55,7,0,retail,5.1,3.8195366788779017,4,0,0
3759,95.61,19,0,food,3.6,1.318653861892245,1,0,0
8905,10.29,18,4,entertainment,2.2,3.0703553625066786,1,0,0
8487,565.5,10,4,transport,0.6,1.7136050617691865,5,0,0
4180,19.99,19,4,food,23.4,3.0482245504474594,1,0,0
583,26.95,23,3,transport,0.5,4.0198947215443575,5,0,0
2225,354.83,2,5,food,4.0,0.8253671397004199,4,0,0
2692,273.91,18,4,food,0.7,2.4387145837537765,1,0,0
1291,283.59,17,1,transport,0.1,0.28124451711640774,3,0,0
3683,142.35,22,3,retail,5.6,2.378337362281927,5,0,0
3131,37.5,10,4,transport,1.6,6.711084455038108,1,0,0
1435,410.59,8,4,food,1.1,1.548699373734586,1,0,0
1810,69.85,10,5,transport,3.3,10.329904366617166,1,0,0
4936,84.4,4,4,transport,4.2,22.30389506316774,2,0,0
8239,37.33,11,5,entertainment,1.5,3.6515246539026798,1,0,0
3104,303.16,10,5,transport,1.1,4.530637007314366,2,0,0
5434,15.03,9,4,retail,7.7,1.299152347187464,3,0,0
5407,150.67,9,6,retail,1.6,2.0460168366434757,2,0,0
5919,1.39,12,5,retail,4.7,0.6321493260389219,3,0,0
3799,45.54,13,6,retail,3.7,1.517108371401943,2,0,0
9954,20.38,1,0,entertainment,17.4,10.313601138910437,9,0,1
8226,95.62,12,5,transport,0.3,2.3279789271936475,1,0,0
1644,23.88,10,0,retail,0.8,2.187455711842452,1,0,0
4984,93.68,15,3,food,2.5,0.662539820334372,2,0,0
4696,111.63,4,0,transport,4.3,2.0295029221564937,3,0,0
505,65.24,9,4,transport,11.4,0.7446345921616616,0,0,0
5969,53.94,1,5,bills,11.0,16.98170677165269,1,0,0
105,1159.39,10,1,retail,8.5,0.6966798174720751,4,0,0
4386,7.99,15,0,bills,1.0,1.6138270863469244,3,0,0
9480,7.52,14,3,transport,4.4,8.863746180931834,2,0,0
6101,33.02,13,3,entertainment,2.2,3.2519944801163967,0,0,0
9845,64.97,4,2,retail,918.4,43.620663209685645,13,1,1
9738,114.72,7,0,entertainment,8.7,0.41483412598156366,0,0,0
6319,336.65,18,4,bills,0.6,2.7580392660407695,7,0,0
2768,140.63,7,0,bills,8.2,6.94732973174788,0,0,0
1869,465.3,21,0,food,0.2,2.6760176897033343,2,0,0
2555,50.83,7,1,bills,4.6,4.489536322245517,2,0,0
5779,199.53,20,3,retail,4.6,1.5962708633024754,4,0,0
9535,1428.4,21,5,food,4.2,0.4326318427782574,2,0,0
3569,32.17,19,5,food,10.8,3.6308581388317283,1,0,0
2825,251.63,15,2,retail,8.0,1.7787750512722513,1,0,0
8199,85.42,21,5,transport,8.9,4.474922408603591,2,0,0
2478,284.54,9,4,bills,14.5,6.370925226431488,0,0,0
3506,183.37,18,2,retail,7.3,1.1112806523346475,5,0,0
8570,5.37,10,1,bills,0.6,4.417251905001795,4,0,0
3186,7.98,12,1,bills,13.6,1.8460020286421062,1,0,0
1636,108.17,11,0,transport,0.2,1.6228680967877245,5,0,0
7909,190.04,0,1,retail,2.9,1.897026219305934,4,0,0
2772,617.7,20,4,bills,8.7,0.28761491389626404,2,0,0
2072,4.1,15,0,retail,4.3,0.468166671191747,5,0,0
6287,360.8,13,5,retail,3.2,0.8542195199633512,2,0,0
5855,79.4,7,5,bills,5.6,1.2102568959687718,1,0,0
3284,51.72,8,2,bills,3.6,2.0333780782539166,2,0,0
4057,44.96,9,4,retail,1.9,2.2261239436751206,1,0,0
6051,225.18,19,3,bills,4.2,1.1014147658731956,0,0,0
8144,205.42,15,2,entertainment,14.0,4.626234722322016,0,0,0
1653,21.25,23,5,food,11.3,1.5704153120768485,2,0,0
9045,9.6,11,5,transport,0.2,1.0401882361943207,5,0,0
9237,16.91,5,6,food,2.1,0.20772252027644472,1,0,0
5186,66.22,14,5,retail,10.3,3.0744226871954643,4,0,0
3282,54.21,12,2,food,0.5,0.22573592515455426,3,0,0
7390,192.94,21,0,transport,4.6,2.203046242755041,3,0,0
5928,11.85,5,3,retail,4.8,0.04473932902213462,1,0,0
20,326.52,14,3,transport,3.9,2.767300775701072,1,0,0
4116,7.3,18,1,retail,2.6,9.038695617475042,3,0,0
7112,84.88,20,5,food,8.3,6.390870398806097,1,0,0
69,670.42,23,2,bills,2.1,1.0246167420761974,1,0,0
9036,138.31,19,2,retail,1.4,4.297132772541304,2,0,0
1871,44.39,23,5,entertainment,2.9,2.063713289195109,0,0,0
9216,90.59,9,3,transport,4.3,0.7296358063700054,5,0,0
3778,18.97,10,0,transport,2.4,2.9888167700716566,1,0,0
6068,60.15,23,3,transport,18.7,0.9573230360354359,3,0,0
7775,55.21,12,1,retail,1.8,5.026884811470884,1,0,0
216,250.79,16,2,transport,6.2,6.711516539720936,0,0,0
9011,8.86,17,4,bills,3.3,5.749425700466487,3,0,0
1106,158.39,12,4,retail,4.7,0.4675160920609629,0,0,0
4593,303.54,9,1,transport,1.1,4.583368393468245,2,0,0
4566,325.88,21,1,food,5.2,1.4039244655513579,1,0,0
5600,41.96,14,0,bills,2.4,1.4780268657405913,1,0,0
9475,1060.77,21,0,transport,4.4,0.16956057474757028,4,0,0
1917,12.31,4,4,entertainment,2.3,0.14333138292511724,1,0,0
1119,56.16,6,5,retail,42.4,5.169370369952504,3,0,0
4838,31.67,14,4,food,4.9,0.18674874263912725,3,0,0
2720,957.02,16,3,retail,2.3,4.595742706868351,5,0,0
7489,58.66,0,6,transport,3.1,0.4278792648790401,2,0,0
6,108.37,17,4,retail,1.4,0.17651841976036697,1,1,0
8361,660.79,17,1,retail,1.0,0.5083332753376723,6,0,0
9518,428.05,21,0,bills,4.0,0.6001678529374455,2,0,0
91,914.03,13,1,transport,2.0,4.166216358880766,3,1,0
7794,98.07,7,6,transport,7.3,1.8425921105007945,3,0,0
6822,11.76,7,1,food,2.1,1.9344244151659864,1,0,0
8882,25.18,16,3,entertainment,5.2,1.3253844689152976,2,0,0
2133,34.48,13,1,transport,0.9,2.5950410957399495,0,0,0
6863,438.8,22,5,retail,4.3,4.408142178859594,2,0,0
9765,27.19,18,1,retail,8.3,0.8317522591313988,3,0,0
4600,180.27,7,1,transport,8.4,0.13228447408409902,1,0,0
5608,126.3,11,3,bills,3.3,0.4301882848474512,2,0,0
496,147.58,17,2,bills,4.2,1.6238529104416204,3,1,0
9190,124.95,21,1,transport,6.5,3.383585306252038,3,0,0
2381,3.93,9,1,bills,1.2,5.17775313335019,1,1,0
3965,644.12,6,6,entertainment,2.7,0.7221896301230417,1,0,0
8843,14.77,14,5,retail,13.5,2.392858536216135,1,1,0
3649,20.78,9,5,retail,5.7,0.7143900129381182,0,0,0
1674,10.21,18,2,food,11.6,0.900293702601529,1,0,0
4264,50.47,18,0,retail,6.8,2.712468934309925,6,0,0
9584,509.7,20,0,transport,0.3,5.0572823870966515,1,0,0
867,69.82,20,2,bills,2.1,1.4613471203102777,1,0,0
1778,23.8,17,3,bills,1.8,1.2905555472188743,2,1,0
8630,182.06,20,6,entertainment,11.9,0.12919277038200802,2,0,0
7963,138.87,21,6,retail,2.0,10.993491735008211,6,0,0
4361,29.16,21,2,entertainment,1.0,6.6045795409041865,0,0,0
2725,13.77,12,1,retail,3.5,5.317037829119013,2,0,0
5637,49.32,14,6,transport,0.3,3.5473090937360334,4,0,0
6902,35.4,16,3,food,7.2,5.080586658429353,1,0,0
2526,107.73,13,5,entertainment,4.8,2.4330460261467204,2,0,0
1488,28.45,11,2,retail,4.2,2.403509267796759,1,0,0
6268,14.76,19,0,bills,7.6,3.771082603656402,3,0,0
746,67.85,11,2,entertainment,0.7,6.737931957015581,5,1,0
9462,194.89,22,0,retail,2.7,11.72702303456419,2,0,0
2635,140.61,16,0,food,0.5,0.35851341254353114,5,0,0
9085,181.41,14,3,entertainment,5.5,5.3284852935123945,5,0,0
9070,7.59,10,5,entertainment,4.3,0.8739168366773477,2,0,0
783,228.08,14,2,food,1.4,0.5354537446107599,4,0,0
2286,28.21,15,1,retail,7.0,4.986218783330209,4,0,0
5665,272.6,15,1,retail,1.8,6.294520453646108,3,0,0
8750,69.34,15,4,retail,4.0,3.4703515753496452,2,0,0
62,17.14,2,6,food,1.9,2.0779492632889913,3,0,0
7002,9.8,13,5,retail,8.0,0.9323794317928767,0,0,0
9120,9.48,18,3,retail,4.6,3.8925190884367202,1,0,0
3763,136.43,3,5,food,2.6,2.3493348433380192,3,0,0
4814,6.78,3,0,food,0.8,1.5807963776357474,3,0,0
3220,312.73,9,0,bills,1.4,0.636635466563692,1,0,0
8093,31.76,9,5,entertainment,6.6,2.0778890103597556,1,0,0
4323,63.6,21,0,entertainment,0.4,2.2989276717891,3,0,0
3288,32.46,16,5,bills,2.1,9.439813989967243,1,0,0
2127,26.52,9,3,retail,8.0,5.036006895387028,2,0,0
1772,776.1,20,3,food,3.9,5.3437553658441175,2,0,0
1153,38.58,19,6,food,9.0,2.273988868906867,4,0,0
999,10.27,10,1,bills,4.1,2.706461022129841,1,0,0
2968,89.06,12,6,transport,4.4,0.6987531919015147,2,0,0
4893,48.14,18,4,entertainment,1.0,0.0838537917463173,2,0,0
8874,180.36,18,3,entertainment,3.6,2.284037180360409,2,0,0
3199,17.86,18,1,retail,6.0,2.553404585056404,3,0,0
7018,300.34,21,0,retail,3.0,1.732871634882337,2,0,0
4480,34.01,9,1,retail,1.1,2.536330985909431,1,0,0
6351,61.01,11,1,transport,4.2,1.4930070304557594,3,0,0
715,89.93,8,1,transport,3.1,10.060981715270673,2,0,0
5888,299.38,7,2,transport,3.7,7.9511338544460335,1,0,0
2519,74.02,11,1,food,1.5,2.699565487254513,0,0,0
9542,156.39,6,1,entertainment,7.7,4.25867304347287,2,0,0
7683,546.06,19,0,entertainment,1.2,3.4472454153496663,1,1,0
539,77.02,14,5,transport,2.8,0.8606417552827659,1,0,0
6586,29.02,17,4,entertainment,9.4,1.2446910818415333,1,0,0
5089,3.17,15,6,entertainment,2.1,2.0831858137099557,2,0,0
1985,23.08,13,4,transport,11.3,0.7701519018475844,0,0,0
1438,2878.8,15,3,entertainment,2.4,0.3371792331722876,4,0,0
9256,1219.18,9,0,entertainment,7.6,1.2633616482064955,3,0,0
6504,14.6,16,1,entertainment,0.2,5.566328726926441,3,0,0
5861,138.84,18,3,retail,3.5,3.4993252344285137,2,0,0
8358,26.46,1,6,retail,0.0,4.828025652784659,3,0,0
3293,446.97,14,3,food,1.6,3.349373094297714,3,0,0
4389,11.86,13,1,transport,11.7,2.913678063972546,1,0,0
5662,54.38,19,6,entertainment,0.3,1.0779237095861032,1,0,0
7608,20.62,6,4,food,4.6,5.035304379476811,3,0,0
2599,87.09,15,4,transport,1.6,2.787703305786379,2,0,0
784,12.82,21,2,retail,6.3,2.4922860875100508,1,0,0
8166,124.71,5,3,transport,2.3,0.8573060622235538,3,0,0
6131,470.78,8,2,bills,6.7,5.26967708047792,2,0,0
7913,1945.13,4,3,transport,3.3,3.267402139564844,2,0,0
2938,18.15,15,6,bills,2.1,2.054086601591285,2,0,0
9617,96.48,21,5,bills,11.5,0.0845407350270539,1,0,0
3363,10.26,10,5,entertainment,2.9,3.1455301446079966,3,1,0
8406,3.12,22,6,bills,2.6,6.50456496650438,1,0,0
1716,42.86,3,6,food,6.6,2.338867540994248,3,0,0
1111,264.06,11,3,food,3.0,0.818737140161675,4,0,0
958,25.19,18,2,entertainment,6.1,2.6802921748764597,1,0,0
5618,139.04,23,4,retail,1.6,0.6027890498473955,5,0,0
8246,9.63,17,0,bills,5.8,5.0745509411970255,0,0,0
7837,37.21,14,1,retail,6.0,0.37008695388662904,3,0,0
4453,3.35,19,6,entertainment,3.3,0.36066623169089096,2,0,0
9005,10.14,7,6,food,1.4,1.3547679928835663,0,0,0
9134,26.83,16,2,retail,0.3,6.8281464183694895,2,1,0
9359,50.81,13,6,food,3.2,1.3829331639065912,2,0,0
8594,38.25,16,3,transport,6.1,10.28410482413323,1,0,0
8313,124.38,10,1,bills,3.1,3.193410286552192,2,0,0
4236,869.74,10,2,entertainment,14.2,1.5924347838771657,1,0,0
2551,19.77,10,0,entertainment,2.5,1.1979876267056806,1,0,0
8804,340.03,21,5,entertainment,3.9,3.430446115109678,0,0,0
2865,25.5,13,0,bills,14.9,3.5063453210556776,1,0,0
7374,68.66,18,5,transport,3.5,18.15323362073122,2,0,0
6279,184.39,15,2,retail,16.5,1.426564455404956,1,0,0
5274,67.29,13,0,entertainment,3.3,1.4414401954479137,0,0,0
253,1.97,10,4,retail,9.9,1.5498745647301815,1,0,0
6206,120.87,11,3,food,8.4,10.553445150749308,0,0,0
3152,63.14,8,3,transport,4.8,7.045700088815613,1,0,0
1258,27.16,9,5,food,6.3,2.8458091761861626,0,0,0
4208,1743.22,7,2,retail,4.1,6.122910394474021,3,0,0
922,230.79,14,5,transport,21.8,0.8270623167494642,1,0,0
4337,87.08,15,3,transport,0.2,6.956142137312289,1,0,0
8021,22.3,17,2,bills,5.3,0.4474639003798456,2,0,0
6185,15.04,14,1,transport,2.4,0.5720814695487089,3,0,0
1389,67.74,14,0,food,7.5,2.400172682891574,4,0,0
6614,1104.34,15,6,entertainment,2.4,0.21914038562891386,2,1,0
1703,21.49,4,5,food,2.4,0.30330574914493796,3,0,0
6134,16.91,6,0,food,2.0,0.2186782825667718,2,0,0
3087,5.22,14,0,food,5.9,0.7742188400722112,0,0,0
8581,9.46,18,6,entertainment,1.3,2.134116056605547,1,0,0
8278,63.3,10,1,transport,0.9,3.6424384459580423,3,0,0
4339,78.26,11,0,retail,14.4,3.4686981127087178,1,0,0
71,191.07,19,6,retail,2.9,0.3738073036848343,1,0,0
4542,88.71,7,1,transport,8.8,0.12384371389286525,2,0,0
7292,294.94,12,3,food,2.3,5.322427419660645,2,0,0
9431,2.17,10,6,transport,5.6,3.5059949904011063,1,0,0
2535,307.78,13,3,bills,2.1,2.00275477464564,6,0,0
5929,344.09,20,0,bills,7.7,1.9096240831234403,3,0,0
529,55.06,16,0,entertainment,0.1,0.5933913650882118,2,0,0
6574,108.05,9,5,transport,2.1,1.1605616745149767,3,0,0
8806,18.61,8,3,food,5.3,2.1862680037130806,2,0,0
4123,22.06,11,2,food,5.5,5.324511119172966,2,0,0
7464,6.36,0,1,bills,2.6,4.218643359881922,2,0,0
9746,1.66,9,4,bills,4.3,3.3700065955168323,0,0,0
5430,261.59,13,4,retail,1.1,7.382110880449488,1,0,0
3404,23.75,23,0,food,3.9,3.055955987966886,4,0,0
8767,64.33,18,2,retail,2.6,2.728321756858302,1,0,0
263,5.62,19,3,bills,13.7,0.5213660985112885,2,0,0
3680,26.81,15,0,transport,8.3,3.3148365930184727,1,0,0
8228,77.11,22,2,bills,5.4,5.532665625032463,1,0,0
2600,27.77,7,3,food,2.5,6.080895780658039,0,0,0
3793,15.29,1,3,food,5.1,1.9929495910465316,2,0,0
2766,163.58,8,5,transport,8.6,1.2650064378315709,1,0,0
5905,12.46,13,1,transport,7.0,3.0600076115150987,2,0,0
341,13.93,0,6,transport,3.4,2.2231006591288547,0,0,0
5890,359.73,14,3,retail,1.8,0.8004616070259385,2,0,0
3359,28.34,7,4,food,5.3,2.7187819819934758,2,0,0
8996,22.41,8,1,bills,19.5,8.641075459949377,4,0,0
9934,3706.29,4,0,food,15.2,26.414847236990664,8,0,1
2294,649.35,12,2,retail,0.8,4.803213777982398,2,0,0
3478,151.76,19,1,bills,0.0,3.5769968459311707,0,0,0
7249,494.6,17,0,bills,0.4,2.857620926162754,1,1,0
8035,11.26,13,0,transport,2.9,4.249215103897554,2,0,0
5912,149.19,19,4,transport,0.3,2.3097630816000665,1,0,0
4983,76.88,17,2,retail,1.8,6.581989593622172,1,0,0
2695,18.94,16,4,retail,6.5,7.9188223319531685,2,0,0
6931,80.72,13,4,transport,4.8,1.0757247968064578,1,0,0
5454,38.78,2,5,bills,11.8,1.286857470730067,1,0,0
1816,124.57,17,6,transport,8.1,1.4814508882891264,2,0,0
2206,9.68,10,6,bills,2.2,0.6293696442662389,1,0,0
6658,82.62,10,6,bills,18.9,2.224829156165921,2,0,0
8989,0.33,14,6,transport,3.7,5.296228725388261,2,0,0
9707,13.58,7,0,entertainment,3.9,0.2631410967420164,1,0,0
3733,78.26,20,4,retail,1.0,0.031123659207596112,0,0,0
2152,27.67,10,5,food,7.0,2.5068613554567865,3,0,0
6781,76.43,14,1,retail,5.1,1.9473865931260417,1,0,0
4911,26.12,19,3,retail,1.0,5.392397223355431,3,0,0
8396,0.3,8,3,transport,0.9,4.905110755287757,4,0,0
1054,584.76,21,1,food,7.5,4.984602695134191,2,0,0
8711,8.17,8,3,bills,20.1,0.20317676367726556,2,0,0
5270,509.22,19,4,bills,11.8,0.2582723251916363,1,0,0
6634,163.8,18,3,bills,5.9,0.20593092084188416,5,0,0
6910,368.14,21,4,retail,1.4,0.28087686593352046,2,0,0
9511,192.28,18,0,transport,13.2,5.633848356034727,5,0,0
936,308.01,21,6,retail,13.1,1.8900117087833204,3,0,0
7291,1262.91,10,6,food,4.4,3.0290008704975806,1,0,0
8057,2.8,6,4,bills,9.8,0.6036521320370951,3,0,0
4585,13.39,8,5,bills,6.6,6.399195161856035,2,0,0
3977,17.54,20,0,retail,5.1,0.9862815062089254,2,1,0
398,37.27,8,4,transport,2.9,2.4565717499962445,4,0,0
5580,36.66,9,6,bills,4.1,0.3361279489680777,3,0,0
2625,39.02,11,0,entertainment,1.6,1.5833835029751455,1,0,0
6565,35.91,19,4,transport,0.0,0.7624643743298931,0,0,0
5074,137.57,22,6,food,0.2,0.43257988935806607,4,0,0
4870,79.05,20,1,retail,6.9,2.0617264226991505,1,0,0
179,33.43,9,5,food,3.5,6.494315558629481,1,0,0
461,55.21,8,1,entertainment,0.3,0.557687952160852,2,0,0
478,89.32,13,1,retail,2.4,4.155445329343317,4,0,0
1875,147.23,20,0,entertainment,8.2,5.437833461797194,2,0,0
2830,1.86,13,6,entertainment,1.9,0.5751796776437511,0,0,0
2973,14.94,12,2,entertainment,1.9,0.5811181992061337,0,0,0
7918,29.21,16,1,entertainment,9.9,1.10707846159129,4,0,0
4304,570.12,7,0,entertainment,1.3,1.4092295063716804,1,0,0
2192,6.54,23,0,entertainment,2.4,5.1570053724521525,5,0,0
9325,134.22,23,3,food,1.5,1.2309077037603302,2,0,0
8801,130.59,3,4,retail,0.2,3.4757577361616105,2,0,0
1493,13.18,11,5,transport,2.3,2.358663692899023,2,0,0
1539,62.74,12,5,food,5.3,2.712066920925583,0,0,0
7023,218.9,7,3,retail,0.5,5.8284249227685345,0,0,0
6849,66.05,7,4,entertainment,1.2,3.4012741118150123,4,0,0
5379,231.59,15,3,retail,1.5,0.6571966477796065,3,0,0
5794,18.24,9,5,bills,7.2,0.9421838784255776,1,0,0
1832,87.2,1,2,retail,1.3,5.420961710117652,0,0,0
9966,16446.47,6,6,food,307.9,8.731955025381207,9,1,1
6137,18.53,9,2,entertainment,4.9,3.759036931956767,0,0,0
7791,80.38,23,5,entertainment,3.0,2.0771340211802416,0,0,0
2277,5.05,14,3,bills,2.5,8.781419132594188,1,0,0
4816,168.23,12,6,transport,8.6,1.7487572688048112,2,0,0
3557,92.71,14,5,entertainment,3.9,0.7433798988805107,2,0,0
9404,18.98,9,1,retail,0.7,0.7499291581791403,2,0,0
864,16.43,7,4,transport,11.6,9.170637322406593,0,0,0
126,148.45,18,4,bills,2.9,2.4590682993109727,2,0,0
4390,8.04,22,1,transport,2.6,1.2671667886932532,1,0,0
7296,74.64,7,6,food,0.0,7.31470772600419,0,0,0
1110,15.18,14,6,food,3.4,1.4425997211767636,0,0,0
6330,211.23,23,6,bills,2.2,3.8545288868538936,4,0,0
9546,36.0,13,6,transport,0.1,5.645924288339147,1,0,0
3594,18.95,3,4,food,3.4,1.7974149822828474,2,0,0
2824,149.17,20,0,retail,0.0,17.478184660225836,3,0,0
3618,22.76,20,1,entertainment,6.8,1.7162977293980939,1,0,0
4338,11.54,13,3,retail,2.7,0.36571920536707014,0,0,0
288,263.82,9,2,retail,2.2,0.6272503588206625,3,0,0
6612,219.7,19,4,entertainment,6.9,0.8358497389416626,1,0,0
4256,28.07,18,5,retail,1.6,2.628837739936183,1,0,0
5009,357.54,14,5,bills,5.5,0.955001076786492,2,0,0
2583,6.44,12,2,bills,1.1,0.7264201313914187,1,0,0
7939,799.72,14,4,retail,1.4,10.438536585888654,2,0,0
265,73.04,6,6,entertainment,1.2,1.0455724292826418,6,1,0
109,66.72,14,6,retail,4.2,0.17119446043078684,3,0,0
5237,837.23,16,1,retail,3.6,3.758418859463027,3,0,0
360,249.84,18,1,transport,5.3,2.377935687763573,1,1,0
2574,172.13,18,4,bills,2.6,1.573036063299045,4,0,0
7116,35.35,12,0,transport,1.0,0.9332580704778277,3,0,0
2229,145.56,1,4,entertainment,0.1,0.5595406478107585,2,0,0
3457,38.02,16,0,food,0.1,1.471023320203593,3,0,0
1254,123.26,6,4,bills,6.2,1.4942250765425296,1,0,0
4392,84.01,10,4,food,9.8,2.9526412352808205,0,0,0
8609,0.07,20,6,bills,2.1,4.093480091989782,4,0,0
1537,16.34,11,6,food,16.8,0.4579131249857752,1,0,0
2470,35.65,13,6,bills,0.8,0.3847889351013777,2,0,0
6826,18.91,19,4,transport,5.4,4.322086506891993,3,0,0
8237,178.45,12,3,food,2.7,3.1222670908124615,1,0,0
4787,65.16,12,1,entertainment,0.4,0.9742255796327657,5,0,0
555,25.6,16,0,food,9.8,1.9687565502517552,2,1,0
7353,307.28,16,0,bills,8.4,2.9258991268452914,1,0,0
5538,313.74,17,3,entertainment,3.5,11.307752458711228,2,0,0
3710,112.98,17,2,food,13.4,3.2668228684678198,0,0,0
3770,1.21,11,4,entertainment,3.6,0.40629240788645554,3,0,0
8619,1279.3,20,2,entertainment,4.7,0.991854348732564,2,0,0
3373,233.74,20,0,food,3.1,0.4719353149595645,1,0,0
5266,23.83,9,6,entertainment,15.5,0.6064967071062984,3,0,0
9151,18.47,15,4,transport,13.3,0.4449758814421929,1,0,0
1089,66.73,13,5,retail,0.4,1.1800798092157183,1,0,0
3304,134.37,21,5,food,0.6,1.2979024000011818,3,0,0
7466,12.15,16,0,retail,2.0,1.9244492609189152,0,0,0
6687,103.12,20,0,transport,0.3,1.2841436096448016,2,0,0
9423,9.36,7,1,retail,1.0,0.13342046680295816,4,0,0
8897,10.65,18,0,retail,12.3,2.4330937453744905,5,0,0
8911,221.0,9,6,transport,4.6,1.245403791122719,0,0,0
469,37.82,12,3,transport,9.9,0.348492419599592,3,0,0
7985,9.88,19,2,bills,11.3,2.927357555469172,1,0,0
9592,31.63,7,2,retail,0.4,6.132932044841457,3,0,0
1012,135.9,20,2,bills,0.2,0.16744630098876917,0,0,0
829,128.84,8,5,transport,18.4,6.459883542475774,4,0,0
6763,127.29,18,2,transport,7.1,0.8785954021510473,2,0,0
7648,118.49,4,0,bills,4.4,3.1117996284366294,2,0,0
7103,45.47,17,5,entertainment,3.1,1.3856651873162686,6,0,0
4461,15.74,11,3,transport,0.3,1.394164347000746,1,0,0
498,53.98,20,5,bills,2.0,0.562387146086476,2,0,0
5992,207.69,12,1,transport,3.2,2.618851304281169,2,0,0
1821,312.56,3,5,transport,3.3,8.069455686681547,4,0,0
9250,42.65,4,3,retail,0.2,15.782763881641186,2,0,0
5765,63.68,7,0,bills,1.1,0.48125312537661447,3,0,0
8162,113.02,21,2,bills,0.0,1.4509679500009498,0,0,0
3471,85.66,17,3,bills,14.7,0.6836231844835066,2,0,0
8944,12.91,13,4,food,6.8,0.6911834524783458,3,0,0
6158,528.9,12,1,transport,2.5,3.4036991941442394,0,0,0
5649,114.4,19,1,transport,0.3,0.6263721957749645,1,0,0
9624,42.12,18,1,transport,4.7,1.6815519203629776,1,0,0
4202,195.35,23,5,entertainment,0.8,1.5358680771483593,0,0,0
4278,199.06,14,0,entertainment,4.5,3.260031491125011,3,0,0
8324,135.95,5,2,retail,6.7,2.4559118435014353,2,0,0
9477,665.8,17,1,transport,6.7,9.131032234009034,1,0,0
304,17.52,9,2,retail,4.9,0.7992026828164589,1,0,0
3237,162.77,15,0,food,7.8,2.093467675192625,2,1,0
3163,289.62,23,4,food,6.8,8.255102338883868,2,0,0
1723,4.04,20,2,transport,1.2,5.718814810207755,0,0,0
8445,11.35,16,2,bills,0.9,0.9716114468330826,2,0,0
8323,160.86,12,1,food,4.1,4.493805555397085,0,0,0
7495,5.81,10,0,food,0.5,0.9195605604437269,2,0,0
8855,556.85,6,2,transport,17.8,1.97969092757987,3,0,0
7884,113.47,23,6,food,1.8,1.5923824413070795,3,0,0
7011,39.57,6,2,bills,2.9,3.4542406440677116,0,0,0
6342,296.16,19,2,bills,7.1,5.033411859077411,2,0,0
2316,35.59,14,5,transport,2.3,2.0122646653413137,2,0,0
5775,81.0,17,0,food,1.8,9.099198374697892,3,0,0
1624,199.96,20,5,retail,8.5,2.310774975983117,1,0,0
7901,22.33,15,3,transport,9.7,1.1540234931560547,3,0,0
710,971.37,22,0,food,7.2,1.6788820264616775,1,0,0
7692,7.51,3,5,retail,2.8,0.9690772568253083,2,0,0
5606,519.69,22,4,retail,7.5,3.9215846245153236,1,0,0
327,6.2,13,1,entertainment,2.7,5.19668281478079,0,0,0
8125,7.67,12,4,retail,3.3,0.18710320956839777,6,0,0
5857,9.21,18,5,retail,4.0,5.42388620257246,3,0,0
4834,13.52,22,6,entertainment,0.7,1.2797051989945087,1,0,0
5453,227.42,11,5,retail,5.2,3.3751045825169967,2,0,0
5341,54.06,21,3,transport,7.4,15.312946853588308,1,0,0
1977,121.93,10,6,transport,1.9,3.3172899347540343,1,0,0
3068,34.24,13,6,food,2.5,6.133408254963521,2,0,0
5294,83.42,12,2,bills,4.1,0.7524824942750075,1,0,0
3071,137.57,14,1,transport,5.6,0.40189589374841617,1,0,0
4736,18.76,4,3,entertainment,1.9,0.04810539995375877,1,0,0
4846,33.25,13,3,bills,20.8,1.2691609134563782,1,0,0
5431,26.7,17,2,food,2.9,2.947478830036621,0,0,0
637,364.08,16,2,transport,4.3,1.268519282390434,0,0,0
1616,147.02,7,5,entertainment,12.4,0.2976326575868788,2,0,0
2538,102.94,14,2,transport,3.2,1.3000825176147905,2,0,0
4431,16.03,12,6,food,7.0,2.1062692301118395,2,0,0
2037,22.79,21,1,retail,3.4,1.7931311002271613,1,0,0
3622,14.37,16,4,retail,11.0,1.9754723471019773,3,0,0
2030,65.9,12,2,transport,2.5,1.5584946955230832,0,0,0
5014,60.21,23,2,retail,0.1,1.2343762411164436,1,0,0
7573,95.34,13,1,entertainment,0.6,1.0825048708096885,3,0,0
9915,525.39,21,6,bills,101.1,10.432472424473278,12,0,1
939,7.66,7,5,retail,5.7,0.6234988243532376,1,0,0
5037,2.24,6,4,entertainment,2.8,0.11143185560538141,2,0,0
4716,26.78,17,6,entertainment,7.6,1.5707088198344457,3,0,0
139,60.22,18,6,retail,13.2,1.3748671657825846,2,0,0
1931,494.31,15,1,retail,4.0,2.1453494009672394,3,0,0
9283,48.33,21,2,entertainment,2.6,8.044804944152174,4,0,0
311,44.22,15,2,retail,0.4,7.5065282821151085,1,0,0
4244,22.85,13,5,retail,7.6,10.653671159265457,2,0,0
4485,7.31,22,0,food,0.8,0.9293573077082966,2,0,0
5730,13.25,19,0,transport,2.4,0.8266532214739453,1,0,0
1788,56.23,18,1,transport,3.2,1.0291151085388186,3,0,0
5513,314.96,10,2,food,13.8,0.6048386644701174,2,0,0
1892,393.08,20,0,food,8.9,11.679523568759684,2,0,0
8101,218.19,21,6,food,0.9,1.6061950252314223,0,0,0
9888,2648.63,3,5,food,226.0,4.152330781698831,7,0,1
2040,1056.44,14,4,bills,7.2,0.061671004349923286,2,0,0
2582,7.44,21,4,entertainment,0.8,2.5006377327749454,7,0,0
5557,15.68,20,1,transport,0.9,0.3172923657269521,1,0,0
2563,18.54,16,6,food,0.1,12.187942249424484,1,0,0
6003,144.41,11,1,food,0.1,0.27567707431835914,0,0,0
9717,17.78,20,0,bills,2.6,2.715814771275524,2,0,0
329,15.1,7,4,retail,1.3,5.226216821503813,0,0,0
1342,105.68,10,2,entertainment,7.8,6.788244910018282,1,0,0
7324,4.21,10,2,transport,2.4,1.694547753420605,1,0,0
2339,65.46,17,5,bills,3.2,2.1261754073881924,3,0,0
4410,33.26,21,2,transport,0.6,7.373087241963782,1,0,0
2405,850.45,15,0,transport,1.5,6.797753836189811,1,0,0
639,162.19,10,4,bills,1.2,0.09378108694795484,2,0,0
4612,225.92,12,2,bills,2.1,1.5002652014034799,1,0,0
9572,11.61,18,2,food,11.9,3.383528959690304,2,0,0
2416,40.64,19,6,bills,1.0,4.470084918099635,2,0,0
3853,67.0,13,1,food,2.7,0.9208326476554278,3,0,0
819,22.24,21,6,bills,1.8,8.32860222767689,2,0,0
6611,70.41,21,0,bills,1.0,3.167612514014029,2,0,0
4316,57.68,20,1,entertainment,3.0,6.730711193385105,3,0,0
4245,31.24,7,4,transport,3.1,3.492865451262514,1,0,0
5830,16.46,19,5,transport,7.8,0.484452680287765,1,0,0
3464,118.75,21,6,entertainment,9.4,3.2267747473447344,3,0,0
1654,9.15,17,5,bills,4.3,9.013030536124731,1,0,0
6036,30.89,11,4,food,1.5,1.4696974509619283,3,0,0
6978,19.11,20,2,food,2.5,1.509543162781472,5,0,0
9124,295.67,16,0,retail,1.3,3.313364597915547,2,0,0
8043,153.13,8,1,food,10.1,0.43673345255631474,2,0,0
9457,327.03,17,3,transport,0.2,1.6866239400115786,1,0,0
2493,592.18,3,1,retail,2.2,1.2394950944064562,3,0,0
5903,59.21,8,4,entertainment,0.4,2.7459157178388987,1,0,0
4651,123.7,6,1,food,9.4,2.378137799453762,3,0,0
5236,147.01,20,3,retail,1.7,1.240378917453111,1,0,0
6422,918.1,10,3,bills,6.0,1.7485503933645279,2,0,0
4575,39.8,20,6,entertainment,0.2,5.455986244725933,2,1,0
6079,52.06,18,5,food,3.9,1.040634625940027,1,0,0
814,56.16,8,5,transport,4.8,1.5625751488834103,3,0,0
5230,24.44,15,3,transport,18.9,4.234378264124261,2,0,0
2547,94.91,14,4,entertainment,1.2,8.648459422860892,0,0,0
7485,14.08,13,0,food,1.2,0.43041109360010643,2,0,0
3182,12.91,16,0,retail,10.5,0.0023764047939321435,5,0,0
9217,167.34,21,3,food,10.8,2.448313701960738,1,0,0
871,1949.47,19,0,retail,2.2,0.6946677428225232,3,0,0
6735,1.78,10,5,transport,0.6,1.513158692858709,2,0,0
2056,205.31,7,6,food,9.9,0.2460960264082498,4,1,0
7394,269.65,23,5,entertainment,5.2,0.16180591126047908,3,0,0
6187,718.78,18,4,retail,1.5,1.1542119623654796,1,0,0
3667,36.7,21,6,entertainment,11.5,4.6603166212492155,1,0,0
9632,3.76,9,3,retail,10.1,4.052605337332849,3,0,0
706,24.35,9,6,food,1.1,1.1704087742834854,3,0,0
3483,25.75,11,5,bills,11.6,4.022789673169011,4,0,0
467,59.22,12,2,entertainment,2.8,2.221369876901846,2,0,0
7465,88.32,22,5,transport,1.2,0.683157052323682,2,0,0
7990,67.32,21,3,bills,12.2,2.418392612892514,1,0,0
7667,24.09,20,0,bills,4.4,9.270608652041005,1,0,0
3041,59.28,10,3,entertainment,1.0,1.0843930313048817,1,0,0
3891,181.91,4,1,transport,11.9,0.3907299948025431,0,0,0
2401,23.87,6,5,transport,2.2,3.732798708734091,2,0,0
3454,153.72,18,1,food,2.2,2.4789317764514758,2,0,0
3024,5.6,11,1,food,0.0,0.4067708181959796,2,0,0
9773,53.77,6,6,entertainment,0.8,1.3834488058546706,0,0,0
3904,57.56,11,2,transport,3.2,8.150454092184715,2,0,0
9774,197.35,19,6,entertainment,1.7,0.09078885996647337,5,0,0
7796,67.49,13,6,bills,2.8,12.14496513049141,2,0,0
7979,35.55,19,4,retail,0.7,0.11417355989943609,1,0,0
4740,7.72,22,4,transport,7.7,3.9197390783807906,0,0,0
4176,49.17,15,4,retail,5.0,15.82230747335095,3,0,0
5889,12.57,7,5,entertainment,12.6,2.037801349947607,3,0,0
5804,233.09,12,6,transport,2.2,0.24389578460962263,0,0,0
8376,317.22,0,3,entertainment,8.6,0.9668203839793108,3,0,0
238,58.47,13,4,food,7.9,1.3094975471242152,2,0,0
3513,329.07,12,0,entertainment,2.3,0.6288584300851179,0,0,0
5207,35.95,13,0,food,5.0,0.4883598716394519,2,0,0
4503,19.02,17,1,transport,4.1,1.0421250869375154,2,0,0
9369,82.56,1,5,bills,1.7,6.541984273747303,1,0,0
873,73.19,5,0,food,22.6,1.1728255116314437,0,0,0
7732,20.91,12,0,entertainment,3.7,1.9789534171733099,1,0,0
2214,106.34,15,0,bills,1.4,6.170048766384944,2,0,0
5439,42.21,11,5,retail,4.8,4.928129837231208,2,0,0
9371,74.74,18,5,bills,8.4,5.834714941727079,1,1,0
8405,1.72,11,6,transport,1.9,0.1426890740125023,3,1,0
948,192.38,9,3,entertainment,0.4,5.9959735825349005,5,0,0
4257,26.26,14,1,entertainment,11.8,0.020554912007278735,2,0,0
5305,18.47,13,0,bills,3.5,6.267537307867808,0,0,0
3252,2.95,7,4,retail,5.1,1.3971584387370084,1,0,0
3148,218.7,22,1,bills,3.1,6.102148846730843,4,0,0
597,24.81,16,0,food,5.4,0.08184858017180924,1,1,0
154,72.37,19,4,transport,9.1,2.3554094460533364,2,0,0
562,47.75,12,2,retail,19.0,1.5157465751950987,3,0,0
5315,94.17,19,3,bills,3.9,0.7245326397177512,1,0,0
6440,251.02,15,0,entertainment,0.0,2.405280604789203,3,0,0
6538,25.84,6,2,retail,2.7,0.8004873812275112,1,0,0
8082,272.76,5,0,entertainment,22.8,3.869290760299803,3,0,0
8783,111.83,8,3,retail,11.5,0.47235104459235605,2,0,0
6502,19.04,14,5,transport,4.3,2.718969576680834,4,0,0
9453,30.52,1,5,bills,7.5,0.42858572593833866,6,0,0
1331,4.61,20,1,transport,5.2,3.4679158734825686,4,0,0
9065,23.53,18,3,entertainment,2.9,2.711736494794428,2,0,0
9892,197.1,0,4,retail,83.9,18.942687352884548,8,1,1
3838,41.18,8,2,bills,2.1,1.34108632512828,1,0,0
5017,32.75,19,1,entertainment,6.3,1.4590250162340073,3,0,0
7571,343.47,18,4,bills,4.0,0.6038531372135015,3,0,0
629,12.11,7,4,entertainment,0.4,2.479262987067095,1,0,0
7542,147.27,7,4,bills,5.9,4.625151222231409,3,1,0
955,2.73,7,4,entertainment,0.4,2.393596397621245,1,0,0
8286,232.49,8,3,food,7.4,5.839225184204847,4,0,0
7629,27.05,11,3,transport,1.2,5.060563431991772,2,0,0
7437,168.0,21,0,food,2.0,0.9388672051417857,3,0,0
2807,58.79,20,1,retail,7.6,5.429303947755515,2,0,0
1236,53.57,12,6,food,1.7,3.7175369594732937,2,0,0
340,26.5,19,3,food,7.9,0.8749040862761563,4,0,0
2796,11.14,21,1,bills,3.3,3.2526600704915323,1,1,0
8056,46.26,21,3,retail,2.0,0.6703514422028927,4,0,0
5293,27.37,15,5,entertainment,7.5,2.7207205641181154,1,0,0
1863,11.99,13,6,retail,2.8,6.338814215430193,1,0,0
808,43.33,6,5,food,0.5,0.4853005200222512,2,0,0
7034,62.34,20,4,retail,3.0,2.451230839742693,2,0,0
6555,48.28,11,1,bills,3.1,4.670832610030575,2,0,0
9958,197.72,2,3,retail,105.3,0.08583959269923801,12,0,1
8419,985.09,15,1,bills,2.3,11.469089811206777,4,0,0
5361,103.51,20,0,food,2.7,0.22474446526331998,1,0,0
6177,274.22,23,3,transport,11.2,4.156994460887983,3,0,0
9567,46.19,3,4,bills,6.0,2.287386899149088,1,0,0
631,18.24,8,0,food,0.8,10.878517864746708,6,0,0
3684,217.84,13,0,food,12.6,2.148798145257301,2,0,0
5599,1.45,8,2,retail,15.8,0.6494604280453444,1,0,0
5790,112.69,23,1,transport,0.7,0.29608204795733106,1,0,0
245,88.01,10,1,retail,0.2,5.244325124707684,3,0,0
4286,25.08,4,6,entertainment,13.4,0.13567844373240834,1,1,0
4497,90.37,21,6,retail,13.0,3.9543517225853426,3,0,0
5543,59.82,23,3,transport,0.6,0.12218690214364133,2,0,0
2753,9.74,10,4,bills,4.9,0.19993680080302148,1,0,0
9384,21.86,6,3,food,7.3,1.0285998286718514,3,0,0
2020,1.53,20,6,bills,4.0,2.4594469338201024,1,0,0
7932,145.19,20,6,retail,1.9,3.1971163548859445,1,0,0
8412,20.86,12,5,entertainment,15.0,12.639565689003984,0,0,0
3627,12.98,9,4,retail,1.9,5.015578436791766,1,0,0
4036,132.81,0,2,transport,6.1,1.962491549713961,2,0,0
3823,35.72,23,6,entertainment,0.5,4.194605667127178,2,0,0
129,464.14,15,0,entertainment,15.3,0.667029370054043,2,1,0
6601,17.39,22,2,entertainment,15.9,3.784770621113495,1,0,0
3287,16.08,11,3,retail,1.1,0.8475866445393114,6,0,0
6559,89.25,10,6,transport,3.2,0.44966307835977637,4,0,0
2908,82.93,22,3,entertainment,5.7,2.836022835900226,2,0,0
6178,327.79,18,2,retail,0.6,6.292288743259992,3,0,0
7611,23.47,14,1,food,8.4,2.971667204180996,1,0,0
6479,320.58,10,1,food,15.1,0.03590060837652716,2,0,0
4956,21.82,21,4,transport,1.8,0.12101579819070167,3,0,0
8210,107.53,21,0,bills,8.6,2.7047886053088877,2,0,0
1318,148.88,19,3,bills,0.9,1.7529445050811057,0,0,0
2281,42.14,20,5,retail,1.9,9.725023520332682,3,0,0
2247,313.96,21,2,entertainment,6.6,0.5216597989126376,2,0,0
1082,254.66,12,2,bills,1.9,7.053573249134262,4,0,0
7986,5.71,8,5,bills,1.9,1.8215323263135932,2,0,0
324,281.03,8,0,retail,4.7,0.9335600315322452,1,1,0
3967,162.45,18,2,transport,1.4,0.5966378098844177,2,0,0
6759,444.04,18,0,food,4.2,7.513902871686772,3,0,0
183,423.04,6,2,food,8.7,4.961695698536641,0,0,0
2430,920.03,0,6,bills,7.5,2.0687079438254283,0,0,0
600,44.52,5,0,entertainment,7.2,9.096938630507882,1,0,0
7274,39.94,19,2,retail,8.4,1.7638722714702175,3,0,0
2797,14.18,10,4,transport,7.2,1.1650977240186315,3,0,0
3323,7.04,15,1,transport,6.1,7.5476714616471225,2,0,0
7819,104.75,17,2,entertainment,4.4,5.847711695050643,6,0,0
1310,46.27,19,3,transport,1.1,1.4277185625186224,0,0,0
9029,38.53,20,1,bills,7.9,0.28145665043691326,1,0,0
5564,62.35,11,6,retail,13.8,1.3509592095588827,4,0,0
7040,66.53,17,3,entertainment,5.9,2.960891272942511,3,0,0
7340,16.82,12,2,transport,2.2,2.554230576233107,2,0,0
6265,13.73,16,2,entertainment,14.4,0.8459461959156572,3,0,0
831,54.37,12,0,transport,3.9,1.7386365501888772,1,0,0
7221,62.62,19,6,entertainment,9.5,0.6739583643256619,2,0,0
430,199.4,21,1,entertainment,2.2,4.93845549586308,3,0,0
3184,67.97,18,1,entertainment,5.5,1.0047290109501432,2,0,0
2981,604.35,22,5,transport,8.4,5.001582470592694,5,0,0
911,9.67,15,4,entertainment,6.2,1.999926528405152,0,0,0
8136,61.87,13,5,bills,6.1,0.2365999674677683,3,0,0
1341,54.4,10,1,bills,7.6,4.505377900402591,2,0,0
4945,11.47,13,5,entertainment,2.6,1.3876791930430121,2,0,0
128,64.74,21,0,food,3.4,7.445610087931,1,0,0
4734,595.81,12,6,transport,2.9,0.09315629406844828,1,0,0
2474,191.4,17,0,entertainment,1.7,2.1275324385733407,3,0,0
2075,50.95,22,5,entertainment,7.2,0.7965714295676766,0,0,0
5752,71.77,12,2,entertainment,1.1,0.26692370075180194,1,0,0
2110,134.38,4,6,entertainment,1.3,2.1617456476604593,3,0,0
7064,152.31,20,1,bills,2.2,5.768495653536848,0,0,0
9067,55.87,9,2,bills,0.4,0.18223875226124212,5,0,0
9926,614.99,6,5,food,313.3,4.385503773787803,7,0,1
8002,16.54,12,6,food,0.1,4.868990389513291,2,0,0
4805,35.48,19,2,retail,5.2,4.937651305333718,3,0,0
3049,6116.23,6,0,retail,5.0,5.982136147177862,3,0,0
7807,19.29,20,4,retail,0.6,4.515381298498073,3,0,0
8096,37.93,20,3,bills,1.4,1.198490566584149,2,0,0
9828,6146.16,2,1,retail,127.2,3.0728712695463707,8,0,1
3760,47.91,10,3,retail,4.2,2.494803829776129,0,0,0
5650,135.0,1,5,entertainment,2.7,0.012975869471472,2,0,0
3254,30.42,20,6,food,5.9,0.885250190144016,3,0,0
9498,113.38,18,6,food,1.7,0.06557214686824142,1,1,0
5159,7.58,16,5,retail,5.4,4.299901268566453,2,0,0
9807,9339.19,6,3,entertainment,300.2,40.19007665215145,9,0,1
9541,132.7,21,3,bills,3.4,0.030612459225494527,1,0,0
5410,218.47,15,0,entertainment,1.1,0.8854750940627315,1,0,0
6459,285.01,10,0,entertainment,9.2,0.293069663390902,3,0,0
2010,414.57,16,0,retail,3.1,0.9246516452065483,3,0,0
1957,80.67,9,1,entertainment,1.5,0.24443128068567135,1,0,0
7849,152.45,7,0,transport,3.7,1.2092415190080312,3,0,0
137,507.4,11,6,food,7.2,0.692263933423314,2,0,0
8511,22.81,16,0,entertainment,17.2,2.607725078001347,3,0,0
3080,63.62,10,6,retail,4.0,7.479875459140709,0,0,0
5655,225.68,16,0,bills,3.5,2.3383271058886184,1,1,0
6788,122.4,17,2,retail,9.0,12.340267328889755,1,0,0
3777,21.24,16,0,bills,1.7,4.568423856660948,4,1,0
3095,25.65,23,3,retail,11.1,1.5808174673027473,2,0,0
8748,22.35,14,2,transport,2.7,0.5984224592891007,1,1,0
7624,233.01,19,6,bills,6.3,1.7481796831154612,3,0,0
1030,592.43,13,5,bills,0.4,4.984735790484428,2,0,0
7724,39.97,23,2,bills,2.8,1.5725817643152185,1,0,0
1792,41.97,7,6,bills,0.8,8.027819067061543,3,0,0
254,32.46,10,0,transport,0.5,0.1002158027444,3,0,0
1677,479.62,13,4,transport,4.0,0.35306573045604206,0,0,0
5190,264.44,7,2,food,2.0,9.319165135097288,1,1,0
8457,83.1,1,1,entertainment,4.8,0.037284430342558926,2,0,0
485,14.68,14,4,retail,0.3,2.554113831955526,2,0,0
3019,46.51,9,6,retail,9.9,4.29199909308179,4,0,0
6188,54.94,19,3,retail,8.5,0.32932800187608396,5,0,0
2926,13.09,12,6,bills,0.5,0.3159751908830775,3,0,0
3158,150.84,18,6,retail,6.2,4.814570856839625,2,0,0
9194,10.23,15,2,retail,0.6,15.81826768947596,2,0,0
5944,31.19,12,4,retail,1.1,4.528933348608742,2,0,0
2379,308.06,21,6,food,12.2,1.5290681692612547,2,0,0
4970,18.63,10,5,bills,1.8,2.249154135220484,2,0,0
2244,28.95,22,6,bills,0.4,1.6491997255504651,0,0,0
1491,319.75,21,4,retail,8.5,2.6313964053322603,7,0,0
7678,64.16,20,6,retail,5.4,1.286044504609683,2,0,0
9529,28.49,23,4,retail,0.5,5.837429414204729,2,0,0
586,1091.77,17,1,transport,2.8,1.0819026592676397,2,0,0
5196,42.37,17,3,bills,1.2,6.66766436464609,3,0,0
2490,94.71,15,0,food,2.5,1.5835567692939874,6,0,0
4246,24.03,23,4,bills,2.2,5.947477903966557,2,0,0
2721,16.63,16,2,food,10.1,8.936118274201352,2,0,0
3609,240.28,2,0,bills,11.6,1.229694043413761,1,0,0
3281,30.41,18,2,bills,1.1,0.8449851832551998,1,1,0
8789,29.47,10,6,food,2.4,0.9325656288914903,2,0,0
2584,18.24,13,5,transport,5.0,1.099407147655438,0,0,0
8705,39.77,11,6,transport,6.7,3.3513169021699083,5,0,0
4991,741.73,12,1,bills,6.4,6.0589087848212255,2,0,0
738,169.82,17,3,retail,2.2,0.9754397248328741,1,0,0
3937,1156.86,1,1,bills,27.9,2.4680564240236107,3,0,0
7138,5.2,17,1,food,8.1,0.1421224195714511,4,0,0
9364,62.02,17,0,transport,6.3,0.02374639745632304,3,1,0
1149,2014.7,17,3,retail,24.1,0.4231331876951455,2,0,0
8083,149.14,8,6,food,6.7,3.042997935814948,3,0,0
55,66.46,15,3,retail,0.8,0.3367178834040453,3,0,0
3223,14.49,7,6,transport,2.1,0.603396371678167,1,0,0
4757,132.46,20,5,bills,5.0,1.3717418316604708,1,0,0
3376,81.92,6,4,food,9.4,2.6005208912293236,3,0,0
5621,24.46,6,0,retail,4.7,2.4492989303603574,0,0,0
9988,183.73,2,0,bills,230.9,13.11561920572536,10,0,1
1579,38.28,17,4,transport,1.8,5.833691166147378,0,0,0
4868,96.07,12,3,retail,0.1,2.136659412892601,3,0,0
4306,30.96,18,2,entertainment,6.7,0.1977447239564679,3,0,0
9760,255.67,9,1,food,2.9,0.21078107473588936,0,0,0
9745,226.08,13,2,transport,0.2,8.175062465777359,0,0,0
2279,9.45,4,3,bills,0.1,2.454563453135948,0,0,0
8300,20.32,14,1,food,5.4,6.94838874918935,1,0,0
1951,23.33,2,6,transport,9.5,0.048025630010885875,1,0,0
8472,84.38,23,6,food,5.9,2.5165428715682996,0,0,0
7822,55.58,11,6,bills,12.8,2.345016980875179,1,0,0
4284,105.76,13,4,bills,8.2,2.310251576331064,1,0,0
3325,27.32,13,2,entertainment,5.7,5.569789748063738,0,0,0
3290,28.76,11,2,retail,1.4,1.628219573137105,3,0,0
9652,350.89,14,0,food,7.2,0.3317713773371679,2,0,0
1142,16.45,11,5,retail,13.9,1.4117236088924685,2,0,0
1658,34.44,16,5,entertainment,4.2,1.7632236115620854,2,0,0
6975,30.9,13,2,food,7.4,4.011212286339079,3,0,0
240,82.45,17,6,bills,3.0,2.4171175520256214,0,0,0
9764,201.99,17,4,transport,5.2,4.976616876454754,0,0,0
9373,25.46,4,1,food,0.2,0.2902973715729618,3,0,0
8592,93.8,13,2,retail,1.3,6.937092471236088,0,0,0
6965,476.93,18,6,retail,0.6,0.07397759543071789,1,0,0
7189,189.92,6,4,food,1.4,1.4895489834501674,2,0,0
135,159.6,18,3,entertainment,1.1,3.362819549846351,1,0,0
5398,497.47,21,2,retail,20.1,0.0022018087449873556,1,0,0
3346,34.22,17,3,bills,5.1,1.8850413943381006,1,0,0
7128,14.42,3,1,bills,1.6,0.17834535580969274,4,0,0
7551,294.97,21,6,retail,4.1,1.5661838371388708,0,0,0
1829,43.36,21,2,retail,12.8,0.5848135216552824,1,0,0
5559,310.13,11,4,retail,3.0,0.6375202735598764,3,0,0
9972,225.31,1,6,bills,170.1,10.043011550727174,8,0,1
3547,975.95,6,3,entertainment,2.5,4.5571455064422155,1,0,0
1152,100.02,10,5,retail,1.1,3.1920362242608764,5,0,0
6972,13.04,8,2,bills,0.1,0.5254615338381556,0,0,0
3385,54.47,12,3,bills,1.1,1.0958588034472887,1,0,0
8100,20.4,21,1,retail,13.3,9.570535500007546,4,0,0
3208,35.43,7,4,entertainment,3.2,5.832906412138589,1,1,0
8231,213.14,10,1,transport,3.9,7.796059006923184,2,0,0
7058,101.64,15,0,retail,10.6,0.3063530852012557,2,0,0
5541,10.82,9,6,retail,3.5,3.9142007595868185,1,0,0
2649,81.13,20,2,entertainment,7.3,1.288808884646126,3,0,0
5464,26.87,14,0,entertainment,0.3,4.091110141500976,1,0,0
1073,36.35,22,1,transport,2.9,0.07755401144062644,2,0,0
1981,200.86,5,2,food,9.0,0.5068989022128008,1,0,0
7639,55.47,6,1,transport,3.6,4.972913424457573,3,0,0
7395,288.89,22,5,food,2.7,5.319501041193024,2,0,0
1741,87.74,16,3,entertainment,11.7,3.3173949203384256,4,0,0
2898,28.11,23,0,retail,0.5,1.5153322497515465,3,0,0
4556,15.2,23,4,transport,0.8,1.0770862767637215,1,0,0
323,170.37,10,6,transport,7.4,4.801723141165611,4,0,0
9686,43.19,10,5,bills,0.4,2.636551914754694,5,0,0
4139,9.98,17,4,retail,4.7,0.6387385671689523,1,0,0
6699,53.19,15,2,bills,1.7,1.3815701719251419,3,1,0
4288,5.61,18,4,food,1.4,7.706262665125459,3,0,0
1924,34.78,13,2,food,2.8,7.299246975572406,1,0,0
9220,3.09,13,6,retail,3.3,10.206703536646753,2,0,0
7242,13.45,18,4,retail,2.7,0.9058179542778595,2,0,0
2864,22.09,10,0,retail,1.2,0.8353438820043217,2,0,0
980,269.21,18,6,entertainment,6.5,6.43917280061481,0,0,0
4120,15.33,14,4,entertainment,0.6,1.1786447404124265,2,0,0
8415,37.83,11,1,transport,9.0,5.641979025948143,1,0,0
8310,462.63,9,3,retail,0.4,0.31723914135962317,0,0,0
6919,20.56,14,4,retail,1.4,0.02381918710804605,2,0,0
5295,35.99,23,3,bills,3.9,2.3671923133930957,4,0,0
5672,27.5,10,2,bills,0.6,0.7887924652299908,1,0,0
1271,1536.86,18,4,retail,6.7,1.7134107306379014,2,0,0
567,22.59,21,5,entertainment,0.0,0.9832641228392762,1,0,0
3923,213.11,11,3,bills,0.1,3.067176036375672,2,0,0
3318,47.29,20,5,transport,5.6,3.033563470330356,8,0,0
5809,112.32,22,3,entertainment,9.5,4.656840529215438,4,0,0
900,40.21,23,4,food,7.3,2.710023235696074,0,0,0
5960,556.34,13,5,food,6.1,3.6836265453090897,4,0,0
8722,196.45,14,1,bills,14.9,1.0944592458772018,1,0,0
8312,29.88,10,6,transport,5.0,0.15680936995955172,1,0,0
679,98.97,10,4,food,1.2,4.54305865816916,2,0,0
5386,39.85,18,4,retail,13.3,0.48917125066200706,2,0,0
858,6.43,13,3,food,0.0,5.424943986487609,1,0,0
2372,268.41,8,3,food,1.6,0.49441066019966273,0,0,0
140,42.8,18,0,transport,3.8,0.6350166631246371,5,0,0
3276,50.18,15,5,entertainment,10.2,0.8578609650271123,3,0,0
4867,3.34,9,4,retail,2.3,0.9891468686595715,0,0,0
1385,97.97,22,2,entertainment,2.1,0.032734286916111036,0,0,0
6354,17.22,12,2,food,3.8,1.174467649152008,0,0,0
972,2302.45,19,1,retail,11.3,0.7908288367683196,1,0,0
5135,28.1,18,6,entertainment,2.2,0.2685231743892136,1,0,0
6572,117.39,7,5,entertainment,2.9,1.906405632587378,3,0,0
6372,329.15,23,3,entertainment,0.9,0.008754337378824919,0,0,0
7102,87.42,8,2,transport,1.6,6.830799141720642,5,0,0
5844,148.3,9,0,retail,0.8,0.29783685574817537,3,0,0
7954,38.63,18,3,transport,4.3,5.966607646748672,1,0,0
1962,83.65,20,1,entertainment,5.2,1.8034658730065605,3,0,0
6595,81.14,11,1,entertainment,1.8,9.369728499132444,4,0,0
5609,29.1,18,2,transport,6.7,6.914191788292204,2,0,0
9245,21.19,19,0,bills,4.3,0.07967590477011334,6,0,0
6409,60.97,22,4,transport,4.0,2.6051983309387468,1,0,0
2494,238.89,19,1,retail,2.7,7.426350595885882,2,0,0
6498,231.52,7,6,bills,8.4,0.9353617417270241,3,0,0
6386,70.26,13,1,transport,3.7,0.56953638734325,2,1,0
8877,232.71,7,6,entertainment,1.6,5.955024422374747,1,0,0
6531,254.94,16,2,transport,10.5,1.4877759229608876,0,0,0
1444,26.25,16,1,transport,11.8,2.4548538827729898,3,0,0
3212,2.36,22,2,entertainment,3.6,2.148575935822016,1,0,0
9554,28.12,15,2,entertainment,3.0,1.6179800284642352,2,0,0
3440,225.83,15,1,retail,0.1,4.669031701643444,4,0,0
1857,138.62,2,2,bills,4.6,8.035487134643152,2,0,0
8918,415.49,11,4,food,0.6,0.8512347208663972,0,0,0
4500,52.5,14,0,food,3.4,1.8767682419366327,2,0,0
6243,19.14,16,5,bills,1.2,1.0873719791335774,2,0,0
5714,38.28,18,1,retail,4.9,5.9466433183412715,3,0,0
4096,63.21,23,3,entertainment,11.6,0.862641022949691,2,0,0
7091,3.59,22,4,bills,1.4,3.56030514172568,4,1,0
996,24.54,13,1,retail,12.1,2.2051886440873822,3,1,0
1381,237.48,23,1,bills,6.1,2.342127136094292,4,0,0
5978,11.78,15,1,bills,0.2,0.21471262534728772,1,0,0
6545,56.66,11,4,food,1.9,1.1233179827623414,2,0,0
5877,189.28,22,6,transport,3.5,0.1277274807976897,1,0,0
517,54.83,20,3,transport,5.2,9.8382530632881,3,0,0
4929,61.05,11,2,entertainment,2.7,4.884738556225708,2,0,0
8546,814.81,15,4,entertainment,0.8,7.533535186674111,4,0,0
5899,10.32,15,2,retail,5.0,3.9300491972808134,2,0,0
4549,24.12,14,6,food,0.7,0.9593185051892259,1,0,0
97,170.25,17,4,entertainment,8.1,3.5731221559968414,3,0,0
8006,5.1,21,2,food,3.7,0.012961412709622432,0,0,0
1427,21.6,11,6,transport,0.8,13.207767896033861,5,1,0
6374,57.36,18,0,transport,1.9,13.886670835914007,2,0,0
3198,86.66,21,3,entertainment,1.8,1.0302808141234678,3,0,0
378,29.68,2,3,bills,3.1,4.015087293219591,3,0,0
9399,10.47,6,1,retail,0.6,8.534429485511119,0,0,0
5463,52.28,21,3,entertainment,9.1,8.196564619577073,1,0,0
5768,25.36,16,0,food,8.0,0.4755866744430133,3,1,0
4559,578.59,18,5,transport,0.4,0.8960372154447408,1,0,0
5841,24.36,8,4,bills,3.8,3.7841319177116715,1,0,0
5269,550.25,3,0,food,5.0,0.272080742804829,2,0,0
9918,396.8,7,3,food,1331.4,12.759837052373836,17,0,1
5938,200.54,23,2,retail,4.1,0.259193755868087,2,0,0
3218,1521.4,10,3,retail,8.6,0.13634117562375048,0,0,0
7204,30.01,11,2,entertainment,2.3,0.8835055773586139,3,0,0
1011,49.17,12,0,bills,0.7,1.378804036353636,3,0,0
8288,19.9,15,1,transport,7.5,0.36303133272110355,0,0,0
4229,14.97,11,1,transport,10.6,9.007927573976325,2,0,0
7684,15.34,12,1,retail,3.1,4.97676729156574,1,0,0
7258,112.79,10,6,transport,3.3,2.8398144427822922,8,0,0
3465,37.31,7,1,entertainment,6.0,3.376654329266806,2,0,0
7953,94.31,15,2,entertainment,3.2,0.43731323970129465,1,0,0
3423,86.82,14,2,retail,4.2,0.2524688045054013,1,0,0
8603,2.54,9,4,entertainment,4.4,7.140894402977716,1,0,0
5355,21.47,21,5,retail,10.5,1.0613107571656821,3,0,0
5898,11.26,19,0,bills,3.9,0.2966006625840075,0,0,0
3631,1.94,20,1,transport,3.6,0.6349424852768751,0,0,0
8201,46.74,15,2,transport,11.5,2.68147490205635,3,0,0
9608,324.24,22,2,bills,18.2,0.7344925082179752,3,0,0
9894,194.96,0,6,food,218.7,33.787861070133076,11,0,1
7366,120.14,10,0,entertainment,4.1,4.667265284193235,2,0,0
7110,19.88,6,1,retail,3.3,4.7814233372123764,3,0,0
7020,1818.32,16,5,entertainment,0.0,1.1991439451297268,2,0,0
8111,177.71,20,1,transport,10.8,3.1139868206018106,0,0,0
4223,90.28,5,1,entertainment,16.8,5.485761212557672,0,0,0
1393,3.02,22,6,transport,3.3,0.0395996644441932,1,0,0
475,64.04,21,0,food,2.0,4.063034001634088,2,0,0
787,22.05,8,0,transport,1.2,8.52916326831127,2,0,0
9715,63.83,14,2,transport,3.0,1.4820270708671435,5,0,0
9421,24.14,22,2,entertainment,8.7,0.7781599345455992,2,0,0
7645,483.93,12,3,transport,1.0,0.1639401458798119,3,1,0
8469,16.27,7,2,transport,4.6,6.480635768385138,0,0,0
717,60.64,14,5,food,10.4,4.577604637715731,3,0,0
7702,6.04,3,2,food,0.9,0.8701480726252117,0,0,0
7377,20.92,11,0,retail,3.0,0.5644844273994941,1,0,0
7770,24.72,15,3,retail,1.4,1.7427289294186674,4,0,0
1136,14.65,11,6,food,2.3,2.829898560516539,2,0,0
3117,20.83,19,2,entertainment,1.5,3.7812425053538234,3,0,0
5867,23.65,9,6,transport,0.1,3.117732885601519,2,0,0
2601,1127.37,7,2,transport,6.0,1.5164697412894959,2,0,0
4999,126.19,22,6,retail,0.2,1.54545964440508,3,0,0
9537,5.15,18,6,food,1.9,9.859721377730464,6,0,0
4412,87.37,17,5,bills,3.5,6.416933689507053,4,0,0
8292,31.99,10,3,retail,4.0,0.7905873504619725,3,0,0
8647,247.36,20,0,food,1.4,0.34874573497202266,2,0,0
4850,17.26,8,4,food,10.7,5.843111028303752,2,0,0
4443,13.78,21,2,entertainment,5.2,11.785209326700155,5,0,0
2518,33.16,12,4,transport,13.1,0.9267035465526311,1,0,0
6369,42.26,13,2,food,5.8,0.5370523492606205,5,0,0
4925,31.39,19,0,bills,0.9,1.83857347511937,1,1,0
6244,4.87,18,0,entertainment,0.6,1.2432442772694707,2,0,0
2726,33.98,11,1,bills,8.9,4.373019950936559,1,0,0
6481,17.2,12,6,food,21.8,8.7211467811765,1,0,0
8285,25.06,0,2,bills,1.7,2.602372033580192,2,0,0
7531,1199.0,14,6,retail,1.0,0.9999264634787486,1,0,0
6769,118.67,3,4,retail,6.5,2.8712121156376122,1,0,0
4844,9.85,20,3,food,1.5,1.1861240253295124,0,0,0
294,147.8,12,6,food,10.1,4.324092032748406,4,0,0
8825,24.05,0,6,transport,1.4,0.4530515757756488,0,0,0
822,21.92,23,3,retail,5.0,1.5726308706797916,2,0,0
1138,1811.76,9,4,transport,0.4,3.0877650743171925,1,0,0
3743,28.03,9,5,food,1.7,0.41975431177181033,4,0,0
6548,52.06,17,0,retail,5.8,0.7866805114277357,3,0,0
2357,24.86,19,6,bills,3.8,5.256419099517697,2,0,0
2315,478.19,16,4,transport,6.9,0.15590991229851636,2,1,0
1180,61.08,22,5,retail,5.5,0.8850320660169497,1,0,0
8990,206.1,8,2,transport,9.2,3.6837290636647646,3,0,0
6984,113.92,13,0,transport,3.3,2.2444872504800304,2,0,0
2870,80.11,9,5,food,0.5,6.183823864620559,1,0,0
487,4.4,4,0,food,3.1,1.4232731611571032,1,0,0
1700,251.55,11,3,bills,6.3,1.1372860021226643,5,0,0
9291,44.02,16,4,transport,2.2,0.6681911596714902,4,0,0
5985,5.36,9,3,transport,10.7,2.330425296013406,2,1,0
7785,7.11,11,1,entertainment,2.4,0.8503303446674094,1,0,0
3568,32.73,11,4,transport,0.4,0.48029474081060397,0,0,0
2118,5.06,18,3,food,1.1,19.04211684033781,3,0,0
4207,339.86,9,4,entertainment,4.3,4.409507070251891,4,0,0
4346,65.0,11,0,entertainment,1.2,0.31909868662872687,2,0,0
2897,222.05,17,3,bills,2.0,5.903321701239196,2,0,0
2971,16.6,18,3,transport,3.9,0.05691174039942731,1,0,0
5346,131.95,8,6,bills,3.6,0.7247615337258441,3,0,0
5831,125.81,18,0,bills,18.1,3.539459078342581,5,0,0
5512,360.23,11,3,entertainment,0.3,1.196307240390403,3,0,0
370,186.25,15,4,retail,0.7,0.16651027861060858,3,0,0
3056,55.99,4,2,transport,10.8,2.9008505904887243,0,0,0
72,242.93,10,3,food,3.3,4.241352267408952,0,0,0
5059,79.19,17,2,transport,0.0,2.4769405335597465,2,0,0
5400,12.91,18,4,transport,12.5,0.08507971127772136,3,0,0
8933,13.39,11,5,transport,9.6,4.2771787468267775,0,0,0
1765,36.29,19,0,retail,7.8,4.294012689545884,0,0,0
1284,31.05,18,4,transport,2.5,3.6164410384687513,3,0,0
7749,237.42,8,1,food,0.4,4.34225566655409,0,0,0
1975,197.09,20,2,bills,4.2,1.0119942080977777,1,0,0
7310,608.79,23,2,bills,2.8,0.5326343490587827,1,0,0
5629,31.18,19,3,entertainment,5.8,0.9791140887026493,2,0,0
5329,359.83,13,0,transport,3.1,2.7347892861192467,0,0,0
2937,1067.67,4,0,transport,1.3,1.062699590365585,5,0,0
9801,699.62,23,4,transport,136.6,62.410203436713665,13,1,1
203,2.38,19,4,transport,1.7,1.1256618787556139,3,0,0
7672,50.97,21,5,entertainment,22.9,1.008735611322932,3,0,0
734,108.28,22,1,food,0.8,0.6722613766612789,1,0,0
8741,26.37,7,3,bills,8.5,2.1623706973342376,1,0,0
391,362.04,14,4,food,6.3,0.7933596682229087,2,0,0
6525,2179.1,17,5,entertainment,3.8,2.5189506879972186,2,0,0
5750,20.83,15,6,food,5.9,2.223051705254489,2,0,0
9860,1562.09,16,3,entertainment,589.7,45.234882128911835,9,0,1
9125,252.97,10,3,retail,1.9,4.567001636961171,3,0,0
4144,56.81,11,0,bills,1.6,0.5650854035586907,2,0,0
7030,8.27,19,3,bills,10.1,0.36071697227691907,2,0,0
3668,14.21,21,4,food,7.5,0.743435211322262,1,0,0
1911,239.04,9,5,entertainment,3.0,6.379978462921014,1,0,0
6100,56.41,19,0,transport,3.1,0.7621538783711329,2,0,0
3411,629.13,9,6,bills,0.2,1.0891030806153466,2,1,0
2746,95.22,6,6,entertainment,1.2,2.8732023420729704,2,0,0
1735,43.31,19,4,retail,3.6,0.4352879151923774,4,0,0
3782,11.43,18,6,entertainment,4.6,2.8673759886193784,1,0,0
2998,353.69,3,3,retail,2.6,1.859118735165823,3,0,0
7410,31.82,5,1,entertainment,0.9,2.0062798145197207,2,0,0
5917,343.86,19,6,food,3.4,1.1366656410547922,2,0,0
2265,40.33,4,4,bills,3.7,0.9246190491549768,2,0,0
1368,169.38,23,5,bills,8.3,1.0426539287534013,3,0,0
3360,57.92,13,1,retail,4.5,0.664015201473924,2,0,0
6886,92.77,14,4,retail,0.5,2.519099895488485,4,0,0
5166,64.36,15,1,food,19.7,2.983732510462891,2,0,0
8465,338.31,6,3,food,2.2,0.7115165143226279,5,0,0
8482,16.35,18,4,transport,3.3,2.1476035563641416,6,0,0
4049,628.78,23,4,transport,2.5,2.492604230214779,4,0,0
5388,9.53,9,2,entertainment,15.3,2.06068571930718,0,0,0
2385,49.35,8,5,entertainment,14.1,4.1176432736644095,5,0,0
2467,147.83,4,0,transport,5.9,3.013323792055367,2,0,0
2134,19.07,10,0,entertainment,7.2,2.056314393918364,3,0,0
6646,16.51,20,5,retail,28.2,1.4392012765949425,3,0,0
984,184.41,15,3,retail,2.4,5.567048275048398,1,0,0
9678,33.09,18,4,bills,1.0,6.950605695730365,3,0,0
3234,74.12,18,4,entertainment,4.5,1.589604838009277,2,0,0
6154,2.06,16,6,transport,2.1,5.660598673859778,1,0,0
7484,90.12,12,5,transport,0.1,0.4666295488406733,0,0,0
1348,22.23,6,5,bills,0.5,0.16622540263634902,3,0,0
1593,96.02,14,4,food,13.6,5.6249839991623585,3,0,0
9047,105.58,12,5,entertainment,2.9,0.2635750308551573,6,0,0
7827,68.97,11,4,entertainment,2.9,0.11913753562131099,3,0,0
8154,120.88,13,1,entertainment,11.6,6.400089656590436,4,0,0
4108,199.09,11,1,transport,4.1,2.446075284302866,3,0,0
9728,17.78,12,6,food,0.9,26.433504053917446,3,0,0
90,60.47,23,2,food,4.0,0.11770961386746992,2,0,0
8329,109.86,15,6,food,1.3,1.2104299700382908,2,0,0
8080,30.31,22,1,food,1.4,3.4535041062023604,3,0,0
8538,4625.2,23,1,bills,6.4,0.1489286537419336,6,0,0
5312,27.86,20,5,retail,5.3,1.5400080816237494,3,0,0
2202,11.26,17,4,food,9.6,3.035899040129907,1,0,0
6660,95.68,13,2,food,0.9,0.24741583281651058,1,0,0
4163,4974.74,17,5,bills,6.0,1.9137666709215817,1,0,0
7087,56.22,19,2,entertainment,4.4,1.1814328227472175,0,0,0
593,72.76,18,4,bills,1.4,1.4577956976917412,2,0,0
623,56.31,9,3,bills,0.1,3.6032343295400735,2,0,0
7521,1070.26,3,5,retail,6.0,2.272840471408597,1,0,0
8438,89.72,16,4,entertainment,1.9,1.3593028849450097,1,0,0
2255,28.16,13,0,transport,1.3,0.13769617973607723,0,0,0
6062,39.4,6,0,food,0.8,0.5623301252630576,2,0,0
8966,70.03,15,2,bills,8.6,0.5152392582986086,2,0,0
6831,1812.18,13,4,transport,17.3,3.0226973138792523,1,0,0
4680,52.63,23,1,transport,10.1,7.361589876629944,3,0,0
9196,99.19,12,0,entertainment,8.3,0.5928210060188441,1,0,0
3029,674.57,19,3,transport,0.4,1.6026911120363136,2,0,0
433,11.13,9,2,food,1.0,10.046285567702931,2,0,0
2928,157.93,17,3,entertainment,6.3,2.4067053254120085,1,0,0
3193,11.88,10,4,retail,3.9,3.7346327995649693,3,0,0
4923,93.33,17,5,transport,7.3,0.6321006106582521,2,0,0
2120,25.09,16,4,bills,9.6,3.0398565643513926,2,0,0
4637,7.6,19,5,entertainment,13.8,0.4254949787173916,2,0,0
1072,17.3,14,3,transport,15.1,0.9710337069742596,3,0,0
8919,135.92,5,1,entertainment,7.0,1.5616553950802994,2,0,0
2374,61.2,19,3,entertainment,10.6,2.517793114554623,3,0,0
4891,19.26,9,4,entertainment,1.6,0.17422344184488164,2,0,0
6266,28.73,18,2,bills,2.8,4.348204315221421,2,0,0
4292,94.44,18,5,transport,1.2,3.044979406837452,2,0,0
6301,11.2,19,6,retail,6.3,1.2203301329486949,3,0,0
4954,78.2,14,2,retail,5.6,1.3397176337619936,0,0,0
2680,34.19,13,4,transport,5.2,9.00044547834135,1,0,0
3645,34.73,21,2,retail,3.7,3.4237149140206364,1,0,0
3058,46.15,8,3,food,1.3,6.8002646129357185,1,0,0
1699,62.7,11,5,retail,7.9,3.239330674179911,4,0,0
8375,50.67,22,6,food,15.2,3.3313243848549723,2,0,0
6606,24.95,7,3,transport,10.6,5.6255558266844625,3,1,0
4840,148.23,16,3,retail,17.2,3.3372222969651824,3,0,0
1932,10.08,13,0,food,5.7,3.070450804293098,2,1,0
2866,83.66,20,2,entertainment,1.3,9.911022400218544,4,0,0
5231,25.84,19,5,transport,3.6,7.685117293119722,0,0,0
5626,17.74,16,6,bills,6.5,0.6736538006152372,2,0,0
2930,1487.83,14,2,retail,0.4,4.388643203124329,3,0,0
5839,28.21,19,2,transport,2.1,2.100843313961593,4,0,0
7283,147.18,8,2,transport,7.1,1.3348990397399947,1,0,0
9320,72.12,17,1,retail,0.9,3.0073077160079618,0,0,0
9993,208198.04,7,0,transport,454.9,0.6278111267164459,9,1,1
3099,25.55,20,3,entertainment,0.0,8.214647935708257,2,0,0
8074,15.01,8,4,bills,26.1,1.50424309935691,1,0,0
9679,23.24,20,3,entertainment,5.3,1.82610304557372,2,0,0
5028,29.86,16,6,retail,8.3,4.819020168337677,0,0,0
1581,279.6,12,6,retail,2.2,2.270196858519006,1,0,0
7156,104.7,4,6,retail,0.0,3.6612531225559493,2,1,0
1724,23.62,21,0,transport,1.9,0.6857136329076131,1,0,0
1959,21.37,19,2,transport,4.9,0.24668254576148904,1,0,0
235,374.49,8,3,transport,3.8,7.9726109004435095,1,0,0
4406,20.68,18,1,transport,11.1,0.6172779372894277,1,0,0
965,135.27,19,2,food,1.1,3.201754347327875,0,0,0
7194,131.94,17,5,food,11.0,2.2723548870299783,1,0,0
8215,461.16,10,2,bills,5.6,0.4934953165928525,1,0,0
8452,367.34,13,2,entertainment,2.3,0.38612012399957885,4,0,0
8233,34.69,15,6,retail,7.5,0.8019993462953896,2,0,0
3426,193.65,12,0,transport,12.0,0.05888778763634911,3,0,0
8985,198.89,20,0,entertainment,15.4,2.192132899316205,1,0,0
6160,15.03,20,5,bills,8.2,2.4762082287506324,1,0,0
2764,7.47,0,2,transport,20.6,4.881902683404439,2,0,0
3480,245.76,16,2,transport,2.7,0.3897722923975986,2,0,0
1670,1261.9,17,1,food,6.3,4.415793228511532,0,0,0
6539,5.49,16,0,retail,2.9,2.756243309870678,0,0,0
434,24.32,13,4,entertainment,8.0,4.427575344355593,3,0,0
1683,94.17,9,3,retail,4.0,5.045485101233322,0,0,0
6496,0.23,9,4,food,4.6,3.53487242334531,4,0,0
8385,164.9,6,3,transport,5.2,0.8546151031581148,5,0,0
6086,3500.51,7,4,retail,2.7,0.6489975012998521,2,0,0
7653,57.28,5,2,transport,11.3,1.4806663174038228,2,0,0
374,35.94,22,1,bills,3.6,1.7657249660038756,2,0,0
187,83.27,4,5,retail,8.8,0.9474917549898053,2,0,0
3728,63.25,14,1,bills,1.9,0.24607779852836514,1,0,0
8348,219.87,8,1,bills,3.2,2.2237089127163947,2,0,0
9308,43.95,20,2,retail,1.0,5.433538459824461,4,0,0
881,194.15,15,1,bills,3.1,3.937044286212841,1,0,0
5551,130.62,4,6,bills,1.5,0.09081404826888005,1,0,0
6985,454.3,6,0,retail,0.4,2.582849422246728,3,1,0
3429,7.07,6,4,transport,3.7,3.425965858525464,4,0,0
1696,56.66,7,1,food,5.5,1.477266757411061,3,0,0
6657,91.17,19,3,bills,9.8,0.7654981658639286,2,0,0
3539,477.27,1,1,bills,15.5,0.199571802696636,3,0,0
8699,86.17,17,6,entertainment,0.2,2.666586243990907,2,0,0
1529,351.06,23,5,entertainment,2.6,0.7999723432998258,1,0,0
87,80.47,18,0,food,3.4,0.2557118617647502,1,0,0
1751,7.93,23,2,retail,10.8,1.7607296612454095,2,0,0
7647,7.9,13,4,bills,3.4,2.474943782577215,2,0,0
938,14.48,13,0,transport,0.7,2.4147303228746217,4,0,0
548,3.29,10,2,retail,0.9,1.4760850126107015,1,0,0
2848,42.5,18,6,retail,2.3,1.0216616623973753,0,0,0
9731,2014.16,15,3,retail,0.6,1.416118065929917,1,0,0
8192,11.3,13,2,bills,3.4,3.136961371118579,0,0,0
3180,14.78,21,0,food,2.3,0.5059206037487688,1,0,0
3699,414.72,19,1,food,13.4,8.500460911272283,4,0,0
9508,8.3,13,3,transport,5.8,0.36574798939053726,2,0,0
6290,268.87,9,5,transport,0.9,0.08033334199552596,2,0,0
6300,39.3,21,6,retail,0.2,8.464509516627515,1,1,0
7515,260.92,7,5,food,0.7,8.479317838671706,5,0,0
9360,14.12,21,6,entertainment,1.1,2.062440970712992,1,0,0
4018,602.4,21,5,bills,9.9,5.738009007201293,3,0,0
5181,349.7,20,4,entertainment,7.7,9.105998876858765,1,0,0
3057,1222.43,6,6,transport,7.2,0.40189208514386837,2,0,0
4747,361.27,19,2,bills,1.2,3.155393849362011,0,0,0
8554,388.56,14,6,retail,22.4,5.2115258039523376,5,0,0
9669,118.26,6,5,retail,3.1,1.5254201953694146,1,0,0
7148,325.35,16,4,food,1.7,1.4186752641828515,4,0,0
1400,231.9,18,1,entertainment,20.8,0.6963706808514916,3,0,0
4754,5.12,13,5,entertainment,0.0,0.9496189720177606,1,0,0
5151,121.07,18,6,retail,5.2,2.60765561729346,2,0,0
2554,157.12,8,3,retail,21.1,0.7610374874686365,2,0,0
7769,5.54,15,0,food,6.7,0.8005933387588924,0,0,0
4667,7.19,20,3,transport,2.2,2.4387505657489146,3,0,0
7865,521.04,21,2,food,3.4,2.7224650825470307,1,0,0
5818,227.06,13,3,entertainment,9.4,0.6390615688125474,1,0,0
9019,14.67,1,4,entertainment,7.4,0.3120296404184544,4,0,0
7809,16.91,12,1,retail,3.3,3.916475379640625,1,0,0
8178,1780.25,10,1,retail,7.5,4.880113452765578,3,0,0
2979,164.41,10,1,bills,1.3,4.9820563478586415,2,0,0
2276,87.16,16,0,transport,3.3,1.0210207030680845,4,0,0
1129,384.63,13,2,entertainment,15.8,0.5527487784208696,1,1,0
2633,226.77,15,4,entertainment,6.8,1.7569311550200037,1,0,0
7252,7.39,22,0,entertainment,0.9,0.19959200594147758,1,1,0
7518,52.87,10,0,bills,1.6,0.3599595008721026,3,0,0
1463,11.65,8,1,entertainment,1.3,4.509952321188496,1,0,0
3192,19.58,5,6,entertainment,3.1,11.995761287633023,0,0,0
6807,6.22,11,0,transport,0.2,6.326121184714894,0,0,0
4827,26.09,8,6,transport,8.4,1.2833374388976218,1,0,0
8931,2179.31,12,4,retail,5.7,3.362785520930876,1,0,0
6947,123.63,20,3,food,11.1,1.3935601315999055,1,0,0
699,29.08,20,4,bills,2.3,7.745492880733483,0,0,0
447,675.2,12,2,food,1.4,3.3516727539309947,4,0,0
1035,51.91,17,5,retail,5.7,0.4491942933474778,2,0,0
959,164.04,22,2,retail,1.7,0.6728065077884178,1,0,0
9644,381.09,18,5,bills,6.5,4.1033977184423716,1,0,0
8112,94.57,10,1,bills,4.5,2.050632846816891,2,0,0
7123,21.71,9,1,transport,6.4,1.804154567253223,2,0,0
8838,21.91,16,2,transport,0.7,6.143377868845315,0,0,0
5941,8.81,19,4,food,3.7,4.7552536402641,1,0,0
2914,145.85,14,2,transport,3.7,2.342718825251104,2,0,0
8148,26.16,18,3,retail,6.0,4.954545701671084,2,0,0
8461,10.51,20,3,bills,2.9,0.4309612687054557,5,0,0
8672,871.86,4,4,transport,0.8,3.900776373765348,0,0,0
9066,78.55,21,2,retail,8.0,0.5821836969795386,0,0,0
4567,56.25,18,3,transport,4.6,0.0017346761163629476,2,0,0
3037,117.5,10,2,entertainment,2.7,7.0196576154363575,1,0,0
5702,12.46,6,2,food,8.6,1.383024696020935,2,0,0
7383,24.23,17,5,transport,2.0,4.653612946581901,2,0,0
2495,69.87,21,6,bills,2.9,3.163681523131101,3,0,0
1929,253.67,19,1,bills,5.4,0.45715060396281754,0,0,0
5180,5.73,8,0,bills,8.2,7.625701982398228,2,0,0
2181,20.49,19,0,bills,3.9,8.771558764676673,2,0,0
4715,17.64,12,0,retail,1.5,1.1895607419100012,3,1,0
6145,11.99,14,3,bills,4.0,0.6621923398951532,2,0,0
5660,196.9,7,6,transport,2.9,9.122878866111275,1,0,0
4187,102.08,10,1,bills,0.6,0.7756205226974808,2,0,0
2232,43.03,8,5,food,6.8,3.203502092827804,3,0,0
3216,29.06,15,4,food,3.3,0.20259345228958686,2,0,0
9802,43.11,5,3,bills,145.3,13.253242290378978,4,0,1
4070,15.83,6,2,food,3.3,0.838667484603181,1,0,0
803,64.05,9,0,bills,10.8,2.4239879985363837,1,0,0
8339,38.08,7,0,transport,1.5,4.367834514524903,1,0,0
3473,84.12,1,2,retail,6.2,1.225127016593062,4,0,0
5459,32.64,22,1,transport,0.1,2.8398272067244994,1,0,0
4228,211.52,12,5,entertainment,2.2,4.596890919137537,2,0,0
2275,20.25,9,3,food,6.5,0.27653488325029246,1,0,0
1223,152.36,23,6,transport,0.7,10.927662922836786,1,0,0
7415,426.96,15,0,bills,1.1,3.4501537859356683,3,0,0
9051,13.18,15,0,transport,6.5,4.1062409000385145,1,0,0
371,44.71,16,2,transport,2.0,1.8743400892903181,3,0,0
5833,96.53,20,1,bills,5.5,0.7558926677798633,1,0,0
1697,5.5,10,3,entertainment,5.3,0.6837401437081412,2,0,0
8222,33.64,18,5,retail,0.5,9.936303410961214,3,1,0
7328,99.95,16,6,transport,6.1,3.1952178370024207,1,0,0
9024,42.71,18,0,entertainment,8.9,2.9831366257397565,3,0,0
4171,48.25,7,0,entertainment,4.9,0.029041439581999014,1,0,0
2411,153.18,17,4,food,0.7,0.8911248117734503,2,0,0
9569,335.63,3,3,entertainment,1.3,0.059795444486096194,6,0,0
1922,69.24,10,5,transport,6.9,2.372305400733694,1,1,0
4483,1185.29,8,6,retail,0.4,3.6798867265117243,0,0,0
2471,54.81,6,3,transport,1.2,2.057991981452594,0,0,0
5208,315.49,6,4,entertainment,8.1,3.1970108275964404,2,0,0
5947,32.06,17,2,food,8.1,5.002788568455877,1,0,0
6252,84.85,7,5,entertainment,34.7,5.44784513204671,2,0,0
3369,63.93,16,6,bills,0.9,2.4991932343556527,2,0,0
460,64.83,11,4,entertainment,0.8,1.4357351747909426,1,0,0
5965,15.0,17,0,retail,0.5,2.0437781561977997,0,0,0
1003,1.07,18,1,bills,5.5,3.0675578068159357,1,0,0
5357,76.72,4,5,food,8.6,5.944505425708815,0,0,0
595,21.21,17,5,entertainment,8.8,11.703993652825828,0,0,0
2992,10.06,14,2,retail,8.0,14.421062623096427,1,0,0
5882,15.82,20,0,entertainment,0.7,14.12964770982545,4,0,0
2947,41.71,9,2,entertainment,17.1,2.8923798933014613,4,0,0
8421,472.0,12,0,retail,2.5,0.08068816551993424,2,0,0
2125,23.57,16,5,retail,1.4,3.9755322147288417,3,0,0
626,20.04,20,2,bills,18.2,1.12984266555276,3,0,0
6251,15.93,10,4,transport,1.2,0.33463833218518896,1,0,0
9806,2751.52,6,4,food,290.7,3.8415063725552017,8,1,1
2628,7.83,20,1,transport,7.5,3.586933501224934,1,0,0
1862,129.32,9,5,transport,3.8,1.8199053822251652,2,0,0
1300,10.22,13,3,entertainment,0.4,0.7487100151832106,2,1,0
2393,113.18,21,0,transport,9.8,24.08139658245743,1,0,0
5328,1.45,16,4,bills,0.7,3.277418058107817,1,0,0
2344,14.61,11,4,bills,2.9,1.7656874519381334,2,0,0
3887,20.22,12,3,food,3.9,1.159473397023437,1,0,0
6505,37.33,1,3,entertainment,6.7,10.002829122531033,1,0,0
9146,75.59,19,3,bills,3.8,2.6392007611490063,1,0,0
1521,72.89,0,2,entertainment,5.8,1.0493929484689901,3,0,0
419,31.76,6,1,transport,1.2,3.9607503267007846,0,0,0
7714,3.6,18,4,retail,15.8,1.228202856337769,1,0,0
9971,250.76,3,4,entertainment,1192.8,112.98158617060585,10,0,1
2512,29.26,22,4,entertainment,2.6,1.2197790263034007,1,0,0
5172,109.29,20,3,entertainment,1.5,1.5406504842362376,3,0,0
9843,13143.66,13,6,retail,6.7,72.5057401949174,15,1,1
7403,86.47,23,1,bills,0.7,0.07601825430223214,3,0,0
2322,241.61,21,5,transport,3.5,7.232809261262163,4,0,0
1238,178.46,14,0,entertainment,3.1,1.948710559542941,2,0,0
9830,51.8,1,0,retail,695.7,153.3320718254531,16,0,1
8391,14.7,16,3,retail,5.1,8.210019000760116,2,0,0
2858,392.73,19,1,retail,1.2,7.569389221503542,2,0,0
9292,384.81,19,6,entertainment,2.1,2.6272764934421504,1,0,0
8156,127.57,18,2,transport,0.6,1.9350009448294068,3,0,0
5100,117.53,5,3,retail,0.7,2.567832885209737,1,0,0
950,132.63,12,6,entertainment,1.0,7.6441174974206465,4,0,0
4718,37.68,0,3,entertainment,0.7,0.49889157961422986,0,0,0
4423,9.26,12,3,bills,3.4,2.110278099247913,2,0,0
2856,124.19,6,2,retail,16.5,6.38779437708555,0,0,0
5302,46.22,20,3,bills,0.4,2.806557096255872,3,0,0
7516,53.52,3,0,entertainment,4.2,3.4384020331736624,2,0,0
4737,98.54,10,2,transport,9.5,7.868276560017556,2,0,0
5548,33.85,12,0,bills,0.0,0.7508153006510647,2,0,0
4551,34.53,19,6,food,0.4,1.9646585980664204,0,0,0
352,115.73,17,1,bills,1.9,0.9117672231410034,1,0,0
3442,2.21,12,6,entertainment,6.0,0.542880383988284,0,0,0
2990,174.16,12,3,transport,0.4,5.9496133547922785,1,0,0
6784,37.34,19,5,retail,8.6,8.432856758301533,2,0,0
8232,31.92,8,3,entertainment,1.1,4.380847254985388,3,0,0
3379,142.64,18,4,retail,4.2,7.001831753879921,0,0,0
1923,8.35,11,1,food,1.5,0.43066627941025015,1,0,0
2377,81.6,17,0,retail,6.5,1.9555540768906619,4,0,0
7228,145.07,14,1,bills,5.8,1.678217648208922,1,0,0
8352,75.23,21,6,retail,0.0,1.2651590682026306,3,0,0
4362,574.7,2,5,bills,5.9,3.2514492531700645,3,0,0
4558,48.35,11,2,bills,1.6,6.380027850972965,3,0,0
2809,10.34,11,5,food,1.4,2.7302091297223967,1,0,0
1552,51.74,21,0,bills,0.4,0.4074695419582737,3,0,0
9670,845.51,8,1,food,0.4,0.48183751542764713,3,0,0
6837,1.48,19,4,transport,14.9,0.7164541878918764,2,0,0
3801,320.14,13,6,food,8.9,2.8204091526845256,0,0,0
5291,112.56,10,6,food,1.2,6.936518145546147,2,0,0
7694,150.95,18,3,retail,0.3,2.2441975393939133,1,0,0
5347,536.25,6,1,bills,2.4,5.621460203672664,0,0,0
6295,142.06,13,4,bills,12.7,1.5902195770685723,0,0,0
8916,52.71,8,0,bills,1.8,0.36177996649198324,1,0,0
1379,40.87,11,5,entertainment,12.3,13.230825092976636,5,0,0
846,184.79,20,2,transport,0.6,2.216034590373475,0,1,0
4017,13.01,11,5,transport,1.7,0.19902247614423757,1,0,0
3855,46.95,19,5,food,2.2,3.309951590753609,1,0,0
8244,191.43,21,3,bills,0.2,0.47489422730346664,1,0,0
4616,1033.25,1,1,food,1.1,3.1220836667869425,4,0,0
8293,30.82,22,0,bills,5.8,4.960786636141825,1,1,0
5949,31.8,20,0,bills,5.0,0.9625834396556416,2,0,0
2684,85.74,9,6,transport,5.5,0.9562545796744876,4,0,0
7193,21.68,18,3,transport,7.5,0.292484574372303,2,0,0
9300,94.27,19,6,entertainment,0.9,2.9789063283278865,3,0,0
1034,13.88,15,1,bills,13.8,1.4752492955757404,1,0,0
4994,7.02,21,2,bills,11.0,0.16746716893924735,0,1,0
748,19.77,17,5,transport,0.7,2.146574691791571,0,0,0
12,21.13,12,1,retail,0.7,6.883042405970071,2,0,0
7974,20.11,14,2,entertainment,1.5,2.1199468302674043,2,0,0
7625,53.52,12,0,food,1.9,10.252031930029892,2,0,0
8227,750.31,7,4,food,2.0,2.7710198360365355,3,0,0
1344,146.5,8,5,retail,0.4,0.6768166427209692,2,0,0
3696,4.96,19,3,food,1.8,3.531221441658956,5,0,0
7935,94.7,13,1,retail,7.8,2.505952079306608,1,0,0
9826,755.54,2,6,food,293.6,18.965231918499597,16,1,1
9001,101.2,16,3,transport,5.4,5.921652847603225,1,0,0
7814,1066.94,15,3,transport,0.2,1.0485327974114043,0,0,0
2557,502.0,18,4,transport,11.0,2.9956640356253805,1,0,0
1609,169.19,13,5,entertainment,7.2,2.004785082157289,1,0,0
3846,21.46,12,3,food,9.1,0.29407839145703385,1,0,0
99,35.29,21,1,transport,0.2,4.477404173780587,4,0,0
7642,33.2,11,3,entertainment,4.3,4.24122705134345,0,0,0
5904,25.63,16,6,entertainment,4.1,0.4688403110288438,4,1,0
5248,1107.44,16,2,food,2.0,5.200154742520349,2,0,0
2927,12.88,22,4,entertainment,6.0,0.5110455771465022,3,0,0
2507,19.68,17,1,retail,1.8,0.1348126722026505,2,0,0
5473,487.2,7,4,food,2.5,3.652867203736725,1,0,0
1249,10.57,19,4,retail,1.8,1.8558492595798206,1,0,0
736,13.94,13,0,transport,3.0,0.5683812021362022,1,0,0
8097,75.25,11,5,retail,2.0,8.36026366557936,5,0,0
7439,54.64,15,3,bills,6.6,3.705728856179542,1,0,0
2149,43.08,17,1,food,3.9,2.836141391141596,2,0,0
4347,12.86,12,1,entertainment,1.1,6.450308752741087,1,0,0
7634,309.04,6,3,entertainment,1.5,0.8622873930816299,1,0,0
1870,62.49,10,4,food,3.8,0.029808396008100035,1,0,0
4958,34.32,19,4,bills,1.8,1.5068126631065233,2,1,0
8274,3.12,9,5,transport,0.0,10.536368674628354,3,0,0
7741,22.01,19,2,entertainment,0.5,9.617545669464114,4,0,0
5011,39.72,19,3,bills,0.5,0.2610586755042379,1,0,0
8791,5.68,17,6,food,1.8,1.0404055012215232,1,0,0
7798,12.26,12,2,food,3.1,6.479686492205312,0,0,0
9007,205.93,13,5,retail,0.9,7.160249838498965,1,0,0
4526,414.0,12,4,entertainment,11.8,4.024457607612145,1,0,0
5413,389.52,8,4,retail,4.1,6.447034209934193,1,0,0
441,29.02,19,1,entertainment,0.1,6.283508305512909,5,0,0
2179,5.34,16,6,food,2.7,6.92623890556059,2,0,0
8938,157.9,8,2,entertainment,5.0,7.7191433649355705,1,0,0
667,173.28,14,0,food,0.7,2.000149232697435,2,0,0
3459,49.6,10,5,transport,7.9,1.3866260695887445,1,0,0
2881,174.56,16,2,transport,5.5,0.08140749442627104,2,0,0
2869,48.19,18,4,transport,4.8,1.3787503325758441,1,0,0
6381,100.32,12,0,retail,0.6,0.9098775366146069,2,0,0
2822,58.47,12,2,retail,2.6,8.320966545852663,2,0,0
5758,22.62,15,6,retail,8.2,1.4758036827538934,6,0,0
3637,426.1,11,0,bills,20.9,1.441096434362727,2,0,0
7938,65.23,1,3,food,2.9,2.4172758584795773,0,0,0
8715,14.84,6,4,retail,4.4,0.2027797437288653,4,0,0
5490,264.92,18,4,entertainment,0.5,3.717121726177475,4,0,0
2794,8.74,23,4,entertainment,13.3,3.134865789806421,2,0,0
